/* gallery_images.c – AUTO-GENERATED by tools/gen_gallery.py
 * Do not edit by hand; run the script to regenerate.
 */

#include "gallery_images.h"

/* 134400 pixels (448×300 RGB565) */
static const uint16_t gallery_data_WhatsApp_Image_2026_05_31_at_16_51_01[448U * 300U] = {
    0x9DB9,0x9DB9,0x9DB9,0x9DB9,0x9DD9,0x9DD9,0x9DD9,0x9DD9,0x9DB9,0x9DB9,0x9DB9,0x9DB9,0x9DB9,0x9DDA,0x9DDA,0x9DDA,
    0x9DDA,0x9DDA,0x9DDA,0x9DDA,0x9DDA,0x9DDA,0x9DDA,0x9DDA,0x9DDA,0x9DDA,0x9DDA,0x9DDA,0x9DDA,0xA5FA,0xA5FA,0xA5FA,
    0xA5FA,0xA5FA,0xA5FA,0xA5FA,0xA5FA,0xA5FA,0xA5FA,0xA5FA,0xA5FA,0xA5FA,0xA5FA,0xA5FA,0xA5FA,0xA5FA,0xA5FA,0xA5FA,
    0xA5FA,0xA5FA,0xA5FA,0xA5FA,0xA5FA,0xA5FA,0xA5FA,0xA5FA,0xA5FA,0xA5FA,0xA5FA,0xA5FA,0xA5FA,0xA5FA,0xA5FA,0xA5FA,
    0xA5FA,0xA5FA,0xA5FA,0xA61A,0xA5FA,0xA5FA,0xA5FA,0xA5FA,0xA5FA,0xA5FA,0xA5FA,0xA5FA,0xA5FA,0xA5FA,0xA5FA,0xA5FA,
    0xA5FA,0xA5FA,0xA5FA,0xA5FA,0xA5FA,0xA5FA,0xA61A,0xA61A,0xA61A,0xA61A,0xA61B,0xAE1B,0xAE1B,0xA61A,0xA61A,0xA61A,
    0xA61A,0xA61A,0xA61A,0xA61A,0xA61A,0xA61A,0xAE1B,0xAE1B,0xAE1B,0xAE1B,0xAE1B,0xAE1B,0xAE1B,0xAE1B,0xAE1B,0xAE1B,
    0xA61B,0xAE1B,0xAE1B,0xAE1B,0xAE3B,0xAE3B,0xAE3B,0xAE3B,0xAE3B,0xAE3B,0xAE3B,0xAE3B,0xAE3B,0xAE3B,0xAE3B,0xAE3B,
    0xAE3B,0xAE3B,0xAE1B,0xAE1B,0xAE1B,0xAE1B,0xAE1B,0xAE1B,0xAE1B,0xAE1B,0xAE1B,0xAE1B,0xAE3B,0xAE3B,0xAE3B,0xAE3B,
    0xAE3B,0xAE3B,0xAE3B,0xAE3B,0xAE3B,0xAE3B,0xAE3B,0xAE3B,0xAE3B,0xAE3B,0xAE3B,0xAE3B,0xAE3B,0xAE3B,0xAE3B,0xAE3B,
    0xAE3B,0xAE3B,0xAE3B,0xAE3B,0xAE3B,0xAE3B,0xAE3B,0xAE3B,0xAE3B,0xAE3B,0xAE3B,0xAE3B,0xAE3B,0xAE3B,0xAE3B,0xAE3B,
    0xAE3B,0xAE3B,0xAE3B,0xAE3B,0xAE3B,0xAE3B,0xAE3B,0xAE3B,0xAE3B,0xAE3B,0xAE3B,0xAE3B,0xAE3B,0xAE3B,0xAE3B,0xAE3B,
    0xAE3B,0xAE3B,0xAE3B,0xAE3B,0xAE3B,0xAE3B,0xAE3B,0xAE3B,0xAE3B,0xAE3B,0xAE3B,0xAE3B,0xAE3B,0xAE3B,0xAE3B,0xAE3B,
    0xAE3B,0xAE3B,0xAE5B,0xAE5B,0xAE5B,0xAE5B,0xAE3B,0xAE3B,0xAE5B,0xAE5B,0xAE3B,0xAE3B,0xAE3B,0xAE3B,0xAE3B,0xAE3B,
    0xAE3B,0xAE3B,0xAE3B,0xAE3B,0xAE3B,0xAE3B,0xAE3B,0xAE3B,0xAE3B,0xAE3B,0xAE3B,0xAE3B,0xAE3B,0xAE3B,0xAE3B,0xAE3B,
    0xAE3B,0xAE3B,0xAE3B,0xAE3B,0xAE3B,0xAE3B,0xAE3B,0xAE3B,0xAE3B,0xAE3B,0xAE3B,0xAE3B,0xAE3B,0xAE3B,0xAE3B,0xAE3B,
    0xAE3B,0xAE3B,0xAE3B,0xAE3B,0xAE3B,0xAE3B,0xAE3B,0xAE3B,0xAE3B,0xAE3B,0xAE3B,0xAE3B,0xAE3B,0xAE3B,0xAE3B,0xAE3B,
    0xAE3B,0xAE3B,0xAE3B,0xAE3B,0xAE3B,0xAE3B,0xAE3B,0xAE3B,0xAE3B,0xAE3B,0xAE3B,0xAE3B,0xAE3B,0xAE5B,0xAE5B,0xAE5B,
    0xAE5B,0xAE5B,0xAE3B,0xAE3B,0xAE3B,0xAE3B,0xAE3B,0xAE3B,0xAE3B,0xAE3B,0xAE3B,0xAE3B,0xAE3B,0xAE3B,0xAE3B,0xAE3B,
    0xAE3B,0xAE3B,0xAE3B,0xAE3B,0xAE3B,0xAE3B,0xAE3B,0xAE3B,0xAE3B,0xAE5B,0xAE5B,0xAE5B,0xAE5B,0xAE5B,0xAE3B,0xAE3B,
    0xAE3B,0xAE3B,0xAE3B,0xAE3B,0xAE3B,0xAE3B,0xAE3B,0xAE3B,0xAE3B,0xAE3B,0xAE3B,0xAE3B,0xAE3B,0xAE3B,0xAE3B,0xAE3B,
    0xAE3B,0xAE3B,0xAE3B,0xAE3B,0xAE3B,0xAE3B,0xAE3B,0xAE3B,0xAE3B,0xAE3B,0xAE5C,0xAE3B,0xAE3B,0xAE3B,0xAE3B,0xAE3B,
    0xAE3B,0xAE3B,0xAE3B,0xAE3B,0xAE3B,0xAE3B,0xAE3B,0xAE3B,0xAE3B,0xAE3B,0xAE3B,0xAE3B,0xAE3B,0xAE3B,0xAE3B,0xAE3B,
    0xAE3B,0xAE3B,0xAE3B,0xAE3B,0xAE3B,0xAE3B,0xAE3B,0xAE3B,0xAE3B,0xAE3B,0xAE3B,0xAE3B,0xAE3B,0xAE3B,0xA61B,0xA61B,
    0xA61B,0xA61B,0xA61B,0xA61B,0xA61B,0xA61B,0xA61B,0xA61B,0xA61B,0xA61B,0xA61B,0xA61B,0xA61B,0xA61B,0xA61B,0xA61B,
    0xA61B,0xA61B,0xA61B,0xA61B,0xA61B,0xA61B,0xA61B,0xA61B,0xA61B,0xA61B,0xA61B,0xA61B,0xA61B,0xA61B,0xA61B,0xA61B,
    0xA61B,0xA61B,0xA61B,0xA61B,0xA61B,0xA5FB,0xA5FB,0xA5FB,0xA5FB,0xA5FB,0xA5FB,0xA5FB,0xA5FB,0xA5FB,0xA5FA,0xA5FA,
    0xA5FA,0xA5FA,0xA5FA,0xA5FA,0xA5FA,0xA5FA,0xA5FA,0xA5FA,0x9DDA,0x9DDA,0x9DDA,0x9DDA,0x9DDA,0x9DDA,0x9DDA,0x9DDA,
    0x9DB9,0x9DB9,0x9DB9,0x9DB9,0x9DB9,0x9DB9,0x9DB9,0x9DB9,0x9DB9,0x9DDA,0x9DDA,0x9DDA,0x9DDA,0x9DDA,0x9DDA,0x9DDA,
    0x9DDA,0x9DDA,0x9DDA,0x9DDA,0x9DDA,0x9DDA,0x9DDA,0x9DDA,0x9DDA,0x9DDA,0x9DDA,0x9DDA,0x9DDA,0xA5FA,0xA5FA,0xA5FA,
    0xA5FA,0xA5FA,0xA5FA,0xA5FA,0xA5FA,0xA5FA,0xA5FA,0xA5FA,0xA5FA,0xA5FA,0xA5FA,0xA5FA,0xA5FA,0xA5FA,0xA5FA,0xA5FA,
    0xA5FA,0xA5FA,0xA5FA,0xA5FA,0xA5FA,0xA5FA,0xA5FA,0xA5DA,0xA5FA,0xA5FA,0xA5FA,0xA5FA,0xA5FA,0xA5FA,0xA5FA,0xA5FA,
    0xA5FA,0xA5FA,0xA5FA,0xA61A,0xA5FA,0xA5FA,0xA5FA,0xA5FA,0xA5FA,0xA5FA,0xA5FA,0xA5FA,0xA5FA,0xA5FA,0xA5FA,0xA5FA,
    0xA5FA,0xA5FA,0xA5FA,0xA5FA,0xA5FA,0xA5FA,0xA61A,0xA61A,0xA61A,0xA61A,0xA61B,0xAE1B,0xAE1B,0xA61A,0xA61A,0xA61A,
    0xA61A,0xA61A,0xA61A,0xA61A,0xA61A,0xA61A,0xAE1B,0xAE1B,0xAE1B,0xAE1B,0xAE1B,0xAE1B,0xAE1B,0xAE1B,0xAE1B,0xAE1B,
    0xAE1B,0xAE1B,0xAE1B,0xAE1B,0xAE1B,0xAE1B,0xAE1B,0xAE1B,0xAE1B,0xAE3B,0xAE3B,0xAE3B,0xAE3B,0xAE3B,0xAE3B,0xAE3B,
    0xAE3B,0xAE3B,0xAE1B,0xAE1B,0xAE1B,0xAE1B,0xAE1B,0xAE1B,0xAE1B,0xAE1B,0xAE1B,0xAE1B,0xAE3B,0xAE3B,0xAE3B,0xAE3B,
    0xAE3B,0xAE3B,0xAE3B,0xAE3B,0xAE3B,0xAE3B,0xAE3B,0xAE3B,0xAE3B,0xAE3B,0xAE3B,0xAE3B,0xAE3B,0xAE3B,0xAE3B,0xAE3B,
    0xAE3B,0xAE3B,0xAE3B,0xAE3B,0xAE3B,0xAE3B,0xAE3B,0xAE3B,0xAE3B,0xAE3B,0xAE3B,0xAE3B,0xAE3B,0xAE3B,0xAE3B,0xAE3B,
    0xAE3B,0xAE3B,0xAE3B,0xAE3B,0xAE3B,0xAE3B,0xAE3B,0xAE3B,0xAE3B,0xAE3B,0xAE3B,0xAE3B,0xAE3B,0xAE3B,0xAE3B,0xAE3B,
    0xAE3B,0xAE3B,0xAE3B,0xAE3B,0xAE3B,0xAE3B,0xAE3B,0xAE3B,0xAE3B,0xAE3B,0xAE3B,0xAE3B,0xAE3B,0xAE3B,0xAE3B,0xAE3B,
    0xAE3B,0xAE3B,0xAE5B,0xAE5B,0xAE5B,0xAE5B,0xAE5B,0xAE3B,0xAE3B,0xAE3B,0xAE3B,0xAE3B,0xAE3B,0xAE3B,0xAE3B,0xAE3B,
    0xAE3B,0xAE3B,0xAE3B,0xAE3B,0xAE3B,0xAE3B,0xAE3B,0xAE3B,0xAE3B,0xAE3B,0xAE3B,0xAE3B,0xAE3B,0xAE3B,0xAE3B,0xAE3B,
    0xAE3B,0xAE3B,0xAE3B,0xAE3B,0xAE3B,0xAE3B,0xAE3B,0xAE3B,0xAE3B,0xAE3B,0xAE3B,0xAE3B,0xAE3B,0xAE3B,0xAE3B,0xAE3B,
    0xAE3B,0xAE3B,0xAE3B,0xAE3B,0xAE3B,0xAE3B,0xAE3B,0xAE3B,0xAE3B,0xAE3B,0xAE3B,0xAE3B,0xAE3B,0xAE3B,0xAE3B,0xAE3B,
    0xAE3B,0xAE3B,0xAE3B,0xAE3B,0xAE3B,0xAE3B,0xAE3B,0xAE3B,0xAE3B,0xAE3B,0xAE3B,0xAE3B,0xAE3B,0xAE5B,0xAE5B,0xAE5B,
    0xAE5B,0xAE5B,0xAE3B,0xAE3B,0xAE3B,0xAE3B,0xAE3B,0xAE3B,0xAE3B,0xAE3B,0xAE3B,0xAE3B,0xAE3B,0xAE3B,0xAE3B,0xAE3B,
    0xAE3B,0xAE3B,0xAE3B,0xAE3B,0xAE3B,0xAE3B,0xAE3B,0xAE3B,0xAE3B,0xAE5B,0xAE5B,0xAE5B,0xAE5B,0xAE5B,0xAE3B,0xAE3B,
    0xAE3B,0xAE3B,0xAE3B,0xAE3B,0xAE3B,0xAE3B,0xAE3B,0xAE3B,0xAE3B,0xAE3B,0xAE3B,0xAE3B,0xAE3B,0xAE3B,0xAE3B,0xAE3B,
    0xAE3B,0xAE3B,0xAE3B,0xAE3B,0xAE3B,0xAE3B,0xAE3B,0xAE3B,0xAE3B,0xAE3B,0xAE5C,0xAE3B,0xAE3B,0xAE3B,0xAE3B,0xAE3B,
    0xAE3B,0xAE3B,0xAE3B,0xAE3B,0xAE3B,0xAE3B,0xAE3B,0xAE3B,0xAE3B,0xAE3B,0xAE3B,0xAE3B,0xAE3B,0xAE3B,0xAE3B,0xAE3B,
    0xAE3B,0xAE3B,0xAE3B,0xAE3B,0xAE3B,0xAE3B,0xAE3B,0xAE3B,0xAE3B,0xAE3B,0xAE3B,0xAE3B,0xAE3B,0xAE3B,0xA61B,0xA61B,
    0xA61B,0xA61B,0xA61B,0xA61B,0xA61B,0xA61B,0xA61B,0xA61B,0xA61B,0xA61B,0xA61B,0xA61B,0xA61B,0xAE3B,0xAE3B,0xA61B,
    0xA61B,0xA61B,0xA61B,0xA61B,0xA61B,0xA61B,0xA61B,0xA61B,0xA61B,0xA61B,0xA61B,0xA61B,0xA61B,0xA61B,0xA61B,0xA61B,
    0xA61B,0xA61B,0xA61B,0xA61B,0xA61B,0xA5FB,0xA5FB,0xA5FB,0xA5FB,0xA5FB,0xA5FB,0xA5FB,0xA5FB,0xA5FB,0xA5FB,0xA5FA,
    0xA5FA,0xA5FA,0xA5FA,0xA5FA,0xA5FA,0xA5FA,0xA5FA,0xA5FA,0xA5FA,0xA5FA,0xA5FA,0xA5FA,0xA5DA,0xA5DA,0xA5DB,0xA5DB,
    0x9DB9,0x9DB9,0x9DB9,0x9DB9,0x9DB9,0x9DB9,0x9DB9,0x9DB9,0x9DDA,0x9DDA,0x9DDA,0x9DDA,0x9DDA,0x9DDA,0x9DDA,0x9DDA,
    0x9DDA,0x9DDA,0x9DDA,0x9DDA,0x9DDA,0x9DDA,0x9DDA,0x9DDA,0x9DDA,0x9DDA,0x9DDA,0x9DDA,0x9DDA,0xA5FA,0xA5FA,0xA5FA,
    0xA5FA,0xA5FA,0xA5FA,0xA5FA,0xA5FA,0xA5FA,0xA5FA,0xA5FA,0xA5FA,0xA5FA,0xA5FA,0xA5FA,0xA5FA,0xA5FA,0xA5FA,0xA5FA,
    0xA5FA,0xA5FA,0xA5FA,0xA5FA,0xA5FA,0xA5FA,0xA5FA,0xA5DA,0xA5DA,0xA5FA,0xA5FA,0xA5FA,0xA5FA,0xA5FA,0xA5FA,0xA5FA,
    0xA5FA,0xA5FA,0xA5FA,0xA61A,0xA5FA,0xA5FA,0xA5FA,0xA5FA,0xA5FA,0xA5FA,0xA5FA,0xA5FA,0xA5FA,0xA5FA,0xA5FA,0xA5FA,
    0xA5FA,0xA5FA,0xA5FA,0xA5FA,0xA5FA,0xA61A,0xA61B,0xA61B,0xA61A,0xA61A,0xA61B,0xAE1B,0xAE1B,0xA61B,0xA61B,0xA61B,
    0xA61B,0xA61B,0xA61B,0xA61B,0xA61B,0xA61B,0xAE1B,0xAE1B,0xAE1B,0xAE1B,0xAE1B,0xAE1B,0xAE1B,0xAE1B,0xAE1B,0xAE1B,
    0xAE1B,0xAE1B,0xAE3B,0xAE3B,0xAE1B,0xAE1B,0xAE1B,0xAE1B,0xAE1B,0xAE3B,0xAE3B,0xAE3B,0xAE3B,0xAE3B,0xAE3B,0xAE3B,
    0xAE3B,0xAE3B,0xAE1B,0xAE1B,0xAE1B,0xAE1B,0xAE1B,0xAE1B,0xAE1B,0xAE1B,0xAE1B,0xAE1B,0xAE3B,0xAE3B,0xAE3B,0xAE3B,
    0xAE3B,0xAE3B,0xAE3B,0xAE3B,0xAE3B,0xAE3B,0xAE3B,0xAE3B,0xAE3B,0xAE3B,0xAE3B,0xAE3B,0xAE3B,0xAE3B,0xAE3B,0xAE3B,
    0xAE3B,0xAE3B,0xAE3B,0xAE3B,0xAE3B,0xAE3B,0xAE3B,0xAE3B,0xAE3B,0xAE3B,0xAE3B,0xAE3B,0xAE3B,0xAE3B,0xAE3B,0xAE3B,
    0xAE3B,0xAE3B,0xAE3B,0xAE3B,0xAE3B,0xAE3B,0xAE3B,0xAE3B,0xAE3B,0xAE3B,0xAE3B,0xAE3B,0xAE3B,0xAE3B,0xAE3B,0xAE3B,
    0xAE3B,0xAE3B,0xAE3B,0xAE3B,0xAE3B,0xAE3B,0xAE3B,0xAE3B,0xAE3B,0xAE3B,0xAE3B,0xAE3B,0xAE3B,0xAE3B,0xAE3B,0xAE3B,
    0xAE3B,0xAE3B,0xAE5B,0xAE5B,0xAE5B,0xAE5B,0xAE5B,0xAE5B,0xAE3B,0xAE3B,0xAE5B,0xAE5B,0xAE3B,0xAE3B,0xAE3B,0xAE3B,
    0xAE5B,0xAE5B,0xAE5B,0xAE5B,0xAE5B,0xAE5B,0xAE5B,0xAE5B,0xAE5B,0xAE3B,0xAE3B,0xAE3B,0xAE3B,0xAE3B,0xAE3B,0xAE3B,
    0xAE3B,0xAE3B,0xAE3B,0xAE3B,0xAE3B,0xAE3B,0xAE3B,0xAE3B,0xAE3B,0xAE3B,0xAE3B,0xAE3B,0xAE3B,0xAE3B,0xAE3B,0xAE3B,
    0xAE3B,0xAE3B,0xAE3B,0xAE3B,0xAE3B,0xAE5B,0xAE5B,0xAE5B,0xAE5B,0xAE5B,0xAE3B,0xAE3B,0xAE3B,0xAE3B,0xAE3B,0xAE5B,
    0xAE5B,0xAE5B,0xAE5B,0xAE5B,0xAE3B,0xAE3B,0xAE3B,0xAE3B,0xAE5B,0xAE5B,0xAE5B,0xAE5B,0xAE5B,0xAE5B,0xAE5B,0xAE5B,
    0xAE5B,0xAE5B,0xAE3B,0xAE3B,0xAE3B,0xAE3B,0xAE5B,0xAE5B,0xAE5B,0xAE5B,0xAE5B,0xAE3B,0xAE3B,0xAE3B,0xAE3B,0xAE3B,
    0xAE3B,0xAE3B,0xAE3B,0xAE3B,0xAE3B,0xAE3B,0xAE3B,0xAE3B,0xAE3B,0xAE5B,0xAE5B,0xAE5B,0xAE5B,0xAE5B,0xAE3B,0xAE3B,
    0xAE3B,0xAE3B,0xAE5B,0xAE5B,0xAE5B,0xAE5B,0xAE5B,0xAE3B,0xAE3B,0xAE3B,0xAE3B,0xAE3B,0xAE3B,0xAE3B,0xAE3B,0xAE3B,
    0xAE3B,0xAE3B,0xAE3B,0xAE3B,0xAE3B,0xAE3B,0xAE3B,0xAE3B,0xAE3B,0xAE3B,0xAE5C,0xAE3B,0xAE3B,0xAE3B,0xAE3B,0xAE3B,
    0xAE3B,0xAE3B,0xAE3B,0xAE3B,0xAE3B,0xAE3B,0xAE3B,0xAE3B,0xAE3B,0xAE3B,0xAE3B,0xAE3B,0xAE3B,0xAE3B,0xAE3B,0xAE3B,
    0xAE3B,0xAE3B,0xAE3B,0xAE3B,0xAE3B,0xAE3B,0xAE3B,0xAE3B,0xAE3B,0xAE3B,0xAE3B,0xAE3B,0xAE3B,0xAE3B,0xA61B,0xAE3B,
    0xAE3B,0xAE3B,0xAE3B,0xAE3B,0xAE3B,0xAE3B,0xAE3B,0xAE3B,0xAE3B,0xAE3B,0xAE3B,0xAE3B,0xAE3B,0xAE3B,0xAE3B,0xAE3B,
    0xA61B,0xA61B,0xA61B,0xA61B,0xA61B,0xA61B,0xA61B,0xA61B,0xA61B,0xA61B,0xA61B,0xA61B,0xA61B,0xA61B,0xA61B,0xA61B,
    0xA61B,0xA61B,0xA61B,0xA61B,0xA61B,0xA61B,0xA61B,0xA61B,0xA61B,0xA61B,0xA61B,0xA61B,0xA61B,0xA61B,0xA61B,0xA61B,
    0xA61B,0xA61B,0xA61B,0xA61B,0xA61B,0xA61B,0xA61B,0xA61B,0xA61A,0xA61A,0xA61B,0xA61B,0xA5FB,0xA5FB,0xA5FB,0xA5FB,
    0x9DB9,0x9DB9,0x9DB9,0x9DB9,0x9DD9,0x9DD9,0x9DD9,0x9DD9,0x9DD9,0x9DDA,0x9DDA,0x9DDA,0x9DDA,0x9DDA,0x9DDA,0x9DDA,
    0x9DDA,0x9DDA,0x9DDA,0x9DDA,0x9DDA,0x9DDA,0x9DDA,0x9DDA,0x9DDA,0x9DDA,0x9DDA,0x9DDA,0x9DDA,0xA5FA,0xA5FA,0xA5FA,
    0xA5FA,0xA5FA,0xA5FA,0xA5FA,0xA5FA,0xA5FA,0xA5FA,0xA5FA,0xA5FA,0xA5FA,0xA5FA,0xA5FA,0xA5FA,0xA5FA,0xA5FA,0xA5FA,
    0xA5FA,0xA5FA,0xA5FA,0xA5FA,0xA5FA,0xA5FA,0xA5FA,0xA5DA,0xA5FA,0xA5FA,0xA5FA,0xA5FA,0xA5FA,0xA5FA,0xA5FA,0xA5FA,
    0xA5FA,0xA5FA,0xA5FA,0xA61A,0xA5FA,0xA5FA,0xA5FA,0xA5FA,0xA5FA,0xA5FA,0xA5FA,0xA5FA,0xA5FA,0xA5FA,0xA5FA,0xA5FA,
    0xA5FA,0xA5FA,0xA5FA,0xA61A,0xA61A,0xA61B,0xA61B,0xAE1B,0xA61A,0xA61A,0xA61B,0xAE1B,0xAE1B,0xAE1B,0xAE1B,0xAE1B,
    0xAE1B,0xAE1B,0xAE1B,0xAE1B,0xAE1B,0xAE1B,0xAE1B,0xAE1B,0xAE1B,0xAE1B,0xAE1B,0xAE1B,0xAE1B,0xAE1B,0xAE1B,0xAE1B,
    0xAE1B,0xAE3B,0xAE3B,0xAE3B,0xAE3B,0xAE3B,0xAE3B,0xAE3B,0xAE3B,0xAE3B,0xAE3B,0xAE3B,0xAE3B,0xAE3B,0xAE3B,0xAE3B,
    0xAE3B,0xAE3B,0xAE1B,0xAE1B,0xAE1B,0xAE1B,0xAE1B,0xAE1B,0xAE1B,0xAE1B,0xAE1B,0xAE1B,0xAE3B,0xAE3B,0xAE3B,0xAE3B,
    0xAE3B,0xAE3B,0xAE3B,0xAE3B,0xAE3B,0xAE3B,0xAE3B,0xAE3B,0xAE3B,0xAE3B,0xAE3B,0xAE3B,0xAE3B,0xAE3B,0xAE3B,0xAE3B,
    0xAE3B,0xAE3B,0xAE3B,0xAE3B,0xAE3B,0xAE3B,0xAE3B,0xAE3B,0xAE3B,0xAE3B,0xAE3B,0xAE3B,0xAE3B,0xAE3B,0xAE3B,0xAE3B,
    0xAE3B,0xAE3B,0xAE3B,0xAE3B,0xAE3B,0xAE3B,0xAE3B,0xAE3B,0xAE3B,0xAE3B,0xAE3B,0xAE3B,0xAE3B,0xAE3B,0xAE3B,0xAE3B,
    0xAE3B,0xAE3B,0xAE3B,0xAE3B,0xAE5B,0xAE5B,0xAE5B,0xAE5B,0xAE5B,0xAE3B,0xAE3B,0xAE3B,0xAE3B,0xAE3B,0xAE3B,0xAE3B,
    0xAE3B,0xAE3B,0xAE5B,0xAE5B,0xAE5B,0xAE5B,0xAE5B,0xAE5B,0xAE5B,0xAE5B,0xAE5B,0xAE5B,0xAE5B,0xAE5B,0xAE5B,0xAE5B,
    0xAE3B,0xAE3B,0xAE3B,0xAE3B,0xAE3B,0xAE3B,0xAE3B,0xAE3B,0xAE3B,0xAE5B,0xAE5B,0xAE5B,0xAE5B,0xAE5B,0xAE3B,0xAE3B,
    0xAE3B,0xAE3B,0xAE3B,0xAE3B,0xAE3B,0xAE3B,0xAE3B,0xAE3B,0xAE3B,0xAE3B,0xAE3B,0xAE3B,0xAE3B,0xAE3B,0xAE3B,0xAE3B,
    0xAE3B,0xAE5B,0xAE5B,0xAE5B,0xAE5B,0xAE5B,0xAE3B,0xAE3B,0xAE3B,0xAE3B,0xAE5B,0xAE5B,0xAE5B,0xAE5B,0xAE5B,0xAE5B,
    0xAE5B,0xAE5B,0xAE5B,0xAE5B,0xAE5B,0xAE5B,0xAE5B,0xAE5B,0xAE5B,0xAE5B,0xAE5B,0xAE5B,0xAE5B,0xAE5B,0xAE5B,0xAE5B,
    0xAE5B,0xAE5B,0xAE3B,0xAE3B,0xAE3B,0xAE3B,0xAE5B,0xAE5B,0xAE5B,0xAE5B,0xAE5B,0xAE3B,0xAE3B,0xAE3B,0xAE3B,0xAE3B,
    0xAE3B,0xAE3B,0xAE3B,0xAE3B,0xAE3B,0xAE3B,0xAE3B,0xAE3B,0xAE3B,0xAE5B,0xAE5B,0xAE5B,0xAE5B,0xAE5B,0xAE3B,0xAE3B,
    0xAE3B,0xAE3B,0xAE5B,0xAE5B,0xAE5B,0xAE5B,0xAE5B,0xAE3B,0xAE3B,0xAE3B,0xAE3B,0xAE3B,0xAE3B,0xAE3B,0xAE3B,0xAE3B,
    0xAE3B,0xAE3B,0xAE3B,0xAE3B,0xAE3B,0xAE3B,0xAE3B,0xAE3B,0xAE3B,0xAE3B,0xAE5C,0xAE3B,0xAE3B,0xAE3B,0xAE3B,0xAE3B,
    0xAE3B,0xAE3B,0xAE3B,0xAE3B,0xAE3B,0xAE3B,0xAE3B,0xAE3B,0xAE3B,0xAE3B,0xAE3B,0xAE3B,0xAE3B,0xAE3B,0xAE3B,0xAE3B,
    0xAE3B,0xAE3B,0xAE3B,0xAE3B,0xAE3B,0xAE3B,0xAE3B,0xAE3B,0xAE3B,0xAE3B,0xAE3B,0xAE3B,0xAE3B,0xAE3B,0xA61B,0xAE3B,
    0xAE3B,0xAE3B,0xAE3B,0xAE3B,0xAE3B,0xAE3B,0xAE3B,0xAE3B,0xAE3B,0xAE3B,0xAE3B,0xAE3B,0xAE3B,0xAE3B,0xAE3B,0xAE3B,
    0xAE3B,0xA61B,0xA61B,0xA61B,0xA61B,0xA61B,0xA61B,0xA61B,0xA61B,0xA61B,0xA61B,0xA61B,0xA61B,0xA61B,0xA61B,0xA61B,
    0xA61B,0xA61B,0xA61B,0xA61B,0xA61B,0xA61B,0xA61B,0xA61B,0xA61B,0xA61B,0xA61B,0xA61B,0xA61B,0xA61B,0xA61B,0xA61B,
    0xA61B,0xA61B,0xA61B,0xA61B,0xA61B,0xA61B,0xA61B,0xA61A,0xA61A,0xA61A,0xA61A,0xA61B,0xA5FB,0xA5FB,0xA5FB,0xA5FB,
    0x9DB9,0x9DB9,0x9DB9,0x9DB9,0x9DB9,0x9DB9,0x9DB9,0x9DB9,0x9DB9,0x9DB9,0x9DB9,0x9DB9,0x9DB9,0x9DDA,0x9DDA,0x9DDA,
    0x9DDA,0x9DDA,0x9DDA,0x9DDA,0x9DDA,0x9DDA,0x9DDA,0x9DDA,0x9DDA,0x9DDA,0x9DDA,0x9DDA,0x9DDA,0xA5FA,0xA5FA,0xA5FA,
    0xA5FA,0xA5FA,0xA5FA,0xA5FA,0xA5FA,0xA5FA,0xA5FA,0xA5FA,0xA5FA,0xA5FA,0xA5FA,0xA5FA,0xA5FA,0xA5FA,0xA5FA,0xA5FA,
    0xA5FA,0xA5FA,0xA5FA,0xA5FA,0xA5FA,0xA5FA,0xA5FA,0xA5FA,0xA5FA,0xA5FA,0xA5FA,0xA5FA,0xA5FA,0xA5FA,0xA5FA,0xA5FA,
    0xA5FA,0xA5FA,0xA5FA,0xA5FA,0xA5FA,0xA5FA,0xA5FA,0xA5FA,0xA5FA,0xA5FA,0xA5FA,0xA5FA,0xA5FA,0xA5FA,0xA5FA,0xA5FA,
    0xA5FA,0xA5FA,0xA5FA,0xA61A,0xA61A,0xA61B,0xA61B,0xA61B,0xA61A,0xA61A,0xA61B,0xAE1B,0xAE1B,0xAE1B,0xAE1B,0xAE1B,
    0xAE1B,0xAE1B,0xAE1B,0xAE1B,0xAE1B,0xAE1B,0xAE1B,0xAE1B,0xAE1B,0xAE1B,0xAE1B,0xAE1B,0xAE1B,0xAE1B,0xAE1B,0xAE1B,
    0xAE1B,0xAE1B,0xAE3B,0xAE3B,0xAE1B,0xAE1B,0xAE1B,0xAE1B,0xAE1B,0xAE3B,0xAE3B,0xAE3B,0xAE3B,0xAE3B,0xAE3B,0xAE3B,
    0xAE3B,0xAE3B,0xAE1B,0xAE1B,0xAE1B,0xAE1B,0xAE1B,0xAE1B,0xAE1B,0xAE1B,0xAE1B,0xAE1B,0xAE3B,0xAE3B,0xAE3B,0xAE3B,
    0xAE3B,0xAE3B,0xAE3B,0xAE3B,0xAE3B,0xAE3B,0xAE3B,0xAE3B,0xAE3B,0xAE3B,0xAE3B,0xAE3B,0xAE3B,0xAE3B,0xAE3B,0xAE3B,
    0xAE3B,0xAE3B,0xAE3B,0xAE3B,0xAE3B,0xAE3B,0xAE3B,0xAE3B,0xAE3B,0xAE3B,0xAE3B,0xAE3B,0xAE3B,0xAE3B,0xAE3B,0xAE3B,
    0xAE3B,0xAE3B,0xAE3B,0xAE3B,0xAE3B,0xAE3B,0xAE3B,0xAE3B,0xAE3B,0xAE3B,0xAE3B,0xAE3B,0xAE3B,0xAE3B,0xAE3B,0xAE3B,
    0xAE3B,0xAE3B,0xAE3B,0xAE3B,0xAE5B,0xAE5B,0xAE5B,0xAE5B,0xAE5B,0xAE3B,0xAE3B,0xAE3B,0xAE3B,0xAE3B,0xAE3B,0xAE3B,
    0xAE3B,0xAE3B,0xAE5B,0xAE5B,0xAE5B,0xAE5B,0xAE3B,0xAE3B,0xAE5B,0xAE5B,0xAE3B,0xAE3B,0xAE5B,0xAE5B,0xAE5B,0xAE5B,
    0xAE3B,0xAE3B,0xAE3B,0xAE3B,0xAE3B,0xAE3B,0xAE3B,0xAE3B,0xAE3B,0xAE5B,0xAE5B,0xAE5B,0xAE5B,0xAE5B,0xAE3B,0xAE3B,
    0xAE3B,0xAE3B,0xAE3B,0xAE3B,0xAE3B,0xAE3B,0xAE3B,0xAE3B,0xAE3B,0xAE3B,0xAE5B,0xAE5B,0xAE3B,0xAE3B,0xAE3B,0xAE3B,
    0xAE3B,0xAE5B,0xAE5B,0xAE5B,0xAE5B,0xAE5B,0xAE3B,0xAE3B,0xAE3B,0xAE3B,0xAE5B,0xAE5B,0xAE5B,0xAE5B,0xAE5B,0xAE5B,
    0xAE5B,0xAE5B,0xAE5B,0xAE5B,0xAE5B,0xAE5B,0xAE5B,0xAE5B,0xAE5B,0xAE5B,0xAE5B,0xAE5B,0xAE5B,0xAE5B,0xAE5B,0xAE5B,
    0xAE5B,0xAE5B,0xAE5B,0xAE3B,0xAE3B,0xAE3B,0xAE5B,0xAE5B,0xAE5B,0xAE5B,0xAE5B,0xAE3B,0xAE3B,0xAE3B,0xAE3B,0xAE3B,
    0xAE3B,0xAE3B,0xAE3B,0xAE3B,0xAE3B,0xAE3B,0xAE3B,0xAE3B,0xAE3B,0xAE5B,0xAE5B,0xAE5B,0xAE5B,0xAE5B,0xAE3B,0xAE5B,
    0xAE5B,0xAE3B,0xAE5B,0xAE5B,0xAE5B,0xAE5B,0xAE5B,0xAE3B,0xAE3B,0xAE3B,0xAE3B,0xAE3B,0xAE3B,0xAE3B,0xAE3B,0xAE3B,
    0xAE3B,0xAE3B,0xAE3B,0xAE3B,0xAE3B,0xAE3B,0xAE3B,0xAE3B,0xAE3B,0xAE3B,0xAE3B,0xAE3B,0xAE3B,0xAE3B,0xAE3B,0xAE3B,
    0xAE3B,0xAE3B,0xAE3B,0xAE3B,0xAE3B,0xAE3B,0xAE3B,0xAE3B,0xAE3B,0xAE3B,0xAE3B,0xAE3B,0xAE3B,0xAE3B,0xAE3B,0xAE3B,
    0xAE3B,0xAE3B,0xAE3B,0xAE3B,0xAE3B,0xAE3B,0xAE3B,0xAE3B,0xAE3B,0xAE3B,0xAE3B,0xAE3B,0xAE3B,0xAE3B,0xAE3B,0xAE3B,
    0xAE3B,0xAE3B,0xAE3B,0xAE3B,0xAE3B,0xAE3B,0xAE3B,0xAE3B,0xAE3B,0xAE3B,0xAE3B,0xAE3B,0xAE3B,0xAE3B,0xAE3B,0xAE3B,
    0xAE3B,0xAE3B,0xA61B,0xA61B,0xA61B,0xA61B,0xA61B,0xA61B,0xA61B,0xA61B,0xA61B,0xA61B,0xA61B,0xA61B,0xA61B,0xA61B,
    0xA61B,0xA61B,0xA61B,0xA61B,0xA61B,0xA61B,0xA61B,0xA61B,0xA61B,0xA61B,0xA61B,0xA61B,0xA61B,0xA61B,0xA61B,0xA61B,
    0xA61B,0xA61B,0xA61B,0xA61B,0xA61B,0xA61B,0xA61B,0xA61A,0xA5FA,0xA5FA,0xA5FA,0xA5FA,0xA5FA,0xA5FA,0xA5FB,0xA5FB,
    0x9DB9,0x9DB9,0x9DB9,0x9DB9,0x9DD9,0x9DD9,0x9DD9,0x9DD9,0x9DDA,0x9DDA,0x9DDA,0x9DDA,0x9DDA,0x9DDA,0x9DDA,0x9DDA,
    0x9DDA,0x9DDA,0x9DDA,0x9DDA,0x9DDA,0x9DDA,0x9DDA,0x9DDA,0x9DDA,0x9DDA,0x9DDA,0x9DDA,0x9DDA,0x9DDA,0x9DDA,0x9DDA,
    0xA5FA,0xA5FA,0xA5FA,0xA5FA,0xA5FA,0xA5FA,0xA5FA,0xA5FA,0xA5FA,0xA5FA,0xA5FA,0xA5FA,0xA5FA,0xA5FA,0xA5FA,0xA5FA,
    0xA5FA,0xA5FA,0xA5FA,0xA5FA,0xA5FA,0xA5FA,0xA5FA,0xA5FA,0xA5FA,0xA5FA,0xA5FA,0xA5FA,0xA5FA,0xA5FA,0xA5FA,0xA5FA,
    0xA5FA,0xA5FA,0xA5FA,0xA5FA,0xA5FA,0xA5FA,0xA5FA,0xA5FA,0xA5FA,0xA5FA,0xA5FA,0xA5FA,0xA5FA,0xA5FA,0xA5FA,0xA5FA,
    0xA5FA,0xA5FA,0xA5FA,0xA61A,0xA61A,0xA61A,0xA61A,0xA61A,0xA61A,0xA61A,0xA61B,0xA61B,0xAE1B,0xA61B,0xA61B,0xA61B,
    0xA61B,0xAE1B,0xAE1B,0xAE1B,0xAE1B,0xAE1B,0xAE1B,0xAE1B,0xAE1B,0xAE1B,0xAE1B,0xAE1B,0xAE1B,0xAE1B,0xAE1B,0xAE1B,
    0xAE1B,0xAE1B,0xAE1B,0xAE1B,0xAE1B,0xAE1B,0xAE1B,0xAE1B,0xAE1B,0xAE3B,0xAE3B,0xAE3B,0xAE3B,0xAE3B,0xAE3B,0xAE3B,
    0xAE3B,0xAE3B,0xAE3B,0xAE1B,0xAE1B,0xAE1B,0xAE1B,0xAE1B,0xAE1B,0xAE1B,0xAE1B,0xAE1B,0xAE3B,0xAE3B,0xAE3B,0xAE3B,
    0xAE3B,0xAE3B,0xAE3B,0xAE3B,0xAE3B,0xAE3B,0xAE3B,0xAE3B,0xAE3B,0xAE3B,0xAE3B,0xAE3B,0xAE3B,0xAE3B,0xAE3B,0xAE3B,
    0xAE3B,0xAE3B,0xAE3B,0xAE3B,0xAE3B,0xAE3B,0xAE3B,0xAE3B,0xAE3B,0xAE3B,0xAE3B,0xAE3B,0xAE3B,0xAE3B,0xAE3B,0xAE3B,
    0xAE3B,0xAE3B,0xAE3B,0xAE3B,0xAE3B,0xAE3B,0xAE3B,0xAE3B,0xAE3B,0xAE3B,0xAE3B,0xAE3B,0xAE3B,0xAE3B,0xAE3B,0xAE3B,
    0xAE3B,0xAE3B,0xAE3B,0xAE3B,0xAE3B,0xAE3B,0xAE3B,0xAE3B,0xAE3B,0xAE3B,0xAE3B,0xAE3B,0xAE3B,0xAE3B,0xAE3B,0xAE3B,
    0xAE3B,0xAE3B,0xAE3B,0xAE3B,0xAE3B,0xAE3B,0xAE3B,0xAE3B,0xAE5B,0xAE5B,0xAE3B,0xAE3B,0xAE5B,0xAE5B,0xAE5B,0xAE5B,
    0xAE3B,0xAE3B,0xAE3B,0xAE3B,0xAE3B,0xAE5B,0xAE5B,0xAE5B,0xAE5B,0xAE5B,0xAE5B,0xAE5B,0xAE5B,0xAE5B,0xAE3B,0xAE3B,
    0xAE3B,0xAE3B,0xAE3B,0xAE3B,0xAE3B,0xAE3B,0xAE3B,0xAE3B,0xAE3B,0xAE5B,0xAE5B,0xAE5B,0xAE5B,0xAE5B,0xAE5B,0xAE5B,
    0xAE5B,0xAE5B,0xAE5B,0xAE5B,0xAE5B,0xAE5B,0xAE5B,0xAE5B,0xAE5B,0xAE5B,0xAE5B,0xAE5B,0xAE5B,0xAE5B,0xAE5B,0xAE5B,
    0xAE5B,0xAE5B,0xAE5B,0xAE5B,0xAE5B,0xAE5B,0xAE5B,0xAE5B,0xAE5B,0xAE5B,0xAE5B,0xAE5B,0xAE5B,0xAE5B,0xAE5B,0xAE5B,
    0xAE5B,0xAE5B,0xAE5B,0xAE5B,0xAE3B,0xAE3B,0xAE5B,0xAE5B,0xAE5B,0xAE5B,0xAE5B,0xAE3B,0xAE3B,0xAE3B,0xAE3B,0xAE3B,
    0xAE5B,0xAE5B,0xAE5B,0xAE5B,0xAE5B,0xAE5B,0xAE5B,0xAE5B,0xAE5B,0xAE3B,0xAE3B,0xAE3B,0xAE3B,0xAE3B,0xAE5B,0xAE5B,
    0xAE5B,0xAE5B,0xAE3B,0xAE3B,0xAE3B,0xAE3B,0xAE3B,0xAE5B,0xAE5B,0xAE5B,0xAE5B,0xAE5B,0xAE3B,0xAE3B,0xAE3B,0xAE3B,
    0xAE3B,0xAE3B,0xAE3B,0xAE3B,0xAE3B,0xAE3B,0xAE3B,0xAE3B,0xAE3B,0xAE3B,0xAE3B,0xAE3B,0xAE3B,0xAE3B,0xAE3B,0xAE3B,
    0xAE3B,0xAE3B,0xAE3B,0xAE3B,0xAE3B,0xAE3B,0xAE3B,0xAE3B,0xAE3B,0xAE3B,0xAE3B,0xAE3B,0xAE3B,0xAE3B,0xAE3B,0xAE3B,
    0xAE3B,0xAE3B,0xAE3B,0xAE3B,0xAE3B,0xAE3B,0xAE3B,0xAE3B,0xAE3B,0xAE3B,0xAE3B,0xAE3B,0xAE3B,0xAE3B,0xAE3B,0xAE3B,
    0xAE3B,0xAE3B,0xAE3B,0xAE3B,0xAE3B,0xAE3B,0xAE3B,0xAE3B,0xAE3B,0xAE3B,0xAE3B,0xAE3B,0xAE3B,0xAE3B,0xAE3B,0xAE3B,
    0xAE3B,0xAE3B,0xAE3B,0xAE3B,0xAE3B,0xAE3B,0xAE3B,0xA61B,0xA61B,0xA61B,0xA61B,0xA61B,0xA61B,0xA61B,0xA61B,0xA61B,
    0xA61B,0xA61B,0xA61B,0xA61B,0xA61B,0xA61B,0xA61B,0xA61B,0xA61B,0xA61B,0xA61B,0xA61B,0xA61B,0xA61B,0xA61B,0xA61B,
    0xA61B,0xA61B,0xA61B,0xA61B,0xA61B,0xA61B,0xA61B,0xA61A,0xA5FA,0xA5FA,0xA5FA,0xA5FA,0xA5FA,0xA5FA,0xA5FA,0xA5FB,
    0x9DB9,0x9DB9,0x9DB9,0x9DB9,0x9DB9,0x9DB9,0x9DB9,0x9DB9,0x9DD9,0x9DDA,0x9DDA,0x9DDA,0x9DDA,0x9DDA,0x9DDA,0x9DDA,
    0x9DDA,0x9DDA,0x9DDA,0x9DDA,0x9DDA,0x9DDA,0x9DDA,0x9DDA,0x9DDA,0x9DDA,0x9DDA,0x9DDA,0x9DDA,0x9DDA,0x9DDA,0x9DDA,
    0xA5FA,0xA5FA,0xA5FA,0xA5FA,0xA5FA,0xA5FA,0xA5FA,0xA5FA,0xA5FA,0xA5FA,0xA5FA,0xA5FA,0xA5FA,0xA5FA,0xA5DA,0xA5DA,
    0xA5DA,0xA5DA,0xA5DA,0xA5FA,0xA5FA,0xA5FA,0xA5FA,0xA5FA,0xA5FA,0xA5FA,0xA5FA,0xA5FA,0xA5FA,0xA5FA,0xA5FA,0xA5FA,
    0xA5FA,0xA5FA,0xA5FA,0xA5FA,0xA5FA,0xA5FA,0xA5FA,0xA5FA,0xA5FA,0xA5FA,0xA5FA,0xA5FA,0xA5FA,0xA5FA,0xA5FA,0xA5FA,
    0xA5FA,0xA5FA,0xA5FA,0xA61A,0xA61A,0xA61A,0xA61A,0xA61A,0xA5FA,0xA61A,0xA61A,0xA61B,0xAE1B,0xA61B,0xA61B,0xA61B,
    0xA61B,0xAE1B,0xAE1B,0xAE1B,0xAE1B,0xAE1B,0xAE1B,0xAE1B,0xAE1B,0xAE1B,0xAE1B,0xAE1B,0xAE1B,0xAE1B,0xAE1B,0xAE1B,
    0xAE1B,0xAE1B,0xAE1B,0xAE1B,0xAE1B,0xAE1B,0xAE1B,0xAE1B,0xAE1B,0xAE3B,0xAE3B,0xAE3B,0xAE3B,0xAE3B,0xAE3B,0xAE3B,
    0xAE3B,0xAE3B,0xAE1B,0xAE1B,0xAE1B,0xAE1B,0xAE1B,0xAE1B,0xAE1B,0xAE1B,0xAE1B,0xAE1B,0xAE3B,0xAE3B,0xAE3B,0xAE3B,
    0xAE3B,0xAE3B,0xAE3B,0xAE3B,0xAE3B,0xAE3B,0xAE3B,0xAE3B,0xAE3B,0xAE3B,0xAE3B,0xAE3B,0xAE3B,0xAE3B,0xAE3B,0xAE3B,
    0xAE3B,0xAE3B,0xAE3B,0xAE3B,0xAE3B,0xAE3B,0xAE3B,0xAE3B,0xAE3B,0xAE3B,0xAE3B,0xAE3B,0xAE3B,0xAE3B,0xAE3B,0xAE3B,
    0xAE3B,0xAE3B,0xAE3B,0xAE3B,0xAE3B,0xAE3B,0xAE5B,0xAE3B,0xAE3B,0xAE3B,0xAE3B,0xAE3B,0xAE3B,0xAE3B,0xAE3B,0xAE3B,
    0xAE3B,0xAE3B,0xAE3B,0xAE3B,0xAE3B,0xAE3B,0xAE3B,0xAE3B,0xAE3B,0xAE3B,0xAE3B,0xAE3B,0xAE3B,0xAE3B,0xAE3B,0xAE3B,
    0xAE3B,0xAE3B,0xAE3B,0xAE3B,0xAE3B,0xAE3B,0xAE3B,0xAE3B,0xAE5B,0xAE5B,0xAE3B,0xAE3B,0xAE5B,0xAE5B,0xAE5B,0xAE5B,
    0xAE3B,0xAE3B,0xAE3B,0xAE3B,0xAE3B,0xAE5B,0xAE5B,0xAE5B,0xAE5B,0xAE5B,0xAE5B,0xAE5B,0xAE5B,0xAE5B,0xAE3B,0xAE3B,
    0xAE3B,0xAE3B,0xAE3B,0xAE3B,0xAE3B,0xAE3B,0xAE3B,0xAE3B,0xAE3B,0xAE5B,0xAE5B,0xAE5B,0xAE5B,0xAE5B,0xAE5B,0xAE5B,
    0xAE5B,0xAE5B,0xAE5B,0xAE5B,0xAE5B,0xAE5B,0xAE5B,0xAE5B,0xAE5B,0xAE5B,0xAE5B,0xAE5B,0xAE5B,0xAE5B,0xAE5B,0xAE5B,
    0xAE5B,0xAE5B,0xAE5B,0xAE5B,0xAE5B,0xAE5B,0xAE5B,0xAE5B,0xAE5B,0xAE5B,0xAE5B,0xAE5B,0xAE5B,0xAE5B,0xAE5B,0xAE5B,
    0xAE5B,0xAE5B,0xAE5B,0xAE5B,0xAE3B,0xAE3B,0xAE5B,0xAE5B,0xAE5B,0xAE5B,0xAE5B,0xAE3B,0xAE3B,0xAE3B,0xAE3B,0xAE3B,
    0xAE5B,0xAE5B,0xAE5B,0xAE5B,0xAE5B,0xAE5B,0xAE5B,0xAE5B,0xAE5B,0xAE3B,0xAE3B,0xAE3B,0xAE3B,0xAE5B,0xAE5B,0xAE5B,
    0xAE5B,0xAE5B,0xAE3B,0xAE3B,0xAE3B,0xAE3B,0xAE3B,0xAE5B,0xAE5B,0xAE5B,0xAE5B,0xAE5B,0xAE3B,0xAE3B,0xAE3B,0xAE3B,
    0xAE3B,0xAE3B,0xAE3B,0xAE3B,0xAE3B,0xAE3B,0xAE3B,0xAE3B,0xAE3B,0xAE3B,0xAE3B,0xAE3B,0xAE3B,0xAE3B,0xAE3B,0xAE3B,
    0xAE3B,0xAE3B,0xAE3B,0xAE3B,0xAE3B,0xAE3B,0xAE3B,0xAE3B,0xAE3B,0xAE3B,0xAE3B,0xAE3B,0xAE3B,0xAE3B,0xAE3B,0xAE3B,
    0xAE3B,0xAE3B,0xAE3B,0xAE3B,0xAE3B,0xAE3B,0xAE3B,0xAE3B,0xAE3B,0xAE3B,0xAE3B,0xAE3B,0xAE3B,0xAE3B,0xAE3B,0xAE3B,
    0xAE3B,0xAE3B,0xAE3B,0xAE3B,0xAE3B,0xAE3B,0xAE3B,0xAE3B,0xAE3B,0xAE3B,0xAE3B,0xAE3B,0xAE3B,0xAE3B,0xAE3B,0xAE3B,
    0xAE3B,0xAE3B,0xAE3B,0xAE3B,0xAE3B,0xAE3B,0xAE3B,0xAE3B,0xAE3B,0xAE3B,0xAE3B,0xAE3B,0xA61B,0xA61B,0xA61B,0xA61B,
    0xA61B,0xA61B,0xA61B,0xA61B,0xA61B,0xA61B,0xA61B,0xA61B,0xA61B,0xA61B,0xA61B,0xA61B,0xA61B,0xA61B,0xA61B,0xA61B,
    0xA61B,0xA61B,0xA61B,0xA61B,0xA61B,0xA61B,0xA61B,0xA61A,0xA5FA,0xA5FA,0xA5FA,0xA5FA,0xA5FA,0xA5FA,0xA5FA,0xA5FA,
    0x9DB9,0x9DB9,0x9DB9,0x9DD9,0x9DB9,0x9DB9,0x9DB9,0x9DB9,0x9DDA,0x9DDA,0x9DDA,0x9DDA,0x9DDA,0x9DDA,0x9DDA,0x9DDA,
    0x9DDA,0x9DDA,0x9DDA,0x9DDA,0x9DDA,0x9DDA,0x9DDA,0x9DDA,0x9DDA,0x9DDA,0x9DDA,0x9DDA,0x9DDA,0x9DDA,0x9DDA,0x9DDA,
    0xA5FA,0xA5FA,0xA5FA,0xA5FA,0xA5FA,0xA5FA,0xA5FA,0xA5FA,0xA5FA,0xA5FA,0xA5FA,0xA5FA,0xA5FA,0xA5FA,0xA5DA,0xA5DA,
    0xA5DA,0xA5DA,0xA5DA,0xA5DA,0xA5FA,0xA5FA,0xA5DA,0xA5FA,0xA5FA,0xA5FA,0xA5FA,0xA5FA,0xA5FA,0xA5FA,0xA5FA,0xA5FA,
    0xA5FA,0xA5FA,0xA5FA,0xA5FA,0xA5FA,0xA5FA,0xA5FA,0xA5FA,0xA5FA,0xA5FA,0xA5FA,0xA5FA,0xA5FA,0xA5FA,0xA5FA,0xA5FA,
    0xA5FA,0xA5FA,0xA5FA,0xA61A,0xA61A,0xA61A,0xA61A,0xA61A,0xA5FA,0xA5FA,0xA61A,0xA61A,0xA61B,0xA61B,0xA61B,0xA61B,
    0xA61B,0xA61B,0xA61B,0xA61B,0xA61B,0xA61B,0xAE1B,0xAE1B,0xAE1B,0xAE1B,0xAE1B,0xAE1B,0xAE1B,0xAE1B,0xAE1B,0xAE1B,
    0xAE1B,0xAE1B,0xAE1B,0xAE1B,0xAE1B,0xAE1B,0xAE1B,0xAE1B,0xAE1B,0xAE3B,0xAE3B,0xAE3B,0xAE3B,0xAE3B,0xAE3B,0xAE3B,
    0xAE3B,0xAE3B,0xAE1B,0xAE1B,0xAE1B,0xAE1B,0xAE1B,0xAE1B,0xAE1B,0xAE1B,0xAE1B,0xAE1B,0xAE3B,0xAE3B,0xAE3B,0xAE3B,
    0xAE3B,0xAE3B,0xAE3B,0xAE3B,0xAE3B,0xAE3B,0xAE3B,0xAE3B,0xAE3B,0xAE3B,0xAE3B,0xAE3B,0xAE3B,0xAE3B,0xAE3B,0xAE3B,
    0xAE3B,0xAE3B,0xAE3B,0xAE3B,0xAE3B,0xAE3B,0xAE3B,0xAE3B,0xAE3B,0xAE3B,0xAE3B,0xAE3B,0xAE3B,0xAE3B,0xAE3B,0xAE3B,
    0xAE3B,0xAE3B,0xAE3B,0xAE3B,0xAE3B,0xAE3B,0xAE5B,0xAE3B,0xAE3B,0xAE3B,0xAE3B,0xAE3B,0xAE3B,0xAE3B,0xAE3B,0xAE3B,
    0xAE3B,0xAE3B,0xAE3B,0xAE3B,0xAE3B,0xAE3B,0xAE3B,0xAE3B,0xAE3B,0xAE3B,0xAE3B,0xAE3B,0xAE3B,0xAE3B,0xAE3B,0xAE3B,
    0xAE3B,0xAE3B,0xAE3B,0xAE3B,0xAE3B,0xAE3B,0xAE3B,0xAE3B,0xAE5B,0xAE5B,0xAE3B,0xAE3B,0xAE3B,0xAE3B,0xAE3B,0xAE3B,
    0xAE3B,0xAE3B,0xAE3B,0xAE3B,0xAE3B,0xAE5B,0xAE5B,0xAE5B,0xAE5B,0xAE5B,0xAE5B,0xAE5B,0xAE5B,0xAE5B,0xAE3B,0xAE3B,
    0xAE3B,0xAE3B,0xAE3B,0xAE3B,0xAE3B,0xAE3B,0xAE3B,0xAE3B,0xAE3B,0xAE5B,0xAE5B,0xAE5B,0xAE5B,0xAE5B,0xAE5B,0xAE5B,
    0xAE5B,0xAE5B,0xAE5B,0xAE5B,0xAE5B,0xAE5B,0xAE5B,0xAE5B,0xAE5B,0xAE5B,0xAE5B,0xAE5B,0xAE5B,0xAE5B,0xAE5B,0xAE5B,
    0xAE5B,0xAE5B,0xAE5B,0xAE5B,0xAE5B,0xAE5B,0xAE5B,0xAE5B,0xAE5B,0xAE5B,0xAE5B,0xAE5B,0xAE5B,0xAE5B,0xAE5B,0xAE5B,
    0xAE5B,0xAE5B,0xAE5B,0xAE5B,0xAE3B,0xAE3B,0xAE3B,0xAE3B,0xAE3B,0xAE3B,0xAE3B,0xAE3B,0xAE3B,0xAE3B,0xAE3B,0xAE3B,
    0xAE5B,0xAE5B,0xAE5B,0xAE5B,0xAE5B,0xAE5B,0xAE5B,0xAE5B,0xAE5B,0xAE5B,0xAE5B,0xAE5B,0xAE5B,0xAE5B,0xAE5B,0xAE5B,
    0xAE5B,0xAE5B,0xAE3B,0xAE3B,0xAE3B,0xAE3B,0xAE3B,0xAE5B,0xAE5B,0xAE5B,0xAE5B,0xAE5B,0xAE3B,0xAE3B,0xAE3B,0xAE3B,
    0xAE3B,0xAE3B,0xAE3B,0xAE3B,0xAE3B,0xAE3B,0xAE3B,0xAE3B,0xAE3B,0xAE3B,0xAE3B,0xAE3B,0xAE3B,0xAE3B,0xAE3B,0xAE3B,
    0xAE3B,0xAE3B,0xAE3B,0xAE3B,0xAE3B,0xAE3B,0xAE3B,0xAE3B,0xAE3B,0xAE3B,0xAE3B,0xAE3B,0xAE3B,0xAE3B,0xAE3B,0xAE3B,
    0xAE3B,0xAE3B,0xAE3B,0xAE3B,0xAE3B,0xAE3B,0xAE3B,0xAE3B,0xAE3B,0xAE3B,0xAE3B,0xAE3B,0xAE3B,0xAE3B,0xAE3B,0xAE3B,
    0xAE3B,0xAE3B,0xAE3B,0xAE3B,0xAE3B,0xAE3B,0xAE3B,0xAE3B,0xAE3B,0xAE3B,0xAE3B,0xAE3B,0xAE3B,0xAE3B,0xAE3B,0xAE3B,
    0xAE3B,0xAE3B,0xAE3B,0xAE3B,0xAE3B,0xAE3B,0xAE3B,0xAE3B,0xAE3B,0xAE3B,0xAE3B,0xAE3B,0xA61B,0xA61B,0xA61B,0xA61B,
    0xA61B,0xA61B,0xA61B,0xA61B,0xA61B,0xA61B,0xA61B,0xA61B,0xA61B,0xA61B,0xA61B,0xA61B,0xA61B,0xA61B,0xA61B,0xA61B,
    0xA61B,0xA61B,0xA61B,0xA61B,0xA61B,0xA61B,0xA61B,0xA61A,0xA61A,0xA61A,0xA5FA,0xA5FA,0xA5FA,0xA5FA,0xA5FA,0xA5FA,
    0x9DB9,0x9DD9,0x9DDA,0x9DDA,0x9DDA,0x9DDA,0x9DDA,0x9DDA,0x9DDA,0x9DDA,0x9DDA,0x9DDA,0x9DDA,0x9DDA,0x9DDA,0x9DDA,
    0x9DDA,0x9DDA,0x9DDA,0x9DDA,0x9DDA,0x9DDA,0x9DDA,0x9DDA,0x9DDA,0x9DDA,0x9DDA,0x9DDA,0x9DDA,0x9DDA,0x9DDA,0x9DDA,
    0xA5FA,0xA5FA,0xA5FA,0xA5FA,0xA5FA,0xA5FA,0xA5FA,0xA5FA,0xA5FA,0xA5FA,0xA5FA,0xA5FA,0xA5FA,0xA5FA,0xA5FA,0xA5FA,
    0xA5FA,0xA5FA,0xA5DA,0xA5DA,0xA5FA,0xA5FA,0xA5DA,0xA5FA,0xA5FA,0xA5FA,0xA5FA,0xA5FA,0xA5FA,0xA5FA,0xA5FA,0xA5FA,
    0xA5FA,0xA5FA,0xA5FA,0xA5FA,0xA5FA,0xA5FA,0xA5FA,0xA5FA,0xA5FA,0xA5FA,0xA5FA,0xA5FA,0xA5FA,0xA5FA,0xA5FA,0xA5FA,
    0xA5FA,0xA5FA,0xA5FA,0xA61A,0xA61A,0xA61A,0xA61A,0xA61A,0xA5FA,0xA5FA,0xA5FA,0xA61A,0xA61A,0xA61B,0xA61B,0xA61B,
    0xA61B,0xA61A,0xA61A,0xA61A,0xA61A,0xA61A,0xAE1B,0xAE1B,0xAE1B,0xAE1B,0xAE1B,0xAE1B,0xAE1B,0xAE1B,0xAE1B,0xAE1B,
    0xAE1B,0xAE1B,0xAE1B,0xAE1B,0xA61B,0xA61B,0xA61B,0xA61B,0xA61B,0xA61B,0xA61B,0xA61B,0xA61B,0xA61B,0xAE3B,0xAE3B,
    0xAE3B,0xAE3B,0xAE1B,0xAE1B,0xAE1B,0xAE1B,0xAE1B,0xAE1B,0xAE1B,0xAE1B,0xAE1B,0xAE1B,0xAE3B,0xAE3B,0xAE3B,0xAE3B,
    0xAE3B,0xAE3B,0xAE3B,0xAE3B,0xAE3B,0xAE3B,0xAE3B,0xAE3B,0xAE3B,0xAE3B,0xAE3B,0xAE3B,0xAE3B,0xAE3B,0xAE3B,0xAE3B,
    0xAE3B,0xAE3B,0xAE3B,0xAE3B,0xAE3B,0xAE3B,0xAE3B,0xAE3B,0xAE3B,0xAE3B,0xAE3B,0xAE3B,0xAE3B,0xAE3B,0xAE3B,0xAE3B,
    0xAE3B,0xAE3B,0xAE3B,0xAE3B,0xAE3B,0xAE3B,0xAE3B,0xAE3B,0xAE3B,0xAE3B,0xAE3B,0xAE3B,0xAE3B,0xAE3B,0xAE3B,0xAE3B,
    0xAE3B,0xAE3B,0xAE3B,0xAE3B,0xAE3B,0xAE3B,0xAE3B,0xAE3B,0xAE3B,0xAE3B,0xAE3B,0xAE3B,0xAE3B,0xAE3B,0xAE3B,0xAE3B,
    0xAE3B,0xAE3B,0xAE3B,0xAE3B,0xAE3B,0xAE3B,0xAE3B,0xAE3B,0xAE5B,0xAE5B,0xAE3B,0xAE3B,0xAE3B,0xAE3B,0xAE3B,0xAE3B,
    0xAE3B,0xAE3B,0xAE3B,0xAE3B,0xAE3B,0xAE5B,0xAE5B,0xAE5B,0xAE5B,0xAE5B,0xAE5B,0xAE5B,0xAE5B,0xAE5B,0xAE3B,0xAE3B,
    0xAE3B,0xAE3B,0xAE3B,0xAE3B,0xAE3B,0xAE3B,0xAE3B,0xAE3B,0xAE3B,0xAE5B,0xAE5B,0xAE5B,0xAE5B,0xAE5B,0xAE5B,0xAE5B,
    0xAE5B,0xAE5B,0xAE5B,0xAE5B,0xAE5B,0xAE5B,0xAE5B,0xAE5B,0xAE5B,0xAE5B,0xAE5B,0xAE5B,0xAE5B,0xAE5B,0xAE5B,0xAE5B,
    0xAE5B,0xAE5B,0xAE5B,0xAE5B,0xAE5B,0xAE5B,0xAE5B,0xAE5B,0xAE5B,0xAE5B,0xAE5B,0xAE5B,0xAE5B,0xAE3B,0xAE3B,0xAE3B,
    0xAE3B,0xAE5B,0xAE5B,0xAE5B,0xAE3B,0xAE3B,0xAE3B,0xAE3B,0xAE3B,0xAE3B,0xAE3B,0xAE3B,0xAE3B,0xAE3B,0xAE3B,0xAE3B,
    0xAE5B,0xAE5B,0xAE5B,0xAE5B,0xAE5B,0xAE5B,0xAE5B,0xAE5B,0xAE5B,0xAE5B,0xAE5B,0xAE5B,0xAE5B,0xAE5B,0xAE3B,0xAE5B,
    0xAE5B,0xAE5B,0xAE3B,0xAE3B,0xAE3B,0xAE3B,0xAE3B,0xAE5B,0xAE5B,0xAE5B,0xAE5B,0xAE5B,0xAE3B,0xAE3B,0xAE3B,0xAE3B,
    0xAE3B,0xAE3B,0xAE3B,0xAE3B,0xAE3B,0xAE3B,0xAE3B,0xAE3B,0xAE3B,0xAE3B,0xAE3B,0xAE3B,0xAE3B,0xAE3B,0xAE3B,0xAE3B,
    0xAE3B,0xAE3B,0xAE3B,0xAE3B,0xAE3B,0xAE3B,0xAE3B,0xAE3B,0xAE3B,0xAE3B,0xAE3B,0xAE3B,0xAE3B,0xAE3B,0xAE3B,0xAE3B,
    0xAE3B,0xAE3B,0xAE3B,0xAE3B,0xAE3B,0xAE3B,0xAE3B,0xAE3B,0xAE3B,0xAE3B,0xAE3B,0xAE3B,0xAE3B,0xAE3B,0xAE3B,0xAE3B,
    0xAE3B,0xAE3B,0xAE3B,0xAE3B,0xAE3B,0xAE3B,0xAE3B,0xAE3B,0xAE3B,0xAE3B,0xAE3B,0xAE3B,0xAE3B,0xAE3B,0xAE3B,0xAE3B,
    0xAE3B,0xAE3B,0xAE3B,0xAE3B,0xAE3B,0xAE3B,0xAE3B,0xAE3B,0xAE3B,0xAE3B,0xAE3B,0xAE3B,0xA61B,0xA61B,0xA61B,0xA61B,
    0xA61B,0xA61B,0xA61B,0xA61B,0xA61B,0xA61A,0xA61A,0xA61A,0xA61A,0xA61A,0xA61A,0xA61A,0xA61A,0xA61A,0xA61B,0xA61B,
    0xA61B,0xA61B,0xA61B,0xA61B,0xA61B,0xA61B,0xA61B,0xA61A,0xA61A,0xA61A,0xA61A,0xA5FA,0xA61A,0xA61A,0xA61A,0xA61B,
    0x9DD9,0x9DD9,0x9DD9,0x9DD9,0x9DD9,0x9DD9,0x9DD9,0x9DD9,0x9DDA,0x9DDA,0x9DDA,0x9DD9,0x9DD9,0x9DDA,0x9DDA,0x9DDA,
    0x9DDA,0x9DDA,0x9DDA,0x9DDA,0x9DDA,0x9DDA,0x9DDA,0xA5DA,0xA5DA,0xA5DA,0xA5DA,0xA5FA,0xA5FA,0xA5FA,0xA5FA,0xA5FA,
    0xA5DA,0xA5FA,0xA5FA,0xA5DA,0xA5FA,0xA5FA,0xA5FA,0xA5FA,0xA5FA,0xA5FA,0xA5FA,0xA5FA,0xA5FA,0xA5FA,0xA5FA,0xA5FA,
    0xA5FA,0xA5FA,0xA5FA,0xA5DA,0xA5FA,0xA5FA,0xA5DA,0xA5FA,0xA5FA,0xA5FA,0xA5FA,0xA5FA,0xA5FA,0xA5FA,0xA5FA,0xA5FA,
    0xA5FA,0xA5FA,0xA5FA,0xA5FA,0xA5FA,0xA5FA,0xA5FA,0xA5FA,0xA5FA,0xA5FA,0xA5FA,0xA61A,0xA5FA,0xA5FA,0xA61A,0xA61A,
    0xA5FA,0xA5FA,0xA5FA,0xA5FA,0xA5FA,0xA61A,0xA61A,0xA61A,0xA61A,0xA61A,0xA61A,0xA61A,0xA61A,0xA61A,0xA61A,0xA61A,
    0xA61A,0xA61A,0xA61B,0xA61B,0xA61B,0xA61B,0xA61B,0xA61B,0xA61B,0xA61B,0xA61B,0xAE1B,0xAE1B,0xAE1B,0xAE1B,0xAE1B,
    0xA61B,0xA61B,0xA61B,0xA61B,0xA61B,0xA61B,0xAE1B,0xAE1B,0xAE1B,0xAE1B,0xAE1B,0xAE1B,0xAE1B,0xAE1B,0xAE1B,0xAE1B,
    0xAE1B,0xAE1B,0xAE1B,0xAE1B,0xAE1B,0xAE1B,0xAE1B,0xAE1B,0xAE1B,0xAE1B,0xAE1B,0xAE1B,0xAE1B,0xAE1B,0xAE1B,0xAE1B,
    0xAE1B,0xAE1B,0xAE3B,0xAE1B,0xAE1B,0xAE3B,0xAE3B,0xAE3B,0xAE3B,0xAE3B,0xAE3B,0xAE3B,0xAE3B,0xAE3B,0xAE3B,0xAE3B,
    0xAE3B,0xAE3B,0xAE3B,0xAE3B,0xAE3B,0xAE3B,0xAE3B,0xAE3B,0xAE3B,0xAE3B,0xAE3B,0xAE3B,0xAE3B,0xAE3B,0xAE3B,0xAE3B,
    0xAE3B,0xAE3B,0xAE3B,0xAE3B,0xAE3B,0xAE3B,0xAE3B,0xAE3B,0xAE5B,0xAE3B,0xAE3B,0xAE3B,0xAE3B,0xAE3B,0xAE3B,0xAE3B,
    0xAE3B,0xAE3B,0xAE3B,0xAE3B,0xAE3B,0xAE3B,0xAE3B,0xAE3B,0xAE3B,0xAE3B,0xAE3B,0xAE3B,0xAE3B,0xAE3B,0xAE3B,0xAE3B,
    0xAE3B,0xAE3B,0xAE3B,0xAE3B,0xAE3B,0xAE3B,0xAE3B,0xAE3B,0xAE3B,0xAE3B,0xAE3B,0xAE3B,0xAE3B,0xAE3B,0xAE3B,0xAE3B,
    0xAE3B,0xAE3B,0xAE3B,0xAE3B,0xAE3B,0xAE3B,0xAE3B,0xAE3B,0xAE3B,0xAE3B,0xAE5B,0xAE3B,0xAE3B,0xAE3B,0xAE3B,0xAE3B,
    0xAE3B,0xAE3B,0xAE3B,0xAE3B,0xAE3B,0xAE3B,0xAE3B,0xAE3B,0xAE5B,0xAE5B,0xAE5B,0xAE5B,0xAE3B,0xAE3B,0xAE3B,0xAE3B,
    0xAE3B,0xAE3B,0xAE3B,0xAE3B,0xAE3B,0xAE3B,0xAE3B,0xAE3B,0xAE3B,0xAE3B,0xAE3B,0xAE3B,0xAE5B,0xAE5B,0xAE5B,0xAE5B,
    0xAE5B,0xAE5B,0xAE5B,0xAE5B,0xAE5B,0xAE5B,0xAE5B,0xAE5B,0xAE5B,0xAE5B,0xAE5B,0xAE5B,0xAE5B,0xAE5B,0xAE5B,0xAE5B,
    0xAE5B,0xAE5B,0xAE5B,0xAE5B,0xAE5B,0xAE5B,0xAE3B,0xAE3B,0xAE3B,0xAE3B,0xAE3B,0xAE3B,0xAE3B,0xAE3B,0xAE3B,0xAE3B,
    0xAE3B,0xAE3B,0xAE3B,0xAE3B,0xAE3B,0xAE3B,0xAE3B,0xAE3B,0xAE3B,0xAE3B,0xAE3B,0xAE3B,0xAE3B,0xAE3B,0xAE3B,0xAE3B,
    0xAE3B,0xAE3B,0xAE3B,0xAE3B,0xAE3B,0xAE3B,0xAE3B,0xAE3B,0xAE3B,0xAE3B,0xAE3B,0xAE3B,0xAE3B,0xAE3B,0xAE3B,0xAE3B,
    0xAE3B,0xAE3B,0xAE3B,0xAE3B,0xAE3B,0xAE3B,0xAE3B,0xAE3B,0xAE3B,0xAE3B,0xAE3B,0xAE3B,0xAE3B,0xAE3B,0xAE3B,0xAE3B,
    0xAE3B,0xAE3B,0xAE3B,0xAE3B,0xAE3B,0xAE3B,0xAE3B,0xAE3B,0xAE3B,0xAE3B,0xAE3B,0xAE3B,0xAE3B,0xAE3B,0xAE3B,0xAE3B,
    0xAE3B,0xAE3B,0xAE3B,0xAE3B,0xAE3B,0xAE3B,0xAE3B,0xAE3B,0xAE3B,0xAE3B,0xAE3B,0xAE3B,0xAE3B,0xAE3B,0xAE3B,0xAE3B,
    0xAE3B,0xAE3B,0xAE3B,0xAE3B,0xAE3B,0xAE3B,0xAE3B,0xAE3B,0xAE3B,0xAE3B,0xAE3B,0xAE3B,0xAE3B,0xAE3B,0xAE3B,0xAE3B,
    0xAE3B,0xAE3B,0xAE1B,0xAE1B,0xAE1B,0xAE1B,0xAE1B,0xAE1B,0xAE1B,0xAE1B,0xAE1B,0xAE1B,0xAE1B,0xAE1B,0xAE1B,0xAE1B,
    0xAE1B,0xAE1B,0xAE1B,0xAE1B,0xAE1B,0xA61B,0xA61B,0xA61B,0xA61B,0xA61B,0xA61B,0xA61B,0xA61B,0xA61B,0xA61A,0xA61A,
    0xA61B,0xA61B,0xA61B,0xA61B,0xA61B,0xA61B,0xA61A,0xA5FA,0xA61A,0xA61A,0xA5FA,0xA5FA,0xA5FA,0xA5FA,0xA5FA,0xA5FA,
    0x9DD9,0x9DD9,0x9DB9,0x9DB9,0x9DD9,0x9DD9,0x9DD9,0x9DD9,0x9DD9,0x9DDA,0x9DD9,0x9DB9,0x9DB9,0x9DDA,0x9DDA,0x9DDA,
    0x9DDA,0x9DDA,0x9DDA,0x9DDA,0x9DDA,0x9DDA,0xA5DA,0xA5DA,0xA5DA,0xA5DA,0xA5DA,0xA5DA,0xA5DA,0xA5DA,0xA5DA,0xA5DA,
    0xA5DA,0xA5FA,0xA5FA,0xA5DA,0xA5DA,0xA5DA,0xA5DA,0xA5FA,0xA5FA,0xA5FA,0xA5FA,0xA5FA,0xA5FA,0xA5FA,0xA5FA,0xA5FA,
    0xA5FA,0xA5FA,0xA5FA,0xA5FA,0xA5FA,0xA5FA,0xA5FA,0xA5FA,0xA5FA,0xA5FA,0xA5FA,0xA5FA,0xA5FA,0xA5FA,0xA5FA,0xA5FA,
    0xA5FA,0xA61A,0xA5FA,0xA61A,0xA61A,0xA5FA,0xA5FA,0xA5FA,0xA5FA,0xA5FA,0xA61A,0xAE1B,0xA61A,0xA61A,0xA61A,0xA61A,
    0xA61A,0xA5FA,0xA5FA,0xA5FA,0xA5FA,0xA61A,0xA61A,0xA61A,0xA61A,0xA61A,0xA61A,0xA61A,0xA61A,0xA61A,0xA61A,0xA61A,
    0xA61A,0xA61A,0xAE1B,0xAE1B,0xAE1B,0xAE1B,0xA61A,0xA61A,0xA61A,0xA61A,0xA61A,0xAE3B,0xAE3B,0xAE3B,0xAE3B,0xAE1B,
    0xA61B,0xA61B,0xA61B,0xA61B,0xA61A,0xA61B,0xA61B,0xAE1B,0xAE1B,0xAE1B,0xAE1B,0xAE1B,0xAE1B,0xAE1B,0xAE1B,0xAE1B,
    0xAE1B,0xAE1B,0xAE1B,0xAE1B,0xAE1B,0xAE1B,0xAE1B,0xAE1B,0xAE1B,0xAE1B,0xAE1B,0xAE1B,0xAE1B,0xAE1B,0xAE1B,0xAE1B,
    0xAE1B,0xAE1B,0xAE3B,0xAE1B,0xAE1B,0xAE3B,0xAE3B,0xAE3B,0xAE3B,0xAE1B,0xAE1B,0xAE1B,0xAE1B,0xAE1B,0xAE1B,0xAE3B,
    0xAE3B,0xAE3B,0xAE3B,0xAE3B,0xAE3B,0xAE3B,0xAE3B,0xAE3B,0xAE3B,0xAE3B,0xAE3B,0xAE3B,0xAE3B,0xAE3B,0xAE3B,0xAE3B,
    0xAE3B,0xAE3B,0xAE3B,0xAE3B,0xAE3B,0xAE3B,0xAE3B,0xAE3B,0xAE5B,0xAE5B,0xAE5B,0xAE3B,0xAE3B,0xAE3B,0xAE3B,0xAE3B,
    0xAE3B,0xAE3B,0xAE3B,0xAE3B,0xAE3B,0xAE3B,0xAE3B,0xAE3B,0xAE3B,0xAE3B,0xAE3B,0xAE3B,0xAE3B,0xAE3B,0xAE3B,0xAE3B,
    0xAE3B,0xAE3B,0xAE3B,0xAE3B,0xAE3B,0xAE3B,0xAE3B,0xAE3B,0xAE3B,0xAE3B,0xAE3B,0xAE3B,0xAE3B,0xAE3B,0xAE3B,0xAE3B,
    0xAE3B,0xAE3B,0xAE3B,0xAE3B,0xAE3B,0xAE3B,0xAE3B,0xAE3B,0xAE3B,0xAE3B,0xAE5B,0xAE3B,0xAE3B,0xAE3B,0xAE3B,0xAE3B,
    0xAE3B,0xAE3B,0xAE3B,0xAE3B,0xAE3B,0xAE3B,0xAE3B,0xAE3B,0xAE5B,0xAE5B,0xAE5B,0xAE5B,0xAE3B,0xAE3B,0xAE3B,0xAE3B,
    0xAE3B,0xAE3B,0xAE3B,0xAE3B,0xAE3B,0xAE3B,0xAE3B,0xAE3B,0xAE3B,0xAE3B,0xAE3B,0xAE3B,0xAE5B,0xAE5B,0xAE5B,0xAE5B,
    0xAE5B,0xAE5B,0xAE5B,0xAE5B,0xAE5B,0xAE5B,0xAE5B,0xAE5B,0xAE5B,0xAE5B,0xAE5B,0xAE5B,0xAE5B,0xAE5B,0xAE5B,0xAE5B,
    0xAE5B,0xAE5B,0xAE5B,0xAE5B,0xAE5B,0xAE5B,0xAE3B,0xAE3B,0xAE3B,0xAE3B,0xAE3B,0xAE3B,0xAE3B,0xAE3B,0xAE3B,0xAE3B,
    0xAE3B,0xAE3B,0xAE3B,0xAE3B,0xAE3B,0xAE3B,0xAE3B,0xAE3B,0xAE3B,0xAE3B,0xAE3B,0xAE3B,0xAE3B,0xAE3B,0xAE3B,0xAE3B,
    0xAE3B,0xAE3B,0xAE3B,0xAE3B,0xAE3B,0xAE3B,0xAE3B,0xAE3B,0xAE3B,0xAE3B,0xAE3B,0xAE3B,0xAE3B,0xAE3B,0xAE3B,0xAE3B,
    0xAE3B,0xAE3B,0xAE3B,0xAE3B,0xAE3B,0xAE3B,0xAE3B,0xAE3B,0xAE3B,0xAE3B,0xAE3B,0xAE3B,0xAE3B,0xAE3B,0xAE3B,0xAE3B,
    0xAE3B,0xAE3B,0xAE3B,0xAE3B,0xAE3B,0xAE3B,0xAE3B,0xAE3B,0xAE3B,0xAE3B,0xAE3B,0xAE3B,0xAE3B,0xAE3B,0xAE3B,0xAE3B,
    0xAE3B,0xAE3B,0xAE3B,0xAE3B,0xAE3B,0xAE3B,0xAE3B,0xAE3B,0xAE3B,0xAE3B,0xAE3B,0xAE3B,0xAE3B,0xAE3B,0xAE3B,0xAE1B,
    0xAE1B,0xAE1B,0xAE1B,0xAE1B,0xAE3B,0xAE3B,0xAE3B,0xAE3B,0xAE3B,0xAE1B,0xAE1B,0xAE1B,0xAE1B,0xAE1B,0xAE1B,0xAE1B,
    0xAE1B,0xAE1B,0xAE1B,0xAE1B,0xAE1B,0xAE1B,0xAE1B,0xAE1B,0xAE1B,0xAE1B,0xAE1B,0xAE1B,0xAE1B,0xAE1B,0xAE1B,0xAE1B,
    0xAE1B,0xAE1B,0xAE1B,0xAE1B,0xAE1B,0xAE1B,0xAE1B,0xAE1B,0xAE1B,0xAE1B,0xA61B,0xA61B,0xA61B,0xA61B,0xA5FA,0xA5FA,
    0xA61A,0xA61A,0xA61B,0xA61B,0xA61A,0xA61A,0xA5FA,0xA5FA,0xA61A,0xA5FA,0xA5FA,0xA5FA,0xA5FA,0xA5FA,0xA5FA,0xA5FA,
    0x9DB9,0x9DB9,0x9DB9,0x9DB9,0x9DD9,0x9DD9,0x9DD9,0x9DD9,0x9DD9,0x9DD9,0x9DD9,0x9DD9,0x9DD9,0x9DDA,0x9DDA,0x9DDA,
    0x9DDA,0x9DDA,0x9DDA,0x9DDA,0x9DDA,0x9DDA,0xA5DA,0xA5DA,0xA5DA,0xA5DA,0xA5DA,0xA5DA,0xA5DA,0xA5DA,0xA5DA,0xA5DA,
    0xA5DA,0xA5FA,0xA5FA,0xA5DA,0xA5DA,0xA5DA,0xA5DA,0xA5FA,0xA5FA,0xA5FA,0xA5FA,0xA5FA,0xA5FA,0xA5FA,0xA5FA,0xA5FA,
    0xA5FA,0xA5FA,0xA5FA,0xA5FA,0xA5FA,0xA5FA,0xA5FA,0xA5DA,0xA5FA,0xA5FA,0xA5FA,0xA5FA,0xA5FA,0xA5FA,0xA5FA,0xA5FA,
    0xA5FA,0xA5FA,0xA5FA,0xA61A,0xA5FA,0xA61A,0xA61A,0xA61A,0xA61A,0xA61A,0xA5FA,0xA61A,0xA5FA,0xA5FA,0xA61A,0xA61A,
    0xA61A,0xA61A,0xA5FA,0xA5FA,0xA5FA,0xA61A,0xA61A,0xA61A,0xA61A,0xA61A,0xA61A,0xA61A,0xA61A,0xA61A,0xA61A,0xA61A,
    0xA61A,0xA61A,0xA61A,0xA61A,0xA61A,0xA61A,0xA61A,0xA61A,0xA61A,0xA61A,0xA61A,0xAE1B,0xAE1B,0xAE1B,0xAE1B,0xAE1B,
    0xA61B,0xA61B,0xA61B,0xA61B,0xA61A,0xA61A,0xA61A,0xA61A,0xA61A,0xA61B,0xA61B,0xA61B,0xA61B,0xA61B,0xA61B,0xA61B,
    0xA61B,0xA61B,0xAE1B,0xAE1B,0xAE1B,0xAE1B,0xAE1B,0xAE1B,0xAE1B,0xAE1B,0xAE1B,0xAE1B,0xAE1B,0xAE1B,0xAE1B,0xAE1B,
    0xAE1B,0xAE1B,0xAE3B,0xAE1B,0xAE1B,0xAE1B,0xAE1B,0xAE1B,0xAE1B,0xAE1B,0xAE1B,0xAE1B,0xAE1B,0xAE1B,0xAE3B,0xAE3B,
    0xAE3B,0xAE3B,0xAE3B,0xAE3B,0xAE3B,0xAE3B,0xAE3B,0xAE3B,0xAE3B,0xAE3B,0xAE3B,0xAE3B,0xAE3B,0xAE3B,0xAE3B,0xAE3B,
    0xAE3B,0xAE3B,0xAE3B,0xAE3B,0xAE3B,0xAE3B,0xAE3B,0xAE3B,0xAE3B,0xAE3B,0xAE3B,0xAE3B,0xAE3B,0xAE3B,0xAE3B,0xAE3B,
    0xAE3B,0xAE3B,0xAE3B,0xAE3B,0xAE3B,0xAE3B,0xAE3B,0xAE3B,0xAE3B,0xAE3B,0xAE3B,0xAE3B,0xAE3B,0xAE3B,0xAE3B,0xAE3B,
    0xAE3B,0xAE3B,0xAE3B,0xAE3B,0xAE3B,0xAE3B,0xAE3B,0xAE3B,0xAE3B,0xAE3B,0xAE3B,0xAE3B,0xAE3B,0xAE3B,0xAE3B,0xAE3B,
    0xAE3B,0xAE3B,0xAE3B,0xAE3B,0xAE3B,0xAE3B,0xAE3B,0xAE3B,0xAE3B,0xAE3B,0xAE3B,0xAE3B,0xAE3B,0xAE3B,0xAE3B,0xAE3B,
    0xAE3B,0xAE3B,0xAE3B,0xAE3B,0xAE3B,0xAE3B,0xAE3B,0xAE5B,0xAE5B,0xAE5B,0xAE5B,0xAE5B,0xAE3B,0xAE3B,0xAE3B,0xAE3B,
    0xAE3B,0xAE3B,0xAE3B,0xAE3B,0xAE3B,0xAE3B,0xAE3B,0xAE3B,0xAE3B,0xAE3B,0xAE3B,0xAE3B,0xAE5B,0xAE5B,0xAE5B,0xAE5B,
    0xAE5B,0xAE5B,0xAE5B,0xAE5B,0xAE5B,0xAE5B,0xAE5B,0xAE5B,0xAE5B,0xAE5B,0xAE5B,0xAE5B,0xAE5B,0xAE5B,0xAE5B,0xAE5B,
    0xAE5B,0xAE5B,0xAE5B,0xAE5B,0xAE5B,0xAE5B,0xAE3B,0xAE3B,0xAE3B,0xAE3B,0xAE3B,0xAE3B,0xAE3B,0xAE3B,0xAE3B,0xAE3B,
    0xAE3B,0xAE3B,0xAE3B,0xAE3B,0xAE3B,0xAE3B,0xAE3B,0xAE3B,0xAE3B,0xAE3B,0xAE3B,0xAE3B,0xAE3B,0xAE3B,0xAE3B,0xAE3B,
    0xAE3B,0xAE3B,0xAE3B,0xAE3B,0xAE3B,0xAE3B,0xAE3B,0xAE3B,0xAE3B,0xAE3B,0xAE3B,0xAE3B,0xAE3B,0xAE3B,0xAE3B,0xAE3B,
    0xAE3B,0xAE3B,0xAE3B,0xAE3B,0xAE3B,0xAE3B,0xAE3B,0xAE3B,0xAE3B,0xAE3B,0xAE3B,0xAE3B,0xAE3B,0xAE3B,0xAE3B,0xAE3B,
    0xAE3B,0xAE3B,0xAE3B,0xAE3B,0xAE3B,0xAE3B,0xAE3B,0xAE3B,0xAE3B,0xAE3B,0xAE3B,0xAE3B,0xAE3B,0xAE3B,0xAE3B,0xAE3B,
    0xAE3B,0xAE3B,0xAE3B,0xAE3B,0xAE3B,0xAE3B,0xAE3B,0xAE3B,0xAE3B,0xAE3B,0xAE3B,0xAE3B,0xAE3B,0xAE3B,0xAE3B,0xAE1B,
    0xAE1B,0xAE1B,0xAE1B,0xAE1B,0xAE1B,0xAE1B,0xAE1B,0xAE1B,0xAE1B,0xAE1B,0xAE1B,0xAE1B,0xAE1B,0xAE1B,0xAE1B,0xAE1B,
    0xAE1B,0xAE1B,0xAE1B,0xAE1B,0xAE1B,0xAE1B,0xAE1B,0xAE1B,0xAE1B,0xAE1B,0xAE1B,0xAE1B,0xAE1B,0xAE1B,0xAE1B,0xAE1B,
    0xAE1B,0xAE1B,0xAE1B,0xAE1B,0xAE1B,0xAE1B,0xAE1B,0xAE1B,0xAE1B,0xAE1B,0xA61B,0xA61B,0xA61B,0xA61B,0xA61A,0xA61A,
    0xA61A,0xA61A,0xA61A,0xA61A,0xA61A,0xA61A,0xA61A,0xA61A,0xA61A,0xA5FA,0xA5FA,0xA5FA,0xA5FA,0xA5FA,0xA5FA,0xA5FA,
    0x9DD9,0x9DD9,0x9DD9,0x9DD9,0x9DD9,0x9DD9,0x9DD9,0x9DD9,0x9DB9,0x9DB9,0x9DD9,0x9DD9,0x9DDA,0x9DDA,0x9DDA,0x9DDA,
    0x9DDA,0x9DDA,0x9DDA,0x9DDA,0x9DDA,0x9DDA,0x9DDA,0x9DDA,0x9DDA,0x9DDA,0x9DDA,0xA5DA,0xA5DA,0xA5DA,0xA5DA,0xA5DA,
    0xA5DA,0xA5FA,0xA5FA,0xA5DA,0xA5DA,0xA5DA,0xA5DA,0xA5DA,0xA5DA,0xA5FA,0xA5FA,0xA5FA,0xA5FA,0xA5FA,0xA5FA,0xA5FA,
    0xA5FA,0xA5FA,0xA5FA,0xA5FA,0xA5FA,0xA5FA,0xA5FA,0xA5DA,0xA5DA,0xA5DA,0xA5FA,0xA5FA,0xA5FA,0xA5FA,0xA5FA,0xA5FA,
    0xA5FA,0xA5FA,0xA5FA,0xA5FA,0xA5FA,0xA5FA,0xA5FA,0xA5FA,0xA5FA,0xA5FA,0xA61A,0xA61A,0xA61A,0xA5FA,0xA61A,0xA61A,
    0xA61A,0xA61A,0xA61A,0xA5FA,0xA5FA,0xA61A,0xA61A,0xA61A,0xA61A,0xA61A,0xA61A,0xA61A,0xA61A,0xA61A,0xA61A,0xA61A,
    0xA61A,0xA61A,0xA61A,0xA61A,0xA61A,0xA61A,0xA61A,0xA61A,0xA61A,0xA61A,0xA61A,0xA61A,0xA61A,0xA61A,0xA61A,0xA61B,
    0xA61B,0xA61B,0xA61B,0xA61B,0xA61B,0xA61B,0xA61B,0xA61A,0xA61A,0xAE1B,0xAE1B,0xAE1B,0xAE1B,0xAE1B,0xAE1B,0xAE1B,
    0xAE1B,0xAE1B,0xAE1B,0xAE1B,0xAE1B,0xAE1B,0xAE1B,0xAE1B,0xAE1B,0xAE1B,0xAE1B,0xAE1B,0xAE1B,0xAE1B,0xAE1B,0xAE1B,
    0xAE1B,0xAE1B,0xAE3B,0xAE1B,0xAE1B,0xAE1B,0xAE1B,0xAE1B,0xAE1B,0xAE1B,0xAE1B,0xAE1B,0xAE1B,0xAE1B,0xAE3B,0xAE3B,
    0xAE3B,0xAE3B,0xAE3B,0xAE3B,0xAE3B,0xAE3B,0xAE3B,0xAE3B,0xAE3B,0xAE3B,0xAE3B,0xAE3B,0xAE3B,0xAE3B,0xAE3B,0xAE3B,
    0xAE3B,0xAE3B,0xAE3B,0xAE3B,0xAE3B,0xAE3B,0xAE3B,0xAE3B,0xAE3B,0xAE3B,0xAE3B,0xAE3B,0xAE3B,0xAE3B,0xAE3B,0xAE3B,
    0xAE3B,0xAE3B,0xAE3B,0xAE3B,0xAE3B,0xAE3B,0xAE3B,0xAE3B,0xAE3B,0xAE3B,0xAE3B,0xAE3B,0xAE3B,0xAE3B,0xAE3B,0xAE3B,
    0xAE3B,0xAE3B,0xAE3B,0xAE3B,0xAE3B,0xAE3B,0xAE3B,0xAE3B,0xAE3B,0xAE3B,0xAE3B,0xAE3B,0xAE3B,0xAE3B,0xAE3B,0xAE3B,
    0xAE3B,0xAE3B,0xAE3B,0xAE3B,0xAE3B,0xAE3B,0xAE3B,0xAE3B,0xAE3B,0xAE3B,0xAE3B,0xAE3B,0xAE3B,0xAE3B,0xAE3B,0xAE3B,
    0xAE3B,0xAE3B,0xAE3B,0xAE5B,0xAE5B,0xAE5B,0xAE5B,0xAE5B,0xAE5B,0xAE5B,0xAE5B,0xAE5B,0xAE3B,0xAE3B,0xAE3B,0xAE3B,
    0xAE3B,0xAE3B,0xAE3B,0xAE3B,0xAE3B,0xAE3B,0xAE3B,0xAE3B,0xAE3B,0xAE3B,0xAE3B,0xAE3B,0xAE5B,0xAE5B,0xAE5B,0xAE5B,
    0xAE5B,0xAE5B,0xAE5B,0xAE5B,0xAE5B,0xAE5B,0xAE5B,0xAE5B,0xAE5B,0xAE5B,0xAE5B,0xAE5B,0xAE5B,0xAE5B,0xAE5B,0xAE5B,
    0xAE5B,0xAE5B,0xAE5B,0xAE5B,0xAE5B,0xAE5B,0xAE3B,0xAE3B,0xAE3B,0xAE3B,0xAE3B,0xAE5B,0xAE5B,0xAE5B,0xAE5B,0xAE5B,
    0xAE3B,0xAE3B,0xAE3B,0xAE3B,0xAE3B,0xAE3B,0xAE3B,0xAE3B,0xAE3B,0xAE3B,0xAE3B,0xAE3B,0xAE3B,0xAE3B,0xAE3B,0xAE3B,
    0xAE3B,0xAE3B,0xAE3B,0xAE3B,0xAE3B,0xAE3B,0xAE3B,0xAE3B,0xAE3B,0xAE3B,0xAE3B,0xAE3B,0xAE3B,0xAE3B,0xAE3B,0xAE3B,
    0xAE3B,0xAE3B,0xAE3B,0xAE3B,0xAE3B,0xAE3B,0xAE3B,0xAE3B,0xAE3B,0xAE3B,0xAE3B,0xAE3B,0xAE3B,0xAE3B,0xAE3B,0xAE3B,
    0xAE3B,0xAE3B,0xAE3B,0xAE3B,0xAE3B,0xAE3B,0xAE3B,0xAE3B,0xAE3B,0xAE3B,0xAE3B,0xAE3B,0xAE3B,0xAE3B,0xAE3B,0xAE3B,
    0xAE3B,0xAE3B,0xAE3B,0xAE3B,0xAE3B,0xAE3B,0xAE3B,0xAE3B,0xAE3B,0xAE3B,0xAE3B,0xAE3B,0xAE3B,0xAE3B,0xAE3B,0xAE1B,
    0xAE1B,0xAE1B,0xAE1B,0xAE1B,0xAE1B,0xAE1B,0xAE1B,0xAE1B,0xAE1B,0xAE1B,0xAE1B,0xAE1B,0xAE1B,0xAE1B,0xAE1B,0xAE1B,
    0xAE1B,0xAE1B,0xAE1B,0xAE1B,0xAE1B,0xAE1B,0xAE1B,0xAE1B,0xAE1B,0xAE1B,0xAE1B,0xAE1B,0xAE1B,0xAE1B,0xAE1B,0xAE1B,
    0xAE1B,0xAE1B,0xAE1B,0xAE1B,0xAE1B,0xAE1B,0xAE1B,0xAE1B,0xAE1B,0xAE1B,0xA61B,0xA61B,0xA61B,0xA61B,0xA61B,0xA61A,
    0xA61A,0xA61A,0xA5FA,0xA5FA,0xA61A,0xA61A,0xA61B,0xA61B,0xA61A,0xA5FA,0xA5FA,0xA5FA,0xA5FA,0xA5FA,0xA5FA,0xA5FA,
    0x9DDA,0x9DDA,0x9DDA,0x9DD9,0x9DD9,0x9DD9,0x9DD9,0x9DD9,0x9DB9,0x9DB9,0x9DD9,0x9DDA,0x9DDA,0x9DDA,0x9DDA,0x9DDA,
    0x9DDA,0x9DDA,0x9DDA,0x9DDA,0x9DDA,0x9DDA,0x9DDA,0x9DDA,0x9DDA,0x9DDA,0x9DDA,0x9DDA,0x9DDA,0x9DDA,0x9DDA,0x9DDA,
    0xA5DA,0xA5FA,0xA5FA,0xA5DA,0xA5DA,0x9DDA,0xA5DA,0xA5DA,0xA5DA,0xA5FA,0xA5FA,0xA5FA,0xA5FA,0xA5FA,0xA5FA,0xA5FA,
    0xA5FA,0xA5FA,0xA5FA,0xA5FA,0xA5FA,0xA5FA,0xA5FA,0xA5DA,0xA5DA,0xA5DA,0xA5FA,0xA5FA,0xA5FA,0xA5FA,0xA5FA,0xA5FA,
    0xA61A,0xA5FA,0xA5FA,0xA61A,0xA61A,0xA5FA,0xA5FA,0xA5FA,0xA5FA,0xA5FA,0xA5FA,0xA61A,0xA61A,0xA5FA,0xA61A,0xA61A,
    0xA61A,0xA61A,0xA61A,0xA5FA,0xA5FA,0xA61A,0xA61A,0xA61A,0xA61A,0xA61A,0xA61A,0xA61A,0xA61A,0xA61A,0xA61A,0xA61A,
    0xA61A,0xA61A,0xA61A,0xA61A,0xA61A,0xA61A,0xA61A,0xA61A,0xA61A,0xA61A,0xA61A,0xA61A,0xA61A,0xA61A,0xA61A,0xA61B,
    0xA61B,0xA61B,0xA61B,0xA61B,0xAE1B,0xAE1B,0xAE1B,0xA61B,0xA61B,0xAE1B,0xAE1B,0xAE1B,0xAE1B,0xAE1B,0xAE1B,0xAE1B,
    0xAE1B,0xAE1B,0xAE1B,0xAE1B,0xAE1B,0xAE1B,0xAE1B,0xAE1B,0xAE1B,0xAE1B,0xAE1B,0xAE1B,0xAE1B,0xAE1B,0xAE1B,0xAE1B,
    0xAE1B,0xAE1B,0xAE3B,0xAE1B,0xAE1B,0xAE1B,0xAE1B,0xAE1B,0xAE1B,0xA61B,0xA61A,0xA61A,0xA61A,0xA61A,0xAE1B,0xAE3B,
    0xAE3B,0xAE3B,0xAE3B,0xAE3B,0xAE3B,0xAE3B,0xAE3B,0xAE3B,0xAE3B,0xAE3B,0xAE3B,0xAE3B,0xAE3B,0xAE3B,0xAE3B,0xAE3B,
    0xAE3B,0xAE3B,0xAE3B,0xAE3B,0xAE3B,0xAE3B,0xAE3B,0xAE3B,0xAE3B,0xAE3B,0xAE3B,0xAE3B,0xAE3B,0xAE3B,0xAE3B,0xAE3B,
    0xAE3B,0xAE3B,0xAE3B,0xAE3B,0xAE3B,0xAE3B,0xAE3B,0xAE3B,0xAE3B,0xAE3B,0xAE3B,0xAE3B,0xAE3B,0xAE3B,0xAE3B,0xAE3B,
    0xAE3B,0xAE3B,0xAE3B,0xAE3B,0xAE3B,0xAE3B,0xAE3B,0xAE3B,0xAE3B,0xAE3B,0xAE3B,0xAE3B,0xAE3B,0xAE3B,0xAE3B,0xAE3B,
    0xAE3B,0xAE3B,0xAE3B,0xAE3B,0xAE3B,0xAE3B,0xAE3B,0xAE3B,0xAE3B,0xAE3B,0xAE3B,0xAE3B,0xAE3B,0xAE3B,0xAE3B,0xAE3B,
    0xAE3B,0xAE3B,0xAE3B,0xAE5B,0xAE5B,0xAE5B,0xAE5B,0xAE5B,0xAE5B,0xAE5B,0xAE5B,0xAE5B,0xAE3B,0xAE3B,0xAE3B,0xAE3B,
    0xAE3B,0xAE3B,0xAE3B,0xAE3B,0xAE3B,0xAE3B,0xAE3B,0xAE3B,0xAE3B,0xAE3B,0xAE3B,0xAE3B,0xAE5B,0xAE5B,0xAE5B,0xAE5B,
    0xAE5B,0xAE5B,0xAE5B,0xAE5B,0xAE5B,0xAE5B,0xAE5B,0xAE5B,0xAE5B,0xAE5B,0xAE5B,0xAE5B,0xAE5B,0xAE5B,0xAE5B,0xAE5B,
    0xAE5B,0xAE5B,0xAE5B,0xAE5B,0xAE5B,0xAE5B,0xAE3B,0xAE3B,0xAE3B,0xAE3B,0xAE3B,0xAE5B,0xAE5B,0xAE5B,0xAE5B,0xAE5B,
    0xAE5C,0xAE5C,0xAE5C,0xAE5C,0xAE5B,0xAE3B,0xAE3B,0xAE3B,0xAE3B,0xAE3B,0xAE3B,0xAE3B,0xAE3B,0xAE3B,0xAE3B,0xAE3B,
    0xAE3B,0xAE3B,0xAE3B,0xAE3B,0xAE3B,0xAE3B,0xAE3B,0xAE3B,0xAE3B,0xAE3B,0xAE3B,0xAE3B,0xAE3B,0xAE3B,0xAE3B,0xAE3B,
    0xAE3B,0xAE3B,0xAE3B,0xAE3B,0xAE3B,0xAE3B,0xAE3B,0xAE3B,0xAE3B,0xAE3B,0xAE3B,0xAE3B,0xAE3B,0xAE3B,0xAE3B,0xAE3B,
    0xAE3B,0xAE3B,0xAE3B,0xAE3B,0xAE3B,0xAE3B,0xAE3B,0xAE3B,0xAE3B,0xAE3B,0xAE3B,0xAE3B,0xAE3B,0xAE3B,0xAE3B,0xAE3B,
    0xAE3B,0xAE3B,0xAE3B,0xAE3B,0xAE3B,0xAE3B,0xAE3B,0xAE3B,0xAE3B,0xAE3B,0xAE3B,0xAE3B,0xAE3B,0xAE3B,0xAE3B,0xAE1B,
    0xAE1B,0xAE1B,0xAE1B,0xAE1B,0xAE1B,0xAE1B,0xAE1B,0xAE1B,0xAE1B,0xAE1B,0xAE1B,0xAE1B,0xAE1B,0xAE1B,0xAE1B,0xAE1B,
    0xAE1B,0xAE1B,0xAE1B,0xAE1B,0xAE1B,0xAE1B,0xAE1B,0xAE1B,0xAE1B,0xAE1B,0xAE1B,0xAE1B,0xAE1B,0xAE1B,0xAE1B,0xAE1B,
    0xAE1B,0xAE1B,0xAE1B,0xAE1B,0xAE1B,0xAE1B,0xAE1B,0xAE1B,0xAE1B,0xAE1B,0xA61B,0xA61B,0xA61B,0xA61B,0xA61B,0xA61B,
    0xA61A,0xA5FA,0xA5FA,0xA5FA,0xA5FA,0xA61A,0xA61B,0xA61B,0xA61A,0xA5FA,0xA5FA,0xA5FA,0xA5FA,0xA5FA,0xA5FA,0xA5FA,
    0x9DD9,0x9DD9,0x9DB9,0x9DB9,0x9DD9,0x9DD9,0x9DDA,0x9DDA,0x9DD9,0x9DD9,0x9DD9,0x9DD9,0x9DD9,0x9DB9,0x9DD9,0x9DDA,
    0x9DDA,0x9DD9,0x9DD9,0x9DD9,0x9DDA,0xA5DA,0x9DDA,0x9DDA,0xA5DA,0xA5DA,0xA5DA,0xA5DA,0xA5DA,0xA5DA,0xA5DA,0xA5DA,
    0xA5FA,0xA5FA,0xA5FA,0xA5FA,0xA5DA,0xA5DA,0xA5FA,0xA5FA,0xA5FA,0xA5FA,0xA5FA,0xA5FA,0xA5FA,0xA5DA,0xA5FA,0xA5FA,
    0xA5FA,0xA5FA,0xA5FA,0xA5DA,0xA5DA,0xA5DA,0xA5DA,0xA5DA,0xA5FA,0xA5FA,0xA5FA,0xA5FA,0xA5FA,0xA5FA,0xA61A,0xA61B,
    0xA61A,0xA61A,0xA5FA,0xA5FA,0xA5FA,0xA61A,0xA61A,0xA61A,0xA5FA,0xA5FA,0xA5FA,0xA5FA,0xA5FA,0xA5FA,0xA5FA,0xA61A,
    0xA61A,0xA61A,0xA61A,0xA61A,0xA61A,0xAE1B,0xA61A,0xA5FA,0xA61A,0xA61A,0xA61A,0xA61A,0xA61A,0xA61A,0xA61A,0xA61A,
    0xA61A,0xA61A,0xA61A,0xA61A,0xAE1B,0xAE1B,0xA61A,0xA61A,0xA61A,0xA61A,0xA61A,0xA61A,0xA61A,0xA61A,0xA61A,0xA61B,
    0xA61B,0xA61B,0xA61B,0xA61B,0xA61B,0xA61B,0xA61B,0xA61B,0xA61B,0xA61B,0xA61B,0xAE1B,0xAE1B,0xAE1B,0xAE1B,0xAE1B,
    0xAE1B,0xAE1B,0xAE1B,0xAE1B,0xAE1B,0xAE1B,0xAE1B,0xAE1B,0xAE1B,0xAE1B,0xAE3B,0xAE3B,0xAE3B,0xAE3B,0xAE3B,0xAE3B,
    0xAE3B,0xAE3B,0xAE1B,0xAE1B,0xAE1B,0xAE1B,0xAE1B,0xA61B,0xA61A,0xA61A,0xA61A,0xA61A,0xA61A,0xA61A,0xAE1B,0xAE3B,
    0xAE3B,0xAE3B,0xAE3B,0xAE1B,0xAE3B,0xAE3B,0xAE3B,0xAE1B,0xAE3B,0xAE3B,0xAE3B,0xAE3B,0xAE3B,0xAE5B,0xAE3B,0xAE3B,
    0xAE3B,0xAE1B,0xAE1B,0xAE1B,0xAE1B,0xAE1B,0xAE3B,0xAE3B,0xAE3B,0xAE3B,0xAE3B,0xAE3B,0xAE3B,0xAE3B,0xAE3B,0xAE3B,
    0xAE3B,0xAE3B,0xAE3B,0xAE3B,0xAE3B,0xAE3B,0xAE3B,0xAE3B,0xAE3B,0xAE3B,0xAE3B,0xAE3B,0xAE3B,0xAE3B,0xAE3B,0xAE3B,
    0xAE3B,0xAE3B,0xAE3B,0xAE3B,0xAE3B,0xAE3B,0xAE3B,0xAE3B,0xAE3B,0xAE3B,0xAE3B,0xAE3B,0xAE3B,0xAE3B,0xAE3B,0xAE3B,
    0xAE3B,0xAE3B,0xAE3B,0xAE3B,0xAE3B,0xAE3B,0xAE3B,0xAE3B,0xAE3B,0xAE3B,0xAE3B,0xAE3B,0xAE3B,0xAE3B,0xAE3B,0xAE3B,
    0xAE3B,0xAE3B,0xAE3B,0xAE3B,0xAE3B,0xAE3B,0xAE3B,0xAE3B,0xAE3B,0xAE3B,0xAE3B,0xAE3B,0xAE3B,0xAE3B,0xAE3B,0xAE3B,
    0xAE3B,0xAE5B,0xAE5B,0xAE5B,0xAE5B,0xAE5B,0xAE3B,0xAE3B,0xAE3B,0xAE3B,0xAE5B,0xAE5B,0xAE5B,0xAE5B,0xAE5B,0xAE5B,
    0xAE5B,0xAE5B,0xAE5B,0xAE5B,0xAE3B,0xAE3B,0xAE3B,0xAE3B,0xAE5B,0xAE5B,0xAE5B,0xAE5B,0xAE5B,0xAE5C,0xAE5C,0xAE5B,
    0xAE5B,0xAE5B,0xAE5B,0xAE5B,0xAE5B,0xAE5B,0xAE5B,0xAE3B,0xAE3B,0xAE3B,0xAE3B,0xAE5B,0xAE5B,0xAE5B,0xAE5B,0xAE5B,
    0xAE5B,0xAE3B,0xAE3B,0xAE3B,0xAE3B,0xAE3B,0xAE3B,0xAE3B,0xAE3B,0xAE3B,0xAE3B,0xAE3B,0xAE3B,0xAE3B,0xAE3B,0xAE3B,
    0xAE3B,0xAE3B,0xAE3B,0xAE3B,0xAE3B,0xAE3B,0xAE3B,0xAE3B,0xAE3B,0xAE3B,0xAE3B,0xAE3B,0xAE3B,0xAE3B,0xAE3B,0xAE3B,
    0xAE3B,0xAE3B,0xAE3B,0xAE3B,0xAE3B,0xAE3B,0xAE3B,0xAE3B,0xAE3B,0xAE3B,0xAE3B,0xAE3B,0xAE3B,0xAE3B,0xAE3B,0xAE3B,
    0xAE3B,0xAE3B,0xAE3B,0xAE3B,0xAE3B,0xAE3B,0xAE3B,0xAE3B,0xAE3B,0xAE3B,0xAE3B,0xAE3B,0xAE3B,0xAE3B,0xAE3B,0xAE3B,
    0xAE3B,0xAE3B,0xAE3B,0xAE3B,0xAE1B,0xAE1B,0xAE3B,0xAE3B,0xAE3B,0xAE3B,0xAE3B,0xAE3B,0xAE3B,0xAE3B,0xAE3B,0xAE3B,
    0xAE3B,0xAE3B,0xAE3B,0xAE3B,0xAE3B,0xAE3B,0xAE1B,0xAE1B,0xAE1B,0xAE1B,0xAE1B,0xAE1B,0xAE1B,0xAE1B,0xAE1B,0xAE1B,
    0xAE1B,0xAE1B,0xAE1B,0xAE1B,0xAE1B,0xAE1B,0xAE1B,0xAE1B,0xAE1B,0xAE1B,0xAE1B,0xAE1B,0xAE1B,0xAE1B,0xAE1B,0xAE1B,
    0xAE1B,0xAE1B,0xAE1B,0xAE1B,0xAE1B,0xA61B,0xA61B,0xA61B,0xA61B,0xA61B,0xAE1B,0xA61B,0xA61A,0xA61A,0xA61B,0xA61B,
    0xA61B,0xA61B,0xA61B,0xA61A,0xA61A,0xA61A,0xA61A,0xA61A,0xA61A,0xA61A,0xA61A,0xA61A,0xA5FA,0xA5FA,0xA5FA,0xA5FA,
    0x9DB9,0x9DB9,0x9DB9,0x9DB9,0x9DB9,0x9DB9,0x9DB9,0x9DB9,0x9DB9,0x9DB9,0x9DB9,0x9DB9,0x9DB9,0x9DB9,0x9DDA,0xA5DA,
    0xA5DA,0x9DDA,0x9DD9,0x9DDA,0x9DDA,0xA5DA,0xA5DA,0xA5DA,0xA5DA,0xA5FA,0xA5FA,0xA5DA,0xA5DA,0xA5DA,0xA5DA,0xA5DA,
    0xA5DA,0xA5DA,0xA5DA,0xA5DA,0xA5DA,0xA5DA,0xA5DA,0xA5DA,0xA5DA,0xA5DA,0xA5FA,0xA5FA,0xA5FA,0xA5DA,0xA5FA,0xA5FA,
    0xA5FA,0xA5FA,0xA5FA,0xA5DA,0xA5DA,0xA5DA,0xA5DA,0xA5FA,0xA5FA,0xA5FA,0xA5FA,0xA5FA,0xA5FA,0xA5FA,0xA5FA,0xA5FA,
    0xA5FA,0xA61A,0xA5FA,0xA5FA,0xA5FA,0xA5FA,0xA61A,0xA61A,0xA61A,0xA61A,0xA61A,0xA61A,0xA5FA,0xA5FA,0xA5FA,0xA5FA,
    0xA5FA,0xA5FA,0xA61A,0xA61A,0xA61A,0xA61A,0xA61A,0xA61A,0xA61A,0xA61A,0xA61A,0xA61A,0xA61A,0xA61A,0xA61A,0xA61A,
    0xA61A,0xA61A,0xA61A,0xA61A,0xAE1B,0xAE1B,0xA61A,0xA61A,0xA61A,0xA61A,0xA61A,0xA61A,0xA61A,0xA61A,0xA61A,0xA61B,
    0xA61B,0xA61B,0xA61B,0xA61B,0xA61B,0xA61B,0xA61B,0xA61B,0xA61B,0xAE1B,0xAE1B,0xAE1B,0xAE1B,0xAE3B,0xAE3B,0xAE3B,
    0xAE3B,0xAE3B,0xAE1B,0xA61B,0xA61B,0xA61B,0xA61B,0xAE1B,0xAE1B,0xAE1B,0xAE3B,0xAE3B,0xAE3B,0xAE3B,0xAE3B,0xAE3B,
    0xAE3B,0xAE1B,0xAE1B,0xAE1B,0xAE1B,0xAE3B,0xAE3B,0xAE1B,0xAE1B,0xAE1B,0xAE3B,0xAE3B,0xAE3B,0xAE3B,0xAE3B,0xAE3B,
    0xAE3B,0xAE3B,0xAE3B,0xAE3B,0xAE3B,0xAE3B,0xAE3B,0xAE3B,0xAE3B,0xAE3B,0xAE3B,0xAE3B,0xAE3B,0xAE3B,0xAE3B,0xAE3B,
    0xAE3B,0xAE1B,0xAE1B,0xAE1B,0xAE1B,0xAE1B,0xAE3B,0xAE3B,0xAE3B,0xAE3B,0xAE3B,0xAE3B,0xAE3B,0xAE1B,0xAE1B,0xA61A,
    0xAE1B,0xAE3B,0xAE3B,0xAE3B,0xAE3B,0xAE3B,0xAE3B,0xAE3B,0xAE3B,0xAE3B,0xAE3B,0xAE3B,0xAE3B,0xAE3B,0xAE1B,0xAE1B,
    0xAE1B,0xAE1B,0xAE3B,0xAE3B,0xAE3B,0xAE3B,0xAE3B,0xAE3B,0xAE3B,0xAE3B,0xAE3B,0xAE3B,0xAE3B,0xAE3B,0xAE3B,0xAE3B,
    0xAE3B,0xAE3B,0xAE3B,0xAE3B,0xAE3B,0xAE3B,0xAE3B,0xAE3B,0xAE3B,0xAE3B,0xAE3B,0xAE3B,0xAE3B,0xAE3B,0xAE3B,0xAE3B,
    0xAE3B,0xAE3B,0xAE3B,0xAE3B,0xAE3B,0xAE3B,0xAE3B,0xAE3B,0xAE3B,0xAE3B,0xAE3B,0xAE3B,0xAE3B,0xAE3B,0xAE3B,0xAE3B,
    0xAE3B,0xAE5B,0xAE5B,0xAE5B,0xAE5B,0xAE5B,0xAE3B,0xAE3B,0xAE3B,0xAE3B,0xAE5B,0xAE5B,0xAE5B,0xAE5B,0xAE5B,0xAE3B,
    0xAE3B,0xAE3B,0xAE3B,0xAE3B,0xAE3B,0xAE3B,0xAE3B,0xAE3B,0xAE5B,0xAE5B,0xAE5B,0xAE5B,0xAE5B,0xAE5B,0xAE3B,0xAE3B,
    0xAE3B,0xAE3B,0xAE3B,0xAE3B,0xAE3B,0xAE3B,0xAE3B,0xAE3B,0xAE3B,0xAE3B,0xAE3B,0xAE3B,0xAE3B,0xAE3B,0xAE3B,0xAE3B,
    0xAE5B,0xAE3B,0xAE3B,0xAE3B,0xAE3B,0xAE3B,0xAE3B,0xAE3B,0xAE3B,0xAE3B,0xAE3B,0xAE3B,0xAE3B,0xAE3B,0xAE3B,0xAE3B,
    0xAE3B,0xAE3B,0xAE3B,0xAE3B,0xAE3B,0xAE3B,0xAE3B,0xAE3B,0xAE3B,0xAE3B,0xAE3B,0xAE3B,0xAE3B,0xAE3B,0xAE3B,0xAE3B,
    0xAE3B,0xAE3B,0xAE3B,0xAE3B,0xAE3B,0xAE3B,0xAE3B,0xAE3B,0xAE3B,0xAE3B,0xAE3B,0xAE3B,0xAE3B,0xAE3B,0xAE3B,0xAE3B,
    0xAE3B,0xAE3B,0xAE3B,0xAE3B,0xAE3B,0xAE3B,0xAE3B,0xAE3B,0xAE3B,0xAE3B,0xAE3B,0xAE3B,0xAE3B,0xAE3B,0xAE3B,0xAE3B,
    0xAE3B,0xAE3B,0xAE3B,0xAE3B,0xAE3B,0xAE1B,0xAE3B,0xAE3B,0xAE3B,0xAE3B,0xAE3B,0xAE3B,0xAE3B,0xAE3B,0xAE3B,0xAE3B,
    0xAE3B,0xAE3B,0xAE3B,0xAE3B,0xAE1B,0xAE1B,0xAE1B,0xAE1B,0xAE3B,0xAE1B,0xAE1B,0xAE1B,0xAE1B,0xAE1B,0xAE1B,0xAE1B,
    0xAE1B,0xAE1B,0xAE1B,0xAE1B,0xAE1B,0xAE1B,0xAE1B,0xAE1B,0xAE1B,0xAE1B,0xAE1B,0xAE1B,0xA61B,0xA61B,0xA61B,0xA61B,
    0xA61B,0xA61B,0xA61B,0xA61B,0xA61B,0xA61B,0xA61B,0xA61B,0xA61B,0xA61B,0xAE1B,0xA61B,0xA61A,0xA61A,0xA61B,0xA61B,
    0xA61B,0xA61B,0xA61B,0xA61A,0xA61A,0xA61A,0xA61A,0xA61A,0xA61A,0xA61A,0xA61A,0xA61A,0xA5FA,0xA5FA,0xA5FA,0xA5FA,
    0x9DB9,0x9DB9,0x9DB9,0x9DB9,0x9DB9,0x9DB9,0x9DB9,0x9DB9,0x9DB9,0x9DB9,0x9DB9,0x9DB9,0x9DB9,0x9DB9,0x9DDA,0xA5DA,
    0xA5DA,0x9DDA,0x9DDA,0x9DDA,0x9DDA,0x9DDA,0xA5DA,0xA5DA,0xA5DA,0xA5FA,0xA5FA,0xA5DA,0xA5DA,0xA5DA,0xA5DA,0xA5DA,
    0xA5DA,0xA5DA,0xA5DA,0xA5DA,0xA5DA,0xA5DA,0xA5DA,0xA5DA,0xA5DA,0x9DDA,0x9DD9,0x9DD9,0x9DD9,0x9DDA,0xA5FA,0xA5FA,
    0xA5FA,0xA5FA,0xA5FA,0xA5FA,0xA5FA,0xA5FA,0xA5FA,0xA5FA,0xA5FA,0xA5FA,0xA5FA,0xA5FA,0xA5FA,0xA5FA,0xA5FA,0xA5FA,
    0xA61A,0xA5FA,0xA5FA,0xA5FA,0xA5FA,0xA5FA,0xA5FA,0xA61A,0xA61A,0xA61A,0xA61A,0xA61A,0xA61A,0xA61A,0xA61A,0xA5FA,
    0xA61A,0xA61A,0xA61A,0xAE1B,0xA61A,0xA5FA,0xA61A,0xAE1B,0xA61A,0xA61A,0xA61A,0xA61A,0xA61A,0xA61A,0xA61A,0xA61A,
    0xA61A,0xA61A,0xA61A,0xA61A,0xAE1B,0xAE1B,0xA61A,0xA61A,0xA61A,0xA61A,0xA61A,0xA61A,0xA61A,0xA61A,0xA61A,0xA61B,
    0xA61B,0xA61B,0xA61B,0xA61B,0xA61B,0xA61B,0xA61B,0xA61B,0xA61B,0xAE1B,0xAE1B,0xAE1B,0xAE3B,0xAE3B,0xAE3B,0xAE3B,
    0xAE3B,0xAE3B,0xAE1B,0xAE1B,0xAE1B,0xAE1B,0xAE1B,0xAE1B,0xAE1B,0xAE1B,0xAE1B,0xAE1B,0xAE1B,0xAE1B,0xAE1B,0xAE1B,
    0xAE1B,0xAE1B,0xAE1B,0xAE1B,0xAE1B,0xAE1B,0xAE1B,0xA61B,0xA61B,0xAE1B,0xAE3B,0xAE3B,0xAE3B,0xAE3B,0xAE3B,0xAE3B,
    0xAE3B,0xAE3B,0xAE3B,0xAE3B,0xAE3B,0xAE3B,0xAE3B,0xAE3B,0xAE3B,0xAE3B,0xAE3B,0xAE3B,0xAE3B,0xAE3B,0xAE3B,0xAE3B,
    0xAE3B,0xAE3B,0xAE3B,0xAE3B,0xAE3B,0xAE3B,0xAE3B,0xAE3B,0xAE3B,0xAE3B,0xAE3B,0xAE3B,0xAE3B,0xAE3B,0xAE3B,0xAE1B,
    0xAE3B,0xAE3B,0xAE3B,0xAE3B,0xAE3B,0xAE3B,0xAE3B,0xAE3B,0xAE3B,0xAE3B,0xAE3B,0xAE3B,0xAE3B,0xAE3B,0xAE3B,0xAE3B,
    0xAE3B,0xAE3B,0xAE3B,0xAE3B,0xAE3B,0xAE3B,0xAE3B,0xAE3B,0xAE3B,0xAE3B,0xAE3B,0xAE3B,0xAE3B,0xAE3B,0xAE3B,0xAE3B,
    0xAE3B,0xAE3B,0xAE3B,0xAE3B,0xAE3B,0xAE3B,0xAE3B,0xAE3B,0xAE3B,0xAE3B,0xAE3B,0xAE3B,0xAE3B,0xAE3B,0xAE3B,0xAE3B,
    0xAE3B,0xAE3B,0xAE3B,0xAE3B,0xAE3B,0xAE3B,0xAE3B,0xAE3B,0xAE3B,0xAE3B,0xAE3B,0xAE3B,0xAE3B,0xAE3B,0xAE3B,0xAE3B,
    0xAE3B,0xAE3B,0xAE3B,0xAE3B,0xAE3B,0xAE3B,0xAE3B,0xAE3B,0xAE3B,0xAE3B,0xAE5B,0xAE5B,0xAE5B,0xAE5B,0xAE5B,0xAE3B,
    0xAE3B,0xAE3B,0xAE3B,0xAE3B,0xAE3B,0xAE3B,0xAE3B,0xAE3B,0xAE3B,0xAE3B,0xAE3B,0xAE3B,0xAE3B,0xAE3B,0xAE3B,0xAE3B,
    0xAE3B,0xAE3B,0xAE3B,0xAE3B,0xAE3B,0xAE3B,0xAE3B,0xAE3B,0xAE3B,0xAE3B,0xAE3B,0xAE3B,0xAE3B,0xAE3B,0xAE3B,0xAE3B,
    0xAE3B,0xAE3B,0xAE3B,0xAE3B,0xAE3B,0xAE3B,0xAE3B,0xAE3B,0xAE3B,0xAE3B,0xAE3B,0xAE3B,0xAE3B,0xAE3B,0xAE3B,0xAE3B,
    0xAE3B,0xAE3B,0xAE3B,0xAE3B,0xAE3B,0xAE3B,0xAE3B,0xAE3B,0xAE3B,0xAE3B,0xAE3B,0xAE3B,0xAE3B,0xAE3B,0xAE3B,0xAE3B,
    0xAE3B,0xAE3B,0xAE3B,0xAE3B,0xAE3B,0xAE3B,0xAE3B,0xAE3B,0xAE3B,0xAE3B,0xAE3B,0xAE3B,0xAE3B,0xAE3B,0xAE3B,0xAE3B,
    0xAE3B,0xAE3B,0xAE3B,0xAE3B,0xAE3B,0xAE3B,0xAE3B,0xAE3B,0xAE3B,0xAE3B,0xAE3B,0xAE3B,0xAE3B,0xAE3B,0xAE3B,0xAE3B,
    0xAE3B,0xAE3B,0xAE3B,0xAE3B,0xAE3B,0xAE3B,0xAE3B,0xAE3B,0xAE3B,0xAE3B,0xAE3B,0xAE3B,0xAE3B,0xAE3B,0xAE3B,0xAE3B,
    0xAE3B,0xAE3B,0xAE3B,0xAE3B,0xAE1B,0xAE1B,0xAE1B,0xAE3B,0xAE3B,0xAE1B,0xAE1B,0xAE1B,0xAE1B,0xAE1B,0xAE1B,0xAE1B,
    0xAE1B,0xAE1B,0xAE1B,0xAE1B,0xAE1B,0xAE1B,0xAE1B,0xAE1B,0xAE1B,0xAE1B,0xAE1B,0xAE1B,0xA61B,0xA61B,0xA61B,0xA61B,
    0xA61A,0xA61A,0xA61A,0xA61A,0xA61A,0xA61B,0xA61B,0xA61B,0xA61B,0xA61B,0xAE1B,0xA61B,0xA61A,0xA61A,0xA61B,0xA61B,
    0xA61B,0xA61B,0xA61B,0xA61A,0xA61A,0xA61A,0xA61A,0xA61A,0xA5FA,0xA5FA,0xA5FA,0xA5FA,0xA5FA,0xA5FA,0xA5FA,0xA5FA,
    0x9DD9,0x9DD9,0x9DD9,0x9DB9,0x9DB9,0x9DD9,0x9DD9,0x9DD9,0x9DD9,0x9DB9,0x9DB9,0x9DB9,0x9DB9,0x9DB9,0x9DB9,0x9DDA,
    0x9DD9,0x9DD9,0xA5DA,0x9DDA,0x9DDA,0x9DD9,0x9DDA,0x9DDA,0x9DDA,0xA5DA,0xA5DA,0x9DDA,0x9DDA,0x9DDA,0x9DDA,0xA5DA,
    0xA5FA,0xA5FA,0xA5FA,0xA5FA,0xA5FA,0xA5DA,0xA5DA,0xA5DA,0xA5DA,0xA5DA,0xA5DA,0xA5DA,0xA5DA,0xA5FA,0xA5FA,0xA5FA,
    0xA5FA,0xA5FA,0xA5FA,0xA5FA,0xA5FA,0xA5FA,0xA5FA,0xA5FA,0xA5DA,0xA5FA,0xA5FA,0xA5FA,0xA5FA,0xA5FA,0xA5FA,0xA5FA,
    0xA5FA,0xA5FA,0xA5FA,0xA61A,0xA61A,0xA61A,0xA61A,0xA61A,0xA61A,0xA61A,0xA5FA,0xA5FA,0xA61A,0xA61A,0xA61A,0xA61A,
    0xA61A,0xA61A,0xA61A,0xA61A,0xA61A,0xA61A,0xA61A,0xA61A,0xA61A,0xA61A,0xA61A,0xA61A,0xA61A,0xA61A,0xA61A,0xA61A,
    0xA61A,0xA61A,0xA61A,0xA61A,0xAE1B,0xAE1B,0xA61A,0xA61A,0xA61A,0xA61A,0xA61A,0xA61A,0xA61A,0xA61A,0xA61A,0xA61B,
    0xA61B,0xA61B,0xA61B,0xA61B,0xA61B,0xA61B,0xA61B,0xA61B,0xA61B,0xAE1B,0xAE1B,0xAE1B,0xAE1B,0xAE3B,0xAE1B,0xAE1B,
    0xAE1B,0xAE1B,0xAE1B,0xAE1B,0xAE1B,0xAE1B,0xAE1B,0xAE3B,0xAE1B,0xAE1B,0xAE1B,0xAE1B,0xAE1B,0xAE1B,0xAE1B,0xAE1B,
    0xAE1B,0xAE1B,0xAE1B,0xAE1B,0xAE3B,0xAE1B,0xA61B,0xA61B,0xA61A,0xA61B,0xAE1B,0xAE1B,0xAE1B,0xAE1B,0xAE3B,0xAE3B,
    0xAE1B,0xAE3B,0xAE3B,0xAE3B,0xAE3B,0xAE1B,0xAE3B,0xAE3B,0xAE3B,0xAE3B,0xAE3B,0xAE3B,0xAE3B,0xAE3B,0xAE3B,0xAE3B,
    0xAE3B,0xAE3B,0xAE3B,0xAE3B,0xAE3B,0xAE3B,0xAE3B,0xAE3B,0xAE3B,0xAE3B,0xAE3B,0xAE3B,0xAE3B,0xAE3B,0xAE3B,0xAE3B,
    0xAE3B,0xAE3B,0xAE3B,0xAE3B,0xAE3B,0xAE3B,0xAE3B,0xAE3B,0xAE3B,0xAE3B,0xAE3B,0xAE3B,0xAE3B,0xAE3B,0xAE3B,0xAE3B,
    0xAE3B,0xAE3B,0xAE3B,0xAE3B,0xAE3B,0xAE3B,0xAE3B,0xAE3B,0xAE3B,0xAE3B,0xAE3B,0xAE3B,0xAE3B,0xAE3B,0xAE3B,0xAE3B,
    0xAE3B,0xAE3B,0xAE3B,0xAE3B,0xAE3B,0xAE3B,0xAE3B,0xAE3B,0xAE3B,0xAE3B,0xAE3B,0xAE3B,0xAE3B,0xAE3B,0xAE3B,0xAE3B,
    0xAE3B,0xAE3B,0xAE3B,0xAE3B,0xAE3B,0xAE3B,0xAE3B,0xAE3B,0xAE3B,0xAE3B,0xAE3B,0xAE3B,0xAE3B,0xAE3B,0xAE3B,0xAE3B,
    0xAE3B,0xAE3B,0xAE3B,0xAE3B,0xAE3B,0xAE3B,0xAE3B,0xAE3B,0xAE3B,0xAE3B,0xAE5B,0xAE5B,0xAE5B,0xAE5B,0xAE5B,0xAE3B,
    0xAE3B,0xAE3B,0xAE3B,0xAE3B,0xAE3B,0xAE3B,0xAE3B,0xAE3B,0xAE3B,0xAE3B,0xAE3B,0xAE3B,0xAE3B,0xAE3B,0xAE5B,0xAE5B,
    0xAE5B,0xAE5B,0xAE3B,0xAE3B,0xAE3B,0xAE3B,0xAE3B,0xAE3B,0xAE3B,0xAE3B,0xAE3B,0xAE3B,0xAE3B,0xAE3B,0xAE3B,0xAE3B,
    0xAE3B,0xAE3B,0xAE3B,0xAE3B,0xAE3B,0xAE3B,0xAE3B,0xAE3B,0xAE3B,0xAE3B,0xAE3B,0xAE3B,0xAE3B,0xAE3B,0xAE3B,0xAE3B,
    0xAE3B,0xAE3B,0xAE3B,0xAE3B,0xAE3B,0xAE3B,0xAE3B,0xAE3B,0xAE3B,0xAE3B,0xAE3B,0xAE3B,0xAE3B,0xAE3B,0xAE3B,0xAE3B,
    0xAE3B,0xAE3B,0xAE3B,0xAE3B,0xAE3B,0xAE3B,0xAE3B,0xAE3B,0xAE3B,0xAE3B,0xAE3B,0xAE3B,0xAE3B,0xAE3B,0xAE3B,0xAE3B,
    0xAE3B,0xAE3B,0xAE3B,0xAE3B,0xAE3B,0xAE3B,0xAE3B,0xAE3B,0xAE3B,0xAE3B,0xAE3B,0xAE3B,0xAE3B,0xAE3B,0xAE3B,0xAE3B,
    0xAE3B,0xAE3B,0xAE1B,0xAE3B,0xAE3B,0xAE3B,0xAE3B,0xAE3B,0xAE3B,0xAE3B,0xAE3B,0xAE3B,0xAE3B,0xAE3B,0xAE3B,0xAE3B,
    0xAE3B,0xAE3B,0xAE3B,0xAE3B,0xAE1B,0xAE1B,0xAE1B,0xAE1B,0xAE1B,0xAE1B,0xAE1B,0xAE1B,0xAE1B,0xAE1B,0xAE1B,0xAE1B,
    0xAE1B,0xAE1B,0xAE1B,0xAE1B,0xAE1B,0xAE1B,0xAE1B,0xAE1B,0xAE1B,0xAE1B,0xAE1B,0xAE1B,0xAE1B,0xAE1B,0xAE1B,0xAE1B,
    0xA61B,0xA61B,0xA61B,0xA61B,0xA61B,0xA61B,0xA61B,0xA61B,0xA61B,0xA61B,0xAE1B,0xA61B,0xA61A,0xA61A,0xA61B,0xA61B,
    0xA61B,0xA61B,0xA61B,0xA61A,0xA61A,0xA61A,0xA61A,0xA5FA,0xA5FA,0xA5FA,0xA5FA,0xA5FA,0xA5FA,0xA5FA,0xA5FA,0xA5FA,
    0x9DD9,0x9DD9,0x9DD9,0x9DB9,0x9DB9,0x9DD9,0x9DD9,0x9DD9,0x9DD9,0x9DB9,0x9DD9,0x9DD9,0x9DD9,0x9DB9,0x9DB9,0x9DB9,
    0x9DB9,0x9DB9,0xA5DA,0xA5DA,0x9DDA,0x9DB9,0x9DB9,0x9DD9,0x9DD9,0x9DD9,0x9DDA,0x9DDA,0x9DDA,0xA5DA,0x9DDA,0x9DDA,
    0xA5DA,0xA5DA,0xA5DA,0x9DDA,0xA5FA,0xA5FA,0xA5FA,0xA5FA,0xA5FA,0xA5FA,0xA5DA,0x9DDA,0xA5DA,0xA5FA,0xA5FA,0xA5FA,
    0xA5FA,0xA5FA,0xA5FA,0xA5FA,0xA5FA,0xA5FA,0xA5FA,0xA5DA,0xA5DA,0xA5DA,0xA5DA,0xA5FA,0xA5FA,0xA5FA,0xA5FA,0xA5FA,
    0xA5FA,0xA5FA,0xA5FA,0xA5FA,0xA5FA,0xA61A,0xA61A,0xA61A,0xA61A,0xA5FA,0xA5FA,0xA5FA,0xA5FA,0xA5FA,0xA5FA,0xA5FA,
    0xA5FA,0xA5FA,0xA5FA,0xA5FA,0xA61A,0xAE1B,0xA61A,0xA61A,0xA61A,0xA61A,0xA61A,0xA61A,0xA61A,0xA61A,0xA61A,0xA61A,
    0xA61A,0xA61A,0xA61A,0xA61A,0xAE1B,0xAE1B,0xA61A,0xA61A,0xA61A,0xA61A,0xA61A,0xA61A,0xA61A,0xA61A,0xA61A,0xA61A,
    0xA61A,0xA61B,0xA61A,0xA61B,0xA61A,0xA61B,0xA61B,0xA61B,0xA61B,0xA61A,0xA61A,0xA61B,0xAE1B,0xAE1B,0xA61A,0xA61A,
    0xA61A,0xA61A,0xA61B,0xAE1B,0xAE1B,0xAE1B,0xAE1B,0xAE3B,0xAE3B,0xAE1B,0xAE1B,0xAE1B,0xAE1B,0xA61B,0xA61B,0xAE1B,
    0xAE1B,0xAE1B,0xAE1B,0xAE3B,0xAE3B,0xAE3B,0xAE3B,0xAE1B,0xAE1B,0xAE1B,0xAE3B,0xAE3B,0xAE3B,0xAE3B,0xAE1B,0xAE1B,
    0xAE1B,0xAE1B,0xA61A,0xAE3B,0xA61A,0xA61A,0xA61A,0xAE3B,0xAE3B,0xAE3B,0xAE3B,0xAE3B,0xAE3B,0xAE3B,0xAE3B,0xAE3B,
    0xAE3B,0xAE3B,0xAE3B,0xAE3B,0xAE3B,0xAE3B,0xAE3B,0xAE3B,0xAE3B,0xAE3B,0xAE1B,0xAE1B,0xAE3B,0xAE3B,0xAE3B,0xAE3B,
    0xAE3B,0xAE3B,0xAE3B,0xAE3B,0xAE3B,0xAE3B,0xAE3B,0xAE3B,0xAE3B,0xAE3B,0xAE1B,0xAE3B,0xAE3B,0xAE3B,0xAE3B,0xAE3B,
    0xAE3B,0xAE3B,0xAE3B,0xAE3B,0xAE3B,0xAE3B,0xAE3B,0xAE3B,0xAE3B,0xAE3B,0xAE3B,0xAE3B,0xAE3B,0xAE3B,0xAE3B,0xAE3B,
    0xAE3B,0xAE3B,0xAE3B,0xAE3B,0xAE3B,0xAE3B,0xAE3B,0xAE3B,0xAE3B,0xAE3B,0xAE3B,0xAE3B,0xAE3B,0xAE3B,0xAE3B,0xAE3B,
    0xAE3B,0xAE3B,0xAE3B,0xAE3B,0xAE3B,0xAE3B,0xAE3B,0xAE3B,0xAE3B,0xAE3B,0xAE3B,0xAE3B,0xAE3B,0xAE3B,0xAE3B,0xAE3B,
    0xAE3B,0xAE3B,0xAE3B,0xAE3B,0xAE3B,0xAE3B,0xAE3B,0xAE3B,0xAE3B,0xAE3B,0xAE3B,0xAE3B,0xAE3B,0xAE3B,0xAE3B,0xAE5B,
    0xAE3B,0xAE5B,0xAE5B,0xAE3B,0xAE3B,0xAE3B,0xAE3B,0xAE3B,0xAE3B,0xAE3B,0xAE3B,0xAE3B,0xAE3B,0xAE3B,0xAE3B,0xAE3B,
    0xAE3B,0xAE3B,0xAE3B,0xAE3B,0xAE3B,0xAE3B,0xAE3B,0xAE3B,0xAE3B,0xAE3B,0xAE3B,0xAE3B,0xAE3B,0xAE3B,0xAE3B,0xAE3B,
    0xAE3B,0xAE3B,0xAE3B,0xAE3B,0xAE3B,0xAE3B,0xAE3B,0xAE3B,0xAE3B,0xAE3B,0xAE3B,0xAE3B,0xAE3B,0xAE3B,0xAE3B,0xAE3B,
    0xAE3B,0xAE3B,0xAE3B,0xAE3B,0xAE3B,0xAE3B,0xAE3B,0xAE3B,0xAE3B,0xAE3B,0xAE3B,0xAE3B,0xAE3B,0xAE3B,0xAE3B,0xAE3B,
    0xAE3B,0xAE3B,0xAE3B,0xAE3B,0xAE3B,0xAE3B,0xAE3B,0xAE3B,0xAE3B,0xAE3B,0xAE3B,0xAE3B,0xAE3B,0xAE3B,0xAE3B,0xAE3B,
    0xAE3B,0xAE3B,0xAE3B,0xAE3B,0xAE3B,0xAE3B,0xAE3B,0xAE3B,0xAE3B,0xAE3B,0xAE3B,0xAE3B,0xAE3B,0xAE1B,0xAE1B,0xAE1B,
    0xAE1B,0xAE1B,0xAE1B,0xAE3B,0xAE3B,0xAE3B,0xAE3B,0xAE3B,0xAE3B,0xAE3B,0xAE3B,0xAE3B,0xAE3B,0xAE3B,0xAE3B,0xAE3B,
    0xAE3B,0xAE3B,0xAE1B,0xAE1B,0xAE3B,0xAE3B,0xAE1B,0xAE1B,0xAE1B,0xAE1B,0xAE1B,0xAE1B,0xAE1B,0xAE1B,0xAE1B,0xAE1B,
    0xAE1B,0xAE1B,0xAE1B,0xAE1B,0xAE1B,0xAE1B,0xAE1B,0xAE1B,0xAE1B,0xAE1B,0xAE1B,0xAE1B,0xAE1B,0xAE1B,0xAE1B,0xAE1B,
    0xAE1B,0xAE1B,0xAE1B,0xAE1B,0xAE1B,0xA61B,0xA61B,0xA61B,0xA61B,0xA61B,0xAE1B,0xA61B,0xA61A,0xA61A,0xA61B,0xA61B,
    0xA61B,0xA61B,0xA61B,0xA61A,0xA61A,0xA61A,0xA61A,0xA5FA,0xA5FA,0xA5FA,0xA5FA,0xA5FA,0xA5FA,0xA5FA,0xA5FA,0xA5FA,
    0x9DD9,0x9DD9,0x9DD9,0x9DD9,0x9DD9,0x9DD9,0x9DD9,0x9DD9,0x9DB9,0x9DB9,0x9DB9,0x9DD9,0x9DD9,0x9DB9,0x9DD9,0x9DD9,
    0x9DB9,0x9DB9,0xA5DA,0xA5DA,0x9DDA,0x9DB9,0x9DB9,0x9DD9,0x9DD9,0x9DD9,0x9DD9,0x9DDA,0xA5DA,0xA5DA,0xA5DA,0x9DDA,
    0xA5DA,0xA5DA,0xA5DA,0x9DDA,0x9DDA,0xA5DA,0x9DDA,0xA5DA,0xA5DA,0xA5DA,0xA5DA,0xA5DA,0xA5DA,0xA5DA,0xA5FA,0xA5FA,
    0xA5DA,0xA5FA,0xA5FA,0xA5FA,0xA5FA,0xA5FA,0xA5FA,0xA5FA,0xA5FA,0xA5FA,0xA5FA,0xA5FA,0xA5FA,0xA5FA,0xA5FA,0xA5FA,
    0xA5FA,0xA61A,0xA5FA,0xA5FA,0xA5FA,0xA61A,0xA61A,0xA61A,0xA61A,0xA61A,0xA5FA,0xA5FA,0xA5FA,0xA5FA,0xA5FA,0xA5FA,
    0xA5FA,0xA5FA,0xA5FA,0xA5FA,0xA61A,0xA61A,0xA61A,0xA61A,0xA61A,0xA61A,0xA61A,0xA61A,0xA61A,0xA61B,0xA61B,0xA61B,
    0xA61B,0xA61B,0xA61B,0xA61B,0xA61B,0xA61B,0xA61A,0xA61A,0xAE1B,0xA61A,0xA61A,0xA61A,0xA61A,0xA61A,0xA61A,0xA61A,
    0xA61A,0xA61A,0xA61A,0xA61A,0xA61A,0xA61A,0xA61A,0xA61A,0xA61A,0xA61A,0xA61A,0xA61A,0xA61A,0xA61A,0xA61A,0xA61A,
    0xA61A,0xA61A,0xAE3B,0xAE3B,0xAE3B,0xAE3B,0xAE3B,0xAE3B,0xAE3B,0xAE3B,0xAE3B,0xAE3B,0xAE1B,0xA61A,0xA61A,0xAE3B,
    0xAE3B,0xAE3B,0xAE3B,0xAE3B,0xAE3B,0xAE3B,0xAE3B,0xAE3B,0xAE3B,0xAE3B,0xAE3B,0xAE3B,0xAE3B,0xAE3B,0xAE3B,0xAE3B,
    0xAE3B,0xAE3B,0xAE1B,0xAE3B,0xAE3B,0xAE3B,0xAE3B,0xAE3B,0xAE3B,0xAE3B,0xAE3B,0xAE3B,0xAE3B,0xAE3B,0xAE3B,0xAE3B,
    0xAE3B,0xAE3B,0xAE3B,0xAE3B,0xAE3B,0xAE3B,0xAE3B,0xAE3B,0xAE3B,0xAE3B,0xAE3B,0xAE3B,0xAE3B,0xAE3B,0xAE3B,0xAE1B,
    0xAE1B,0xAE1B,0xAE1B,0xAE1B,0xAE3B,0xAE3B,0xAE1B,0xA61A,0xA61A,0xA61A,0xAE1B,0xAE3B,0xAE3B,0xAE3B,0xAE3B,0xAE3B,
    0xAE3B,0xAE3B,0xAE3B,0xAE3B,0xAE3B,0xAE3B,0xAE3B,0xAE3B,0xAE3B,0xAE3B,0xAE3B,0xAE3B,0xAE3B,0xAE3B,0xAE3B,0xAE3B,
    0xAE3B,0xAE3B,0xAE3B,0xAE3B,0xAE3B,0xAE3B,0xAE3B,0xAE3B,0xAE3B,0xAE3B,0xAE3B,0xAE3B,0xAE3B,0xAE3B,0xAE3B,0xAE3B,
    0xAE3B,0xAE3B,0xAE3B,0xAE3B,0xAE3B,0xAE3B,0xAE3B,0xAE3B,0xAE3B,0xAE3B,0xAE3B,0xAE3B,0xAE3B,0xAE3B,0xAE3B,0xAE3B,
    0xAE3B,0xAE3B,0xAE3B,0xAE3B,0xAE3B,0xAE3B,0xAE3B,0xAE3B,0xAE3B,0xAE3B,0xAE3B,0xAE3B,0xAE3B,0xAE3B,0xAE3B,0xAE3B,
    0xAE3B,0xAE3B,0xAE3B,0xAE3B,0xAE1B,0xAE1B,0xAE1B,0xAE1B,0xAE3B,0xAE3B,0xAE3B,0xAE3B,0xAE3B,0xAE3B,0xAE3B,0xAE3B,
    0xAE3B,0xAE3B,0xAE3B,0xAE3B,0xAE3B,0xAE3B,0xAE3B,0xAE3B,0xAE3B,0xAE3B,0xAE3B,0xAE3B,0xAE3B,0xAE3B,0xAE3B,0xAE3B,
    0xAE3B,0xAE3B,0xAE3B,0xAE3B,0xAE3B,0xAE3B,0xAE3B,0xAE3B,0xAE3B,0xAE3B,0xAE3B,0xAE3B,0xAE3B,0xAE3B,0xAE3B,0xAE3B,
    0xAE3B,0xAE3B,0xAE3B,0xAE3B,0xAE3B,0xAE3B,0xAE3B,0xAE3B,0xAE3B,0xAE3B,0xAE3B,0xAE3B,0xAE3B,0xAE3B,0xAE3B,0xAE3B,
    0xAE3B,0xAE3B,0xAE3B,0xAE3B,0xAE3B,0xAE3B,0xAE3B,0xAE3B,0xAE3B,0xAE3B,0xAE3B,0xAE3B,0xAE3B,0xAE3B,0xAE3B,0xAE1B,
    0xAE3B,0xAE3B,0xAE3B,0xAE3B,0xAE3B,0xAE3B,0xAE3B,0xAE3B,0xAE3B,0xAE3B,0xAE3B,0xAE3B,0xAE3B,0xAE3B,0xAE3B,0xAE3B,
    0xAE3B,0xAE3B,0xAE1B,0xAE1B,0xAE1B,0xAE1B,0xAE3B,0xAE3B,0xAE3B,0xAE3B,0xAE3B,0xAE3B,0xAE3B,0xAE3B,0xAE3B,0xAE1B,
    0xAE1B,0xAE1B,0xA61B,0xA61B,0xA61B,0xAE1B,0xAE1B,0xAE1B,0xAE3B,0xAE1B,0xAE1B,0xAE1B,0xAE1B,0xAE1B,0xAE1B,0xAE1B,
    0xAE1B,0xAE1B,0xAE1B,0xAE1B,0xAE1B,0xAE1B,0xAE1B,0xAE1B,0xAE1B,0xAE1B,0xA61B,0xA61B,0xA61B,0xA61A,0xA61A,0xA61B,
    0xAE1B,0xAE1B,0xAE1B,0xAE1B,0xAE1B,0xA61A,0xA61A,0xA61A,0xA61A,0xA61A,0xA61A,0xA61A,0xA61A,0xA61A,0xA61B,0xA61B,
    0xA61B,0xA61B,0xA61B,0xA61A,0xA61A,0xA5FA,0xA5FA,0xA5FA,0xA5FA,0xA5FA,0xA5FA,0xA5FA,0xA5FA,0xA5FA,0xA5FA,0xA5FA,
    0x9DD9,0x9DD9,0x9DD9,0x9DD9,0x9DD9,0x9DD9,0x9DD9,0x9DD9,0x9DB9,0x9DB9,0x9DB9,0x9DD9,0x9DD9,0xA5DA,0x9DD9,0x9DB9,
    0x9DD9,0x9DDA,0x9DDA,0xA5DA,0xA5DA,0xA5DA,0x9DB9,0x9DB9,0x9DB9,0x9DB9,0x9DB9,0x9DD9,0xA5DA,0xA5DA,0xA5DA,0x9DD9,
    0xA5DA,0xA5DA,0xA5DA,0x9DDA,0xA5DA,0xA5FA,0xA5DA,0xA5DA,0xA5FA,0xA5FA,0xA5DA,0xA5DA,0xA5DA,0xA5DA,0xA5FA,0xA5FA,
    0xA5DA,0xA5FA,0xA5FA,0xA5DA,0xA5DA,0xA5DA,0xA5DA,0xA5FA,0xA5FA,0xA5FA,0xA5FA,0xA5FA,0xA5FA,0xA5FA,0xA5FA,0xA5FA,
    0xA5FA,0xA5FA,0xA61A,0xA61A,0xA61A,0xA61A,0xA5FA,0xA5FA,0xA5FA,0xA5FA,0xA61A,0xA61A,0xA61A,0xA61A,0xA61A,0xA5FA,
    0xA5FA,0xA5FA,0xA5FA,0xA61A,0xA61A,0xA61A,0xA61A,0xA61A,0xA61A,0xA61A,0xA61A,0xA61A,0xA61A,0xA61B,0xA61B,0xA61B,
    0xA61B,0xA61B,0xA61B,0xA61B,0xA61B,0xA61B,0xA61A,0xA61A,0xAE1B,0xA61A,0xA61A,0xAE1B,0xA61A,0xA61A,0xAE1B,0xAE1B,
    0xA61A,0xAE1B,0xAE3B,0xAE3B,0xA61A,0xA61A,0xA61A,0xA61A,0xA61A,0xA61A,0xA61A,0xA61A,0xA61A,0xA61A,0xAE1B,0xAE1B,
    0xAE1B,0xAE1B,0xAE3B,0xAE3B,0xAE3B,0xAE3B,0xAE3B,0xAE3B,0xAE3B,0xAE3B,0xAE3B,0xAE3B,0xAE3B,0xAE3B,0xAE3B,0xAE3B,
    0xAE3B,0xAE1B,0xAE3B,0xAE3B,0xAE3B,0xAE3B,0xAE3B,0xAE3B,0xAE3B,0xAE3B,0xAE3B,0xAE3B,0xAE3B,0xAE3B,0xAE3B,0xAE3B,
    0xAE3B,0xAE3B,0xAE3B,0xAE3B,0xAE3B,0xAE3B,0xAE3B,0xAE3B,0xAE3B,0xAE3B,0xAE3B,0xAE3B,0xAE3B,0xAE3B,0xAE3B,0xAE3B,
    0xAE3B,0xAE3B,0xAE3B,0xAE3B,0xAE3B,0xAE3B,0xAE5B,0xAE5B,0xAE5B,0xAE5B,0xAE3B,0xAE3B,0xAE3B,0xAE3B,0xAE3B,0xAE1B,
    0xAE1B,0xAE1B,0xAE1B,0xAE3B,0xAE3B,0xAE3B,0xAE3B,0xAE3B,0xAE3B,0xAE3B,0xAE3B,0xAE3B,0xAE3B,0xAE3B,0xAE3B,0xAE3B,
    0xAE3B,0xAE3B,0xAE3B,0xAE3B,0xAE3B,0xAE3B,0xAE3B,0xAE3B,0xAE3B,0xAE3B,0xAE3B,0xAE3B,0xAE3B,0xAE3B,0xAE3B,0xAE3B,
    0xAE3B,0xAE3B,0xAE3B,0xAE3B,0xAE3B,0xAE3B,0xAE3B,0xAE3B,0xAE3B,0xAE3B,0xAE3B,0xAE3B,0xAE3B,0xAE3B,0xAE3B,0xAE3B,
    0xAE3B,0xAE3B,0xAE3B,0xAE3B,0xAE3B,0xAE3B,0xAE3B,0xAE3B,0xAE3B,0xAE3B,0xAE3B,0xAE3B,0xAE3B,0xAE3B,0xAE3B,0xAE3B,
    0xAE3B,0xAE3B,0xAE3B,0xAE3B,0xAE3B,0xAE3B,0xAE3B,0xAE3B,0xAE3B,0xAE3B,0xAE3B,0xAE3B,0xAE3B,0xAE3B,0xAE3B,0xAE1B,
    0xAE1B,0xAE1B,0xAE1B,0xAE1B,0xAE1B,0xAE1B,0xAE1B,0xAE1B,0xAE3B,0xAE3B,0xAE3B,0xAE3B,0xAE3B,0xAE5B,0xAE5B,0xAE5B,
    0xAE5B,0xAE5B,0xAE3B,0xAE3B,0xAE3B,0xAE3B,0xAE3B,0xAE3B,0xAE3B,0xAE3B,0xAE3B,0xAE3B,0xAE3B,0xAE3B,0xAE3B,0xAE3B,
    0xAE3B,0xAE3B,0xAE3B,0xAE3B,0xAE3B,0xAE3B,0xAE3B,0xAE3B,0xAE3B,0xAE3B,0xAE3B,0xAE3B,0xAE3B,0xAE3B,0xAE3B,0xAE3B,
    0xAE3B,0xAE3B,0xAE3B,0xAE3B,0xAE3B,0xAE3B,0xAE3B,0xAE3B,0xAE3B,0xAE3B,0xAE3B,0xAE3B,0xA61A,0xAE1B,0xAE3B,0xAE3B,
    0xAE3B,0xAE3B,0xAE3B,0xAE3B,0xAE3B,0xAE3B,0xAE3B,0xAE3B,0xAE3B,0xAE3B,0xAE3B,0xAE3B,0xAE3B,0xAE3B,0xAE3B,0xAE1B,
    0xAE3B,0xAE3B,0xAE3B,0xAE3B,0xAE3B,0xAE3B,0xAE3B,0xAE3B,0xAE3B,0xAE3B,0xAE3B,0xAE3B,0xAE3B,0xAE1B,0xAE1B,0xAE1B,
    0xAE1B,0xAE1B,0xAE1B,0xAE1B,0xAE1B,0xAE1B,0xAE3B,0xAE3B,0xAE3B,0xAE3B,0xAE3B,0xAE3B,0xAE3B,0xAE3B,0xAE3B,0xAE1B,
    0xAE1B,0xAE1B,0xA61B,0xA61B,0xA61A,0xA61A,0xA61B,0xA61B,0xAE1B,0xA61B,0xA61B,0xA61B,0xA61B,0xA61B,0xA61B,0xA61B,
    0xA61B,0xA61B,0xAE1B,0xAE1B,0xAE1B,0xAE1B,0xAE1B,0xA61A,0xA61B,0xAE1B,0xAE1B,0xAE1B,0xA61B,0xA61A,0xA61A,0xA61B,
    0xAE1B,0xAE1B,0xAE1B,0xAE1B,0xAE1B,0xA61A,0xA61A,0xA61A,0xA61A,0xA61A,0xA61A,0xA61A,0xA61A,0xA61A,0xA61B,0xA61B,
    0xA61B,0xA61B,0xA61B,0xA5FA,0xA5FA,0xA5FA,0xA5FA,0xA5FA,0xA5FA,0xA5FA,0xA5FA,0xA5FA,0xA5FA,0xA5FA,0xA5FA,0xA5FA,
    0x9DB9,0x9DB9,0x9DB9,0x9DB9,0x9DB9,0x9DB9,0x9DB9,0x9DB9,0x9DB9,0x9DB9,0x9DB9,0x9DD9,0x9DD9,0x9DD9,0x9DB9,0x9D99,
    0x9DB9,0x9DD9,0x9DB9,0x9DDA,0xA5DA,0xA5DA,0x9DDA,0x9DDA,0x9DDA,0x9DDA,0x9DDA,0x9DD9,0x9DDA,0xA5DA,0x9DDA,0x9DD9,
    0x9DDA,0xA5DA,0xA5DA,0xA5DA,0xA5DA,0xA5DA,0x9DDA,0xA5DA,0xA5DA,0xA5DA,0xA5DA,0xA5DA,0xA5DA,0xA5DA,0xA5FA,0xA5FA,
    0xA5DA,0xA5FA,0xA5FA,0xA5FA,0xA5FA,0xA5FA,0xA5FA,0xA5FA,0xA5FA,0xA5FA,0xA5FA,0xA5FA,0xA5DA,0xA5DA,0xA5DA,0xA5DA,
    0xA5FA,0xA5FA,0xA5FA,0xA5FA,0xA5FA,0xA5FA,0xA5FA,0xA5FA,0xA5FA,0xA5FA,0xA5FA,0xA5FA,0xA5FA,0xA5FA,0xA5FA,0xA5FA,
    0xA5FA,0xA5FA,0xA5FA,0xA5FA,0xA5FA,0xA61A,0xA61A,0xA61A,0xA61A,0xA61A,0xA61A,0xA61A,0xA61A,0xA61A,0xA61A,0xA61A,
    0xA61A,0xA61A,0xA61A,0xA61A,0xA61A,0xA61A,0xA61A,0xA61A,0xAE1B,0xA61A,0xA61A,0xA61A,0xA61A,0xA5FA,0xA61A,0xA61A,
    0xA61A,0xAE1B,0xAE3B,0xAE3B,0xA61A,0xA61A,0xA61A,0xA61A,0xA61A,0xA61A,0xA61A,0xA61A,0xA61A,0xA61A,0xA61A,0xA61A,
    0xA61A,0xA61A,0xAE1B,0xAE1B,0xAE1B,0xAE1B,0xAE1B,0xA61A,0xA61A,0xA61A,0xA61A,0xAE1B,0xAE1B,0xA61A,0xA61A,0xA61A,
    0xA61A,0xA61A,0xAE1B,0xAE3B,0xAE3B,0xAE3B,0xAE3B,0xAE3B,0xAE3B,0xAE3B,0xAE3B,0xAE3B,0xAE3B,0xAE3B,0xAE3B,0xAE3B,
    0xAE3B,0xAE3B,0xAE3B,0xAE3B,0xAE3B,0xAE3B,0xAE3B,0xAE3B,0xAE3B,0xAE3B,0xAE3B,0xAE3B,0xAE3B,0xAE3B,0xAE3B,0xAE3B,
    0xAE3B,0xAE3B,0xAE3B,0xAE3B,0xAE3B,0xAE3B,0xAE3B,0xAE3B,0xAE3B,0xAE3B,0xAE3B,0xAE3B,0xAE3B,0xAE3B,0xAE3B,0xAE3B,
    0xAE3B,0xAE3B,0xAE3B,0xAE3B,0xAE3B,0xAE3B,0xAE3B,0xAE3B,0xAE3B,0xAE5B,0xAE3B,0xAE3B,0xAE3B,0xAE3B,0xAE3B,0xAE3B,
    0xAE3B,0xAE3B,0xAE3B,0xAE3B,0xAE3B,0xAE3B,0xAE3B,0xAE3B,0xAE3B,0xAE3B,0xAE3B,0xAE3B,0xAE3B,0xAE3B,0xAE3B,0xAE3B,
    0xAE3B,0xAE3B,0xAE3B,0xAE3B,0xAE3B,0xAE3B,0xAE3B,0xAE3B,0xAE3B,0xAE3B,0xAE3B,0xAE3B,0xAE3B,0xAE3B,0xAE3B,0xAE3B,
    0xAE3B,0xAE3B,0xAE3B,0xAE3B,0xAE3B,0xAE3B,0xAE3B,0xAE3B,0xAE3B,0xAE3B,0xAE3B,0xAE3B,0xAE3B,0xAE3B,0xAE3B,0xAE3B,
    0xAE3B,0xAE3B,0xAE3B,0xAE3B,0xAE3B,0xAE3B,0xAE3B,0xAE3B,0xAE3B,0xAE3B,0xAE3B,0xAE3B,0xAE3B,0xAE3B,0xAE3B,0xAE3B,
    0xAE3B,0xAE3B,0xAE3B,0xAE3B,0xAE3B,0xAE3B,0xAE3B,0xAE3B,0xAE3B,0xAE3B,0xAE3B,0xAE3B,0xAE3B,0xAE3B,0xAE3B,0xAE3B,
    0xAE3B,0xAE3B,0xAE3B,0xAE3B,0xAE3B,0xAE3B,0xAE3B,0xAE3B,0xAE3B,0xAE3B,0xAE3B,0xAE3B,0xAE3B,0xAE3B,0xAE3B,0xAE3B,
    0xAE3B,0xAE3B,0xAE3B,0xAE3B,0xAE3B,0xAE3B,0xAE3B,0xAE3B,0xAE3B,0xAE3B,0xAE3B,0xAE3B,0xAE3B,0xAE3B,0xAE3B,0xAE3B,
    0xAE3B,0xAE3B,0xAE3B,0xAE3B,0xAE3B,0xAE3B,0xAE3B,0xAE3B,0xAE3B,0xAE3B,0xAE3B,0xAE3B,0xAE1B,0xAE3B,0xAE3B,0xAE3B,
    0xAE3B,0xAE3B,0xAE3B,0xAE3B,0xAE3B,0xAE3B,0xAE3B,0xAE3B,0xAE3B,0xAE3B,0xAE3B,0xAE3B,0xAE3B,0xAE3B,0xAE3B,0xAE1B,
    0xAE3B,0xAE3B,0xAE3B,0xAE3B,0xAE3B,0xAE3B,0xAE3B,0xAE3B,0xAE3B,0xAE3B,0xAE3B,0xAE3B,0xAE1B,0xA61A,0xA61A,0xA61A,
    0xA61A,0xAE1B,0xAE1B,0xAE1B,0xAE1B,0xAE1B,0xAE3B,0xAE3B,0xAE3B,0xAE3B,0xAE3B,0xAE3B,0xAE3B,0xAE3B,0xAE3B,0xAE1B,
    0xAE1B,0xAE1B,0xA61B,0xA61B,0xA61A,0xA61A,0xA61B,0xA61B,0xAE1B,0xA61B,0xA61B,0xA61B,0xA61B,0xA61B,0xA61B,0xA61B,
    0xA61B,0xA61B,0xAE1B,0xAE1B,0xAE1B,0xAE1B,0xAE1B,0xA61A,0xA61B,0xAE1B,0xAE1B,0xAE1B,0xA61B,0xA61A,0xA61A,0xA61B,
    0xAE1B,0xAE1B,0xAE1B,0xAE1B,0xAE1B,0xAE1B,0xAE1B,0xAE1B,0xAE1B,0xA61A,0xA61A,0xA61A,0xA61A,0xA61A,0xA61A,0xA61A,
    0xA61A,0xA61A,0xA61A,0xA5FA,0xA61A,0xA61A,0xA61A,0xA61B,0xA61B,0xA61A,0xA61A,0xA5FA,0xA5FA,0xA5FA,0xA5FA,0xA5FA,
    0x9DB9,0x9DB9,0x9DB9,0x9DB9,0x9DB9,0x9DB9,0x9DB9,0x9DB9,0x9DB9,0x9DB9,0x9DB9,0x9DD9,0x9DD9,0x9DD9,0x9DB9,0x9DB9,
    0x9DB9,0x9DB9,0x9DB9,0x9DB9,0x9DD9,0x9DB9,0x9DB9,0x9DD9,0x9DD9,0x9DD9,0x9DD9,0x9DB9,0x9DD9,0x9DDA,0x9DD9,0x9DB9,
    0x9DDA,0xA5DA,0xA5DA,0xA5DA,0xA5FA,0xA5FA,0xA5DA,0xA5DA,0xA5FA,0xA5FA,0xA5DA,0xA5DA,0xA5DA,0xA5DA,0xA5FA,0xA5FA,
    0xA5DA,0xA5FA,0xA5FA,0xA5DA,0xA5DA,0xA5DA,0xA5DA,0xA5DA,0xA5DA,0xA5FA,0xA5FA,0xA5FA,0xA5FA,0xA5FA,0xA5FA,0xA5FA,
    0xA5FA,0xA5FA,0xA5FA,0xA5FA,0xA5FA,0xA5FA,0xA61A,0xA61A,0xA61A,0xA61A,0xA5FA,0xA5FA,0xA5FA,0xA5FA,0xA5FA,0xA5FA,
    0xA5FA,0xA5FA,0xA5FA,0xA5FA,0xA5FA,0xA5FA,0xA61A,0xA61A,0xA61A,0xA61A,0xA61A,0xA61A,0xA61A,0xA5FA,0xA5FA,0xA5FA,
    0xA5FA,0xA5FA,0xA5FA,0xA5FA,0xA5FA,0xA5FA,0xA61A,0xA61A,0xAE1B,0xA61A,0xA61A,0xA61A,0xA61A,0xA61A,0xA61A,0xA61A,
    0xA61A,0xA61A,0xA61A,0xA61A,0xAE1B,0xAE1B,0xAE1B,0xAE1B,0xAE1B,0xA61A,0xA61A,0xA61A,0xA61A,0xA61A,0xA61A,0xA61A,
    0xA61A,0xA61A,0xA61A,0xA61A,0xA61A,0xA61A,0xA61A,0xA61A,0xA61A,0xA61A,0xA61A,0xA61A,0xA61A,0xA5FA,0xA5FA,0xA5FA,
    0xA5FA,0xA61A,0xA61A,0xAE1B,0xAE3B,0xAE3B,0xAE3B,0xAE3B,0xAE3B,0xAE3B,0xAE3B,0xAE3B,0xAE3B,0xAE3B,0xAE3B,0xAE3B,
    0xAE3B,0xAE3B,0xAE3B,0xAE3B,0xAE3B,0xAE3B,0xAE3B,0xAE3B,0xAE3B,0xAE3B,0xAE3B,0xAE3B,0xAE3B,0xAE3B,0xAE3B,0xAE3B,
    0xAE3B,0xAE3B,0xAE3B,0xAE3B,0xAE3B,0xAE3B,0xAE3B,0xAE3B,0xAE3B,0xAE3B,0xAE3B,0xAE3B,0xAE3B,0xAE3B,0xAE3B,0xAE3B,
    0xAE3B,0xAE3B,0xAE3B,0xAE3B,0xAE3B,0xAE3B,0xAE3B,0xAE3B,0xAE3B,0xAE3B,0xAE3B,0xAE3B,0xAE3B,0xAE3B,0xAE3B,0xAE3B,
    0xAE3B,0xAE3B,0xAE3B,0xAE3B,0xAE3B,0xAE3B,0xAE3B,0xAE3B,0xAE3B,0xAE3B,0xAE5B,0xAE3B,0xAE3B,0xAE3B,0xAE3B,0xAE3B,
    0xAE3B,0xAE3B,0xAE3B,0xAE3B,0xAE3B,0xAE3B,0xAE3B,0xAE3B,0xAE3B,0xAE3B,0xAE3B,0xAE3B,0xAE3B,0xAE3B,0xAE3B,0xAE3B,
    0xAE3B,0xAE3B,0xAE3B,0xAE3B,0xAE3B,0xAE3B,0xAE3B,0xAE3B,0xAE3B,0xAE3B,0xAE3B,0xAE3B,0xAE5B,0xAE3B,0xAE3B,0xAE3B,
    0xAE3B,0xAE3B,0xAE3B,0xAE3B,0xAE3B,0xAE3B,0xAE3B,0xAE3B,0xAE3B,0xAE3B,0xAE3B,0xAE3B,0xAE3B,0xAE3B,0xAE3B,0xAE3B,
    0xAE3B,0xAE3B,0xAE3B,0xAE3B,0xAE3B,0xAE3B,0xAE3B,0xAE3B,0xAE3B,0xAE3B,0xAE3B,0xAE3B,0xAE3B,0xAE3B,0xAE3B,0xAE3B,
    0xAE3B,0xAE3B,0xAE3B,0xAE3B,0xAE3B,0xAE3B,0xAE3B,0xAE3B,0xAE3B,0xAE3B,0xAE3B,0xAE3B,0xAE3B,0xAE3B,0xAE3B,0xAE3B,
    0xAE3B,0xAE3B,0xAE3B,0xAE3B,0xAE3B,0xAE3B,0xAE3B,0xAE3B,0xAE3B,0xAE3B,0xAE3B,0xAE3B,0xAE3B,0xAE3B,0xAE3B,0xAE3B,
    0xAE3B,0xAE3B,0xAE3B,0xAE3B,0xAE3B,0xAE3B,0xAE3B,0xAE3B,0xAE3B,0xAE3B,0xAE3B,0xAE3B,0xAE3B,0xAE3B,0xAE1B,0xAE1B,
    0xAE3B,0xAE3B,0xAE3B,0xAE3B,0xAE3B,0xAE3B,0xAE3B,0xAE3B,0xAE3B,0xAE3B,0xAE3B,0xAE3B,0xAE3B,0xAE3B,0xAE3B,0xAE1B,
    0xAE3B,0xAE3B,0xAE3B,0xAE3B,0xAE3B,0xAE3B,0xAE3B,0xAE3B,0xAE1B,0xAE1B,0xAE1B,0xAE1B,0xAE1B,0xAE3B,0xAE3B,0xAE3B,
    0xAE3B,0xAE1B,0xAE1B,0xAE1B,0xAE1B,0xAE1B,0xAE1B,0xAE1B,0xAE1B,0xAE1B,0xAE1B,0xAE3B,0xAE3B,0xAE3B,0xAE3B,0xAE1B,
    0xAE1B,0xAE1B,0xA61B,0xA61B,0xA61B,0xAE1B,0xAE1B,0xAE1B,0xAE1B,0xAE1B,0xAE1B,0xAE1B,0xAE1B,0xAE1B,0xAE1B,0xAE1B,
    0xAE1B,0xAE1B,0xAE1B,0xAE1B,0xAE1B,0xAE1B,0xAE1B,0xAE1B,0xAE1B,0xAE1B,0xAE1B,0xAE1B,0xA61B,0xA61A,0xA61A,0xA61B,
    0xAE1B,0xAE1B,0xAE1B,0xAE1B,0xAE1B,0xA61A,0xA61A,0xA61A,0xA61A,0xA61A,0xA61A,0xA61A,0xA61A,0xA61A,0xA5FA,0xA5FA,
    0xA5FA,0xA5FA,0xA5FA,0xA5FA,0xA5FA,0xA5FA,0xA61A,0xA61A,0xA5FA,0xA5FA,0xA5FA,0xA5FA,0xA5FA,0xA5FA,0xA5FA,0xA5FA,
    0x9DB9,0x9DB9,0x9DB9,0x9DB9,0x9DB9,0x9DB9,0x9DD9,0x9DD9,0x9DB9,0x9DB9,0x9DB9,0x9DB9,0x9DD9,0x9DDA,0x9DD9,0x9DD9,
    0x9DD9,0x9DD9,0x9DB9,0x9DD9,0x9DD9,0x9DB9,0x9DB9,0x9DB9,0x9DB9,0x9DB9,0x9DB9,0x9DD9,0x9DDA,0x9DDA,0x9DDA,0x9DD9,
    0x9DDA,0x9DDA,0xA5DA,0xA5FA,0xA5FA,0xA5DA,0xA5DA,0xA5DA,0xA5DA,0xA5DA,0xA5DA,0xA5DA,0xA5DA,0xA5DA,0xA5DA,0xA5DA,
    0xA5DA,0xA5DA,0xA5DA,0xA5DA,0xA5DA,0xA5DA,0xA5DA,0xA5DA,0xA5DA,0xA5DA,0xA5FA,0xA5FA,0xA5FA,0xA5FA,0xA5FA,0xA5FA,
    0xA5FA,0xA61A,0xA5FA,0xA5FA,0xA5FA,0xA5FA,0xA61A,0xA61A,0xA61A,0xA61A,0xA61A,0xA61A,0xA61A,0xA61A,0xA61A,0xA5FA,
    0xA5FA,0xA5FA,0xA5FA,0xA61A,0xA5FA,0xA5FA,0xA5FA,0xA61A,0xA61A,0xA61A,0xA61A,0xA61A,0xA61A,0xAE1B,0xA61A,0xA61A,
    0xA61B,0xA5FA,0xA5FA,0xA61A,0xA61A,0xA61A,0xA61A,0xA61A,0xA61A,0xA61A,0xA61A,0xA61A,0xA61A,0xA61A,0xA61A,0xA61A,
    0xA61A,0xA61A,0xA61A,0xA61A,0xA61A,0xA61A,0xA61A,0xA61A,0xA61A,0xAE1B,0xAE1B,0xAE1B,0xAE1B,0xAE1B,0xAE1B,0xAE1B,
    0xAE3B,0xAE3B,0xA61A,0xA61A,0xA61A,0xA61A,0xA61A,0xAE1B,0xAE1B,0xAE1B,0xAE1B,0xAE1B,0xAE1B,0xA61A,0xA61A,0xA61A,
    0xA61A,0xA61A,0xA61A,0xA61A,0xA61A,0xAE3B,0xAE3B,0xAE1B,0xAE1B,0xAE1B,0xAE1B,0xAE1B,0xAE1B,0xAE3B,0xAE3B,0xAE3B,
    0xAE3B,0xAE3B,0xAE3B,0xAE3B,0xAE3B,0xAE3B,0xAE3B,0xAE3B,0xAE3B,0xAE3B,0xAE3B,0xAE3B,0xAE3B,0xAE3B,0xAE3B,0xAE3B,
    0xAE3B,0xAE3B,0xAE3B,0xAE3B,0xAE3B,0xAE3B,0xAE3B,0xAE3B,0xAE3B,0xAE3B,0xAE3B,0xAE3B,0xAE3B,0xAE3B,0xAE3B,0xAE3B,
    0xAE3B,0xAE3B,0xAE3B,0xAE3B,0xAE3B,0xAE3B,0xAE3B,0xAE3B,0xAE3B,0xAE3B,0xAE3B,0xAE3B,0xAE3B,0xAE3B,0xAE3B,0xAE3B,
    0xAE3B,0xAE3B,0xAE3B,0xAE3B,0xAE3B,0xAE3B,0xAE3B,0xAE3B,0xAE3B,0xAE3B,0xAE3B,0xAE3B,0xAE3B,0xAE3B,0xAE3B,0xAE3B,
    0xAE3B,0xAE3B,0xAE3B,0xAE3B,0xAE3B,0xAE3B,0xAE3B,0xAE3B,0xAE5B,0xAE3B,0xAE3B,0xAE3B,0xAE3B,0xAE3B,0xAE3B,0xAE3B,
    0xAE3B,0xAE3B,0xAE3B,0xAE3B,0xAE3B,0xAE3B,0xAE3B,0xAE3B,0xAE3B,0xAE3B,0xAE3B,0xAE3B,0xAE3B,0xAE3B,0xAE3B,0xAE3B,
    0xAE3B,0xAE3B,0xAE3B,0xAE3B,0xAE3B,0xAE3B,0xAE3B,0xAE3B,0xAE5B,0xAE3B,0xAE3B,0xAE3B,0xAE3B,0xAE3B,0xAE3B,0xAE1B,
    0xAE1B,0xAE1B,0xAE1B,0xAE1B,0xAE1B,0xAE1B,0xAE1B,0xAE1B,0xAE3B,0xAE3B,0xAE3B,0xAE3B,0xAE3B,0xAE3B,0xAE3B,0xAE3B,
    0xAE3B,0xAE3B,0xAE3B,0xAE3B,0xAE3B,0xAE3B,0xAE3B,0xAE5B,0xAE5B,0xAE5B,0xAE5B,0xAE3B,0xAE3B,0xAE3B,0xAE3B,0xAE3B,
    0xAE3B,0xAE3B,0xAE3B,0xAE3B,0xAE3B,0xAE3B,0xAE3B,0xAE3B,0xAE3B,0xAE3B,0xAE3B,0xAE3B,0xAE3B,0xAE3B,0xAE3B,0xAE3B,
    0xAE3B,0xAE3B,0xAE3B,0xAE3B,0xAE3B,0xAE3B,0xAE3B,0xAE3B,0xAE3B,0xAE3B,0xAE3B,0xAE3B,0xAE1B,0xA61A,0xA61A,0xA61A,
    0xAE3B,0xAE3B,0xAE3B,0xAE3B,0xAE3B,0xAE3B,0xAE3B,0xAE3B,0xAE3B,0xAE3B,0xAE1B,0xAE1B,0xAE1B,0xAE1B,0xAE1B,0xAE1B,
    0xAE1B,0xAE3B,0xAE3B,0xAE3B,0xAE3B,0xAE3B,0xAE3B,0xAE3B,0xAE3B,0xAE3B,0xAE3B,0xAE3B,0xAE3B,0xAE3B,0xAE3B,0xAE3B,
    0xAE3B,0xAE1B,0xAE1B,0xAE1B,0xAE1B,0xAE1B,0xAE3B,0xAE3B,0xAE3B,0xAE3B,0xAE3B,0xAE1B,0xAE1B,0xAE1B,0xAE1B,0xAE1B,
    0xAE1B,0xA61B,0xA61B,0xA61B,0xAE1B,0xAE1B,0xAE1B,0xAE1B,0xAE1B,0xAE3B,0xAE3B,0xAE3B,0xAE3B,0xAE1B,0xAE1B,0xAE1B,
    0xAE1B,0xAE1B,0xA61B,0xA61B,0xA61B,0xA61B,0xA61B,0xAE1B,0xA61B,0xA61B,0xA61A,0xA61B,0xAE1B,0xA61B,0xA61B,0xAE1B,
    0xA61B,0xA61B,0xA61B,0xA61B,0xA61B,0xA61A,0xA61A,0xA61A,0xA61A,0xA61A,0xA5FA,0xA5FA,0xA5FA,0xA5FA,0xA5FA,0xA5FA,
    0xA5FA,0xA5FA,0xA5FA,0xA5FA,0xA5FA,0xA5FA,0xA5FA,0xA5FA,0xA5FA,0xA5FA,0xA5FA,0xA5FA,0xA5FA,0xA5FA,0xA5FA,0xA5FA,
    0x9DB9,0x9DB9,0x9DB9,0x9DB9,0x9DB9,0x9DD9,0x9DD9,0x9DDA,0x9DD9,0x9DB9,0x9DB9,0x9DB9,0x9DD9,0x9DB9,0x9DB9,0x9DB9,
    0x9DB9,0x9DB9,0x9DD9,0x9DD9,0x9DD9,0x9DD9,0x9DD9,0x9DD9,0x9DD9,0x9DD9,0x9DD9,0x9DDA,0x9DDA,0x9DDA,0x9DDA,0x9DDA,
    0xA5DA,0xA5DA,0xA5DA,0xA5DA,0xA5DA,0xA5DA,0xA5DA,0xA5DA,0xA5DA,0xA5DA,0xA5FA,0xA5FA,0xA5FA,0xA5DA,0xA5DA,0xA5DA,
    0xA5DA,0xA5DA,0xA5DA,0xA5FA,0xA5FA,0xA5FA,0xA5FA,0xA5FA,0xA5FA,0xA5FA,0xA5FA,0xA5FA,0xA5FA,0xA5FA,0xA5FA,0xA5FA,
    0xA5FA,0xA5FA,0xA5FA,0xA5FA,0xA5FA,0xA5FA,0xA5FA,0xA5FA,0xA5FA,0xA5FA,0xA5FA,0xA5FA,0xA5FA,0xA5FA,0xA5FA,0xA61A,
    0xA61A,0xA61A,0xA61A,0xA61A,0xA61A,0xA5FA,0xA61A,0xA61A,0xA61A,0xA61A,0xA61A,0xA61A,0xA61A,0xA61B,0xA61B,0xA61A,
    0xA5FA,0xA5FA,0xA5FA,0xA61A,0xA61A,0xA61A,0xA61A,0xA61A,0xA61A,0xA61A,0xA61A,0xA61A,0xA61A,0xA61A,0xA61A,0xA61A,
    0xA61A,0xA61A,0xA61A,0xA61A,0xA61A,0xA61A,0xA61A,0xA61A,0xA61A,0xAE1B,0xAE1B,0xAE1B,0xAE1B,0xAE1B,0xA61A,0xAE1B,
    0xAE3B,0xAE3B,0xAE1B,0xAE1B,0xAE1B,0xAE1B,0xAE1B,0xA61A,0xA61A,0xA61A,0xA61A,0xAE1B,0xAE3B,0xAE3B,0xAE3B,0xAE3B,
    0xAE1B,0xAE1B,0xA61A,0xA61A,0xA61A,0xA61A,0xA61A,0xA61A,0xA61A,0xA61A,0xA5FA,0xA5FA,0xA61A,0xA61A,0xA61A,0xAE1B,
    0xAE1B,0xAE1B,0xAE1B,0xA61A,0xA61A,0xA61A,0xA61A,0xA61A,0xAE1B,0xAE1B,0xAE3B,0xAE3B,0xAE3B,0xAE3B,0xAE3B,0xAE3B,
    0xAE3B,0xAE3B,0xAE3B,0xAE3B,0xAE3B,0xAE3B,0xAE3B,0xAE3B,0xAE3B,0xAE3B,0xAE3B,0xAE3B,0xAE3B,0xAE3B,0xAE3B,0xAE3B,
    0xAE3B,0xAE3B,0xAE3B,0xAE3B,0xAE1B,0xAE1B,0xAE3B,0xAE3B,0xAE3B,0xAE3B,0xAE3B,0xAE3B,0xAE3B,0xAE3B,0xAE3B,0xAE3B,
    0xAE3B,0xAE3B,0xAE3B,0xAE3B,0xAE3B,0xAE3B,0xAE3B,0xAE3B,0xAE3B,0xAE3B,0xAE3B,0xAE3B,0xAE3B,0xAE3B,0xAE3B,0xAE3B,
    0xAE3B,0xAE3B,0xAE3B,0xAE3B,0xAE3B,0xAE3B,0xAE3B,0xAE3B,0xAE3B,0xAE3B,0xAE3B,0xAE3B,0xAE3B,0xAE3B,0xAE3B,0xAE3B,
    0xAE3B,0xAE3B,0xAE3B,0xAE3B,0xAE3B,0xAE3B,0xAE3B,0xAE3B,0xAE3B,0xAE3B,0xAE3B,0xAE3B,0xAE3B,0xAE3B,0xAE3B,0xAE3B,
    0xAE3B,0xAE1B,0xAE1B,0xAE1B,0xAE1B,0xAE1B,0xAE3B,0xAE3B,0xAE3B,0xAE3B,0xAE3B,0xAE3B,0xAE3B,0xAE3B,0xAE3B,0xAE3B,
    0xAE3B,0xAE3B,0xAE3B,0xAE3B,0xAE1B,0xAE1B,0xAE1B,0xAE1B,0xAE3B,0xAE3B,0xAE3B,0xAE3B,0xAE3B,0xAE3B,0xAE3B,0xAE3B,
    0xAE3B,0xAE3B,0xAE3B,0xAE3B,0xAE3B,0xAE3B,0xAE3B,0xAE3B,0xAE3B,0xAE3B,0xAE3B,0xAE3B,0xAE3B,0xAE3B,0xAE3B,0xAE3B,
    0xAE3B,0xAE3B,0xAE3B,0xAE3B,0xAE3B,0xAE3B,0xAE3B,0xAE3B,0xAE3B,0xAE3B,0xAE3B,0xAE3B,0xAE3B,0xAE3B,0xAE3B,0xAE3B,
    0xAE3B,0xAE3B,0xAE3B,0xAE3B,0xAE3B,0xAE3B,0xAE3B,0xAE3B,0xAE3B,0xAE3B,0xAE3B,0xAE3B,0xAE3B,0xAE1B,0xAE1B,0xAE3B,
    0xAE3B,0xAE3B,0xAE3B,0xAE3B,0xAE3B,0xAE3B,0xAE3B,0xAE3B,0xAE3B,0xAE3B,0xAE1B,0xAE1B,0xAE1B,0xAE1B,0xAE1B,0xAE1B,
    0xAE1B,0xAE3B,0xAE3B,0xAE3B,0xAE3B,0xAE3B,0xAE3B,0xAE3B,0xAE3B,0xAE3B,0xAE3B,0xAE3B,0xAE3B,0xAE3B,0xAE3B,0xAE3B,
    0xAE3B,0xAE1B,0xAE1B,0xAE1B,0xAE1B,0xAE1B,0xAE3B,0xAE3B,0xAE3B,0xAE3B,0xAE1B,0xAE1B,0xAE1B,0xAE1B,0xAE1B,0xA61B,
    0xA61B,0xA61B,0xA61B,0xA61B,0xAE1B,0xAE1B,0xAE1B,0xA61B,0xA61B,0xA61B,0xA61B,0xA61B,0xA61B,0xAE1B,0xAE1B,0xAE1B,
    0xAE1B,0xAE1B,0xA61B,0xA61B,0xA61B,0xA61B,0xA61B,0xA61B,0xA61B,0xA61B,0xA61B,0xAE1B,0xAE1B,0xAE1B,0xAE1B,0xAE1B,
    0xA61B,0xA61B,0xA61B,0xA61B,0xA61B,0xA61A,0xA61A,0xA61A,0xA61A,0xA61A,0xA61A,0xA61A,0xA61A,0xA61A,0xA5FA,0xA5FA,
    0xA5FA,0xA5FA,0xA5FA,0xA5FA,0xA5FA,0xA5FA,0xA5FA,0xA5FA,0xA5FA,0xA5FA,0xA5FA,0xA5FA,0xA5FA,0xA5FA,0xA5FA,0xA5FA,
    0x9DB9,0x9DB9,0x9DB9,0x9599,0x9599,0x9599,0x9DB9,0x9DB9,0x9DB9,0x9DB9,0x9DB9,0x9DB9,0x9DB9,0x9DB9,0x9DB9,0x9DB9,
    0x9DB9,0x9DB9,0x9DB9,0x9DB9,0x9DB9,0x9DB9,0x9DD9,0x9DDA,0x9DDA,0x9DDA,0x9DDA,0x9DD9,0x9DD9,0x9DD9,0x9DD9,0x9DD9,
    0x9DDA,0x9DDA,0x9DD9,0x9DB9,0x9DB9,0x9DD9,0x9DD9,0x9DD9,0x9DD9,0x9DD9,0x9DDA,0xA5DA,0x9DDA,0x9DD9,0x9DB9,0x9DD9,
    0x9DDA,0x9DDA,0xA5DA,0xA5FA,0xA5FA,0xA5FA,0xA5FA,0xA5FA,0xA5FA,0xA5FA,0xA5FA,0xA5FA,0xA5FA,0xA5FA,0xA5FA,0xA5FA,
    0xA5FA,0xA5FA,0xA5FA,0xA5FA,0xA5FA,0xA5FA,0xA5FA,0xA5FA,0xA5FA,0xA5FA,0xA5FA,0xA5FA,0xA5FA,0xA5FA,0xA5FA,0xA5FA,
    0xA5FA,0xA5FA,0xA5FA,0xA5FA,0xA5FA,0xA5FA,0xA5FA,0xA5FA,0xA61A,0xA61A,0xA61A,0xA61A,0xA5FA,0xA5FA,0xA61B,0xA61B,
    0xA5FA,0xA5FA,0xA5FA,0xA61A,0xA61A,0xA5FA,0xA61A,0xA61A,0xA61A,0xA61A,0xA61A,0xA61A,0xA61A,0xA61A,0xA61A,0xA61A,
    0xA61A,0xA61A,0xA61A,0xA61A,0xA61A,0xA61A,0xA61A,0xA61A,0xA61A,0xAE1B,0xAE1B,0xAE1B,0xAE1B,0xAE1B,0xA61A,0xAE1B,
    0xAE3B,0xAE3B,0xAE3B,0xAE3B,0xAE3B,0xAE3B,0xAE3B,0xAE1B,0xAE1B,0xAE1B,0xAE1B,0xAE1B,0xAE1B,0xAE3B,0xAE3B,0xAE3B,
    0xAE3B,0xAE1B,0xAE1B,0xAE1B,0xAE1B,0xAE3B,0xAE3B,0xAE3B,0xAE3B,0xAE3B,0xAE1B,0xAE3B,0xAE3B,0xAE3B,0xAE3B,0xAE3B,
    0xAE3B,0xAE3B,0xAE3B,0xAE1B,0xAE1B,0xAE1B,0xAE1B,0xAE1B,0xAE1B,0xAE1B,0xAE1B,0xAE1B,0xAE3B,0xAE3B,0xAE3B,0xAE3B,
    0xAE1B,0xAE3B,0xAE3B,0xAE3B,0xAE3B,0xAE3B,0xAE3B,0xAE3B,0xAE3B,0xAE3B,0xAE3B,0xAE3B,0xAE3B,0xAE3B,0xAE3B,0xAE1B,
    0xAE1B,0xAE3B,0xAE3B,0xAE3B,0xA61A,0xA61A,0xAE1B,0xAE3B,0xAE3B,0xAE1B,0xAE1B,0xAE1B,0xAE1B,0xAE3B,0xAE3B,0xAE3B,
    0xAE3B,0xAE3B,0xAE3B,0xAE3B,0xAE3B,0xAE3B,0xAE3B,0xAE3B,0xAE3B,0xAE3B,0xAE3B,0xAE3B,0xAE3B,0xAE3B,0xAE3B,0xAE3B,
    0xAE3B,0xAE3B,0xAE3B,0xAE3B,0xAE3B,0xAE1B,0xAE3B,0xAE3B,0xAE3B,0xAE3B,0xAE3B,0xAE3B,0xAE3B,0xAE3B,0xAE3B,0xAE3B,
    0xAE3B,0xAE3B,0xAE3B,0xAE3B,0xAE3B,0xAE3B,0xAE3B,0xAE3B,0xAE3B,0xAE3B,0xAE3B,0xAE3B,0xAE3B,0xAE3B,0xAE3B,0xAE3B,
    0xAE3B,0xAE3B,0xAE3B,0xAE3B,0xAE3B,0xAE3B,0xAE3B,0xAE3B,0xAE3B,0xAE3B,0xAE3B,0xAE3B,0xAE3B,0xAE3B,0xAE3B,0xAE3B,
    0xAE3B,0xAE3B,0xAE3B,0xAE3B,0xAE3B,0xAE3B,0xAE3B,0xAE3B,0xAE3B,0xAE3B,0xAE3B,0xAE3B,0xAE3B,0xAE3B,0xAE3B,0xAE3B,
    0xAE3B,0xAE3B,0xAE3B,0xAE3B,0xAE3B,0xAE3B,0xAE3B,0xAE3B,0xAE3B,0xAE3B,0xAE3B,0xAE3B,0xAE3B,0xAE3B,0xAE3B,0xAE3B,
    0xAE3B,0xAE3B,0xAE3B,0xAE3B,0xAE3B,0xAE3B,0xAE3B,0xAE3B,0xAE3B,0xAE3B,0xAE3B,0xAE3B,0xAE3B,0xAE3B,0xAE3B,0xAE3B,
    0xAE3B,0xAE3B,0xAE3B,0xAE3B,0xAE3B,0xAE3B,0xAE3B,0xAE3B,0xAE3B,0xAE3B,0xAE3B,0xAE3B,0xAE3B,0xAE3B,0xAE3B,0xAE3B,
    0xAE3B,0xAE3B,0xAE3B,0xAE3B,0xAE3B,0xAE3B,0xAE3B,0xAE3B,0xAE3B,0xAE3B,0xAE1B,0xAE1B,0xAE1B,0xAE1B,0xAE1B,0xAE3B,
    0xAE3B,0xAE3B,0xAE3B,0xAE3B,0xAE3B,0xAE3B,0xAE3B,0xAE3B,0xAE3B,0xAE3B,0xAE3B,0xAE3B,0xAE3B,0xAE3B,0xAE3B,0xAE3B,
    0xAE3B,0xAE1B,0xAE1B,0xAE1B,0xAE1B,0xAE1B,0xAE3B,0xAE1B,0xAE1B,0xA61A,0xA61A,0xAE1B,0xAE1B,0xAE1B,0xAE1B,0xAE1B,
    0xAE1B,0xAE1B,0xAE1B,0xAE1B,0xAE1B,0xAE1B,0xAE1B,0xA61B,0xA61B,0xA61A,0xA61A,0xA61A,0xA61A,0xA61B,0xAE1B,0xAE1B,
    0xAE1B,0xAE1B,0xAE1B,0xAE1B,0xAE1B,0xAE1B,0xAE1B,0xAE1B,0xAE1B,0xAE1B,0xAE1B,0xAE1B,0xA61B,0xA61A,0xA61A,0xA61B,
    0xA61A,0xA61A,0xA61A,0xA61A,0xA61A,0xA61A,0xA61A,0xA61A,0xA61A,0xA61A,0xA61A,0xA61A,0xA61A,0xA61A,0xA5FA,0xA5FA,
    0xA5FA,0xA5FA,0xA5FA,0xA5FA,0xA5FA,0xA5FA,0xA5FA,0xA5FA,0xA5FA,0xA5FA,0xA5FA,0xA5FA,0xA5FA,0xA5FA,0xA5FA,0xA5FA,
    0x9DB9,0x9DB9,0x9DB9,0x9DB9,0x9DB9,0x9DB9,0x9DB9,0x9DB9,0x9DB9,0x9DB9,0x9DB9,0x9DB9,0x9DB9,0x9DB9,0x9DB9,0x9DB9,
    0x9DB9,0x9DB9,0x9DB9,0x9DB9,0x9DB9,0x9D99,0x9DB9,0x9DB9,0x9DB9,0x9DB9,0x9DB9,0x9DB9,0x9DB9,0x9DB9,0x9DB9,0x9DB9,
    0x9DB9,0x9DB9,0x9DB9,0x9DB9,0x9DB9,0x9DB9,0x9DB9,0x9DB9,0x9DB9,0x9D99,0x9DB9,0x9DB9,0x9DB9,0x9D99,0x9598,0x9D99,
    0x9DB9,0x9DB9,0x9DDA,0xA5DA,0xA5DA,0xA5FA,0xA5FA,0xA5FA,0xA5FA,0xA5FA,0xA5FA,0xA5FA,0xA5FA,0xA5FA,0xA5FA,0xA5FA,
    0xA5FA,0xA5FA,0xA5FA,0xA5FA,0xA5FA,0xA5FA,0xA5FA,0xA5FA,0xA5FA,0xA5FA,0xA5FA,0xA5FA,0xA5FA,0xA5FA,0xA5FA,0xA5FA,
    0xA5FA,0xA5FA,0xA5FA,0xA5FA,0xA5FA,0xA5FA,0xA5FA,0xA5FA,0xA5FA,0xA5FA,0xA5FA,0xA5FA,0xA5FA,0xA5FA,0xA61B,0xA61B,
    0xA5FA,0xA5FA,0xA5FA,0xA61A,0xA61A,0xA61A,0xA61A,0xA61A,0xA61A,0xA61A,0xA61A,0xA61A,0xA61A,0xA61A,0xA61A,0xAE1B,
    0xAE3B,0xAE3B,0xAE3B,0xAE3B,0xA61A,0xA61A,0xA61A,0xA61A,0xA61A,0xAE1B,0xAE1B,0xAE1B,0xAE1B,0xAE1B,0xA61A,0xAE1B,
    0xAE3B,0xAE3B,0xAE1B,0xAE1B,0xAE1B,0xAE1B,0xAE1B,0xAE3B,0xAE3B,0xAE3B,0xAE3B,0xAE3B,0xA61A,0xAE3B,0xAE3B,0xAE3B,
    0xAE3B,0xAE1B,0xAE1B,0xAE3B,0xAE3B,0xAE1B,0xAE1B,0xAE1B,0xAE3B,0xAE3B,0xAE3B,0xAE3B,0xAE1B,0xAE1B,0xAE3B,0xAE3B,
    0xAE3B,0xAE3B,0xAE3B,0xAE3B,0xAE3B,0xAE3B,0xAE3B,0xAE3B,0xAE3B,0xAE3B,0xAE3B,0xAE3B,0xAE3B,0xAE3B,0xAE3B,0xAE1B,
    0xA61A,0xAE3B,0xAE3B,0xAE3B,0xAE3B,0xAE3B,0xAE3B,0xAE3B,0xAE3B,0xAE3B,0xAE3B,0xAE3B,0xAE3B,0xAE3B,0xAE3B,0xAE3B,
    0xAE3B,0xAE3B,0xAE3B,0xAE3B,0xAE3B,0xAE3B,0xAE3B,0xAE3B,0xAE3B,0xAE3B,0xAE3B,0xAE3B,0xAE3B,0xAE3B,0xAE3B,0xAE3B,
    0xAE3B,0xAE3B,0xAE3B,0xAE3B,0xAE3B,0xAE3B,0xAE3B,0xAE3B,0xAE3B,0xAE3B,0xAE3B,0xAE3B,0xAE3B,0xAE3B,0xAE3B,0xAE3B,
    0xAE3B,0xAE3B,0xAE3B,0xAE3B,0xAE3B,0xAE3B,0xAE3B,0xAE3B,0xAE3B,0xAE3B,0xAE3B,0xAE3B,0xAE3B,0xAE3B,0xAE3B,0xAE3B,
    0xAE3B,0xAE3B,0xAE3B,0xAE3B,0xAE3B,0xAE3B,0xAE3B,0xAE3B,0xAE3B,0xAE3B,0xAE3B,0xAE3B,0xAE3B,0xAE3B,0xAE3B,0xAE3B,
    0xAE3B,0xAE3B,0xAE3B,0xAE3B,0xAE3B,0xAE3B,0xAE3B,0xAE5B,0xAE3B,0xAE3B,0xAE3B,0xAE3B,0xAE3B,0xAE3B,0xAE3B,0xAE3B,
    0xAE3B,0xAE3B,0xAE3B,0xAE3B,0xAE3B,0xAE3B,0xAE3B,0xAE3B,0xAE3B,0xAE3B,0xAE3B,0xAE3B,0xAE3B,0xAE3B,0xAE3B,0xAE3B,
    0xAE3B,0xAE3B,0xAE3B,0xAE3B,0xAE3B,0xAE3B,0xAE3B,0xAE3B,0xAE3B,0xAE3B,0xAE3B,0xAE3B,0xAE3B,0xAE3B,0xAE3B,0xAE3B,
    0xAE3B,0xAE3B,0xAE3B,0xAE3B,0xAE3B,0xAE3B,0xAE3B,0xAE3B,0xAE3B,0xAE3B,0xAE3B,0xAE3B,0xAE3B,0xAE3B,0xAE3B,0xAE3B,
    0xAE3B,0xAE3B,0xAE3B,0xAE3B,0xAE3B,0xAE3B,0xAE3B,0xAE3B,0xAE3B,0xAE3B,0xAE3B,0xAE3B,0xAE3B,0xAE3B,0xAE3B,0xAE3B,
    0xAE3B,0xAE3B,0xAE3B,0xAE3B,0xAE3B,0xAE3B,0xAE3B,0xAE3B,0xAE3B,0xAE3B,0xAE3B,0xAE3B,0xAE3B,0xAE3B,0xAE3B,0xAE3B,
    0xAE3B,0xAE3B,0xAE3B,0xAE3B,0xAE3B,0xAE3B,0xAE3B,0xAE3B,0xAE3B,0xAE3B,0xAE3B,0xAE3B,0xAE3B,0xAE3B,0xAE3B,0xAE3B,
    0xAE3B,0xAE1B,0xAE1B,0xAE1B,0xAE1B,0xAE1B,0xAE3B,0xAE3B,0xAE1B,0xAE1B,0xA61A,0xAE1B,0xAE1B,0xAE1B,0xAE1B,0xAE1B,
    0xAE1B,0xAE1B,0xAE1B,0xAE1B,0xAE1B,0xAE1B,0xAE1B,0xA61B,0xA61B,0xAE1B,0xAE1B,0xAE1B,0xAE1B,0xAE1B,0xAE1B,0xAE1B,
    0xAE1B,0xAE1B,0xA61A,0xA61A,0xA61A,0xA61A,0xA61A,0xA61A,0xA61A,0xA61A,0xA61A,0xA61A,0xA5FA,0xA5FA,0xA5FA,0xA5FA,
    0xA5FA,0xA5FA,0xA5FA,0xA5FA,0xA5FA,0xA61A,0xA61A,0xA61A,0xA61A,0xA61A,0xA61A,0xA61A,0xA61A,0xA61A,0xA5FA,0xA5FA,
    0xA5FA,0xA5FA,0xA5FA,0xA5FA,0xA5FA,0xA5FA,0xA5FA,0xA5FA,0xA5FA,0xA5FA,0xA5FA,0xA5FA,0xA5FA,0xA5FA,0xA5FA,0xA5FA,
    0x9DB9,0x9DB9,0x9DB9,0x9DB9,0x9DB9,0x9DB9,0x9DB9,0x9DB9,0x9DD9,0x9DD9,0x9DB9,0x9DB9,0x9DB9,0x9DB9,0x9DB9,0x9DB9,
    0x9DB9,0x9DB9,0x9DB9,0x9DB9,0x9DB9,0x9D99,0x9DB9,0x9DB9,0x9DB9,0x9DB9,0x9DB9,0x9DB9,0x9DB9,0x9DB9,0x9DB9,0x9DB9,
    0x9DB9,0x9DB9,0x9DB9,0x9DD9,0x9DB9,0x9DB9,0x9DB9,0x9DB9,0x9DB9,0x9DB9,0x9DB9,0x9DB9,0x9DB9,0x9DB9,0x9DB9,0x9DB9,
    0x9D99,0x9D99,0x9D99,0x9DB9,0x9DB9,0x9DDA,0xA5DA,0xA5DA,0xA5DA,0xA5DA,0xA5FA,0xA5FA,0xA5FA,0xA5FA,0xA5FA,0xA5FA,
    0xA5DA,0xA5DA,0xA5DA,0xA5DA,0xA5DA,0xA5FA,0xA5FA,0xA5FA,0xA5FA,0xA5FA,0xA5FA,0xA5FA,0xA5FA,0xA5FA,0xA5FA,0xA5FA,
    0xA5FA,0xA5FA,0xA5FA,0xA5FA,0xA5FA,0xA61A,0xA61A,0xA5FA,0xA5FA,0xA5FA,0xA5FA,0xA5FA,0xA5FA,0xA5FA,0xA5FA,0xA5FA,
    0xA5FA,0xA5FA,0xA5FA,0xA61A,0xA61A,0xA61A,0xA5FA,0xA5FA,0xA5FA,0xA5FA,0xA5FA,0xA5FA,0xA5FA,0xA5FA,0xA5FA,0xA61A,
    0xA61A,0xA61A,0xA61A,0xA61A,0xA61A,0xA61A,0xA61A,0xA61A,0xA61A,0xAE1B,0xAE1B,0xAE1B,0xAE1B,0xAE1B,0xA61A,0xAE1B,
    0xAE3B,0xAE3B,0xA61A,0xA61A,0xA61A,0xA61A,0xA61A,0xA61A,0xA61A,0xA61A,0xA61A,0xA61A,0xA61A,0xAE3B,0xAE3B,0xAE3B,
    0xAE3B,0xAE1B,0xAE3B,0xAE3B,0xAE3B,0xAE1B,0xAE1B,0xAE3B,0xAE3B,0xAE3B,0xAE3B,0xAE3B,0xAE3B,0xAE1B,0xAE3B,0xAE3B,
    0xAE3B,0xAE3B,0xAE3B,0xAE3B,0xAE3B,0xAE3B,0xAE3B,0xAE3B,0xAE3B,0xAE3B,0xAE3B,0xAE3B,0xAE3B,0xAE3B,0xAE1B,0xA61A,
    0xA61A,0xAE3B,0xAE3B,0xAE3B,0xAE3B,0xAE3B,0xAE3B,0xAE3B,0xAE3B,0xAE3B,0xAE3B,0xAE3B,0xAE3B,0xAE3B,0xAE3B,0xAE3B,
    0xAE3B,0xAE3B,0xAE3B,0xAE3B,0xAE3B,0xAE3B,0xAE3B,0xAE3B,0xAE3B,0xAE3B,0xAE3B,0xAE3B,0xAE3B,0xAE3B,0xAE3B,0xAE3B,
    0xAE3B,0xAE3B,0xAE3B,0xAE3B,0xAE3B,0xAE3B,0xAE3B,0xAE3B,0xAE3B,0xAE3B,0xAE3B,0xAE3B,0xAE3B,0xAE3B,0xAE3B,0xAE3B,
    0xAE3B,0xAE3B,0xAE3B,0xAE3B,0xAE3B,0xAE3B,0xAE3B,0xAE3B,0xAE3B,0xAE3B,0xAE3B,0xAE3B,0xAE3B,0xAE3B,0xAE3B,0xAE3B,
    0xAE3B,0xAE3B,0xAE3B,0xAE3B,0xAE3B,0xAE3B,0xAE3B,0xAE3B,0xAE3B,0xAE3B,0xAE3B,0xAE3B,0xAE3B,0xAE3B,0xAE3B,0xAE3B,
    0xAE3B,0xAE3B,0xAE3B,0xAE3B,0xAE3B,0xAE3B,0xAE3B,0xAE3B,0xAE3B,0xAE3B,0xAE3B,0xAE3B,0xAE3B,0xAE3B,0xAE3B,0xAE3B,
    0xAE3B,0xAE3B,0xAE3B,0xAE3B,0xAE3B,0xAE3B,0xAE3B,0xAE3B,0xAE3B,0xAE3B,0xAE3B,0xAE3B,0xAE3B,0xAE3B,0xAE3B,0xAE3B,
    0xAE3B,0xAE3B,0xAE3B,0xAE3B,0xAE3B,0xAE3B,0xAE3B,0xAE3B,0xAE3B,0xAE3B,0xAE3B,0xAE3B,0xAE3B,0xAE3B,0xAE3B,0xAE3B,
    0xAE3B,0xAE3B,0xAE3B,0xAE3B,0xAE3B,0xAE3B,0xAE3B,0xAE3B,0xAE3B,0xAE3B,0xAE3B,0xAE3B,0xAE3B,0xAE3B,0xAE3B,0xAE3B,
    0xAE3B,0xAE3B,0xAE3B,0xAE3B,0xAE3B,0xAE3B,0xAE3B,0xAE3B,0xAE3B,0xAE3B,0xAE3B,0xAE3B,0xAE3B,0xAE3B,0xAE3B,0xAE3B,
    0xAE3B,0xAE3B,0xAE3B,0xAE3B,0xAE3B,0xAE3B,0xAE3B,0xAE3B,0xAE3B,0xAE3B,0xAE3B,0xAE3B,0xAE3B,0xAE3B,0xAE3B,0xAE3B,
    0xAE3B,0xAE3B,0xAE3B,0xAE3B,0xAE3B,0xAE3B,0xAE3B,0xAE3B,0xAE3B,0xAE3B,0xAE3B,0xAE3B,0xAE3B,0xAE3B,0xAE3B,0xAE3B,
    0xAE3B,0xAE1B,0xAE1B,0xAE1B,0xAE1B,0xAE1B,0xAE3B,0xAE3B,0xAE3B,0xAE3B,0xAE1B,0xAE1B,0xAE1B,0xAE1B,0xAE1B,0xAE1B,
    0xAE1B,0xAE1B,0xAE1B,0xAE1B,0xAE1B,0xAE1B,0xAE1B,0xA61B,0xA61B,0xAE1B,0xAE1B,0xAE1B,0xAE1B,0xAE1B,0xAE1B,0xAE1B,
    0xAE1B,0xAE1B,0xA61B,0xA61B,0xA61B,0xA61B,0xA61B,0xA61B,0xA61B,0xA61B,0xA61B,0xAE1B,0xAE1B,0xA61B,0xA61B,0xAE1B,
    0xA5FA,0xA5FA,0xA5FA,0xA5FA,0xA5FA,0xA61A,0xA61A,0xA61A,0xA61A,0xA61A,0xA5FA,0xA5FA,0xA5FA,0xA5FA,0xA5FA,0xA5FA,
    0xA5FA,0xA5FA,0xA5FA,0xA5FA,0xA5FA,0xA5FA,0xA5FA,0xA5FA,0xA5FA,0xA5FA,0xA5FA,0xA5FA,0xA5FA,0xA5FA,0xA5FA,0xA5FA,
    0x9DB9,0x9DB9,0x9DB9,0x9DB9,0x9DB9,0x9DB9,0x9DB9,0x9DB9,0x9DB9,0x9DB9,0x9DB9,0x9DB9,0x9DB9,0x9DB9,0x9DB9,0x9DB9,
    0x9DB9,0x9DB9,0x9DD9,0x9DB9,0x9DB9,0x9DB9,0x9DB9,0x9DB9,0x9DB9,0x9DB9,0x9DD9,0x9DD9,0x9DDA,0x9DDA,0xA5DA,0x9DDA,
    0x9DD9,0x9DD9,0x9DD9,0x9DD9,0x9DD9,0x9DD9,0x9DD9,0x9DD9,0x9DD9,0x9DD9,0x9DD9,0x9DD9,0x9DD9,0x9DD9,0x9DD9,0x9DD9,
    0x9DB9,0x9DB9,0x9DB9,0x9DB9,0x9DB9,0x9DB9,0x9DD9,0x9DDA,0x9DD9,0x9DD9,0x9DB9,0x9DB9,0x9DB9,0x9DD9,0x9DD9,0x9DDA,
    0x9DDA,0x9DD9,0x9DD9,0x9DD9,0x9DD9,0x9DDA,0xA5DA,0x9DDA,0x9DD9,0x9DD9,0x9DDA,0x9DD9,0xA5DA,0xA5FA,0xA5FA,0xA5FA,
    0xA5FA,0xA5FA,0xA5FA,0xA5FA,0xA5FA,0xA5FA,0xA5FA,0xA5FA,0xA5FA,0xA5FA,0xA5FA,0xA5FA,0xA5FA,0xA5FA,0xA5FA,0xA5FA,
    0xA5FA,0xA5FA,0xA5FA,0xA5FA,0xA61A,0xA61A,0xA5FA,0xA5FA,0xA5FA,0xA5FA,0xA5FA,0xA5FA,0xA5FA,0xA5FA,0xA5FA,0xA61A,
    0xA61A,0xA61A,0xA61A,0xA61A,0xA61A,0xA61A,0xA61A,0xA61A,0xA61A,0xA61A,0xA61A,0xA61A,0xA61A,0xAE1B,0xAE3B,0xAE3B,
    0xAE3B,0xAE3B,0xAE1B,0xAE1B,0xAE1B,0xAE1B,0xAE1B,0xA61A,0xA61A,0xA61A,0xA61A,0xA61A,0xA61A,0xA61B,0xA61B,0xA61B,
    0xAE1B,0xAE1B,0xA61B,0xAE1B,0xAE1B,0xAE3B,0xAE3B,0xAE3B,0xAE3B,0xAE3B,0xAE3A,0xAE3A,0xAE3A,0xAE1A,0xAE1A,0xAE1A,
    0xAE1A,0xAE1A,0xAE1A,0xAE3B,0xAE3A,0xAE3A,0xAE3A,0xAE3B,0xAE3B,0xAE3B,0xAE3B,0xAE3B,0xAE3B,0xAE3B,0xAE3B,0xAE3B,
    0xAE3B,0xAE3B,0xAE3B,0xAE3B,0xAE3B,0xAE3B,0xAE3B,0xAE3B,0xAE3B,0xAE3B,0xAE3B,0xAE3B,0xAE3B,0xAE3B,0xAE3B,0xAE3B,
    0xAE3B,0xAE3B,0xAE3B,0xAE3B,0xAE3B,0xAE3B,0xAE3B,0xAE3B,0xAE3A,0xAE1A,0xAE3B,0xAE3B,0xAE1A,0xAE3B,0xAE3B,0xAE3A,
    0xAE3A,0xAE3B,0xAE3B,0xAE3B,0xAE3B,0xAE3B,0xAE3B,0xAE3B,0xAE1B,0xAE3B,0xAE3B,0xAE3B,0xAE3B,0xAE3B,0xAE3B,0xAE3B,
    0xAE3B,0xAE3B,0xAE3B,0xAE3B,0xAE3B,0xAE1B,0xAE1B,0xAE3B,0xAE3B,0xAE3B,0xAE3B,0xAE3B,0xAE3B,0xAE3B,0xAE3B,0xAE3B,
    0xAE3B,0xAE3B,0xAE3B,0xA61A,0xAE3B,0xAE3B,0xA61A,0xA61A,0xA61A,0xAE1B,0xAE3B,0xAE3B,0xAE3B,0xAE3B,0xAE3B,0xAE3B,
    0xAE1B,0xAE3B,0xAE3B,0xAE3B,0xAE3B,0xAE3B,0xAE3B,0xAE3B,0xAE3B,0xAE3B,0xAE3B,0xAE3B,0xAE3B,0xAE3B,0xAE3B,0xAE3B,
    0xAE3B,0xAE3B,0xAE3B,0xAE3B,0xAE3B,0xAE3B,0xAE3B,0xAE3B,0xAE3B,0xAE3B,0xAE3B,0xAE3B,0xAE3B,0xAE3B,0xAE3B,0xAE3B,
    0xAE3B,0xAE3B,0xAE3B,0xAE3B,0xAE3B,0xAE3B,0xAE3B,0xAE3B,0xAE3B,0xAE3B,0xAE3B,0xAE3B,0xAE3B,0xAE3B,0xAE3B,0xAE3B,
    0xAE3B,0xAE3B,0xAE3B,0xAE3B,0xAE3B,0xAE3B,0xAE3B,0xAE3B,0xAE3B,0xAE3B,0xAE3B,0xAE3B,0xAE3B,0xAE3B,0xAE3B,0xAE3B,
    0xAE3B,0xAE3B,0xAE3B,0xAE3B,0xAE3B,0xAE3B,0xAE5B,0xAE3B,0xAE3B,0xAE3B,0xAE3B,0xAE3B,0xAE3B,0xAE3B,0xAE3B,0xA61A,
    0xA61A,0xAE3B,0xAE3B,0xAE3B,0xAE3B,0xAE1B,0xAE3B,0xAE3B,0xAE3B,0xAE3B,0xAE3B,0xAE3B,0xAE3B,0xAE3B,0xAE3B,0xAE3B,
    0xAE3B,0xAE3B,0xAE3B,0xAE3B,0xAE3B,0xAE3B,0xAE1B,0xA61A,0xA61B,0xA61B,0xA61B,0xA61B,0xA61B,0xAE1B,0xAE1B,0xA61B,
    0xA61A,0xAE1B,0xAE1B,0xAE1B,0xAE1B,0xAE3B,0xAE1B,0xAE1B,0xAE1B,0xAE1B,0xAE1B,0xAE1B,0xAE1B,0xAE1B,0xAE1B,0xAE1B,
    0xAE1B,0xAE1B,0xAE1B,0xAE1B,0xA61A,0xA61A,0xA61A,0xA61A,0xA61A,0xAE1B,0xAE1B,0xAE1B,0xAE1B,0xA61A,0xA61A,0xA61A,
    0xA61A,0xA61A,0xA61A,0xA61A,0xA61A,0xA61A,0xA61A,0xA61A,0xA61A,0xA61A,0xA61A,0xAE1B,0xAE1B,0xAE1B,0xAE1B,0xAE1B,
    0xAE1B,0xAE1B,0xAE1B,0xAE1B,0xAE1B,0xA61A,0xA61A,0xA61A,0xA61A,0xA5FA,0xA5FA,0xA5FA,0xA61A,0xA61A,0xA61A,0xA61A,
    0xA61A,0xA5FA,0xA5FA,0xA61A,0xA61A,0xA61A,0xA5FA,0xA5FA,0xA5FA,0xA5FA,0xA5FA,0xA5FA,0xA5FA,0xA5FA,0xA5FA,0xA5FA,
    0x9D99,0x9D99,0x9DB9,0x9DB9,0x9DB9,0x9DB9,0x9DB9,0x9DB9,0x9DB9,0x9DB9,0x9DB9,0x9D99,0x9D99,0x9DB9,0x9DB9,0x9DB9,
    0x9DB9,0x9DB9,0x9DB9,0x9DB9,0x9DD9,0x9DD9,0x9DD9,0x9DD9,0x9DD9,0x9DD9,0x9DD9,0x9DD9,0x9DD9,0x9DD9,0x9DD9,0x9DD9,
    0x9DD9,0x9DD9,0x9DD9,0x9DD9,0x9DD9,0x9DD9,0x9DD9,0x9DD9,0x9DD9,0x9DD9,0x9DD9,0x9DD9,0x9DD9,0x9DD9,0xA5DA,0xA5DA,
    0xA5DA,0xA5DA,0x9DDA,0x9DD9,0x9DD9,0x9DD9,0x9DD9,0x9DDA,0x9DDA,0x9DD9,0x9DD9,0x9DB9,0x9DB9,0x9DB9,0x9DB9,0x9DB9,
    0x9DD9,0x9DD9,0x9DD9,0x9DD9,0x9DD9,0x9DB9,0x9DD9,0x9DD9,0x9DB9,0x9DB9,0x9DB9,0x9DB9,0x9DB9,0x9DB9,0x9DD9,0x9DB9,
    0x9DD9,0x9DD9,0x9DB9,0x9DD9,0xA5DA,0xA5DA,0x9DD9,0x9DD9,0x9DB9,0x9DB9,0x9DD9,0x9DD9,0x9DD9,0xA61A,0xA5FA,0xA5FA,
    0xA5FA,0xA5FA,0xA5FA,0xA5FA,0xA5FA,0xA5FA,0xA61A,0xA61A,0xA61A,0xA61A,0xA61A,0xA61A,0xA61A,0xA61A,0xA61A,0xA61A,
    0xA61A,0xA61A,0xA61A,0xA61A,0xA61A,0xA61A,0xA61A,0xA61A,0xA61A,0xA61A,0xA61A,0xA61A,0xA61A,0xA61A,0xA61A,0xA61A,
    0xA61A,0xA61A,0xAE1B,0xAE1B,0xAE1B,0xAE1B,0xAE1B,0xAE1B,0xAE1B,0xAE1B,0xAE1B,0xAE1B,0xA61B,0xA61B,0xA61B,0xA61B,
    0xAE1B,0xAE1B,0xA61B,0xA61B,0xAE1B,0xA61A,0xA61A,0xA61A,0xA61A,0xA61A,0xA61A,0xAE1A,0xAE3B,0xAE3B,0xAE3B,0xAE3A,
    0xAE3A,0xAE3A,0xAE3A,0xAE3A,0xAE3A,0xAE3A,0xAE3A,0xAE3A,0xAE3A,0xAE3A,0xAE3A,0xAE3A,0xAE3B,0xAE3B,0xAE3B,0xAE3B,
    0xAE3B,0xAE3B,0xAE3B,0xAE3B,0xAE3B,0xAE3B,0xAE3B,0xAE3B,0xAE3B,0xAE3B,0xAE3B,0xAE3B,0xAE3B,0xAE3B,0xAE3B,0xAE3B,
    0xAE3B,0xAE3A,0xAE3A,0xAE1A,0xAE3B,0xAE3B,0xAE3B,0xAE3B,0xAE3B,0xAE3A,0xAE3B,0xAE3B,0xAE3A,0xAE3B,0xAE3B,0xAE3A,
    0xAE3B,0xAE3B,0xAE3B,0xAE3B,0xAE3B,0xAE3B,0xAE3B,0xAE3B,0xAE3B,0xAE3B,0xAE3B,0xAE3B,0xAE3B,0xAE3B,0xAE3B,0xAE3B,
    0xAE3B,0xAE3B,0xAE3B,0xAE3B,0xAE3B,0xAE3B,0xAE3B,0xAE3B,0xAE3B,0xAE3B,0xAE3B,0xAE3B,0xAE3B,0xAE3B,0xAE3B,0xAE3B,
    0xAE3B,0xAE3B,0xAE3B,0xAE3B,0xAE3B,0xAE3B,0xAE3B,0xAE3B,0xAE3B,0xAE3B,0xAE3B,0xAE3B,0xAE1B,0xA61A,0xAE1B,0xAE1B,
    0xAE3B,0xAE1B,0xAE1B,0xAE1B,0xAE1B,0xAE3B,0xAE3B,0xAE3B,0xAE3B,0xAE3B,0xAE3B,0xAE3B,0xAE3B,0xAE3B,0xAE3B,0xAE3B,
    0xAE3B,0xAE3B,0xAE3B,0xAE3B,0xAE3B,0xAE3B,0xAE3B,0xAE3B,0xAE3B,0xAE3B,0xAE3B,0xAE3B,0xAE3B,0xAE3B,0xAE3B,0xAE3B,
    0xAE3B,0xAE3B,0xAE3B,0xAE3B,0xAE3B,0xAE3B,0xAE3B,0xAE3B,0xAE3B,0xAE3B,0xAE3B,0xAE3B,0xAE3B,0xAE3B,0xAE3B,0xAE3B,
    0xAE3B,0xAE3B,0xAE3B,0xAE3B,0xAE3B,0xAE3B,0xAE3B,0xAE3B,0xAE3B,0xAE3B,0xAE3B,0xAE3B,0xAE3B,0xAE3B,0xAE3B,0xAE3B,
    0xAE3B,0xAE3B,0xAE3B,0xAE3B,0xAE3B,0xAE3B,0xAE3B,0xAE3B,0xAE3B,0xAE3B,0xAE3B,0xAE3B,0xAE3B,0xAE3B,0xAE3B,0xAE3B,
    0xAE3B,0xAE3B,0xAE3B,0xAE3B,0xAE3B,0xAE3B,0xAE3B,0xAE3B,0xAE3B,0xAE3B,0xAE3B,0xAE3B,0xAE3B,0xAE3B,0xAE3B,0xAE3B,
    0xAE3B,0xAE3B,0xAE3B,0xAE3B,0xAE3B,0xAE3B,0xAE3B,0xAE3B,0xAE3B,0xAE3B,0xAE3B,0xAE3B,0xAE3B,0xAE3B,0xAE3B,0xAE1B,
    0xA61A,0xAE3B,0xAE3B,0xAE1B,0xAE3B,0xAE3B,0xAE3B,0xAE3B,0xAE3B,0xAE3B,0xAE3B,0xAE1B,0xAE1B,0xAE1B,0xAE1B,0xA61A,
    0xA61A,0xA61A,0xA61A,0xA61A,0xA61A,0xA61A,0xA61A,0xA61A,0xA61A,0xAE1B,0xAE1B,0xAE1B,0xAE1B,0xAE1B,0xAE1B,0xAE1B,
    0xAE1B,0xAE1B,0xA61A,0xA61A,0xA61A,0xA61A,0xA61A,0xA61A,0xA61A,0xA61A,0xA61A,0xA61A,0xA61A,0xA61A,0xA61A,0xA61A,
    0xAE1B,0xAE1B,0xAE1B,0xAE1B,0xAE1B,0xA61A,0xA61A,0xA61A,0xA61A,0xA5FA,0xA5FA,0xA61A,0xA61A,0xAE1B,0xA61A,0xA61A,
    0xA61A,0xA61A,0xA5FA,0xA61A,0xA61A,0xA61A,0xA5FA,0xA5FA,0xA5FA,0xA5FA,0xA5FA,0xA5FA,0xA5FA,0xA5FA,0xA5FA,0xA5FA,
    0x9598,0x9D99,0x9D99,0x9DB9,0x9DB9,0x9D99,0x9D99,0x9DB9,0x9DB9,0x9DB9,0x9DB9,0x9DB9,0x9DB9,0x9DB9,0x9DB9,0x9DB9,
    0x9DB9,0x9DB9,0x9DB9,0x9DB9,0x9DB9,0x9599,0x9DB9,0x9DB9,0x9598,0x9599,0x9DB9,0x9DD9,0x9DD9,0x9DD9,0x9DB9,0x9DB9,
    0x9DB9,0x9DB9,0x9DB9,0x9DB9,0x9DD9,0x9DD9,0x9DD9,0x9DD9,0x9DD9,0x9DD9,0x9DD9,0x9DD9,0x9DD9,0x9DD9,0xA5DA,0xA5DA,
    0xA5DA,0xA5DA,0xA5DA,0xA5FA,0xA5FA,0xA5FA,0xA5FA,0xA5FA,0xA5FA,0x9DDA,0x9DDA,0x9DDA,0xA5FA,0xA5FA,0x9DDA,0x9DDA,
    0x9DD9,0x9DD9,0x9DD9,0x9DD9,0x9DD9,0x9DB9,0x9DB9,0x9DD9,0x9DD9,0x9DB9,0x9DDA,0x9DD9,0x9DB9,0x9DB9,0x9DB9,0x9DB9,
    0x9DB9,0x9DB9,0x9DB9,0x9DB9,0x9DB9,0x9DD9,0xA5DA,0xA5FA,0xA5DA,0xA5DA,0xA5DA,0xA5DA,0xA5FA,0xA5FA,0xA5DA,0x9DD9,
    0x9DB9,0x9DD9,0xA5DA,0xA5DA,0x9DD9,0x9DD9,0x9DD9,0xA5D9,0xA5F9,0xA5FA,0xA5FA,0xA5FA,0xA5FA,0xA5FA,0xA5FA,0xA5FA,
    0xA5FA,0xA5FA,0xA5FA,0xA5FA,0xA5FA,0xA5FA,0xA5FA,0xA5FA,0xA5FA,0xA61A,0xA61A,0xA61A,0xA61A,0xA61A,0xA61A,0xA61A,
    0xA61B,0xAE3B,0xAE1B,0xAE1B,0xAE1B,0xAE1B,0xAE1B,0xA61A,0xA61A,0xA61A,0xA61A,0xA61A,0xAE1B,0xAE1B,0xAE1B,0xAE1B,
    0xAE1B,0xA61B,0xA61A,0xA61B,0xAE1B,0xA61A,0xA61A,0xA61A,0xA61A,0xA61A,0xA5FA,0xA5FA,0xA61A,0xA61A,0xA61A,0xA61A,
    0xA61A,0xA61A,0xA61A,0xAE1A,0xAE1A,0xAE3A,0xAE3A,0xAE3A,0xAE1A,0xAE1A,0xAE1A,0xAE1A,0xAE3A,0xAE3A,0xAE3A,0xAE3A,
    0xAE3A,0xAE3B,0xAE3B,0xAE3B,0xAE3B,0xAE3B,0xAE3B,0xAE3B,0xAE3B,0xAE3B,0xAE3B,0xAE3A,0xAE3A,0xAE3A,0xAE3A,0xA61A,
    0xA61A,0xAE1A,0xAE1A,0xAE1A,0xAE3B,0xAE3B,0xAE3B,0xAE3B,0xAE3B,0xAE3B,0xAE3B,0xAE3B,0xAE3B,0xAE3B,0xAE3B,0xAE3B,
    0xAE3B,0xAE3B,0xAE3A,0xAE3A,0xAE3A,0xAE3A,0xAE3B,0xAE3B,0xAE3B,0xAE3B,0xAE3B,0xAE3B,0xAE3B,0xAE3B,0xAE3B,0xAE3B,
    0xAE3B,0xAE3B,0xAE3B,0xAE3B,0xAE3B,0xAE3B,0xAE3B,0xAE3B,0xAE3B,0xAE3B,0xAE3B,0xAE3B,0xAE3B,0xAE3B,0xAE3B,0xAE3B,
    0xAE3B,0xAE3B,0xAE3B,0xAE3B,0xAE3B,0xAE3B,0xAE3B,0xAE3B,0xAE5B,0xAE3B,0xAE3B,0xAE3B,0xAE3B,0xAE3B,0xAE1B,0xAE3B,
    0xAE5B,0xAE3B,0xAE3B,0xAE3B,0xAE3B,0xAE3B,0xAE3B,0xAE3B,0xAE3B,0xAE3B,0xAE3B,0xAE3B,0xAE3B,0xAE3B,0xAE3B,0xAE3B,
    0xAE3B,0xAE3B,0xAE1B,0xAE1B,0xAE3B,0xAE3B,0xAE3B,0xAE3B,0xAE3B,0xAE3B,0xAE3B,0xAE3B,0xAE3B,0xAE3B,0xAE3B,0xAE3B,
    0xAE3B,0xAE3B,0xAE3B,0xAE3B,0xAE3B,0xAE3B,0xAE3B,0xAE3B,0xAE3B,0xAE3B,0xAE3B,0xAE3B,0xAE3B,0xAE3B,0xAE3B,0xAE3B,
    0xAE3B,0xAE3B,0xAE3B,0xAE3B,0xAE3B,0xAE3B,0xAE3B,0xAE3B,0xAE3B,0xAE3B,0xAE3B,0xAE3B,0xAE3B,0xAE3B,0xAE3B,0xAE3B,
    0xAE3B,0xAE3B,0xAE3B,0xAE3B,0xAE3B,0xAE3B,0xAE1B,0xAE3B,0xAE1B,0xA61A,0xA61A,0xA61A,0xA61A,0xAE3B,0xAE3B,0xAE3B,
    0xAE3B,0xAE3B,0xAE3B,0xAE3B,0xAE3B,0xAE3B,0xAE3B,0xAE3B,0xAE3B,0xAE3B,0xAE3B,0xAE3B,0xAE3B,0xAE3B,0xAE3B,0xAE3B,
    0xAE3B,0xAE3B,0xAE3B,0xAE3B,0xAE3B,0xAE3B,0xAE3B,0xAE5B,0xAE3B,0xAE3B,0xAE3B,0xAE3B,0xAE3B,0xAE3B,0xAE3B,0xAE3B,
    0xAE1B,0xAE3B,0xAE3B,0xAE3B,0xAE3B,0xAE3B,0xAE3B,0xAE3B,0xAE3B,0xAE3B,0xAE3B,0xAE1B,0xAE1B,0xAE1B,0xAE1B,0xAE1B,
    0xAE1B,0xAE1B,0xAE1B,0xAE1B,0xAE3B,0xAE3B,0xAE3B,0xAE3B,0xAE3B,0xAE1B,0xAE1B,0xAE1B,0xAE1B,0xAE3B,0xAE3B,0xAE3B,
    0xAE3B,0xAE3B,0xAE1B,0xAE1B,0xAE1B,0xAE1B,0xAE1B,0xA61A,0xA61A,0xA61A,0xA61A,0xA61A,0xA61A,0xA61A,0xA61A,0xA61A,
    0xA61A,0xA61A,0xA61A,0xA61A,0xA61A,0xA61A,0xA61A,0xA61A,0xA61A,0xA61A,0xA61A,0xA61A,0xAE1B,0xAE1B,0xA61A,0xA61A,
    0xA61A,0xA61A,0xA61A,0xA61A,0xA61A,0xA61A,0xA5FA,0xA5FA,0xA5FA,0xA5FA,0xA5FA,0xA5FA,0xA5FA,0xA5FA,0xA5FA,0xA5FA,
    0x9DB9,0x9DB9,0x9DB9,0x9DB9,0x9DB9,0x9DB9,0x9DB9,0x9DB9,0x9D99,0x9D99,0x9DB9,0x9DB9,0x9DB9,0x9DB9,0x9DB9,0x9DB9,
    0x9DB9,0x9DB9,0x9DD9,0x9DB9,0x9DB9,0x9598,0x9DB9,0x9DB9,0x9578,0x9598,0x9DB9,0x9DB9,0x9DB9,0x9DD9,0x9DB9,0x9DB9,
    0x9DB9,0x9DB9,0x9DB9,0x9DB9,0x9DD9,0x9DD9,0x9DD9,0x9DD9,0x9DD9,0x9DD9,0x9DD9,0x9DD9,0x9DD9,0x9DD9,0x9DB9,0x9DB9,
    0x9DB9,0x9DB9,0x9DB9,0x9DB9,0x9DB9,0x9DB9,0x9DB9,0x9DD9,0x9DDA,0x9DDA,0x9DDA,0x9DDA,0x9DD9,0x9DDA,0x9DDA,0xA5FA,
    0xA5FA,0x9DDA,0x9DDA,0x9DDA,0x9DDA,0x9DD9,0x9DDA,0xA5FA,0xA5FA,0xA5FA,0x9DDA,0x9DD9,0x9DD9,0x9DDA,0xA5FA,0xA5FA,
    0xA5FA,0xA5FA,0xA5FA,0xA5DA,0xA5DA,0xA5DA,0x9DD9,0xA5DA,0xA5FA,0xA5FA,0xA5FA,0xA5DA,0xA5DA,0xA5FA,0xA5FA,0xA5DA,
    0xA5DA,0x9DD9,0x9DD9,0x9DD9,0x9DD9,0x9DD9,0x9DB9,0x9DB9,0x9DD9,0x9DD9,0x9DD9,0xA5F9,0xA5F9,0xA5F9,0xA5F9,0x9DD9,
    0x9DD9,0x9DD9,0x9DD9,0x9DD9,0x9DD9,0x9DD9,0x9DD9,0x9DD9,0x9DD9,0xA5FA,0xA5FA,0xA5FA,0xA5FA,0xA5FA,0xA5FA,0xA61A,
    0xA61A,0xA61A,0xA61A,0xA61A,0xA61A,0xA61A,0xA61A,0xA5FA,0xA5FA,0xA5FA,0xA5FA,0xA61A,0xA61B,0xA61B,0xA61B,0xA61B,
    0xA61B,0xA61A,0xA61A,0xA61A,0xA61A,0xAE1A,0xAE1A,0xAE1A,0xAE1A,0xAE1A,0xA61A,0xA61A,0xA61A,0xA61A,0xA61A,0xA61A,
    0xA61A,0xA61A,0xA61A,0xAE1A,0xAE1A,0xAE3B,0xAE3B,0xAE3B,0xAE3A,0xAE1A,0xAE1A,0xAE1A,0xAE1A,0xAE1A,0xAE1A,0xAE1A,
    0xAE1A,0xAE3B,0xAE3B,0xAE3B,0xAE3B,0xAE3B,0xAE3B,0xAE3B,0xAE3B,0xAE3B,0xAE3B,0xAE1A,0xAE1A,0xAE1A,0xAE1A,0xA61A,
    0xA61A,0xAE1A,0xAE1A,0xAE3A,0xA61A,0xA61A,0xA61A,0xA61A,0xA61A,0xA61A,0xA61A,0xA61A,0xA61A,0xAE3A,0xAE1A,0xAE1A,
    0xAE1A,0xAE3A,0xAE3A,0xAE3B,0xAE3B,0xAE3B,0xAE3B,0xAE3B,0xAE3B,0xAE3B,0xAE1B,0xAE1B,0xAE1B,0xAE1B,0xAE1B,0xAE1B,
    0xAE3B,0xAE3B,0xAE3B,0xAE3B,0xAE3B,0xAE3B,0xAE3B,0xAE3B,0xAE1B,0xAE3B,0xAE3B,0xAE3B,0xAE3B,0xAE3B,0xAE1B,0xAE1B,
    0xAE1B,0xAE1B,0xAE1B,0xAE3B,0xAE3B,0xAE3B,0xAE3B,0xAE3B,0xAE3B,0xAE3B,0xAE3B,0xAE3B,0xAE3B,0xAE3B,0xAE1B,0xA61A,
    0xA61A,0xA61A,0xA61A,0xA61A,0xA61A,0xA61A,0xAE1B,0xAE3B,0xAE3B,0xAE3B,0xAE3B,0xAE3B,0xAE3B,0xAE3B,0xAE3B,0xAE3B,
    0xAE3B,0xAE5B,0xAE5B,0xAE5B,0xAE3B,0xAE3B,0xAE3B,0xAE3B,0xAE3B,0xAE3B,0xAE3B,0xAE3B,0xAE3B,0xAE3B,0xAE3B,0xAE3B,
    0xAE3B,0xAE3B,0xAE3B,0xAE3B,0xAE3B,0xAE3B,0xAE3B,0xAE3B,0xAE3B,0xAE3B,0xAE3B,0xAE3B,0xAE3B,0xAE3B,0xAE3B,0xAE3B,
    0xAE3B,0xAE3B,0xAE3B,0xAE3B,0xAE3B,0xAE3B,0xAE3B,0xAE3B,0xAE3B,0xAE3B,0xAE3B,0xAE3B,0xAE3B,0xAE3B,0xAE3B,0xAE3B,
    0xAE3B,0xAE3B,0xAE3B,0xAE3B,0xAE3B,0xAE3B,0xAE3B,0xAE3B,0xAE3B,0xAE3B,0xAE3B,0xAE1B,0xA61A,0xAE1B,0xAE1B,0xAE1B,
    0xAE3B,0xAE3B,0xAE3B,0xAE3B,0xAE3B,0xAE3B,0xAE3B,0xAE1B,0xAE3B,0xAE3B,0xAE3B,0xAE3B,0xAE3B,0xAE3B,0xAE3B,0xAE1B,
    0xA61A,0xA61A,0xA61A,0xA61A,0xA61A,0xA61A,0xA61A,0xA61A,0xA61A,0xA61A,0xA61A,0xA61A,0xAE1B,0xAE3B,0xAE3B,0xAE1B,
    0xA61A,0xAE1B,0xAE1B,0xA61A,0xA61A,0xAE1B,0xAE1B,0xAE1B,0xAE1B,0xAE1B,0xAE1B,0xAE1B,0xAE1B,0xAE1B,0xAE1B,0xAE3B,
    0xAE3B,0xAE3B,0xAE3B,0xAE3B,0xAE3B,0xAE3B,0xAE3B,0xAE3B,0xAE3B,0xAE1B,0xAE1B,0xAE1B,0xAE1B,0xAE3B,0xAE3B,0xAE3B,
    0xAE3B,0xAE1B,0xAE3B,0xAE3B,0xAE3B,0xAE3B,0xAE3B,0xA61A,0xA61A,0xA61A,0xA61A,0xA61A,0xA61A,0xA61A,0xA61A,0xA61A,
    0xA61A,0xA61A,0xA61A,0xA61A,0xA61A,0xA61A,0xA61A,0xA61A,0xA61A,0xAE1B,0xA61A,0xA61A,0xA61A,0xA61A,0xA61A,0xA5FA,
    0xA61A,0xA61A,0xA61A,0xA61A,0xA61A,0xA61A,0xA5FA,0xA5FA,0xA5FA,0xA5FA,0xA5FA,0xA5FA,0xA5FA,0xA5FA,0xA5FA,0xA5FA,
    0x9D99,0x9D99,0x9DB9,0x9D99,0x9DB9,0x9DB9,0x9DB9,0x9DB9,0x9DB9,0x9DB9,0x9D99,0x9598,0x9598,0x9598,0x9598,0x9598,
    0x9598,0x9D99,0x9DB9,0x9DB9,0x9DB9,0x9DB9,0x9DB9,0x9DB9,0x9DD9,0x9DD9,0x9DB9,0x9DB9,0x9DB9,0x9DD9,0x9DD9,0x9DD9,
    0x9DD9,0x9DD9,0x9DD9,0x9DD9,0x9DD9,0x9DD9,0x9DD9,0x9DD9,0x9DD9,0x9DD9,0x9DD9,0x9DD9,0x9DD9,0x9DD9,0x9DB9,0x9DB9,
    0x9DB9,0x9DB9,0x9DB9,0x9DB9,0x9DB9,0x9DD9,0x9DD9,0x9DD9,0x9DD9,0x9DD9,0x9DD9,0x9DD9,0x9DD9,0x9DDA,0xA5FA,0xA5FA,
    0xA5FA,0xA5FA,0xA5FA,0xA5FA,0xA5FA,0xA5FA,0xA5FA,0xA5FA,0xA5FA,0xA5FA,0xA5FA,0x9DDA,0x9DD9,0x9DDA,0x9DDA,0x9DD9,
    0x9DDA,0x9DDA,0x9DD9,0x9DD9,0xA5DA,0xA5FA,0xA5FA,0xA5FA,0xA5FA,0xA5FA,0xA5DA,0x9DD9,0x9DD9,0xA5DA,0xA5DA,0xA5DA,
    0x9DD9,0xA5FA,0xA5FA,0xA5DA,0x9DD9,0x9DDA,0xA5FA,0xA5F9,0xA5D9,0x9DD9,0x9DD9,0xA5FA,0xA5FA,0xA5FA,0xA5FA,0xA5FA,
    0xA5FA,0xA5FA,0xA5FA,0xA5FA,0xA5DA,0xA5DA,0xA5FA,0xA5FA,0xA5DA,0xA5DA,0xA5DA,0xA5DA,0xA5DA,0xA5DA,0xA5DA,0xA5FA,
    0xA5FA,0xA5FA,0xA5FA,0xA5FA,0xA5FA,0xA5FA,0xA5FA,0xA61A,0xA61A,0xA61A,0xA61A,0xA61A,0xA61A,0xA61A,0xA61A,0xA61A,
    0xA61A,0xA61A,0xA61A,0xA61A,0xAE1A,0xA61A,0xA61A,0xA61A,0xA61A,0xA61A,0xA61A,0xA61A,0xAE1A,0xAE3B,0xAE1A,0xA61A,
    0xA61A,0xA61A,0xA61A,0xA61A,0xA61A,0xAE3A,0xAE3B,0xAE3B,0xAE1A,0xAE3A,0xAE3A,0xAE3A,0xAE1A,0xA61A,0xA61A,0xA61A,
    0xA61A,0xAE1B,0xA61B,0xA61A,0xA61A,0xAE1B,0xAE3B,0xAE3B,0xAE3B,0xAE3B,0xAE1A,0xA61A,0xA61A,0xAE1A,0xAE1A,0xAE3A,
    0xAE3A,0xAE3A,0xAE3A,0xAE3B,0xAE3A,0xAE3A,0xAE3A,0xAE3A,0xAE3B,0xAE3B,0xAE3A,0xAE3A,0xAE3B,0xAE3A,0xA61A,0xA61A,
    0xA61A,0xAE1A,0xAE3B,0xAE3A,0xAE3A,0xAE3A,0xAE3B,0xAE3B,0xA61A,0xA61A,0xAE3B,0xAE3B,0xAE3B,0xAE3B,0xAE3B,0xAE3B,
    0xAE3B,0xAE3B,0xAE3B,0xAE3B,0xAE3B,0xAE3B,0xAE3B,0xAE3B,0xAE3B,0xAE3B,0xAE3B,0xAE3B,0xAE3B,0xAE3B,0xAE1B,0xAE1B,
    0xAE1B,0xAE1B,0xAE1B,0xAE3B,0xAE3B,0xAE3B,0xAE3B,0xAE3B,0xAE3B,0xAE3B,0xAE3B,0xAE3B,0xAE3B,0xAE3B,0xAE3B,0xAE1B,
    0xA61A,0xA61A,0xA61A,0xA61A,0xA61A,0xA61A,0xA61A,0xAE1B,0xAE3B,0xAE3B,0xAE1B,0xAE1B,0xAE1B,0xAE1B,0xAE1B,0xA61A,
    0xAE1B,0xAE3B,0xAE3B,0xAE3B,0xAE3B,0xAE3B,0xAE3B,0xAE3B,0xAE3B,0xAE3B,0xAE3B,0xAE3B,0xAE3B,0xAE3B,0xAE3B,0xAE3B,
    0xAE3B,0xAE3B,0xAE3B,0xAE3B,0xAE3B,0xAE3B,0xAE3B,0xAE3B,0xAE3B,0xAE3B,0xAE3B,0xAE3B,0xAE3B,0xAE3B,0xAE3B,0xAE3B,
    0xAE3B,0xAE3B,0xAE3B,0xAE3B,0xAE3B,0xAE3B,0xAE3B,0xAE3B,0xAE3B,0xAE3B,0xAE3B,0xAE3B,0xAE3B,0xAE3B,0xAE3B,0xAE3B,
    0xAE3B,0xAE3B,0xAE3B,0xAE1B,0xAE1B,0xAE3B,0xAE3B,0xAE3B,0xAE3B,0xAE3B,0xAE3B,0xAE3B,0xAE3B,0xAE3B,0xAE3B,0xAE3B,
    0xAE3B,0xAE3B,0xAE3B,0xAE3B,0xAE3B,0xAE3B,0xA61A,0xA61A,0xA61A,0xAE1B,0xAE3B,0xAE3B,0xAE3B,0xAE3B,0xAE3B,0xAE3B,
    0xAE3B,0xAE1B,0xAE1B,0xAE3B,0xAE3B,0xAE3B,0xAE1B,0xA61A,0xA61A,0xA61A,0xA61A,0xA61A,0xA61A,0xAE1B,0xAE1B,0xAE1B,
    0xA61A,0xA61A,0xA61A,0xA61A,0xA61A,0xA61A,0xA61A,0xA61A,0xA61A,0xA61A,0xA61A,0xAE1B,0xAE1B,0xAE1B,0xAE1B,0xAE1B,
    0xAE1B,0xAE1B,0xAE1B,0xAE1B,0xA61A,0xA61A,0xA61A,0xA61A,0xA61A,0xAE1B,0xAE1B,0xAE1B,0xAE1B,0xAE1B,0xAE1B,0xAE1B,
    0xAE1B,0xAE3B,0xAE3B,0xAE3B,0xAE3B,0xAE3B,0xAE3B,0xA61A,0xA61A,0xA61A,0xA61A,0xAE1B,0xAE1B,0xAE1B,0xAE1B,0xAE1B,
    0xA61A,0xA61A,0xA61A,0xA61A,0xA61A,0xA61A,0xA61A,0xA61A,0xAE1B,0xAE1B,0xA61A,0xA61A,0xA61A,0xA61A,0xA5FA,0xA5FA,
    0xA61A,0xA61A,0xA61A,0xA61A,0xA61A,0xA61A,0xA5FA,0xA5FA,0xA5FA,0xA5FA,0xA5FA,0xA5FA,0xA5FA,0xA5FA,0xA5FA,0xA5FA,
    0x9D99,0x9D99,0x9598,0x9598,0x9D99,0x9DB9,0x9DB9,0x9DB9,0x9DB9,0x9DB9,0x9DB9,0x9DB9,0x9DB8,0x9DB8,0x9DB8,0x9598,
    0x9D98,0x9DB9,0x9599,0x9DB9,0x9DB9,0x9DB9,0x9DB9,0x9DB9,0x9DB9,0x9DB9,0x9DB9,0x9DB9,0x9DB9,0x9DB9,0x9DB9,0x9DB9,
    0x9DB9,0x9DB9,0x9DB9,0x9DB9,0x9598,0x9599,0x9DB9,0x9DB9,0x9DB9,0x9DD9,0x9DD9,0x9DD9,0x9DDA,0x9DD9,0x9DD9,0x9DD9,
    0x9DB9,0x9DB9,0x9DB9,0x9DB9,0x9DB9,0x9DB9,0x9598,0x9DB9,0x9DD9,0x9DB9,0x9DB9,0x9DB9,0x9DD9,0x9DD9,0x9DD9,0x9DDA,
    0x9DDA,0x9DD9,0x9DDA,0xA5FA,0xA5FA,0x9DDA,0x9DDA,0x9DDA,0x9DDA,0x9DDA,0xA5FA,0xA5FA,0xA5FA,0xA5FA,0xA5FA,0x9DDA,
    0xA5FA,0xA5FA,0xA5FA,0xA5FA,0xA5FA,0xA5FA,0xA5FA,0xA5FA,0x9DD9,0xA5FA,0xA5FA,0xA5FA,0xA5FA,0xA61A,0xA5FA,0xA5FA,
    0xA5FA,0xA5FA,0xA5FA,0xA5FA,0xA5FA,0xA5FA,0xA61A,0xA61A,0xA5FA,0xA5FA,0xA5FA,0xA5FA,0xA5FA,0xA5FA,0xA5FA,0xA5FA,
    0xA5FA,0xA5FA,0xA5FA,0xA5FA,0xA5FA,0xA5FA,0xA61A,0xA61A,0xA5FA,0xA5FA,0xA5FA,0xA5FA,0xA5FA,0xA5FA,0xA5FA,0xA5FA,
    0xA5FA,0xA5FA,0xA5D9,0x9DD9,0x9DD9,0x9DD9,0x9DD9,0x9DB9,0x9DB9,0x9DD9,0x9DD9,0x9DD9,0xA5F9,0xA5FA,0xA5FA,0xA61A,
    0xA61A,0xA61A,0xAE1A,0xAE1A,0xAE1A,0xA61A,0xA5FA,0xA5FA,0xA5FA,0xA5FA,0xA61A,0xA61A,0xA61A,0xA61A,0xA61A,0xA61A,
    0xA61A,0xA61A,0xA61A,0xA5FA,0xA61A,0xA61A,0xAE3A,0xAE3A,0xA61A,0xAE1A,0xAE1A,0xAE3A,0xAE1A,0xA61A,0xA61A,0xA61A,
    0xA61A,0xAE1B,0xA61A,0xA61A,0xA61A,0xA61A,0xA61A,0xAE1B,0xAE1B,0xAE3B,0xAE1A,0xA61A,0xAE1A,0xAE3A,0xAE3A,0xAE1A,
    0xAE1A,0xAE1A,0xAE3A,0xAE3A,0xAE1A,0xAE1A,0xAE1A,0xAE1A,0xAE1A,0xAE1A,0xAE3A,0xAE3B,0xAE3B,0xAE3A,0xAE3A,0xAE3A,
    0xAE1A,0xA61A,0xAE3A,0xAE1A,0xAE1A,0xA61A,0xAE1A,0xAE3B,0xAE3B,0xAE3B,0xAE3B,0xAE3B,0xAE3B,0xAE3B,0xAE3B,0xAE3B,
    0xAE3B,0xAE3B,0xAE3B,0xAE3B,0xAE3B,0xAE3B,0xAE3B,0xAE3B,0xAE3B,0xAE3B,0xAE3B,0xAE3B,0xAE3B,0xAE3B,0xAE3B,0xAE3B,
    0xAE1B,0xAE1B,0xAE1B,0xAE3B,0xAE3B,0xAE3B,0xAE3B,0xAE3B,0xAE3B,0xAE3B,0xAE3B,0xAE3B,0xAE3B,0xAE3B,0xAE3B,0xAE3B,
    0xAE3B,0xAE5B,0xAE5B,0xAE3B,0xAE3B,0xAE3B,0xAE3B,0xAE3B,0xAE3B,0xAE3B,0xAE3B,0xAE3B,0xAE3B,0xAE3B,0xAE3B,0xAE3B,
    0xAE3B,0xAE3B,0xAE3B,0xAE3B,0xAE3B,0xAE3B,0xAE3B,0xAE3B,0xAE3B,0xAE3B,0xAE3B,0xAE3B,0xAE3B,0xAE3B,0xAE3B,0xAE3B,
    0xAE3B,0xAE3B,0xAE3B,0xAE3B,0xAE3B,0xAE3B,0xAE3B,0xAE3B,0xAE3B,0xAE3B,0xAE3B,0xAE3B,0xAE3B,0xAE3B,0xAE3B,0xAE3B,
    0xAE3B,0xAE3B,0xAE3B,0xAE3B,0xAE3B,0xA61A,0xAE1B,0xAE3B,0xAE3B,0xAE3B,0xAE3B,0xAE3B,0xAE3B,0xAE3B,0xAE3B,0xAE3B,
    0xAE3B,0xAE3B,0xAE3B,0xAE3B,0xAE3B,0xAE3B,0xAE3B,0xAE3B,0xAE3B,0xAE3B,0xAE3B,0xAE3B,0xAE3B,0xAE3B,0xAE3B,0xAE3B,
    0xAE3B,0xAE3B,0xAE3B,0xAE3B,0xAE3B,0xAE3B,0xAE3B,0xAE1B,0xA61A,0xA61A,0xAE3B,0xAE3B,0xAE3B,0xAE3B,0xAE3B,0xAE3B,
    0xAE3B,0xAE3B,0xAE3B,0xAE3B,0xAE3B,0xAE3B,0xAE3B,0xAE3B,0xAE3B,0xAE3B,0xAE3B,0xAE3B,0xAE3B,0xAE3B,0xAE3B,0xAE3B,
    0xAE3B,0xAE3B,0xAE3B,0xAE3B,0xAE1B,0xAE1B,0xAE3B,0xAE3B,0xAE3B,0xAE3B,0xAE3B,0xA61A,0xA61A,0xA61A,0xA61A,0xA61A,
    0xA61A,0xA61A,0xA61A,0xA61A,0xA61A,0xA61A,0xA61A,0xA61A,0xA61A,0xA61A,0xA61A,0xA61A,0xA61A,0xA61A,0xA61A,0xA61A,
    0xAE1B,0xAE1B,0xAE1B,0xAE1B,0xAE1B,0xAE1B,0xAE1B,0xAE1B,0xAE1B,0xAE1B,0xAE1B,0xAE1B,0xAE1B,0xAE1B,0xAE1B,0xAE1B,
    0xA61A,0xA61A,0xA61A,0xA61A,0xA61A,0xA61A,0xA61A,0xA61A,0xA61A,0xA61A,0xA61A,0xA61A,0xA61A,0xA61A,0xA5FA,0xA5FA,
    0xA5FA,0xA5FA,0xA5FA,0xA61A,0xA61A,0xA61A,0xA61A,0xA61A,0xA5FA,0xA5FA,0xA5FA,0xA5FA,0xA5FA,0xA5DA,0xA5DA,0xA5DA,
    0x9578,0x9578,0x9578,0x9598,0x9578,0x9578,0x9578,0x9598,0x9598,0x9578,0x9578,0x9598,0x9598,0x9598,0x9D98,0x9598,
    0x9598,0x9D98,0x9DB9,0x9DB9,0x9DB9,0x9DB9,0x9DB9,0x9DB9,0x9DB9,0x9DB9,0x9DB9,0x9DD9,0x9DD9,0x9DB9,0x9DB9,0x9DB9,
    0x9DB9,0x9DB9,0x9DB9,0x9DB9,0x9598,0x9598,0x9599,0x9DB9,0x9599,0x9DB9,0x9DB9,0x9DB9,0x9DB9,0x9598,0x9DB9,0x9DD9,
    0x9DD9,0x9DB9,0x9DB9,0x9DD9,0x9DD9,0x9DB9,0x9D98,0x9DB9,0x9DB9,0x9DB9,0x9DB9,0x9DB9,0x9DB9,0x9DB9,0x9DB9,0x9DB9,
    0x9DB9,0x9DB9,0x9DD9,0x9DD9,0x9DD9,0x9DD9,0x9DB9,0x9DB9,0x9DB9,0x9DB9,0x9DB9,0x9DB9,0x9DD9,0x9DD9,0x9DD9,0x9DD9,
    0xA5FA,0xA5FA,0xA5FA,0xA5FA,0xA5FA,0xA5FA,0xA5FA,0xA5FA,0xA5DA,0x9DD9,0x9DD9,0x9DD9,0xA5FA,0xA5FA,0xA61A,0xA61A,
    0xA5FA,0xA5FA,0xA5FA,0xA5FA,0xA5FA,0xA61A,0xA61A,0xA5FA,0xA5FA,0xA5D9,0xA5D9,0xA5F9,0xA5F9,0xA5F9,0xA5F9,0x9DD9,
    0x9DD9,0x9DD9,0x9DD9,0x9DD9,0xA5DA,0x9DD9,0xA5FA,0xA5FA,0xA5FA,0xA5FA,0xA5FA,0xA5FA,0xA5FA,0xA5FA,0xA5FA,0xA5FA,
    0xA5FA,0xA5FA,0xA5FA,0xA5FA,0xA5FA,0xA5FA,0xA5FA,0xA5D9,0xA5D9,0xA5D9,0xA5D9,0x9DD9,0xA5D9,0xA5FA,0xA5FA,0xA5FA,
    0xA5FA,0xA5FA,0xA5FA,0xA5FA,0xA5FA,0xA5FA,0xA61A,0xA5FA,0xA5D9,0xA5D9,0xA5FA,0xA5F9,0xA5FA,0xA5FA,0xA61A,0xA5FA,
    0xA5F9,0xA5FA,0xA61A,0xA5FA,0xA5FA,0xA61A,0xA61A,0xA5FA,0x9DD9,0xA5D9,0xA5D9,0xA5F9,0xA5FA,0xA5FA,0xA5FA,0xA5FA,
    0xA61A,0xA61A,0xA61A,0xA61A,0xA61A,0xA5FA,0xA61A,0xA61A,0xA61A,0xA61A,0xA61A,0xA61A,0xA61A,0xAE1A,0xAE3A,0xA61A,
    0xA61A,0xA61A,0xA61A,0xA61A,0xA61A,0xA61A,0xA61A,0xA61A,0xA61A,0xA61A,0xA61A,0xA61A,0xA61A,0xAE3A,0xAE3A,0xAE3A,
    0xAE1A,0xAE1A,0xAE3B,0xAE3B,0xAE3B,0xAE3A,0xAE3B,0xAE3B,0xAE3B,0xAE3B,0xAE3B,0xAE3B,0xAE1B,0xAE1B,0xAE3B,0xAE3B,
    0xAE3B,0xAE1B,0xAE3B,0xAE3B,0xAE3B,0xAE3B,0xAE3B,0xAE3B,0xAE3B,0xA61A,0xA61A,0xA61A,0xA61A,0xA61A,0xAE1B,0xA61A,
    0xA61A,0xA61A,0xA61A,0xAE3B,0xAE3B,0xAE1B,0xAE1B,0xA61A,0xA61A,0xAE1B,0xAE3B,0xAE3B,0xAE3B,0xAE3B,0xAE3B,0xAE3B,
    0xAE1B,0xAE3B,0xAE3B,0xAE3B,0xAE3B,0xAE3B,0xAE3B,0xAE3B,0xAE3B,0xAE3B,0xAE3B,0xAE3B,0xAE3B,0xAE3B,0xAE3B,0xAE3B,
    0xAE3B,0xAE3B,0xAE3B,0xAE3B,0xAE3B,0xAE3B,0xAE3B,0xAE3B,0xAE3B,0xAE3B,0xAE3B,0xAE3B,0xAE3B,0xAE3B,0xAE3B,0xAE3B,
    0xAE3B,0xAE3B,0xAE3B,0xAE3B,0xAE3B,0xAE3B,0xAE3B,0xAE3B,0xAE3B,0xAE3B,0xAE3B,0xAE3B,0xAE3B,0xAE3B,0xAE3B,0xAE3B,
    0xAE3B,0xAE3B,0xAE3B,0xAE3B,0xAE3B,0xAE3B,0xAE3B,0xAE3B,0xAE3B,0xAE1B,0xAE1B,0xAE3B,0xAE3B,0xAE3B,0xAE3B,0xAE3B,
    0xAE3B,0xAE3B,0xAE3B,0xAE3B,0xAE3B,0xAE3B,0xAE3B,0xAE3B,0xAE3B,0xAE3B,0xAE3B,0xAE3B,0xAE3B,0xAE3B,0xAE3B,0xAE3B,
    0xAE3B,0xAE3B,0xAE3B,0xAE3B,0xAE3B,0xAE3B,0xAE3B,0xAE3B,0xAE3B,0xAE3B,0xAE3B,0xAE3B,0xAE3B,0xAE3B,0xAE3B,0xAE3B,
    0xAE3B,0xAE3B,0xAE3B,0xAE1B,0xAE1B,0xAE3B,0xAE3B,0xAE1B,0xAE3B,0xAE3B,0xAE3B,0xAE3B,0xAE3B,0xAE1B,0xAE1B,0xAE1B,
    0xAE1B,0xAE3B,0xAE3B,0xAE3B,0xAE3B,0xAE3B,0xAE3B,0xAE3B,0xAE3B,0xAE3B,0xAE3B,0xAE3B,0xAE3B,0xAE3B,0xAE3B,0xA61A,
    0xA61A,0xA61A,0xA61A,0xA61A,0xAE1B,0xAE1B,0xAE1B,0xAE1B,0xAE1B,0xAE1B,0xAE1B,0xAE1B,0xAE1B,0xA61A,0xA61A,0xA61A,
    0xA61A,0xA61A,0xAE1B,0xAE1B,0xAE1B,0xAE1B,0xAE1B,0xAE3B,0xAE3B,0xAE3B,0xAE3B,0xAE3B,0xAE1B,0xAE1B,0xAE1B,0xAE1B,
    0xA61A,0xA61A,0xA61A,0xA61A,0xA61A,0xA61A,0xA61A,0xA61A,0xA61A,0xA61A,0xA61A,0xA61A,0xA61A,0xA61A,0xA5FA,0xA5FA,
    0xA5FA,0xA5FA,0xA5FA,0xA5FA,0xA5FA,0xA5FA,0xA5FA,0xA5FA,0xA5FA,0xA5FA,0xA5FA,0xA5FA,0xA5FA,0xA5FA,0xA5FA,0xA5FA,
    0x9558,0x9558,0x9578,0x9598,0x9598,0x9578,0x9578,0x9D99,0x9DB8,0x9D98,0x9598,0x9578,0x9577,0x9598,0x9DB8,0x9598,
    0x9598,0x9598,0x9598,0x9598,0x9598,0x9578,0x9578,0x9598,0x9598,0x9DB9,0x9DB9,0x9DB9,0x9DB9,0x9DD9,0x9DD9,0x9DB9,
    0x9DB9,0x9DB9,0x9DB9,0x9DB9,0x9DB9,0x9DB9,0x9DB9,0x9DB9,0x9DB9,0x9599,0x9598,0x9DB9,0x9DD9,0x9DB9,0x9DB8,0x9DD9,
    0x9DD9,0x9DD9,0x9DB9,0x9DB8,0x9DB9,0x9DD9,0x9DD9,0x9DD9,0x9DD9,0x9DD9,0x9DB9,0x9DB9,0x9DB9,0x9DB9,0x9DB9,0x9DB9,
    0x9DB9,0x9DB9,0x9DB9,0x9DB9,0x9DD9,0x9DD9,0x9DD9,0x9DD9,0x9DD9,0x9DD9,0x9DD9,0x9DD9,0x9DDA,0xA5FA,0x9DDA,0x9DB9,
    0x9DD9,0x9DD9,0x9DD9,0x9DD9,0x9DD9,0x9DD9,0x9DD9,0x9DD9,0x9DD9,0x9DB9,0x9DB9,0x9DB9,0x9DD9,0xA5DA,0xA5FA,0xA5FA,
    0xA5FA,0xA5FA,0xA5FA,0xA5FA,0xA5FA,0xA5FA,0xA61A,0xA61A,0xA5FA,0xA5FA,0xA5FA,0xA5F9,0xA5F9,0xA5F9,0xA5F9,0xA5D9,
    0xA5DA,0xA5DA,0xA5FA,0xA5FA,0xA5FA,0x9DD9,0xA5DA,0xA5FA,0xA5FA,0xA5DA,0xA5DA,0xA5DA,0xA5DA,0xA5FA,0xA5FA,0xA5FA,
    0xA5FA,0xA5FA,0xA5FA,0xA5F9,0xA5F9,0xA5F9,0xA5F9,0xA5FA,0xA5FA,0xA5FA,0xA5F9,0xA5F9,0xA5FA,0xA61A,0xA5FA,0xA5F9,
    0xA5F9,0xA5F9,0xA5F9,0xA5F9,0x9DD9,0xA5D9,0xA5FA,0xA61A,0xA5FA,0xA5FA,0xA5FA,0xA5FA,0xA5FA,0xA5FA,0xA61A,0xA5FA,
    0xA5D9,0xA5FA,0xA61A,0xA5FA,0xA5FA,0xA5FA,0xA5FA,0xA5FA,0xA5FA,0xA5FA,0xA5FA,0xA5FA,0xA5FA,0xA5FA,0xA5FA,0xA61A,
    0xA61A,0xA5FA,0xA5FA,0xA5FA,0xA5FA,0xA5FA,0xA5FA,0xA5FA,0xA5FA,0xA5FA,0xA5FA,0xA5FA,0xA5FA,0xA5FA,0xA61A,0xA61A,
    0xA61A,0xA5FA,0xA5FA,0xA5FA,0xA61A,0xA61A,0xA61A,0xA61A,0xA61A,0xA61A,0xA61A,0xA61A,0xA61A,0xA61A,0xAE1A,0xAE1A,
    0xAE1A,0xAE1A,0xAE1A,0xAE1A,0xA61A,0xA61A,0xA61A,0xAE3B,0xAE1B,0xAE1B,0xA61A,0xA61A,0xA61A,0xAE1B,0xAE3B,0xAE3B,
    0xA61A,0xA61A,0xA61A,0xAE1B,0xAE3B,0xAE3B,0xAE3B,0xAE3B,0xAE3B,0xAE1B,0xA61A,0xA61A,0xA61A,0xA61A,0xAE1B,0xA61A,
    0xA61A,0xA61A,0xA61A,0xAE1B,0xA61A,0xA61A,0xA61A,0xA61A,0xA61A,0xA61A,0xA61A,0xAE1B,0xAE1B,0xAE1B,0xAE1B,0xAE1B,
    0xAE1B,0xAE3B,0xAE3B,0xAE1B,0xAE1B,0xAE1B,0xAE1B,0xAE3B,0xAE3B,0xAE3B,0xAE3B,0xAE3B,0xAE3B,0xAE3B,0xAE3B,0xAE3B,
    0xAE3B,0xAE3B,0xAE3B,0xAE3B,0xAE3B,0xAE3B,0xAE3B,0xAE3B,0xAE3B,0xAE3B,0xAE3B,0xAE3B,0xAE3B,0xAE3B,0xAE3B,0xAE3B,
    0xAE3B,0xAE3B,0xAE3A,0xAE3A,0xAE3A,0xAE3A,0xAE3A,0xAE3A,0xAE3A,0xAE3A,0xAE3A,0xAE3B,0xAE3B,0xAE3B,0xAE3B,0xAE3B,
    0xAE1B,0xAE1B,0xAE1B,0xAE1B,0xAE3B,0xAE5B,0xAE3B,0xAE3B,0xAE3B,0xAE3B,0xAE3B,0xAE3B,0xAE1B,0xAE1B,0xAE3B,0xAE3B,
    0xAE3B,0xAE3B,0xAE3B,0xAE3B,0xAE3B,0xAE3B,0xAE3B,0xAE3B,0xAE3B,0xAE3B,0xAE3B,0xAE3B,0xAE1B,0xAE3B,0xAE3B,0xAE3B,
    0xAE3B,0xAE3B,0xAE3B,0xAE3B,0xAE3B,0xAE3B,0xAE3B,0xAE3B,0xAE3B,0xAE3B,0xAE1B,0xAE3B,0xAE3B,0xAE3B,0xAE3B,0xAE3B,
    0xAE3B,0xAE3B,0xAE3B,0xAE3B,0xAE3B,0xAE3B,0xAE3B,0xAE3B,0xAE3B,0xAE3B,0xAE3B,0xAE3B,0xAE3B,0xAE3B,0xAE3B,0xAE3B,
    0xAE3B,0xAE3B,0xAE1B,0xAE1B,0xAE1B,0xAE3B,0xAE1B,0xAE1B,0xAE1B,0xAE1B,0xAE1B,0xAE3B,0xAE3B,0xAE3B,0xAE3B,0xAE1B,
    0xAE1B,0xAE1B,0xAE1B,0xAE1B,0xA61A,0xA61A,0xA61A,0xA61A,0xA61A,0xA61A,0xA61A,0xA61A,0xA61A,0xAE1B,0xAE1B,0xAE1B,
    0xA61A,0xA61A,0xA61A,0xA61A,0xA61A,0xA61A,0xA61A,0xA61A,0xA61A,0xA61A,0xA61A,0xA61A,0xA61A,0xA61A,0xA61A,0xA61A,
    0xA61A,0xA61A,0xA61A,0xA61A,0xA61A,0xA61A,0xA61A,0xA61A,0xA61A,0xA61A,0xA61A,0xA61A,0xA61A,0xA61A,0xA61A,0xA61A,
    0xA61A,0xA61A,0xA61A,0xA5FA,0xA5FA,0xA5FA,0xA5FA,0xA5FA,0xA5FA,0xA5FA,0xA5FA,0xA5FA,0xA5FA,0xA5FA,0xA5FA,0xA5FA,
    0x9598,0x9598,0x9598,0x9578,0x9598,0x9598,0x9598,0x9598,0x9598,0x9598,0x9577,0x9577,0x9577,0x9577,0x9598,0x9598,
    0x9577,0x9578,0x9598,0x9598,0x9598,0x9598,0x9598,0x9598,0x9598,0x9598,0x9D99,0x9599,0x9DB9,0x9DB9,0x9DB9,0x9DB9,
    0x9DB9,0x9DB9,0x9DB9,0x9DB9,0x9DB9,0x9599,0x9DB9,0x9D99,0x9599,0x9578,0x9578,0x9578,0x9598,0x9578,0x9578,0x9578,
    0x9598,0x9DB8,0x9DB8,0x9DD9,0x9DB8,0x9DB8,0x9DB8,0x9DD9,0x9DD9,0x9DB9,0x9DB9,0x9DB9,0x9DD9,0x9DB9,0x9DB9,0x9DB9,
    0x9DB9,0x9DB9,0x9DB9,0x9DB9,0x9DB9,0x9DB9,0x9DB9,0x9DB9,0x9DB9,0x9DB9,0x9DB9,0x9DB9,0x9DB9,0x9DD9,0x9DD9,0x9DD9,
    0x9DD9,0x9DDA,0x9DD9,0x9DD9,0x9DD9,0x9DD9,0x9DD9,0x9DD9,0x9DD9,0xA5DA,0x9DD9,0x9DD9,0x9DB9,0x9DB9,0x9DB9,0x9DB9,
    0x9DD9,0x9DD9,0x9DD9,0x9DD9,0x9DD9,0xA5DA,0xA5D9,0x9DD9,0xA5D9,0xA5D9,0xA5F9,0x9DD9,0x9DD9,0xA5D9,0xA5D9,0xA5FA,
    0xA5FA,0xA5FA,0xA61A,0xA61A,0xA61A,0xA5FA,0xA5FA,0xA61A,0xA61A,0xA5FA,0xA5FA,0xA5FA,0xA5FA,0xA5FA,0xA5FA,0xA5FA,
    0xA61A,0xA61A,0xA5FA,0xA5F9,0xA5F9,0xA5F9,0xA5F9,0xA5F9,0xA5F9,0xA5FA,0xA61A,0xA61A,0xA61A,0xA61A,0xA5F9,0xA5F9,
    0xA5F9,0xA5F9,0xA5FA,0xA5F9,0xA5F9,0xA5D9,0xA5FA,0xA5FA,0xA5FA,0xA61A,0xA61A,0xA5FA,0xA5FA,0xA5FA,0xA61A,0xA61A,
    0xA61A,0xA61A,0xA61A,0xA5FA,0xA5FA,0xA61A,0xA61A,0xA61A,0xA61A,0xA61A,0xA5FA,0xA5FA,0xA5FA,0xA5FA,0xA5FA,0xA5FA,
    0xA5FA,0xA61A,0xA61A,0xA5FA,0xA5FA,0xA5FA,0xA5DA,0xA5FA,0xA5FA,0xA5FA,0xA5D9,0x9DD9,0xA5D9,0xA5F9,0xA5F9,0xA5D9,
    0xA5D9,0xA5F9,0xA5FA,0xA5FA,0xA5FA,0xA5FA,0xA5FA,0xA5FA,0xA5FA,0xA5FA,0xA5FA,0xA61A,0xA61A,0xA5FA,0xA5FA,0xA61A,
    0xA61A,0xA61A,0xA61A,0xA61A,0xA5FA,0xA5FA,0xA5FA,0xA61A,0xA5FA,0xA5FA,0xA5DA,0xA5FA,0xA61A,0xA61A,0xA61A,0xA61A,
    0xA61B,0xA61A,0xA61A,0xA61A,0xA61A,0xAE3B,0xAE1B,0xAE1B,0xAE3B,0xAE1B,0xAE1B,0xAE1B,0xAE1B,0xAE1B,0xAE3B,0xAE3B,
    0xAE1B,0xAE1B,0xAE1B,0xAE3B,0xAE3B,0xAE3B,0xAE3B,0xAE3B,0xAE3B,0xAE3B,0xAE1B,0xAE1B,0xAE3B,0xAE3B,0xAE3B,0xAE3B,
    0xAE3B,0xAE3B,0xAE3B,0xAE3B,0xAE3B,0xAE3B,0xAE3B,0xAE3B,0xAE3B,0xAE3B,0xAE3B,0xAE3B,0xAE3B,0xAE3B,0xAE3B,0xAE1B,
    0xAE1B,0xAE3B,0xAE3B,0xAE3B,0xAE3B,0xAE3B,0xAE3B,0xAE3B,0xAE3B,0xAE3B,0xAE3B,0xAE3B,0xAE3B,0xAE3B,0xAE3B,0xAE3B,
    0xAE3B,0xAE3A,0xAE3A,0xAE3A,0xAE3A,0xAE3A,0xAE3A,0xAE3A,0xAE3A,0xAE3A,0xAE3A,0xAE3B,0xAE3B,0xAE3B,0xAE3B,0xAE3B,
    0xAE3B,0xAE3B,0xAE3B,0xAE3B,0xAE3B,0xAE3B,0xAE3B,0xAE3B,0xAE3B,0xAE3B,0xAE3B,0xAE3B,0xAE3B,0xAE3B,0xAE3B,0xAE3B,
    0xAE3B,0xAE3B,0xAE3B,0xAE3B,0xAE3B,0xAE3B,0xAE3B,0xAE3B,0xAE3B,0xAE3B,0xAE3B,0xAE3B,0xAE3B,0xAE3B,0xAE3B,0xAE3B,
    0xAE3B,0xAE3B,0xAE3B,0xAE3B,0xAE3B,0xAE1B,0xA61A,0xAE1B,0xAE3B,0xAE3B,0xA61A,0xA61A,0xA61A,0xA61A,0xA61A,0xAE1B,
    0xAE1B,0xAE1B,0xAE1B,0xAE3B,0xAE3B,0xAE3B,0xAE3B,0xAE3B,0xAE3B,0xAE3B,0xAE3B,0xAE3B,0xAE3B,0xAE3B,0xAE3B,0xAE3B,
    0xAE3B,0xAE1B,0xAE1B,0xAE3B,0xAE3B,0xAE3B,0xAE3B,0xAE3B,0xAE3B,0xAE3B,0xAE3B,0xAE1B,0xAE1B,0xAE1B,0xAE1B,0xA61A,
    0xA61A,0xA61A,0xA61A,0xA61A,0xA61A,0xA61A,0xA61A,0xA61A,0xA61A,0xA61A,0xA61A,0xA61A,0xA61A,0xA61A,0xA61A,0xA61A,
    0xA61A,0xA61A,0xA61A,0xA61A,0xA61A,0xA61A,0xA61A,0xA61A,0xA61A,0xA61A,0xA61A,0xA61A,0xA61A,0xA61A,0xA61A,0xA61A,
    0xA61A,0xA61A,0xA61A,0xA61A,0xA61A,0xA61A,0xA61A,0xA61A,0xA61A,0xA61A,0xA61A,0xA61A,0xA61A,0xA61A,0xA61A,0xA61A,
    0xA61A,0xA61A,0xA61A,0xA61A,0xA61A,0xA61A,0xA61A,0xA61A,0xA5FA,0xA5FA,0xA5FA,0xA5FA,0xA5FA,0xA5FA,0xA5FA,0xA5FA,
    0x9598,0x9598,0x9578,0x9578,0x9578,0x9598,0x9598,0x9598,0x9578,0x9598,0x9598,0x9598,0x9598,0x9598,0x9598,0x9598,
    0x9598,0x9598,0x9DB8,0x9DB9,0x9DD9,0x9DD9,0x9DB9,0x9DB9,0x9DB9,0x9598,0x9598,0x95B8,0x95B8,0x95B8,0x9598,0x95B8,
    0x9DB9,0x9DB9,0x95B8,0x9598,0x95B8,0x9DB9,0x9DB9,0x9598,0x9598,0x9DB9,0x9598,0x9598,0x9598,0x9598,0x9578,0x9577,
    0x9577,0x9598,0x9598,0x9598,0x9598,0x9598,0x9598,0x9DB9,0x9DB9,0x9DB9,0x9DB9,0x9DB9,0x9DB9,0x9DB9,0x9DB9,0x9DB9,
    0x9DB9,0x9DB9,0x9DD9,0x9DD9,0x9DD9,0x9DB9,0x9DD9,0x9DD9,0x9DD9,0x9DD9,0x9DB9,0x9DB9,0x9DB9,0x9DD9,0x9DD9,0x9DD9,
    0x9DB9,0x9DB9,0x9DB9,0x9DB9,0x9DB9,0x9DB9,0x9DD9,0x9DD9,0x9DD9,0x9DD9,0xA5D9,0x9DD9,0x9DD9,0x9DB9,0x9598,0x9578,
    0x9598,0x9598,0x9598,0x9D99,0x9DB9,0x9DB9,0x9DB9,0x9DB9,0x9DB9,0x9DD9,0xA5D9,0xA5D9,0x9DD9,0x9DD9,0x9DD9,0x9DD9,
    0x9DD9,0x9DD9,0x9DD9,0x9DD9,0x9DD9,0x9DD9,0x9DB9,0x9DD9,0xA5D9,0xA5D9,0xA5D9,0xA5FA,0xA5FA,0xA5FA,0xA5FA,0xA5FA,
    0xA5FA,0xA5FA,0xA5FA,0xA5FA,0xA5FA,0xA61A,0xA5FA,0xA5F9,0xA5F9,0xA5FA,0xA5FA,0xA5FA,0xA61A,0xA5FA,0xA5F9,0xA5D9,
    0xA5F9,0xA5FA,0xA61A,0xA61A,0xA61A,0xA5FA,0xA5F9,0xA5F9,0xA5F9,0xA5F9,0xA5FA,0xA5FA,0xA5FA,0xA5F9,0xA5D9,0xA5D9,
    0xA5D9,0xA5F9,0xA5FA,0xA61A,0xA61A,0xA61A,0xA61A,0xA61A,0xA61A,0xA61A,0xA5FA,0xA5FA,0xA5FA,0xA61A,0xA5FA,0xA5F9,
    0xA5D9,0xA5FA,0xA61A,0xA61A,0xA61A,0xA61A,0xA61A,0xA61A,0xA61A,0xA61A,0xA61A,0xA61A,0xA61A,0xA61A,0xA61A,0xA5FA,
    0xA5FA,0xA5FA,0xA5FA,0xA5FA,0xA5FA,0xA5FA,0xA5FA,0xA5FA,0xA61A,0xA61A,0xAE1A,0xA61A,0xAE1A,0xA61A,0xA5FA,0xA5FA,
    0xA61A,0xA61A,0xAE1A,0xA61A,0xA5FA,0xA5FA,0xA5FA,0xA5FA,0xA5FA,0xA5FA,0xA5FA,0xA5FA,0xA5FA,0xA61A,0xA61A,0xA61A,
    0xAE3B,0xA61A,0xA61A,0xA61A,0xA61A,0xA5FA,0xA61A,0xA61A,0xA61A,0xA61A,0xA61A,0xA61A,0xA61A,0xA5FA,0xA61A,0xA61A,
    0xA61A,0xA61A,0xA61A,0xA61A,0xA61A,0xA61A,0xA61A,0xAE1A,0xAE1A,0xAE1A,0xA61A,0xA61A,0xA61A,0xA61A,0xAE1A,0xAE1A,
    0xAE3B,0xAE3B,0xAE3B,0xAE3B,0xAE3B,0xAE3B,0xAE3B,0xAE3B,0xAE1A,0xA61A,0xA61A,0xA61A,0xA61A,0xA61A,0xA61A,0xA61A,
    0xA61A,0xA61A,0xAE1A,0xAE3B,0xAE3B,0xAE3B,0xAE3B,0xAE3B,0xAE1A,0xA61A,0xA61A,0xA61A,0xA61A,0xA61A,0xA61A,0xA61A,
    0xA61A,0xA61A,0xAE1A,0xAE1A,0xAE3A,0xAE3A,0xA61A,0xA61A,0xA61A,0xAE1A,0xAE3A,0xAE3B,0xAE3B,0xAE3B,0xAE1A,0xAE3B,
    0xAE3B,0xAE3B,0xAE3B,0xAE1A,0xAE1A,0xAE3B,0xAE3B,0xAE3B,0xAE3B,0xAE3B,0xAE3B,0xAE3B,0xAE3B,0xAE3B,0xAE3B,0xAE3B,
    0xAE3B,0xAE3B,0xAE3B,0xAE3B,0xAE3B,0xAE3B,0xAE3B,0xAE3B,0xAE3B,0xAE3B,0xAE3B,0xAE3B,0xAE3B,0xAE3B,0xAE1A,0xAE3B,
    0xAE3B,0xAE3B,0xAE3B,0xAE3B,0xAE3B,0xAE3B,0xAE3B,0xAE3B,0xAE3B,0xAE3B,0xAE3B,0xAE3B,0xAE3B,0xAE3B,0xAE3B,0xAE3B,
    0xAE1A,0xAE1A,0xA61A,0xA61A,0xAE1A,0xAE3B,0xAE3B,0xAE3B,0xAE1A,0xAE1A,0xAE1A,0xA61A,0xA61A,0xA61A,0xA61A,0xA61A,
    0xA61A,0xAE1A,0xAE1A,0xAE3B,0xAE3B,0xAE3B,0xAE3B,0xAE3B,0xAE3B,0xAE3B,0xAE3B,0xAE1B,0xAE1B,0xAE1B,0xAE1B,0xAE1B,
    0xAE1B,0xA61A,0xA61A,0xA61A,0xA61A,0xA61A,0xAE1B,0xA61A,0xA61A,0xAE3B,0xAE3B,0xAE3B,0xAE3B,0xAE3B,0xAE1B,0xA61A,
    0xA61A,0xA61A,0xA61A,0xA61A,0xA61A,0xA61A,0xA61A,0xA61A,0xA61A,0xA61A,0xA61A,0xA61A,0xA61A,0xA61A,0xA61A,0xA61A,
    0xA5FA,0xA61A,0xA61A,0xA61A,0xA61A,0xA5FA,0xA61A,0xA61A,0xA61A,0xA61A,0xA61A,0xA61A,0xA61A,0xA61A,0xA61A,0xA61A,
    0xA61A,0xA61A,0xA61A,0xA61A,0xA61A,0xA61A,0xA61A,0xA61A,0xA5FA,0xA5FA,0xA5FA,0xA5FA,0xA5FA,0xA5FA,0xA5FA,0xA5FA,
    0x95B8,0x9DB8,0x9DB8,0x9DB8,0x9598,0x95B8,0x95B8,0x9DB8,0x95B8,0x95B8,0x9DB9,0x9DB9,0x9DB9,0x9DD9,0x9DD9,0x9DB9,
    0x9DD9,0x9DB9,0x9DB8,0x9DB8,0x9598,0x9598,0x9598,0x9598,0x9DB8,0x9DB8,0x9598,0x9DB8,0x9DB9,0x9DB9,0x9DB8,0x9DB8,
    0x9DB9,0x9DB9,0x9DD9,0x9DD9,0x9DD9,0x9DD9,0x9DB9,0x9DD9,0x9DB9,0x9DB9,0x9DB8,0x9DD9,0x9DD9,0x9DD9,0x9DB9,0x9DB9,
    0x9DB9,0x9DD9,0x9DD9,0x9DD9,0x9DD9,0x9DD9,0x9DB9,0x9DB9,0x9DB9,0x9DD9,0x9DD9,0x9DD9,0x9DB9,0x9DB9,0x9DB9,0x9DB9,
    0x9DB9,0x9DB9,0x9DB9,0x9DB9,0x9DB9,0x9DB8,0x9DB9,0x9DD9,0xA5D9,0xA5D9,0x9DD9,0x9DB9,0x9DB8,0x9DD9,0x9DD9,0x9DD9,
    0x9DD9,0x9DD9,0x9DB9,0x9DB9,0x9DD9,0x9DB9,0x9DB9,0x9DB9,0x9DB8,0x9DB9,0x9DB9,0x9DD9,0x9DD9,0x9DD9,0x9DD9,0x9DB9,
    0x9599,0x9599,0x9DB9,0x9DB9,0x9DB9,0x9DB9,0x9DB9,0x9DB9,0x9DB9,0x9DB9,0x9DD9,0xA5F9,0xA5D9,0x9DD9,0x9DD9,0x9DB9,
    0x9DB9,0x9DB9,0x9DB9,0x9DD9,0x9DB9,0x9DB9,0x9DB9,0x9DB9,0x9DB9,0x9DB8,0x9DB9,0x9DB9,0x9DB9,0x9DD9,0xA5D9,0xA5D9,
    0xA5F9,0xA5F9,0xA5D9,0xA5D9,0xA5D9,0xA5FA,0xA5FA,0x9DD9,0x9DD9,0x9DD9,0x9DD9,0xA5F9,0xA5FA,0xA5FA,0xA5F9,0xA5FA,
    0xA5FA,0xA5FA,0xA5FA,0xA5F9,0x9DD9,0xA5D9,0xA5F9,0xA5FA,0xA5FA,0xA5FA,0xA5F9,0xA5FA,0xA5FA,0xA5F9,0xA5D9,0x9DD9,
    0xA5D9,0xA5FA,0xA61A,0xA5FA,0xA5FA,0xA5FA,0xA5FA,0xA5FA,0xA5FA,0xA61A,0xA61A,0xA5FA,0xA61A,0xA61A,0xA61A,0xA5FA,
    0xA5FA,0xA61A,0xA61A,0xA61A,0xA61A,0xA61A,0xA61A,0xA61A,0xA61A,0xA61A,0xA61A,0xA61A,0xA61A,0xA61A,0xAE1A,0xAE1A,
    0xAE1A,0xAE1A,0xAE1A,0xAE1A,0xA61A,0xA61A,0xA61A,0xA61A,0xA61A,0xA61A,0xA61A,0xA61A,0xA61A,0xAE1A,0xAE1A,0xA61A,
    0xA61A,0xAE1A,0xAE1A,0xA61A,0xA61A,0xA61A,0xA61A,0xA61A,0xA61A,0xAE1A,0xA61A,0xA61A,0xA61A,0xA61A,0xA61A,0xA61A,
    0xA61A,0xA61A,0xA61A,0xA61A,0xA61A,0xA61A,0xA5FA,0xA5FA,0xA5FA,0xA5FA,0xA5FA,0xA5FA,0xA61A,0xA61A,0xA61A,0xA61A,
    0xA61A,0xA5FA,0xA5FA,0xA61A,0xA61A,0xA61A,0xA61A,0xA61A,0xA61A,0xA61A,0xA61A,0xA5FA,0xA5FA,0xA5FA,0xA61A,0xA61A,
    0xA61A,0xA5FA,0xA5FA,0xA61A,0xA61A,0xA61A,0xAE1A,0xAE3A,0xAE1A,0xA61A,0xA61A,0xA61A,0xA61A,0xA61A,0xA61A,0xA61A,
    0xA61A,0xA61A,0xA61A,0xA61A,0xA61A,0xA61A,0xAE3A,0xAE3A,0xAE3A,0xAE1A,0xA61A,0xA61A,0xA5FA,0xA61A,0xA61A,0xA61A,
    0xA61A,0xAE1A,0xA61A,0xA61A,0xAE3A,0xAE1A,0xA61A,0xA61A,0xA61A,0xA61A,0xAE1A,0xA61A,0xA61A,0xA61A,0xA5FA,0xA5FA,
    0xA61A,0xA61A,0xAE1A,0xAE3A,0xAE3B,0xAE3B,0xAE3B,0xAE3B,0xAE3B,0xA61A,0xA61A,0xA61A,0xA61A,0xA61A,0xA61A,0xA61A,
    0xA61A,0xA61A,0xA61A,0xA61A,0xA61A,0xA61A,0xA61A,0xA61A,0xA61A,0xA61A,0xA61A,0xA61A,0xAE1A,0xAE3B,0xAE3B,0xAE3A,
    0xAE3A,0xAE3B,0xAE3B,0xAE3B,0xAE3B,0xAE3B,0xAE3B,0xAE3B,0xAE3B,0xAE3A,0xA61A,0xAE3A,0xAE3B,0xAE3A,0xAE3A,0xAE3B,
    0xAE3A,0xAE3A,0xAE1A,0xA61A,0xAE1A,0xAE1A,0xAE3A,0xAE3B,0xAE3A,0xAE3A,0xAE1A,0xA61A,0xA61A,0xA61A,0xA61A,0xA61A,
    0xA61A,0xA61A,0xA61A,0xA61A,0xA61A,0xA61A,0xA61A,0xA61A,0xA61A,0xA61A,0xA61A,0xA61A,0xA61A,0xA61A,0xA61A,0xAE1B,
    0xAE1B,0xAE1B,0xA61A,0xA61A,0xA61A,0xAE1B,0xAE3B,0xAE1B,0xA61A,0xAE1B,0xAE1B,0xAE1B,0xAE1B,0xAE3B,0xAE3B,0xA61A,
    0xA61A,0xAE3B,0xAE1B,0xA61A,0xA61A,0xA61A,0xA61A,0xA61A,0xA61A,0xA61A,0xA61A,0xA61A,0xA61A,0xA61A,0xA61A,0xA61A,
    0xA61A,0xA61A,0xA61A,0xA61A,0xA61A,0xA5FA,0xA61A,0xA61A,0xA61A,0xA61A,0xA61A,0xA61A,0xA61A,0xA5FA,0xA61A,0xA61A,
    0xA61A,0xA61A,0xA61A,0xA61A,0xA61A,0xA61A,0xA61A,0xA61A,0xA61A,0xA5FA,0xA5FA,0xA5FA,0xA5FA,0xA5FA,0xA5FA,0xA5FA,
    0x9598,0x9DB8,0x9DB9,0x9DB9,0x9DB9,0x9DB9,0x9DD9,0x9DD9,0x9DD9,0x9DD9,0x9DB8,0x9DB9,0x9DD9,0x95B8,0x9DB8,0x9DB8,
    0x9DB9,0x9DB8,0x9598,0x9577,0x8D57,0x8D57,0x8D57,0x8D77,0x9598,0x9598,0x9578,0x9578,0x9598,0x9DB8,0x95B8,0x9598,
    0x95B8,0x95B8,0x9DB9,0x9DD9,0x9DD9,0x9DD9,0x9DD9,0x9DD9,0x9DD9,0x9DD9,0x9DB9,0x9DD9,0x9DD9,0x9DB9,0x9DD9,0x9DD9,
    0x9DD9,0x9DD9,0x9DD9,0x9DD9,0x9DD9,0x9DD9,0x9DD9,0x9DD9,0x9DD9,0x9DB9,0x9DB9,0x9DB9,0x9DD9,0x9DD9,0x9DD9,0x9DD9,
    0x9DB9,0x9DB9,0x9DB9,0x9DB9,0x9DB9,0x9D98,0x9D98,0x9DB9,0x9DB9,0x9DB9,0x9DD9,0x9DB9,0x9598,0x9DB9,0x9DB9,0x9DB9,
    0x9DB9,0x9DD9,0xA5D9,0xA5F9,0xA5D9,0xA5D9,0x9DD9,0x9DD9,0x9DD9,0x9DD9,0x9DD9,0x9DD9,0xA5D9,0xA5FA,0xA5FA,0x9DD9,
    0x9DD9,0x9DD9,0x9DD9,0x9DFA,0x9DDA,0x9DD9,0xA5D9,0x9DD9,0x9DD9,0x9DD9,0xA5F9,0xA5FA,0xA5FA,0xA5FA,0xA5FA,0xA5FA,
    0xA5FA,0xA5D9,0x9DD9,0x9DD9,0x9DD9,0xA5F9,0xA5FA,0xA5FA,0x9DD9,0x9DD9,0x9DD9,0x9DD9,0x9DD9,0x9DD9,0x9DD9,0x9DD9,
    0x9DD9,0x9DD9,0x9DB9,0x9DD9,0x9DD9,0x9DD9,0x9DD9,0x9DD9,0x9DB9,0x9598,0x9598,0x9DB8,0x9DB9,0x9DB9,0x9DB9,0x9DD9,
    0x9DD9,0x9DD9,0xA5F9,0xA5F9,0xA5F9,0xA5F9,0xA5FA,0xA5FA,0xA61A,0xA5FA,0xA5FA,0xA5FA,0xA5FA,0xA5FA,0xA5FA,0xA5FA,
    0xA5FA,0xA61A,0xA61A,0xA5F9,0xA5D9,0xA5D9,0xA5D9,0xA5D9,0xA5D9,0xA5FA,0xA5FA,0xA5FA,0xA5FA,0xA5FA,0xA5FA,0xA61A,
    0xA61A,0xA5FA,0xA5FA,0xA5F9,0xA5FA,0xA5FA,0xA5FA,0xA5FA,0xA61A,0xAE1A,0xA61A,0xA5FA,0xA5FA,0xA61A,0xA61A,0xA61A,
    0xA61A,0xAE1A,0xAE3A,0xAE3A,0xA61A,0xA61A,0xA61A,0xA5FA,0xA5FA,0xA5FA,0xA61A,0xA5FA,0xA5FA,0xA61A,0xA61A,0xA61A,
    0xA61A,0xA61A,0xA61A,0xA61A,0xA61A,0xAE1A,0xAE3A,0xAE3A,0xAE3B,0xAE3A,0xA61A,0xA61A,0xA61A,0xA61A,0xA61A,0xA61A,
    0xA5FA,0xA5FA,0xA5FA,0xA61A,0xA61A,0xA5FA,0xA5DA,0x9DD9,0xA5FA,0xA5FA,0xA5F9,0xA5FA,0xA5FA,0xA5FA,0xA61A,0xA61A,
    0xA5FA,0xA5FA,0xA5FA,0xA5FA,0xA61A,0xA61A,0xA61A,0xA61A,0xA61A,0xA61A,0xA5FA,0xA5FA,0xA5FA,0xA5FA,0xA5FA,0xA5FA,
    0xA5FA,0xA5FA,0xA5FA,0xA5FA,0xA5FA,0xA5FA,0xA61A,0xA61A,0xAE1A,0xA61A,0xA61A,0xA61A,0xA61A,0xA61A,0xA61A,0xA61A,
    0xA61A,0xA61A,0xA61A,0xA61A,0xA5FA,0xA61A,0xA61A,0xA61A,0xAE1A,0xAE3A,0xAE1A,0xA61A,0xA61A,0xA61A,0xA61A,0xA61A,
    0xAE1A,0xAE1A,0xA61A,0xA61A,0xAE3A,0xAE1A,0xAE1A,0xAE3A,0xAE1A,0xA61A,0xA61A,0xAE3A,0xAE3A,0xAE1A,0xA61A,0xA61A,
    0xA5FA,0xA61A,0xAE1A,0xAE3B,0xAE3A,0xAE3A,0xAE3A,0xAE3A,0xAE3A,0xAE1A,0xAE1A,0xAE1A,0xAE1A,0xAE1A,0xAE1B,0xAE1B,
    0xAE1B,0xAE1B,0xAE1B,0xAE1B,0xAE1B,0xAE1B,0xAE1B,0xA61A,0xA5FA,0xA5FA,0xA5D9,0x9DD9,0xA5FA,0xA5FA,0xA61A,0xA61A,
    0xA61A,0xA61A,0xA61A,0xA61A,0xA61A,0xAE1A,0xAE1A,0xAE1A,0xAE1A,0xAE1A,0xA61A,0xAE1A,0xAE3A,0xAE3A,0xA61A,0xA61A,
    0xA61A,0xA61A,0xA61A,0xA61A,0xA61A,0xA61A,0xA61A,0xA61A,0xAE1A,0xAE1A,0xAE1A,0xAE1A,0xAE1A,0xAE1A,0xAE1A,0xAE1A,
    0xAE1A,0xA61A,0xA61A,0xA61A,0xA61A,0xA61A,0xA61A,0xA61A,0xA61A,0xA61A,0xA61A,0xA61A,0xA61A,0xA61A,0xA61A,0xA61A,
    0xA61A,0xA61A,0xA61A,0xA61A,0xA61A,0xA61A,0xAE1B,0xA61A,0xA61A,0xAE1B,0xAE1B,0xAE1B,0xAE1B,0xA61A,0xA61A,0xA61A,
    0xAE3B,0xAE3B,0xA61A,0xA61A,0xA61A,0xA61A,0xA61A,0xA61A,0xA61A,0xA61A,0xA61A,0xA61A,0xA61A,0xA61A,0xA61A,0xA61A,
    0xA61A,0xA61A,0xA61A,0xA61A,0xA61A,0xA61A,0xA61A,0xA61A,0xA61A,0xA61A,0xA61A,0xA61A,0xA5FA,0xA5FA,0xA5FA,0xA61A,
    0xA61A,0xA61A,0xA61A,0xA61A,0xA61A,0xA5FA,0xA5FA,0xA5FA,0xA5FA,0xA5FA,0xA5FA,0xA5FA,0xA5FA,0xA5FA,0xA5FA,0xA5FA,
    0x9598,0x9598,0x9578,0x9578,0x9598,0x9598,0x9598,0x9598,0x9598,0x9598,0x9578,0x9578,0x9598,0x9598,0x9598,0x95B8,
    0x9DB8,0x9DB9,0x95B8,0x9598,0x9598,0x95B8,0x9598,0x9598,0x9DB9,0x95B8,0x9598,0x9598,0x9598,0x9598,0x8D57,0x8D37,
    0x8D57,0x8D57,0x8D57,0x8D77,0x9578,0x9598,0x9598,0x95B8,0x9DB8,0x9DB9,0x9DB9,0x9DB9,0x9DD9,0x9DB9,0x9DB9,0x9DB9,
    0x9598,0x9578,0x9578,0x9598,0x9598,0x95B8,0x9DB8,0x9DD9,0x9DD9,0x9DD9,0x9DD9,0x9DD9,0x9DB9,0x9DB9,0x9DB9,0x9DB9,
    0x9DB9,0x9DD9,0x9DD9,0x9DD9,0x9DD9,0x9DD9,0x9DD9,0x9DD9,0x9DD9,0x9DB9,0x9DD9,0xA5D9,0xA5D9,0x9DD9,0x9DB9,0x9DD9,
    0x9DB9,0x9DB9,0x9DD9,0x9DD9,0x9DD9,0x9DD9,0xA5D9,0xA5F9,0xA5D9,0xA5F9,0xA5F9,0xA5F9,0xA5FA,0xA5FA,0xA5FA,0xA5FA,
    0xA5FA,0xA5F9,0xA5F9,0xA5F9,0x9DF9,0x9DF9,0x9DD9,0x9DB9,0x9DB9,0x9DB9,0x9DD9,0x9DD9,0x9DD9,0xA5D9,0xA5F9,0xA5FA,
    0xA5F9,0xA5D9,0x9DD9,0xA5D9,0xA5F9,0xA5FA,0xA5FA,0xA5FA,0xA5F9,0xA5F9,0xA5F9,0xA5D9,0x9DD9,0x9DD9,0xA5D9,0x9DD9,
    0x9DD9,0x9DD9,0x9DD9,0x9DD9,0x9DD9,0xA5D9,0xA5F9,0xA5FA,0x9DD9,0x9DD9,0x9DD9,0x9DD9,0x9DD9,0x9DD9,0x9DD9,0xA5F9,
    0xA5FA,0xA5FA,0xA5FA,0xA5FA,0xA5F9,0x9DD9,0x9DD9,0x9DD9,0x9DD9,0xA5F9,0xA5FA,0xA5FA,0xA5FA,0xA5FA,0xA5FA,0xA5FA,
    0xA5FA,0xA5FA,0xA5FA,0xA5FA,0xA5FA,0xA5FA,0xA5FA,0xA5FA,0xA5FA,0xA5FA,0xA5F9,0x9DD9,0x9DD9,0x9DD9,0xA5D9,0xA5FA,
    0xA5FA,0xA5FA,0xA5F9,0xA5D9,0xA5F9,0xA5FA,0xA5FA,0xA5FA,0xA5FA,0xA61A,0xA61A,0xA5FA,0xA5FA,0xA5FA,0xA5D9,0x9DD9,
    0xA5D9,0xA5FA,0xA61A,0xA61A,0xA61A,0xA61A,0xA61A,0xA61A,0xA5FA,0xA5FA,0xA5FA,0xA5FA,0xA5FA,0xA5FA,0xA5FA,0xA5FA,
    0xA5FA,0xA5FA,0xA61A,0xA5FA,0xA5FA,0xA5FA,0xA5FA,0xA61A,0xA61A,0xA61A,0xA5FA,0xA5FA,0xA61A,0xA61A,0xA61A,0xA61A,
    0xA5FA,0xA5FA,0xA61A,0xAE1A,0xAE3A,0xA61A,0xA5FA,0xA5FA,0xA61A,0xA61A,0xA5FA,0xA5FA,0xA5F9,0x9DD9,0xA5FA,0xA5FA,
    0xA5FA,0xA5FA,0xA5FA,0xA5FA,0xA5FA,0xA5FA,0xA5FA,0xA61A,0xA61A,0xA61A,0xA61A,0xA61A,0xA5FA,0xA5FA,0xA5FA,0xA5FA,
    0xA5FA,0xA5FA,0xA5FA,0xA5FA,0xA5F9,0xA5FA,0xA5FA,0xA61A,0xA61A,0xA61A,0xAE1A,0xAE1A,0xAE1A,0xAE1A,0xAE1A,0xA61A,
    0xA61A,0xA61A,0xA61A,0xA61A,0xA61A,0xA61A,0xA61A,0xA61A,0xA61A,0xA61A,0xA61A,0xA61A,0xA61A,0xA61A,0xA61A,0xA61A,
    0xA61A,0xA61A,0xA61A,0xA61A,0xAE3A,0xAE3A,0xA61A,0xA61A,0xAE1A,0xA61A,0xA5FA,0xAE3A,0xAE1A,0xAE1A,0xAE1A,0xAE1A,
    0xAE1A,0xA61A,0xA61A,0xA61A,0xA61A,0xA61A,0xA61A,0xA61A,0xA61A,0xAE3A,0xAE3A,0xAE3A,0xAE3A,0xAE3A,0xAE3A,0xAE3A,
    0xAE3A,0xAE3A,0xAE3A,0xAE3A,0xAE3A,0xAE3A,0xAE3A,0xAE3A,0xA61A,0xA61A,0xA61A,0xA61A,0xA5FA,0x9DD9,0x9DD9,0xA61A,
    0xAE1A,0xA61A,0xA61A,0xA61A,0xA61A,0xA61A,0xA61A,0xA61A,0xA61A,0xA61A,0xA61A,0xA61A,0xAE1A,0xAE1A,0xA61A,0xA5FA,
    0xA5FA,0xA5FA,0xA5FA,0xA61A,0xA61A,0xA61A,0xA5FA,0xA5FA,0xA61A,0xA61A,0xA61A,0xA61A,0xA61A,0xA61A,0xA61A,0xA61A,
    0xA61A,0xAE3A,0xAE3A,0xAE3A,0xAE3A,0xAE3A,0xAE1A,0xAE1A,0xAE1A,0xAE1A,0xAE1A,0xA61A,0xA61A,0xA61A,0xA61A,0xA61A,
    0xA5FA,0xA5FA,0xA5FA,0xA5FA,0xA5FA,0xA5FA,0xA61A,0xA5FA,0xA5FA,0xA5FA,0xA5FA,0xA5FA,0xA5FA,0xA5FA,0xA5FA,0xA5FA,
    0xA5FA,0xA5FA,0xA61A,0xA61A,0xA61A,0xA61A,0xA61A,0xA61A,0xA61A,0xA61A,0xA61A,0xA61A,0xA61A,0xA61A,0xA61A,0xA61A,
    0xA61A,0xA61A,0xA61A,0xA61A,0xA61A,0xA61A,0xA61A,0xA61A,0xA61A,0xA61A,0xA61A,0xA61A,0xA61A,0xA61A,0xA5FA,0xA5FA,
    0xA5FA,0xA5FA,0xA5FA,0xA5FA,0xA5FA,0xA5FA,0xA5DA,0xA5DA,0xA5FA,0xA5DA,0xA5DA,0xA5FA,0xA5DA,0xA5DA,0xA5FA,0xA5FA,
    0x9577,0x8D57,0x8D57,0x8D57,0x8D57,0x8D77,0x8D77,0x9577,0x8D77,0x8D57,0x9577,0x8D57,0x8D57,0x9577,0x9578,0x9598,
    0x9598,0x9598,0x9DB8,0x9DB9,0x9DB9,0x9DB9,0x9DB9,0x9DB9,0x95B8,0x9DB8,0x9DB8,0x9DD9,0x9DB9,0x9598,0x9598,0x9578,
    0x9578,0x9578,0x9578,0x9578,0x9578,0x9598,0x9598,0x9578,0x9578,0x9577,0x8D57,0x9578,0x9598,0x9578,0x9598,0x9578,
    0x9577,0x9578,0x9578,0x9578,0x8D77,0x8D57,0x8D57,0x9578,0x9598,0x9598,0x9D98,0x9DB9,0x9DB9,0x9DB9,0x9DB9,0x9DB9,
    0x9DB9,0x9DD9,0x9DD9,0x9DD9,0x9DD9,0x9DB9,0x9DD9,0x9DD9,0x9DD9,0x9DB9,0x9DD9,0x9DD9,0x9DD9,0xA5D9,0xA5D9,0x9DD9,
    0x9DB9,0x9DB9,0x9DD9,0xA5F9,0xA5D9,0x9DD9,0x9DD9,0x9DD9,0x9DD9,0x9DD9,0x9DD9,0x9DD9,0x9DD9,0x9DF9,0xA5F9,0xA5FA,
    0xA5FA,0xA5FA,0xA5FA,0xA5FA,0x9DF9,0x9DD9,0x9DD9,0x9DD9,0x9DB9,0x9DB9,0x9DD9,0x9DD9,0x9DD9,0x9DD9,0x9DD9,0xA5D9,
    0x9DD9,0x9DD9,0x9DD9,0x9DD9,0xA5F9,0xA5D9,0x9DD9,0xA5D9,0xA5F9,0xA5FA,0xA5FA,0xA5FA,0xA5FA,0xA5FA,0xA5FA,0xA5FA,
    0xA5D9,0x9DD9,0x9DD9,0xA5D9,0xA5D9,0xA5F9,0xA5F9,0xA5D9,0xA5FA,0xA5FA,0xA5FA,0xA5D9,0xA5D9,0xA5FA,0xA5D9,0xA5FA,
    0xA5FA,0xA5FA,0xA5FA,0xA5FA,0xA5F9,0xA5FA,0xA5FA,0xA5D9,0x9DD9,0x9DD9,0xA5F9,0xA5FA,0xA5FA,0xA5F9,0xA5F9,0xA5F9,
    0x9DD9,0xA5D9,0xA5F9,0xA5FA,0xA5FA,0xA5FA,0xA5FA,0xA5F9,0x9DD9,0xA5FA,0xA5F9,0xA5F9,0x9DD9,0x9DB9,0x9DB9,0x9DD9,
    0x9DD9,0xA5FA,0xA5FA,0xA5FA,0xA5FA,0xA5FA,0xA5FA,0xA5FA,0xA5FA,0xA5FA,0xA5FA,0xA5F9,0xA5F9,0xA5F9,0xA5FA,0xA5D9,
    0x9DD9,0x9DD9,0x9DD9,0x9DD9,0x9DD9,0xA5D9,0xA5F9,0xA5FA,0xA5FA,0xA61A,0xA61A,0xA5FA,0xA61A,0xA61A,0xA5FA,0xA5FA,
    0xA5FA,0xA5FA,0xA5FA,0xA5F9,0xA5FA,0xA61A,0xA5FA,0xA5D9,0xA5FA,0xA5FA,0xA5FA,0xA5D9,0x9DD9,0xA5FA,0xA5FA,0xA61A,
    0xA5FA,0xA5FA,0xA5FA,0xA61A,0xA61A,0xA5FA,0xA61A,0xA61A,0xAE1A,0xA61A,0xA61A,0xA61A,0xA61A,0xA61A,0xA61A,0xA61A,
    0xA61A,0xA61A,0xA61A,0xA61A,0xA61A,0xA5FA,0xA5FA,0xA5F9,0xA5FA,0xA5FA,0xA61A,0xA61A,0xAE3A,0xAE3A,0xAE1A,0xA61A,
    0xA61A,0xA61A,0xA61A,0xA5FA,0xA5FA,0xA5FA,0xA61A,0xA61A,0xA5FA,0xA5FA,0xA5FA,0xA5FA,0xA5FA,0xA5FA,0xA5FA,0xA61A,
    0xA61A,0xA61A,0xA61A,0xA61A,0xA61A,0xA61A,0xA5FA,0xA5FA,0xA5FA,0xA5FA,0xA5FA,0xA61A,0xA61A,0xA61A,0xA61A,0xA5FA,
    0xA5FA,0xA5FA,0xA5FA,0xA5FA,0xA61A,0xA5FA,0xA5F9,0xA5FA,0xA61A,0xA61A,0xA5FA,0xA61A,0xA61A,0xA61A,0xA61A,0xAE1A,
    0xAE1A,0xA61A,0xA61A,0xA5FA,0xA5FA,0xA5FA,0xA5FA,0xA5FA,0xA5FA,0xA61A,0xA61A,0xA61A,0xA61A,0xA61A,0xA61A,0xA61A,
    0xA61A,0xA61A,0xA61A,0xA61A,0xA61A,0xA61A,0xA61A,0xA61A,0xA61A,0xA61A,0xA61A,0xA61A,0xA61A,0xAE1A,0xAE1A,0xA61A,
    0xA61A,0xA61A,0xA61A,0xA61A,0xA61A,0xA61A,0xA61A,0xA61A,0xA61A,0xA61A,0xA61A,0xA61A,0xAE1A,0xAE1A,0xA61A,0xA61A,
    0xAE1A,0xAE3A,0xAE3A,0xAE3A,0xAE1A,0xA61A,0xA61A,0xA61A,0xA61A,0xA61A,0xA61A,0xAE1A,0xA61A,0xA61A,0xA61A,0xA61A,
    0xA61A,0xA61A,0xA61A,0xA61A,0xA61A,0xA61A,0xA61A,0xA61A,0xA61A,0xA61A,0xA61A,0xA61A,0xA61A,0xA61A,0xA61A,0xA61A,
    0xA61A,0xA61A,0xA61A,0xA61A,0xA5FA,0xA5FA,0xA61A,0xA5FA,0xA5FA,0xA5FA,0xA5FA,0xA5FA,0xA5FA,0xA5FA,0x9DD9,0x9DD9,
    0x9DD9,0x9DD9,0xA5DA,0xA5DA,0xA5DA,0xA5DA,0xA5DA,0xA5FA,0xA5FA,0xA5FA,0xA5FA,0xA5FA,0xA5FA,0xA5FA,0xA5FA,0xA5FA,
    0xA5FA,0xA61A,0xA61A,0xA61A,0xA61A,0xA61A,0xA5FA,0xA5FA,0xA5FA,0xA5FA,0xA61A,0xA61A,0xA5FA,0xA5FA,0xA5FA,0xA5FA,
    0xA5FA,0xA5FA,0xA5FA,0xA61A,0xA5FA,0xA5FA,0xA5FA,0xA5FA,0xA5FA,0xA5FA,0xA5FA,0x9DD9,0x9DD9,0x9DD9,0xA5DA,0xA5FA,
    0x8D77,0x8D57,0x8D57,0x8D57,0x8D57,0x8D57,0x8D57,0x8D57,0x9578,0x9598,0x9598,0x9598,0x9598,0x9598,0x9598,0x9598,
    0x9598,0x9598,0x9598,0x9598,0x95B8,0x9DB9,0x9DD9,0x9DB9,0x95B8,0x95B8,0x9DB8,0x9DB9,0x9DB9,0x9DB9,0x9DB9,0x9DD9,
    0x9DB9,0x9DB9,0x9DB9,0x9DB8,0x9DB8,0x9DB9,0x9DD9,0x9DB9,0x9DB8,0x95B8,0x9DB8,0x9DB8,0x9598,0x9598,0x9598,0x9598,
    0x9598,0x9598,0x9598,0x9598,0x95B8,0x95B8,0x9598,0x9598,0x9DB8,0x9DD9,0x9DD9,0x9DB9,0x9DB9,0x9DB9,0x9DB9,0x9DD9,
    0x9DD9,0x9DD9,0x9DD9,0x9DB9,0x9DB9,0x9D98,0x9D98,0x9DB8,0x9DB9,0x9DD9,0x9DD9,0x9DD9,0x9DD9,0x9DD9,0xA5FA,0xA5F9,
    0x9DD9,0x9DD9,0xA5D9,0xA5F9,0xA5D9,0x9DD9,0x9DD9,0x9DD9,0x9DD9,0x9DB8,0x9598,0x9598,0x9598,0x9598,0x9DB8,0x9DD9,
    0x9DD9,0x9DD9,0x9DD9,0xA5F9,0x9DF9,0x9DD9,0x9DD9,0xA5D9,0xA5D9,0xA5D9,0xA5D9,0xA5FA,0xA5FA,0xA5F9,0xA5F9,0x9DD9,
    0x9DD9,0x9DD9,0x9DD9,0x9DB9,0x9DD9,0x9DB9,0x9DB9,0x9DB9,0x9DD9,0xA5F9,0xA5F9,0xA5F9,0xA5F9,0xA5FA,0xA61A,0xA5FA,
    0xA5FA,0xA5FA,0xA5FA,0xA5FA,0xA5FA,0xA5FA,0xA5FA,0xA5FA,0xA5FA,0xA5F9,0x9DD9,0x9DD9,0x9DD9,0x9DB9,0x9DB9,0x9DB9,
    0x9DD9,0x9DD9,0xA5D9,0xA5F9,0xA5F9,0xA5F9,0xA5F9,0xA5FA,0xA5F9,0xA5F9,0xA5F9,0xA5F9,0xA5F9,0xA5FA,0xA5FA,0xA5FA,
    0xA5FA,0xA5D9,0xA5FA,0xA5FA,0xA5FA,0xA5FA,0xA5FA,0xA5F9,0x9DD9,0xA5F9,0xA5F9,0xA5FA,0xA5F9,0xA5D9,0xA5D9,0xA5F9,
    0xA5F9,0xA5F9,0xA5FA,0xA5F9,0x9DD9,0x9DB8,0x9DD9,0x9DD9,0x9DD9,0x9DD9,0x9DD9,0x9DD9,0x9DD9,0xA5D9,0xA5D9,0x9DD9,
    0xA5D9,0xA5D9,0x9DD9,0x9DD9,0x9DB9,0x9DB9,0x9DD9,0x9DD9,0xA5D9,0xA5F9,0xA5F9,0xA5F9,0xA5F9,0xA5FA,0xA5FA,0xA5FA,
    0xA5FA,0xA5F9,0xA5F9,0xA5F9,0xA5F9,0xA5FA,0xA5F9,0xA5D9,0xA5D9,0x9DD9,0x9DD9,0x9DD9,0xA5D9,0xA5FA,0xA5FA,0xA5FA,
    0xA5F9,0xA5F9,0xA5F9,0xA5F9,0xA5FA,0xA5F9,0xA5FA,0xA5FA,0xA61A,0xA61A,0xA61A,0xA61A,0xA61A,0xAE1A,0xA61A,0xAE1A,
    0xA61A,0xA61A,0xA61A,0xAE1A,0xAE1A,0xA61A,0xA61A,0xA5FA,0xA5D9,0xA5F9,0xA5FA,0xA5FA,0xA61A,0xA61A,0xA61A,0xA61A,
    0xA61A,0xA5FA,0xA61A,0xA61A,0xA61A,0xA61A,0xA61A,0xA61A,0xA61A,0xA61A,0xA61A,0xA61A,0xA5FA,0xA5FA,0xA5FA,0xA5FA,
    0xA61A,0xA61A,0xA61A,0xAE3A,0xAE3B,0xAE1A,0xA61A,0xA61A,0xA61A,0xA61A,0xA5FA,0xA5FA,0xA5FA,0xA5F9,0xA5FA,0xA5FA,
    0xA61A,0xA5FA,0xA5D9,0xA5D9,0xA5F9,0xA5F9,0xA5D9,0xA5D9,0xA5F9,0xA5F9,0xA5D9,0xA5FA,0xA5FA,0xA5FA,0xA5FA,0xA5FA,
    0xA61A,0xA61A,0xA5FA,0xA61A,0xA5FA,0xA5FA,0xA5FA,0xA5FA,0xA5FA,0xA5FA,0xA5FA,0xA5FA,0xA5FA,0xA5FA,0xA61A,0xA61A,
    0xA5FA,0xA5FA,0xA5FA,0xA5F9,0xA5F9,0xA5FA,0xAE1A,0xA61A,0xA5FA,0x9DD9,0xA5F9,0xA5FA,0xA5FA,0xA5FA,0xA61A,0xA5FA,
    0xA5FA,0xA5FA,0xA61A,0xAE3A,0xAE3A,0xAE3A,0xAE1A,0xAE1A,0xAE1A,0xAE1A,0xAE3A,0xA61A,0xA61A,0xAE1A,0xAE3B,0xAE3A,
    0xAE3A,0xAE1A,0xAE3A,0xAE3A,0xAE3A,0xAE1A,0xAE1A,0xAE1A,0xA61A,0xA61A,0xA61A,0xA61A,0xAE1A,0xA61A,0xA61A,0xA61A,
    0xA61A,0xA61A,0xA61A,0xA61A,0xA61A,0xA61A,0xA61A,0xA61A,0xA61A,0xA61A,0xA61A,0xA61A,0xA61A,0xA61A,0xA61A,0xA61A,
    0xA61A,0xA61A,0xA61A,0xA61A,0xA61A,0xA61A,0xA61A,0xA61A,0xA61A,0xA5FA,0xA61A,0xA61A,0xA61A,0xA5FA,0xA5FA,0xA5FA,
    0xA5DA,0x9DD9,0xA5DA,0x9DD9,0x9DD9,0x9DD9,0x9DD9,0x9DD9,0x9DD9,0x9DD9,0x9DB9,0x9DB9,0x9DB9,0x9DD9,0x9DD9,0x9DD9,
    0x9DD9,0x9DD9,0x9DD9,0xA5FA,0xA5FA,0xA5FA,0xA5FA,0xA5FA,0xA5FA,0xA5FA,0xA5FA,0xA5FA,0xA5FA,0xA61A,0xA5FA,0xA5FA,
    0xA5FA,0xA5FA,0xA5FA,0xA5FA,0xA5FA,0xA5FA,0xA5FA,0xA5FA,0xA5FA,0xA5FA,0xA5FA,0xA5FA,0xA5FA,0xA5DA,0x9DD9,0xA5DA,
    0x8D77,0x8D57,0x8D57,0x8D57,0x8D37,0x8D57,0x8D37,0x8D37,0x8D37,0x8D57,0x8D57,0x8D77,0x9577,0x9598,0x9598,0x9578,
    0x9577,0x9578,0x9578,0x8D77,0x8D57,0x8D57,0x8D77,0x9578,0x9577,0x9578,0x9598,0x9598,0x9598,0x95B8,0x9DB9,0x9DB9,
    0x9DB9,0x9DB9,0x9DB9,0x9DB9,0x9DB9,0x9DD9,0x9DB9,0x9DB9,0x9DB9,0x95B8,0x95B8,0x9DB8,0x9DB9,0x9DD9,0x9DF9,0x9DD9,
    0x9DD9,0x9DD9,0x9DB9,0x9DB9,0x9DB9,0x9DB9,0x95B8,0x9598,0x9DB8,0x9DB9,0x9DB9,0x9DB8,0x9598,0x9598,0x9598,0x9598,
    0x9DB8,0x9DB9,0x9DB9,0x9DB9,0x9DD9,0x9DB9,0x9D98,0x9598,0x9598,0x9D98,0x9DB9,0x9DD9,0x9DB9,0x9DB8,0x9DB9,0x9DD9,
    0xA5F9,0xA5F9,0x9DD9,0x9DD9,0x9DD9,0x9DD9,0x9DD9,0x9DD9,0x9DD9,0x9DD9,0x9DB9,0x9D98,0x9598,0x9598,0x9598,0x9598,
    0x9598,0x9598,0x9598,0x9DB8,0x9DD9,0x9DB8,0x9DD9,0x9DD9,0x9DD9,0x9DD9,0x9DD9,0xA5F9,0xA5FA,0xA5FA,0xA5F9,0xA5D9,
    0xA5FA,0xA5FA,0xA5FA,0xA5FA,0xA5FA,0xA5FA,0xA5D9,0xA5D9,0xA5F9,0xA5FA,0xA5FA,0xA5FA,0xA5FA,0xA5F9,0x9DD9,0x9DD9,
    0x9DD9,0x9DD9,0xA5D9,0xA5F9,0xA5FA,0xA5FA,0xA5D9,0xA5D9,0xA5D9,0xA5FA,0xA5FA,0xA5FA,0xA5FA,0xA5FA,0xA5FA,0xA5D9,
    0xA5F9,0xA5FA,0xA5FA,0xA5FA,0xA5FA,0xA5D9,0xA5F9,0xA5F9,0xA5FA,0xA5FA,0xA5D9,0xA5D9,0xA5D9,0xA5FA,0xA5FA,0xA5FA,
    0xA5D9,0x9DD9,0xA5D9,0x9DB9,0x9DB9,0x9DD9,0xA5F9,0xA5FA,0xA61A,0xA5FA,0xA5FA,0xA5F9,0xA5FA,0xA61A,0xA61A,0xA61A,
    0xA61A,0xA5FA,0xA5FA,0xA5FA,0xA5FA,0xA5FA,0xA5D9,0xA5D9,0xA5D9,0xA5D9,0xA5F9,0xA5F9,0xA5F9,0xA5F9,0xA5F9,0xA5F9,
    0xA5FA,0xA5FA,0xA5FA,0xA5F9,0xA5F9,0xA5F9,0xA5FA,0xA5FA,0xA5FA,0xA5FA,0xA5FA,0xA5FA,0xA5FA,0xA5D9,0xA5D9,0xA5F9,
    0xA5FA,0xA61A,0xA61A,0xA61A,0xA61A,0xA61A,0xA61A,0xA5FA,0xA5FA,0xA5FA,0xA5FA,0xA5D9,0x9DD9,0xA5F9,0xA5F9,0xA5D9,
    0xA5F9,0xA5FA,0xA61A,0xA61A,0xA61A,0xA61A,0xA61A,0xA61A,0xA5FA,0xA61A,0xA61A,0xA61A,0xA5FA,0xA5FA,0xA61A,0xA61A,
    0xAE1A,0xAE1A,0xA61A,0xAE1A,0xAE1A,0xA61A,0xA61A,0xA61A,0xA5FA,0xA5FA,0xA5FA,0xA5FA,0xA61A,0xA61A,0xA61A,0xA5FA,
    0xA5FA,0xA5FA,0xA61A,0xA61A,0xA5FA,0xA5FA,0xA5FA,0xA5FA,0xA5FA,0xA61A,0xA61A,0xA61A,0xA61A,0xA61A,0xA61A,0xA5FA,
    0xA5FA,0xA5F9,0xA5D9,0xA5F9,0xA5FA,0xA5FA,0xA61A,0xA61A,0xA61A,0xA61A,0xA61A,0xA61A,0xA61A,0xA5FA,0xA5FA,0xA61A,
    0xA61A,0xA61A,0xA61A,0xA61A,0xA61A,0xA61A,0xA5FA,0xA5FA,0xA5FA,0xA5FA,0xA5FA,0xA5FA,0xA5FA,0xA5FA,0xA5FA,0xA5FA,
    0xA5FA,0xA5FA,0xA5FA,0xA5FA,0xA5FA,0xA5FA,0xA5FA,0xA5FA,0xA5FA,0xA5FA,0xA5FA,0xA5FA,0xA5FA,0xA61A,0xA61A,0xA61A,
    0xA5FA,0xA5FA,0xA61A,0xA5FA,0xA5F9,0xA5F9,0xA5F9,0xA61A,0xA5FA,0xA5FA,0xA5FA,0xA5FA,0xA5D9,0xA5F9,0xA5FA,0xA5FA,
    0xA5FA,0xA5D9,0x9DD9,0x9DD9,0xA5F9,0xA5FA,0xA5FA,0xA5FA,0xA61A,0xA61A,0xA5FA,0xA5FA,0xA5FA,0xA5FA,0xA5FA,0xA5FA,
    0xA5FA,0xA61A,0xAE1A,0xA61A,0xA61A,0xA61A,0xAE1A,0xAE1A,0xA61A,0xA61A,0xA61A,0xA61A,0xA61A,0xA61A,0xA5FA,0xA5FA,
    0xA61A,0xA61A,0xA5FA,0xA5FA,0xA5FA,0xA5FA,0xA5FA,0xA5F9,0xA5F9,0xA61A,0xA61A,0xA5FA,0xA5FA,0xA5F9,0xA5F9,0xA5FA,
    0xA5FA,0xA61A,0xA61A,0xA61A,0xA61A,0xA61A,0xA61A,0xA61A,0xA61A,0xA61A,0xA61A,0xA61A,0xA61A,0xA61A,0xA61A,0xAE3B,
    0xAE1B,0xA61A,0xA5FA,0xA5FA,0xA5FA,0xA5FA,0xA5FA,0xA5FA,0xA61A,0xA61A,0xA5FA,0xA5FA,0xA5FA,0xA5FA,0xA5FA,0xA5FA,
    0xA5DA,0x9DD9,0x9DD9,0x9DD9,0x9DD9,0x9DD9,0x9DD9,0xA5FA,0xA5FA,0xA5FA,0xA5FA,0xA5DA,0x9DD9,0xA5FA,0xA5FA,0xA5FA,
    0xA5FA,0xA5FA,0xA5DA,0x9DD9,0x9DD9,0xA5FA,0xA5FA,0xA5FA,0xA5FA,0xA5FA,0xA5FA,0xA5FA,0xA5FA,0xA5FA,0xA5FA,0xA5FA,
    0x9577,0x9578,0x9598,0x9598,0x9598,0x9598,0x9598,0x9577,0x9577,0x9578,0x9577,0x8D77,0x8D57,0x8D57,0x9577,0x8D57,
    0x8D57,0x9577,0x9598,0x9577,0x8D57,0x8D57,0x8D57,0x8D57,0x8D57,0x8D57,0x8D57,0x8D57,0x8D57,0x9577,0x9578,0x9578,
    0x9578,0x9578,0x9598,0x9598,0x9DB9,0x9DB9,0x9598,0x95B8,0x9DB9,0x9DB8,0x9598,0x9598,0x9598,0x9598,0x9DB9,0x9598,
    0x9598,0x9DB8,0x9DB9,0x9DB9,0x9DD9,0x9DD9,0x9DD9,0x9DB9,0x9DB9,0x9DB9,0x9DB9,0x9DB9,0x9598,0x9598,0x9598,0x9598,
    0x9D98,0x9DB9,0x9DB9,0x9DB9,0x9DB9,0x9DD9,0x9DD9,0x9DD9,0x9DD9,0x9DD9,0x9DB9,0x9DB9,0x9D98,0x9598,0x9DB9,0x9DB9,
    0x9DB9,0x9DB9,0x9DD9,0x9DD9,0x9DB9,0x9DD9,0x9DB9,0x9DB9,0x9DB9,0x9DB9,0x9DD9,0x9DD9,0x9DD9,0x9DD9,0x9DD9,0x9DF9,
    0x9DD9,0x9DD8,0x9DD8,0x9DD9,0x9DD9,0x9DD9,0x9DD9,0x9DD9,0x9DD9,0x9DD9,0x9DD9,0x9DB9,0xA5D9,0xA5FA,0xA5FA,0xA5FA,
    0xA5F9,0xA5D9,0xA5D9,0xA5F9,0xA5FA,0xA5F9,0x9DD9,0xA5D9,0xA5D9,0x9DD9,0x9DD9,0x9DD9,0x9DD9,0x9DD9,0x9DD9,0x9DD9,
    0x9DD9,0x9DD9,0x9DD9,0xA5D9,0xA5FA,0xA5F9,0x9DD9,0x9DD9,0x9DD9,0x9DD9,0x9DD9,0xA5D9,0xA5FA,0xA5FA,0xA5FA,0xA5F9,
    0xA5D9,0xA5D9,0xA5D9,0xA5D9,0xA5D9,0xA5D9,0xA5F9,0xA5F9,0xA5FA,0xA5FA,0xA5F9,0xA5F9,0xA5D9,0xA5F9,0xA5F9,0xA5FA,
    0xA5D9,0x9DD9,0x9DD9,0x9DB9,0x9DB9,0x9DD9,0xA5D9,0xA5F9,0xA5FA,0xA5FA,0xA5FA,0xA5FA,0xA5FA,0xA5FA,0xA5FA,0xA5FA,
    0xA5FA,0xA5FA,0xA5FA,0xA5FA,0xA5FA,0xA61A,0xA5FA,0xA5FA,0xA5FA,0xA5FA,0xA5FA,0xA5FA,0xA5FA,0xA5FA,0xA5FA,0xA5FA,
    0xA5FA,0xA5FA,0xA5FA,0xA5F9,0xA5FA,0xA5FA,0xA5FA,0xA5FA,0xA5FA,0xA5FA,0xA5FA,0xA5FA,0xA5FA,0xA61A,0xA5FA,0xA5F9,
    0xA5FA,0xA5FA,0xA5F9,0xA5F9,0xA5FA,0xA5FA,0xA61A,0xA61A,0xA61A,0xA61A,0xA61A,0xA5FA,0xA5FA,0xA5FA,0xA61A,0xA61A,
    0xA61A,0xA61A,0xA61A,0xA619,0xA5F9,0xA5F9,0xA5F9,0xA5F9,0xA5D9,0xA5F9,0xA5FA,0xA5FA,0xA5FA,0xA5FA,0xA5D9,0xA5FA,
    0xA61A,0xA61A,0xA61A,0xAE1A,0xAE1A,0xAE1A,0xA61A,0xAE1A,0xA61A,0xA61A,0xA5FA,0xA5FA,0xA61A,0xA61A,0xA61A,0xA5FA,
    0xA5FA,0xA61A,0xA61A,0xA61A,0xA5FA,0xA5FA,0xA5FA,0xA61A,0xA61A,0xA61A,0xA61A,0xA61A,0xA61A,0xA61A,0xA61A,0xA61A,
    0xA5FA,0xA5FA,0x9DD9,0x9DD9,0x9DD9,0x9DD9,0xA5D9,0xA5D9,0xA5FA,0xA5FA,0xA5FA,0xA61A,0xAE1A,0xA61A,0xA61A,0xAE1A,
    0xAE1A,0xAE1A,0xA61A,0xA61A,0xA61A,0xA61A,0xA61A,0xA61A,0xA61A,0xA61A,0xA61A,0xA61A,0xA61A,0xA61A,0xA61A,0xA61A,
    0xA61A,0xA61A,0xA61A,0xA61A,0xA61A,0xA5FA,0xA5FA,0xA5FA,0xA5FA,0xA5FA,0xA5FA,0xA5FA,0xA5FA,0xA5FA,0xA61A,0xA61A,
    0xA61A,0xA619,0xA61A,0xA61A,0xA5F9,0xA61A,0xA61A,0xA61A,0xA61A,0xA61A,0xA61A,0xA5FA,0xA5FA,0xA5FA,0xA61A,0xA61A,
    0xA5FA,0x9DD9,0xA5F9,0xA5F9,0xA5FA,0x9DD9,0x9DD9,0xA5D9,0xA5FA,0xA5F9,0xA5F9,0xA5FA,0xA5FA,0xA5F9,0xA5D9,0xA5D9,
    0xA5D9,0xA5D9,0xA5FA,0xA5F9,0xA5D9,0xA5F9,0xA5FA,0xA5FA,0xA5FA,0xA61A,0xA61A,0xA61A,0xA61A,0xA5FA,0xA5FA,0xA5FA,
    0xA5FA,0xA5FA,0xA5F9,0x9DD9,0xA5D9,0xA5FA,0xA61A,0xA5F9,0xA5F9,0xA61A,0xA61A,0xA619,0xA5F9,0xA5F9,0xA5F9,0xA5D9,
    0xA5DA,0xA5FA,0xA5FA,0xA61A,0xA5FA,0xA5FA,0xA5FA,0xA5FA,0xA5FA,0xA5FA,0xA5FA,0xA5FA,0xA5FA,0xA5FA,0xA5FA,0xA61A,
    0xA61A,0xA61A,0xA5FA,0xA5FA,0xA61A,0xA61A,0xA61A,0xA61A,0xA61A,0xA61A,0xA61A,0xA61A,0xA61A,0xA61A,0xA61A,0xA61A,
    0xA5FA,0xA61A,0xA61A,0xA61A,0xA61A,0xA61A,0xA5FA,0xA5FA,0xA5FA,0xA5FA,0xA5FA,0xA5FA,0xA5DA,0x9DD9,0xA5DA,0xA5FA,
    0xA5FA,0xA5FA,0xA5FA,0xA5FA,0xA5FA,0x9DD9,0x9DD9,0x9DD9,0xA5DA,0xA5FA,0xA5FA,0xA5FA,0xA5FA,0xA5FA,0xA5FA,0xA5FA,
    0x9598,0x9578,0x9578,0x9598,0x9598,0x9598,0x9598,0x9598,0x9598,0x9598,0x9598,0x9598,0x9598,0x9598,0x9598,0x9598,
    0x9598,0x9DB8,0x9DB8,0x9598,0x9598,0x95B8,0x9598,0x9598,0x9DB8,0x95B8,0x9598,0x9598,0x9598,0x9598,0x9598,0x9578,
    0x9577,0x9578,0x9598,0x9598,0x9598,0x9598,0x9598,0x9598,0x95B8,0x9DD9,0x9DD9,0x95B8,0x9598,0x9598,0x95B8,0x9598,
    0x9577,0x8D57,0x8D57,0x9578,0x9598,0x95B8,0x9DB8,0x9DB9,0x9DB9,0x9DB9,0x9DD9,0x9DD9,0x9DB9,0x9DB9,0x9DB8,0x9DB9,
    0x9DB9,0x9DB9,0x9DB8,0x9598,0x9598,0x9598,0x9598,0x9598,0x9D98,0x9DB9,0x9DB9,0x9DD9,0x9DB9,0x9DB9,0x9DD9,0x9DB9,
    0x9598,0x9598,0x9DB9,0x9DD9,0x9DD9,0x9DD9,0x9DD9,0x9DB9,0x9DD9,0x9DB9,0x9DB9,0x9DD9,0x9DD9,0x9DB8,0x9DD8,0x9DD9,
    0x9DD9,0x9DD9,0x9DD9,0x9DD8,0x9DB8,0x9DB8,0x9DB9,0x9DB9,0x9DB9,0x9DB9,0x9DB9,0x9D98,0x9DB9,0x9DB9,0x9DD9,0xA5D9,
    0x9DD9,0x9DD9,0x9DD9,0xA5D9,0x9DD9,0x9DD9,0x9DD9,0xA5FA,0xA5FA,0x9DD9,0x9DD9,0x9DD9,0x9DD9,0xA5D9,0xA5FA,0xA5D9,
    0xA5D9,0xA5FA,0xA5FA,0xA5F9,0xA5F9,0xA5F9,0xA5FA,0xA5FA,0xA5F9,0xA5D9,0x9DD9,0x9DD9,0xA5D9,0xA5F9,0xA5F9,0xA5D9,
    0xA5D9,0xA5D9,0x9DD9,0x9DD9,0x9DD9,0x9DD9,0x9DD9,0x9DD9,0x9DD9,0xA5D9,0x9DD9,0x9DD9,0x9DD9,0x9DD9,0xA5D9,0xA5FA,
    0xA5F9,0xA5F9,0xA5FA,0xA5FA,0xA5FA,0xA5FA,0xA5F9,0x9DD9,0x9DB9,0x9DB9,0x9DD9,0x9DD9,0x9DD9,0x9DD9,0x9DD9,0x9DD9,
    0x9DD9,0xA5FA,0xA5FA,0xA5FA,0xA5FA,0xA5FA,0xA5FA,0xA5FA,0xA5FA,0xA5FA,0xA5FA,0xA5FA,0xA5FA,0xA5FA,0xA5FA,0xA5FA,
    0xA5FA,0xA5FA,0xA5FA,0xA5FA,0xA5F9,0xA5FA,0xA5FA,0xA5FA,0xA5FA,0xA5FA,0xA5FA,0xA5FA,0xA5FA,0xA5FA,0xA5FA,0xA5FA,
    0xA5FA,0xA5FA,0xA5D9,0xA5F9,0xA5FA,0xA5FA,0xA5FA,0xA5FA,0xA5FA,0xA5FA,0xA5FA,0xA5FA,0xA5FA,0xA5F9,0xA5FA,0xA5FA,
    0xA5F9,0xA619,0xA619,0xA619,0xA619,0xA619,0xA619,0xA5F9,0xA5F9,0xA5F9,0x9DD9,0xA5D9,0xA5FA,0xA5FA,0x9DD9,0xA5D9,
    0xA5FA,0xA5FA,0xA5FA,0xA5F9,0xA5F9,0xA5FA,0xA5FA,0xA5FA,0xA5FA,0xA5FA,0xA5FA,0xA5FA,0xA61A,0xA61A,0xA61A,0xA61A,
    0xA61A,0xA5FA,0xA5FA,0xA5F9,0x9DD9,0x9DD9,0xA5FA,0xA5FA,0xA5FA,0xA5FA,0xA5FA,0xA5FA,0xA5FA,0xA5FA,0xA5FA,0xA61A,
    0xA61A,0xA61A,0xA61A,0xA61A,0xA61A,0xA61A,0xA5FA,0xA5FA,0xA61A,0xA61A,0xA61A,0xAE3A,0xAE3B,0xA61A,0xA61A,0xA61A,
    0xA61A,0xA61A,0xAE1A,0xAE1A,0xAE1A,0xAE1A,0xA61A,0xA61A,0xA61A,0xA61A,0xA61A,0xA61A,0xA61A,0xA61A,0xA61A,0xA61A,
    0xA5FA,0xA5FA,0xA5FA,0xA5FA,0xA61A,0xA61A,0xA61A,0xA61A,0xA61A,0xA5FA,0xA5FA,0xA5FA,0xA5FA,0xA5FA,0xA5F9,0xA5F9,
    0xA5F9,0xA5F9,0xA5F9,0xA5F9,0xA5F9,0xA619,0xA619,0xA5FA,0xA61A,0xA61A,0xA61A,0xA5FA,0xA5FA,0xA5FA,0xA61A,0xA61A,
    0xA5FA,0xA5FA,0xA61A,0xA61A,0xA61A,0xA5F9,0xA5F9,0xA5D9,0xA5D9,0xA5D9,0xA5F9,0xA5FA,0xA5FA,0xA5F9,0xA5FA,0xA5FA,
    0xA5F9,0xA5F9,0xA5FA,0xA5D9,0x9DD9,0x9DD9,0x9DD9,0x9DD9,0xA5D9,0xA5F9,0xA5FA,0xA5FA,0xA5FA,0xA5FA,0xA61A,0xA61A,
    0xA5FA,0xA5FA,0xA5F9,0x9DD9,0xA5D9,0xA5F9,0x9DD9,0x9DD8,0x9DD8,0x9DD9,0xA5F9,0xA5F9,0xA5F9,0xA5F9,0xA5F9,0xA5F9,
    0xA5FA,0xA5FA,0xA5FA,0xA5FA,0xA5FA,0xA5FA,0xA5FA,0xA5FA,0xA5FA,0x9DD9,0x9DD9,0x9DD9,0xA5DA,0x9DD9,0x9DD9,0x9DD9,
    0x9DD9,0x9DD9,0xA5DA,0xA5FA,0xA5FA,0xA5FA,0xA5FA,0xA5FA,0xA5FA,0xA5FA,0xA5DA,0xA5FA,0xA5FA,0xA5FA,0xA5FA,0xA5FA,
    0xA5FA,0xA5FA,0xA5FA,0xA61A,0xA61A,0xA5FA,0xA5FA,0xA61A,0xA61A,0xA5FA,0xA5FA,0xA5FA,0xA5FA,0xA5DA,0xA5FA,0xA5FA,
    0xA5FA,0xA5FA,0xA5DA,0x9DB9,0x9DD9,0x9DD9,0x9DD9,0x9DD9,0x9DD9,0x9DB9,0x9DB9,0x9DB9,0x9DD9,0x9DD9,0x9DD9,0x9DD9,
    0x9598,0x9598,0x9598,0x9598,0x9598,0x8D77,0x9577,0x9598,0x9598,0x9578,0x9577,0x8D57,0x8D57,0x8D57,0x9577,0x8D77,
    0x9577,0x9598,0x9598,0x9577,0x9577,0x8D77,0x8D77,0x9578,0x9598,0x95B8,0x9598,0x9598,0x9598,0x9598,0x9598,0x9598,
    0x9598,0x95B8,0x95B8,0x9DB8,0x9598,0x9598,0x9DB8,0x9DB8,0x95B8,0x95B8,0x9DB8,0x9DB8,0x95B8,0x95B8,0x9DD9,0x9DB9,
    0x9DB8,0x9598,0x9578,0x9598,0x9598,0x9598,0x9598,0x9578,0x9577,0x9598,0x9DB8,0x9DD9,0x9DB9,0x9DB9,0x9DB8,0x9D98,
    0x9DB9,0x9DD9,0x9DB9,0x9DB9,0x9DB8,0x9D98,0x9598,0x9598,0x9D98,0x9DB9,0x9DD9,0x9DD9,0x9DD9,0x9DD9,0x9DD9,0x9DB9,
    0x9DB8,0x9598,0x9D98,0x9598,0x9598,0x9DB8,0x9598,0x9578,0x9578,0x9D98,0x9DB9,0x9DD9,0x9DB9,0x9DB8,0x9DD8,0x9DD9,
    0x9DD9,0x9DB8,0x9DB8,0x9DB8,0x9DB8,0x9DB8,0x9DB8,0x9DB8,0x9DB8,0x9DB8,0x9DB8,0x9DB9,0x9598,0x9577,0x9578,0x9598,
    0x9598,0x9578,0x9578,0x9598,0x9598,0x9D98,0x9DB8,0x9DD9,0xA5F9,0xA5D9,0xA5F9,0xA5F9,0xA5F9,0xA5F9,0x9DD9,0x9DD9,
    0x9DD9,0xA5D9,0x9DD9,0x9DB9,0x9598,0x9D98,0x9DB9,0x9DD9,0x9DD9,0x9DD9,0x9DD9,0xA5F9,0xA5FA,0xA5F9,0xA5FA,0xA5FA,
    0xA61A,0xA61A,0xA61A,0xA5FA,0xA5FA,0xA5FA,0xA5FA,0xA5FA,0xA61A,0xA61A,0xA5FA,0xA5FA,0xA5FA,0xA5FA,0xA5D9,0xA5D9,
    0xA5F9,0xA5F9,0xA5FA,0xA5FA,0xA5FA,0xA5FA,0xA5FA,0xA5FA,0xA5FA,0xA5FA,0xA5FA,0xA5F9,0xA5F9,0xA5F9,0xA5F9,0xA5F9,
    0xA5F9,0x9DD9,0xA5D9,0xA5FA,0xA5F9,0xA5D9,0xA5FA,0xA5FA,0xA5FA,0xA5FA,0xA5FA,0xA5FA,0xA5FA,0xA5FA,0xA5FA,0xA5FA,
    0xA61A,0xA61A,0xA5FA,0xA5FA,0xA5FA,0xA5FA,0xA5FA,0xA5FA,0xA5FA,0xA5FA,0xA5FA,0xA5FA,0xA5FA,0xA61A,0xA61A,0xA61A,
    0xA5FA,0xA5D9,0x9DD9,0x9DD9,0xA5D9,0xA5F9,0xA5FA,0xA5FA,0xA5F9,0xA5F9,0xA5F9,0xA5F9,0xA5D9,0x9DD9,0xA5F9,0xA5F9,
    0xA5F9,0x9DD9,0x9DB8,0x9DB8,0x9DD8,0xA5F9,0x9DD9,0xA5F9,0xA5F9,0xA5F9,0xA5FA,0xA5FA,0xA5F9,0xA5F9,0xA5F9,0xA5F9,
    0xA5FA,0xA5F9,0xA5F9,0xA5F9,0xA5F9,0xA5FA,0xA5FA,0xA5F9,0xA5D9,0xA5D9,0xA5D9,0xA5F9,0xA5FA,0xA5FA,0xA61A,0xA61A,
    0xA61A,0xA61A,0xA61A,0xA61A,0xA5FA,0xA5FA,0xA5FA,0xA5FA,0xA5FA,0xA5FA,0xA5FA,0xA5F9,0xA5D9,0x9DD9,0x9DD9,0xA5F9,
    0xA5FA,0xA61A,0xAE1A,0xAE1A,0xA61A,0xA61A,0xA5FA,0xA61A,0xA5F9,0xA5F9,0xA5F9,0xA5FA,0xA5FA,0xA5FA,0xA5FA,0xA5FA,
    0xA5FA,0xA5FA,0xA5FA,0xA5FA,0xA61A,0xA61A,0xA61A,0xA61A,0xA61A,0xA61A,0xA61A,0xA61A,0xA61A,0xA61A,0xA61A,0xA61A,
    0xA61A,0xA61A,0xA61A,0xA61A,0xA61A,0xA61A,0xA61A,0xA61A,0xA61A,0xA5FA,0xA5FA,0xA5FA,0xA61A,0xA61A,0xA619,0xA619,
    0xA619,0xA5F9,0xA619,0xA61A,0xA61A,0xA5F9,0xA5F9,0x9DD9,0x9DD9,0x9DD9,0x9DD9,0x9DD9,0xA5D9,0xA5F9,0xA5F9,0xA5F9,
    0xA5F9,0xA5F9,0xA5D9,0x9DD9,0x9DD9,0xA5FA,0xA5FA,0xA5F9,0xA5D9,0xA5D9,0x9DD9,0x9DD9,0x9DB9,0x9DD9,0x9DD9,0x9DD9,
    0x9DD9,0xA5D9,0xA5F9,0xA5FA,0xA5FA,0xA5D9,0x9DD9,0x9DD9,0x9DB9,0x9DD9,0xA5D9,0xA5D9,0xA5D9,0xA5F9,0xA5FA,0xA5FA,
    0xA5D9,0x9DD9,0x9DD9,0xA5D9,0x9DD9,0x9DD9,0x9DD9,0x9DD9,0x9DD9,0x9DD9,0x9DD9,0x9DD9,0x9DD9,0xA5F9,0xA5F9,0xA5FA,
    0xA5FA,0xA5FA,0xA5FA,0xA5FA,0xA5FA,0xA5FA,0xA5FA,0xA5FA,0xA5FA,0xA5FA,0xA5FA,0xA5FA,0xA5FA,0xA5FA,0xA5FA,0xA5FA,
    0xA5FA,0xA5DA,0x9DD9,0x9DD9,0xA5DA,0xA5FA,0xA5FA,0xA5FA,0xA5FA,0xA5FA,0xA5DA,0xA5DA,0xA5FA,0xA5FA,0xA5DA,0x9DD9,
    0xA5FA,0xA5FA,0xA5FA,0xA5FA,0xA5FA,0xA5FA,0xA5DA,0x9DD9,0x9DD9,0x9DD9,0x9DD9,0xA5DA,0xA5FA,0xA5D9,0xA5FA,0xA5FA,
    0xA5FA,0xA5FA,0xA5FA,0x9DD9,0x9DD9,0xA5D9,0xA5FA,0xA5FA,0xA5FA,0x9DD9,0x9DD9,0x9DB9,0x9DB9,0x9DB9,0x9DB9,0x9DB9,
    0x9598,0x9598,0x9598,0x9598,0x9598,0x9598,0x9598,0x9DB9,0x9DB8,0x9598,0x9597,0x9577,0x9577,0x9577,0x9577,0x9577,
    0x9577,0x9577,0x9577,0x9598,0x9598,0x9598,0x9597,0x9597,0x9577,0x9597,0x9D98,0x9598,0x9598,0x9598,0x9578,0x9598,
    0x9598,0x9598,0x9DB8,0x9598,0x9598,0x9DB8,0x9DB8,0x9DB8,0x9DB8,0x9DB8,0x9DD9,0x9DB8,0x9DB8,0x9DB8,0x9DB8,0x9DD8,
    0x9DD9,0x9DD9,0x9DD9,0x9DD8,0x9DB8,0x9DB8,0x9DB8,0x9598,0x9597,0x9598,0x9DB8,0x9DB8,0x9DD9,0x9DD8,0x9DB8,0x9DB8,
    0x9DB8,0x9598,0x9597,0x9598,0x9DB8,0x9DD8,0x9DB8,0x9DB8,0x9DD8,0x9DD9,0x9DD9,0x9DB8,0x95B8,0x9DB8,0x9DD8,0x9DB8,
    0x9DB8,0x9DB8,0x9DD8,0x9DB8,0x9DB8,0x9DB8,0x9DB8,0x9DB8,0x9598,0x9DB8,0x9DB8,0x9DB8,0x9DB8,0x9598,0x9598,0x9D98,
    0x9D98,0x9DB8,0x9DD9,0x9DD9,0x9DD9,0x9DD9,0x9DD9,0x9DD8,0x9DB8,0x9DD8,0x9DD9,0x9DB8,0x9DB8,0x9598,0x9DB8,0x9DB8,
    0x9598,0x9577,0x9577,0x8D57,0x8D56,0x8D56,0x8D57,0x9577,0x9598,0x9DB8,0x9DD9,0xA5F9,0xA5F9,0xA5D9,0xA5D9,0x9DD9,
    0x9DD8,0x9DD8,0x9DD9,0x9DD9,0x9DB9,0x9DB9,0x9DB9,0x9DD9,0x9DD9,0x9DB9,0x9DB9,0x9DB8,0x9DB8,0x9DB8,0x9DD8,0x9DD9,
    0xA5F9,0xA5F9,0xA5F9,0xA5F9,0xA5F9,0xA5F9,0xA5F9,0xA5F9,0xA5F9,0xA5F9,0xA5F9,0xA619,0xA619,0xA619,0xA619,0xA619,
    0xA619,0xA619,0xA619,0xA619,0xA5F9,0xA5F9,0xA5F9,0xA5D9,0xA5F9,0xA5F9,0xA5F9,0xA5F9,0xA619,0xA5F9,0xA5F9,0xA5F9,
    0xA5F9,0xA5D9,0xA5D9,0xA5D9,0xA5F9,0xA5F9,0xA5F9,0xA5F9,0xA5F9,0xA5F9,0xA5F9,0xA619,0xA5F9,0xA619,0xA619,0xA5F9,
    0xA5F9,0x9DD9,0x9DD9,0x9DD9,0x9DD9,0xA5F9,0xA619,0xA5F9,0xA619,0xA619,0xA5F9,0x9DD9,0xA5F9,0xA5F9,0xA5F9,0xA5F9,
    0xA5F9,0xA5F9,0xA5F9,0xA5F9,0xA5F9,0xA5F9,0xA5F9,0xA5F9,0xA5F9,0x9DD9,0x9DD9,0xA5F9,0xA619,0xA5F9,0xA5F9,0xA5F9,
    0xA5F9,0xA619,0x9DD9,0x9DD8,0x9DD9,0x9DD9,0x9DB8,0x9DB8,0x9DD8,0x9DD9,0xA5F9,0xA619,0x9DD9,0xA5D9,0xA5F9,0xA5F9,
    0xA5F9,0xA5F9,0xA5F9,0xA5F9,0xA5F9,0xA5F9,0xA5F9,0xA5F9,0xA5F9,0xA5F9,0xA5F9,0xA5D9,0xA5F9,0xA5F9,0xA5F9,0xA5F9,
    0xA5F9,0xA5F9,0xA5F9,0xA5F9,0xA5F9,0xA61A,0xAE1A,0xA5F9,0xA5F9,0xA5F9,0xA5F9,0xA5F9,0xA5F9,0xA5F9,0xA5F9,0xA5F9,
    0xA5F9,0xA61A,0xA61A,0xA61A,0xA61A,0xA5F9,0xA5F9,0xA5F9,0xA5F9,0xA5F9,0x9DD9,0x9DD9,0xA5F9,0xA5F9,0xA5F9,0xA5F9,
    0xA5F9,0xA5F9,0xA5FA,0xA5DA,0xA5FA,0xADFA,0xADFA,0xA5FA,0xA5FA,0xA5FA,0xA5FA,0xA619,0xA619,0xA619,0xA619,0xA619,
    0xA619,0xA5F9,0xA5F9,0xA619,0xA619,0xA5F9,0xA5F9,0xA619,0xA619,0xA5F9,0xA5F9,0xA619,0xA619,0xA5F9,0xA5F9,0xA5F9,
    0xA5F9,0xADF9,0xA5F9,0xA5F9,0xAE1A,0xADF9,0xA5F9,0xA5F9,0xA5F9,0xA5F9,0xA5F9,0xA5F9,0xA5D9,0xA5F9,0xA5F9,0xA5F9,
    0xA5F9,0xA5F9,0xA619,0xA619,0xA619,0xA5F9,0xA5F9,0xA5F9,0xA5F9,0xA5F9,0xA61A,0xA619,0xA5F9,0xA5F9,0x9DD9,0x9DD9,
    0xA5F9,0x9DD9,0x9DD9,0x9DB9,0xA5B9,0xA5B9,0xA5D9,0xA5D9,0x9DB9,0x9DB9,0x9DB9,0x9DB9,0xA5D9,0xA5DA,0xA5D9,0xA5D9,
    0xA5D9,0xA5B9,0x9DB9,0x9DB9,0x9DB9,0x9DB9,0xA5D9,0xA5D9,0xA5D9,0xA5D9,0xA5D9,0x9DD9,0x9DD9,0x9DD9,0x9DD9,0x9DD9,
    0x9DD9,0x9DD9,0xA5D9,0xA5F9,0xA5FA,0xA61A,0xA5FA,0x9DD9,0x9DD9,0xA5D9,0xA5D9,0xA5D9,0x9DD9,0x9DD9,0x9DD9,0x9DD9,
    0x9DD9,0x9DD9,0xA5DA,0x9DD9,0x9DD9,0x9DD9,0x9DD9,0xA5FA,0xA5FA,0xA5FA,0xA5FA,0xA5FA,0xA5FA,0xA5FA,0xA5FA,0xA5FA,
    0xA5FA,0xA5FA,0xA5F9,0xA5FA,0xA5FA,0xA5FA,0xA5D9,0x9DD9,0xA5D9,0xA5F9,0xA5D9,0xA5D9,0x9DD9,0x9DD9,0x9DD9,0x9DD9,
    0x9DD9,0x9DD9,0x9DD9,0xA5D9,0xA5D9,0xA5F9,0xA5F9,0xA5F9,0xA5F9,0x9DD9,0xA5D9,0xA5FA,0xA5FA,0x9DD9,0x9DD9,0x9DD9,
    0x9598,0x9578,0x9578,0x8D58,0x8D58,0x8D58,0x9578,0x9578,0x9578,0x9597,0x9598,0x9DB8,0x9DB8,0x9DB8,0x9DB8,0x9DB8,
    0x9DB8,0x9598,0x9DB8,0x9DB8,0x9598,0x9597,0x9597,0x9577,0x9577,0x9577,0x9577,0x9598,0x9598,0x9578,0x9578,0x9598,
    0x95B8,0x9DB8,0x9DB9,0x9DB9,0x9DB8,0x9DB8,0x9597,0x8D57,0x8D57,0x9577,0x9597,0x9597,0x9577,0x9597,0x9598,0x9598,
    0x9DB8,0x9DB8,0x9DB8,0x9DD9,0x9DD8,0x9DD9,0x9DD9,0xA5F9,0x9DD9,0x9DD8,0x9DB8,0x9DB8,0x9DD8,0x9DD8,0x9DD8,0x9DD8,
    0x9DD8,0x9DD8,0x9DD8,0x9DD8,0x9DD9,0x9DD8,0x9DB8,0x9DB8,0x9598,0x9597,0x9598,0x9577,0x9577,0x9577,0x9597,0x9597,
    0x9597,0x9597,0x9598,0x9598,0x9597,0x9577,0x9577,0x9598,0x9DB8,0x9DB8,0x9DB8,0x9DB8,0x9DB8,0xA5D9,0x9DD9,0x9DB9,
    0x9DB9,0x9DB9,0x9DD9,0x9DD9,0x9DD9,0x9DD9,0xA5D9,0x9DD8,0x9DD8,0x9DD8,0xA5F9,0xA5F9,0xA5F9,0xA5F9,0xA5F9,0xA5F9,
    0xA5F9,0x9DD9,0x9DD8,0x9DB8,0x9DB8,0x9DB8,0x9598,0x9DB8,0x9DB8,0x9DB8,0x9DD8,0x9DD8,0x9DB8,0x9DD8,0x9DD9,0x9DB8,
    0x9598,0x9597,0x9578,0x9598,0x9DB8,0x9DD9,0xA5FA,0xA5FA,0xA5D9,0xA5D9,0xA5D9,0xA5D9,0x9DD8,0x9DB8,0x9598,0x9DB8,
    0x9DD8,0x9DD9,0x9DD9,0xA5F9,0x9DD9,0xA5F9,0x9DD9,0xA5F9,0xA5F9,0xA5F9,0xA5F9,0xA5F9,0xA5F9,0x9DD9,0x9DD9,0x9DD9,
    0x9DD9,0x9DD9,0x9DD9,0x9DD9,0x9DD9,0x9DD9,0x9DD8,0x9DD8,0x9DB8,0x9DB8,0x9DD8,0xA5F9,0xA5F9,0xA5F9,0x9DD9,0x9DD8,
    0x9DD8,0x9DB8,0x9DB8,0xA5D9,0xA5D9,0xA5F9,0xA5D9,0xA5D9,0xA5D9,0xA5D9,0xA5D9,0xA5F9,0xA5F9,0xA5F9,0xA5F9,0xA5F9,
    0xA5F9,0xA619,0xA619,0xA5F9,0x9DD9,0xA5F9,0xA5F9,0xA619,0xA619,0xA61A,0xA61A,0xA619,0xA619,0xA619,0xA5F9,0xA5F9,
    0xA619,0xA61A,0xA61A,0xA61A,0xA5F9,0xA5F9,0xA5F9,0xA619,0xA5F9,0xA5F9,0xA619,0xA61A,0xA61A,0xA61A,0xA619,0xA619,
    0xA5F9,0xA61A,0xA619,0xA5F9,0xA61A,0xA619,0xA5F9,0xA5F9,0xA5F9,0xA5F9,0xA619,0xA619,0xA5F9,0xA619,0xA619,0xA619,
    0xA619,0xA619,0xA619,0xADF9,0xA5D9,0xA5D9,0xA5F9,0xADF9,0xADF9,0xA5F9,0xA5F9,0xA5F9,0xA5F9,0xA5F9,0xA5F9,0x9DD9,
    0x9DD9,0xA5F9,0x9DD8,0x9DD8,0x9DD9,0xA5F9,0xA5D9,0xA5D9,0xA5D9,0xA5F9,0xA5F9,0xA5D9,0xA5D9,0xA5D9,0x9DD8,0xA5F9,
    0xA5F9,0xA5F9,0xA5F9,0xA619,0xA619,0xA5F9,0xA5F9,0xA5F9,0xA619,0xA61A,0xA619,0xA5F9,0xA5F9,0xA5F9,0xA5F9,0xA5F9,
    0xA5F9,0xA5F9,0xA5FA,0xA5FA,0xA5FA,0xA5D9,0xA5DA,0xA5FA,0xA5FA,0xA5FA,0xA5FA,0xA5F9,0xA5F9,0xA5F9,0xA5F9,0xA5F9,
    0xA619,0xA5F9,0xA5F9,0xA619,0xA5F9,0x9DD9,0xA5F9,0xA5F9,0xA619,0xA61A,0xA61A,0xA61A,0xA619,0xA5F9,0xA5D9,0xA5D9,
    0xA5F9,0xA5F9,0xADF9,0xAE1A,0xAE1A,0xAE1A,0xAE1A,0xA61A,0xA61A,0xA61A,0xA619,0xA619,0xA61A,0xA61A,0xA61A,0xA61A,
    0xA61A,0xA619,0xA619,0xA61A,0xA61A,0xAE3A,0xA61A,0xA61A,0xA619,0xA619,0xA619,0xA619,0xA619,0xA619,0xA619,0xA5F9,
    0xA5F9,0xA5F9,0xA5F9,0xA5D9,0xA5D9,0xA5DA,0xA5DA,0xA5DA,0xA5FA,0xA5DA,0xA5DA,0xA5D9,0xA5D9,0xA5DA,0xA5D9,0xA5D9,
    0xA5D9,0xA5D9,0xA5D9,0xA5D9,0xA5D9,0xA5D9,0x9DD9,0x9DD9,0x9DD9,0x9DD9,0x9DD9,0xA5D9,0xA5D9,0xA5D9,0xA5D9,0xA5F9,
    0xA5F9,0xA5F9,0xA5FA,0xA5FA,0xA5FA,0xA61A,0xA5FA,0xA5F9,0xA5FA,0xA5FA,0xA5FA,0xA5FA,0xA5FA,0xA5FA,0xA5FA,0xA5FA,
    0xA5FA,0xA5FA,0xA5FA,0xA5DA,0x9DD9,0x9DD9,0xA5DA,0xA5FA,0xA5FA,0xA5FA,0xA5FA,0xA5D9,0xA5D9,0x9DD9,0xA5D9,0xA5D9,
    0x9DD9,0xA5D9,0xA5FA,0xA5FA,0xA5FA,0xA5F9,0xA5FA,0xA5F9,0x9DD9,0x9DD9,0x9DD9,0x9DD9,0xA5D9,0xA5D9,0xA5FA,0xA5F9,
    0x9DD9,0x9DD9,0x9DD9,0x9DD9,0x9DD9,0x9DD9,0x9DD9,0x9DD9,0x9DD9,0x9DD9,0x9DD9,0xA5D9,0xA5F9,0xA5F9,0xA5D9,0x9DD9,
    0x9578,0x9598,0x9598,0x9598,0x9578,0x9578,0x9578,0x9578,0x9577,0x9577,0x9577,0x9577,0x9577,0x9577,0x9597,0x9598,
    0x9DB8,0x9DB8,0x9DB8,0x9DB8,0x9DB8,0x9DB8,0x9DB8,0x9598,0x9598,0x9597,0x9597,0x9598,0x9598,0x8D57,0x8D57,0x9577,
    0x9578,0x9598,0x95B8,0x9DD9,0x9DB8,0x9DB8,0x9DB8,0x9577,0x8D56,0x8D36,0x8D36,0x8D56,0x8D57,0x9577,0x9597,0x9597,
    0x9597,0x9597,0x9598,0x9598,0x9597,0x9597,0x9577,0x9598,0x9DB8,0x9DB8,0x9DB8,0x9DD8,0x9DD8,0x9DD8,0x9DD9,0x9DD9,
    0x9DD9,0x9DD8,0x9DD9,0x9DD9,0x9DD9,0x9DD8,0x9DD8,0x9DD9,0x9DD9,0x9DD9,0x9DD9,0x9DD8,0x9DD8,0x9DB8,0x9DD8,0x9DD8,
    0x9DB8,0x9DB8,0x9DB8,0x9DB8,0x9598,0x9577,0x9577,0x9DB8,0x9DB8,0x9DB8,0x9DB8,0x9DB8,0x9DB8,0x9DD9,0x9DD9,0x9DD9,
    0x9DD9,0x9DD9,0x9DD9,0x9DD9,0x9DB9,0x9DB9,0x9DB8,0x9DD8,0x9DD8,0x9DD8,0x9DD8,0x9DD8,0x9DD9,0x9DD9,0x9DD9,0x9DD8,
    0x9DD9,0xA5F9,0xA5F9,0xA619,0xA619,0xA619,0xA5F9,0xA5F9,0x9DD9,0xA5F9,0xA5F9,0xA5F9,0xA5F9,0xA5F9,0xA5F9,0x9DD9,
    0x9DD9,0x9DD9,0x9DD9,0x9DB9,0x9DD9,0x9DD9,0xA5D9,0xA5F9,0xA5F9,0xA5F9,0xA5F9,0xA5F9,0xA5F9,0xA5F9,0x9DD9,0x9DD8,
    0x9DB8,0x9DB8,0x9DD8,0x9DD8,0x9DD8,0x9DB8,0x9DD8,0x9DD9,0xA5F9,0xA5F9,0xA5F9,0xA5F9,0xA5F9,0xA5F9,0x9DB8,0x9598,
    0x9598,0x9598,0x9598,0x9DB8,0x9DB8,0x9DB8,0x9DB8,0x9DD8,0x9DD9,0x9DD8,0x9DD8,0x9DD8,0x9DD9,0x9DD9,0xA5F9,0xA5F9,
    0xA5F9,0xA5D9,0xA5D9,0xA5D9,0xA5D9,0xA5D9,0xA5D9,0xA5D9,0xA5D9,0xA5D9,0x9DD9,0x9DD9,0x9DD8,0x9DB8,0x9DB8,0x9DB8,
    0x9DB8,0xA5F9,0xA5F9,0xA5F9,0xA5F9,0xA5F9,0xA5F9,0xA5F9,0xA5F9,0xA5F9,0xA619,0xA619,0xA5F9,0xA5F9,0xA5F9,0xA5F9,
    0xA619,0xAE3A,0xA619,0xA619,0xA5F9,0xA5F9,0xA5F9,0xA5F9,0x9DD9,0xA5F9,0xA5F9,0xA619,0xA619,0xA619,0xA619,0xA5F9,
    0xA61A,0xAE3A,0xA619,0xA619,0xA619,0xA5F9,0xA61A,0xA61A,0xA61A,0xA61A,0xA619,0xA5F9,0xA61A,0xA61A,0xA619,0xA619,
    0xA619,0xA619,0xA5F9,0xA5F9,0xAE1A,0xAE1A,0xA5F9,0xA5F9,0xA5F9,0xA5F9,0xA5F9,0xA5D9,0xA5F9,0xA5F9,0xA5F9,0xA5F9,
    0xA5F9,0xA5F9,0xA5F9,0x9DD9,0xA5F9,0xA5F9,0xA5D9,0xA5D9,0xA5F9,0xA5F9,0xA5F9,0xA5F9,0xA5F9,0xA5D9,0xA5D9,0xA5F9,
    0xA5F9,0xA5F9,0xA5F9,0xA5F9,0xA619,0xA619,0xA619,0xA5F9,0xA5F9,0xA619,0xA61A,0xA61A,0xA619,0xA619,0xA619,0xA619,
    0xA619,0xA5F9,0xA5DA,0xADFA,0xAE1A,0xADFA,0xADFA,0xADFA,0xADFA,0xADFA,0xA5FA,0xA61A,0xA619,0xA619,0xA619,0xA619,
    0xA619,0xA619,0xA619,0xA61A,0xA61A,0xA619,0xA619,0xA5F9,0xA5F9,0xA5F9,0xA5F9,0xA619,0xA619,0xA619,0xAE1A,0xADF9,
    0xADF9,0xADF9,0xAE1A,0xAE1A,0xADF9,0xAE1A,0xAE1A,0xA619,0xA619,0xA619,0xA61A,0xA61A,0xA61A,0xA61A,0xA61A,0xA619,
    0xA61A,0xA619,0xA5F9,0xA5F9,0xA61A,0xA619,0xA619,0xA619,0xA619,0xA619,0xA5F9,0xA619,0xA61A,0xA61A,0xA61A,0xA61A,
    0xA61A,0xA61A,0xA619,0xADFA,0xADFA,0xADFA,0xADFA,0xADFA,0xAE1A,0xAE1A,0xADFA,0xADFA,0xA5FA,0xA5FA,0xA5FA,0xA5FA,
    0xA5FA,0xADFA,0xADFA,0xA5FA,0xA5FA,0xA5FA,0xA5F9,0xA5F9,0xA5F9,0xA5F9,0xA5F9,0xA5F9,0xA5F9,0xA5F9,0xA5F9,0xA5F9,
    0xA5F9,0xA5F9,0xA5D9,0xA5D9,0xA5FA,0xA5FA,0xA5D9,0xA5D9,0xA5FA,0xA61A,0xA61A,0xA61A,0xA61A,0xA61A,0xA5FA,0xA5FA,
    0xA5FA,0xA5FA,0xA5FA,0xA5FA,0xA5FA,0xA5FA,0xA5FA,0xA5FA,0xA5FA,0xA5FA,0xA5FA,0xA5F9,0x9DD9,0x9DD9,0x9DB9,0x9D98,
    0x9DB9,0x9DD9,0xA5D9,0xA5D9,0x9DD9,0xA5F9,0xA5FA,0xA5FA,0x9DD9,0x9DD9,0x9DB9,0x9DD9,0x9DD9,0x9DD9,0xA5D9,0xA5D9,
    0xA5D9,0xA5F9,0xA5FA,0xA5FA,0xA5FA,0xA5D9,0x9DD9,0x9DD9,0x9DD9,0x9DD9,0x9DD9,0x9DD9,0x9DD9,0xA5D9,0xA5D9,0x9DD9,
    0x8D57,0x8D57,0x8D57,0x8D57,0x8D57,0x8D57,0x8D57,0x9577,0x9597,0x9577,0x9577,0x8D57,0x8D57,0x9577,0x8D57,0x8D57,
    0x9597,0x9598,0x9577,0x9577,0x9597,0x9DB8,0x9DB8,0x9DB8,0x9DB8,0x9DB8,0x9DB8,0x9DB8,0x9DB9,0x9598,0x9598,0x9598,
    0x9598,0x9598,0x9598,0x9598,0x9598,0x9DB8,0x9DD8,0x9DD9,0x9DD8,0x9DB8,0x9DB8,0x9DB8,0x9DB8,0x9DB8,0x9DB8,0x9DB8,
    0x9DB8,0x9DB8,0x9DB8,0x9598,0x9597,0x9597,0x9597,0x9597,0x9597,0x9598,0x9DB8,0x9DB8,0x9DB8,0x9DB8,0x9DB8,0x9DB8,
    0x9598,0x9DB8,0x9DB8,0x9DB8,0x9DB8,0x9598,0x9DB8,0x9DB8,0x9DD8,0x9DD8,0x9DF9,0x9DF9,0x9DF9,0x9DD9,0x9DD9,0x9DD8,
    0x9DD8,0x9DD9,0x9DF9,0xA5F9,0xA5F9,0x9DD9,0x9DD8,0x9DD8,0x9DD8,0x9DD8,0x9DD9,0x9DD9,0x9DD9,0xA5D9,0x9DD9,0x9DD9,
    0x9DB9,0x9598,0x9598,0x9598,0x9578,0x9578,0x9DB8,0x9DB8,0x9DD8,0x9DB8,0x9DB8,0x9DD8,0x9DD8,0x9DD8,0x9DD9,0xA5F9,
    0x9DD9,0x9DD9,0x9DD9,0x9DD9,0x9DD9,0xA5F9,0xA5F9,0xA5F9,0x9DD9,0x9DD9,0x9DD9,0x9DD9,0xA5F9,0xA5F9,0xA5F9,0xA5F9,
    0xA5F9,0xA619,0xA61A,0xA5FA,0xA5F9,0xA5D9,0xA5D9,0xA5F9,0xA5F9,0xA5F9,0xA5F9,0xA5F9,0xA5F9,0xA5F9,0xA5F9,0x9DD9,
    0x9DD9,0xA5F9,0xA5F9,0xA5F9,0xA5F9,0x9DD9,0x9DD9,0x9DD9,0xA5F9,0xA5F9,0xA5F9,0xA5F9,0xA5F9,0xA5F9,0xA5F9,0x9DD9,
    0xA5F9,0x9DD9,0x9DD9,0xA5F9,0xA5F9,0x9DD9,0x9DD8,0x9DD9,0xA619,0xA5F9,0xA5F9,0xA5F9,0xA5F9,0x9DD9,0xA5F9,0xA5F9,
    0xA5F9,0xA5F9,0xA5F9,0xA5F9,0xA5D9,0xA5D9,0xA5D9,0xA5D9,0xA5D9,0xA5D9,0xA5D9,0xA5F9,0xA5F9,0xA5F9,0xA5F9,0x9DD8,
    0x9DB8,0x9DB8,0x9DB8,0x9DD8,0x9DB8,0x9DB8,0x9DB8,0x9DD8,0xA5F9,0x9DD9,0x9DD8,0x9DD9,0xA5F9,0xA5F9,0x9DD9,0xA5F9,
    0xA5F9,0xA619,0xA619,0xA619,0xA619,0xA619,0xA5F9,0xA5F9,0xA5F9,0xA5F9,0xA5F9,0xA619,0xA619,0xA5F9,0xA5F9,0xA5F9,
    0xA5F9,0xA619,0xA5F9,0xA5F9,0xA5F9,0xA5F9,0xA5F9,0xA619,0xA619,0xA61A,0xA619,0xA619,0xAE3A,0xA619,0xA5F9,0xA5F9,
    0xA5F9,0xA5F9,0xA5F9,0xA5F9,0xA5F9,0xA5F9,0xA5F9,0xA5F9,0xA5F9,0xA5F9,0xA5D9,0xA5D9,0x9DD9,0x9DD9,0xA5F9,0xA5F9,
    0xA619,0xA5F9,0xA5F9,0x9DD9,0xA5F9,0xA5F9,0xA5F9,0xA5F9,0xA5F9,0xADF9,0xA5F9,0xADF9,0xADF9,0xADF9,0xA619,0xA61A,
    0xA61A,0xA61A,0xA619,0xA619,0xA619,0xA61A,0xA61A,0xA619,0xA619,0xA61A,0xA61A,0xAE3A,0xAE3A,0xA61A,0xA61A,0xA61A,
    0xA61A,0xA61A,0xADFA,0xADFA,0xADFA,0xAE1A,0xADFA,0xA5FA,0xA5FA,0xA5FA,0xA5FA,0xA619,0xA619,0xA619,0xA619,0xA5F9,
    0xA5F9,0xA5F9,0xA5F9,0xA619,0xA61A,0xA61A,0xA61A,0xA619,0xA5F9,0xA5F9,0xA5F9,0xA619,0xA619,0xA5F9,0xA5F9,0xA5F9,
    0xA5F9,0xA5F9,0xA5D9,0xA5D9,0xA5F9,0xA5F9,0xA5F9,0xA5F9,0xA619,0xA619,0xA61A,0xA61A,0xA619,0xA619,0xA61A,0xA61A,
    0xA61A,0xA61A,0xA61A,0xA619,0xA619,0xA5F9,0xA5F9,0xA5F9,0xA619,0xA619,0xA619,0xA619,0xA619,0xA61A,0xA61A,0xA619,
    0xA619,0xA619,0xA5F9,0xA5FA,0xA5DA,0xA5DA,0xA5DA,0xA5D9,0xA5D9,0xA5D9,0xA5D9,0xA5D9,0xA5D9,0xA5FA,0xA5FA,0xA5FA,
    0xADFA,0xADFA,0xADFA,0xA5FA,0xA5FA,0xA5FA,0xA5FA,0xA5FA,0xA5FA,0xA5FA,0xA5FA,0xA5FA,0xA5FA,0xA5FA,0xA5FA,0xA5FA,
    0xA5FA,0xA5FA,0xA5F9,0xA5D9,0x9DD9,0xA5FA,0xA5FA,0xA5F9,0xA5FA,0xA5F9,0xA5F9,0xA5F9,0xA5F9,0xA5F9,0xA5FA,0xA5FA,
    0xA5FA,0xA5FA,0xA5FA,0xA61A,0xA61A,0xA5FA,0xA5D9,0x9DD9,0x9DD9,0x9DD9,0x9DD9,0x9DD9,0x9DD9,0x9DD9,0x9DB9,0x9DB9,
    0x9DB9,0x9DB9,0x9DB9,0x9DB9,0x9DD9,0xA5D9,0xA5D9,0xA5F9,0xA5FA,0xA5FA,0x9DD9,0x9DD9,0x9DD9,0x9DD9,0x9DD9,0x9DD9,
    0x9DD9,0x9DD9,0xA5D9,0xA5D9,0xA5F9,0xA5F9,0xA5F9,0xA5F9,0xA5F9,0xA5FA,0xA5F9,0x9DD9,0x9DD9,0x9DD9,0x9DD9,0x9DD9,
    0x9577,0x9577,0x8D57,0x8D77,0x8D77,0x8D57,0x8D57,0x8D57,0x9577,0x9577,0x9577,0x9577,0x8D57,0x9577,0x8D57,0x8D57,
    0x9577,0x9DB8,0x9DB8,0x9597,0x9577,0x9577,0x8D57,0x8D57,0x8D57,0x8D56,0x8D56,0x9577,0x9598,0x95B8,0x9DB8,0x9DB9,
    0x9DB9,0x9598,0x9598,0x9577,0x9577,0x9577,0x9577,0x9577,0x9597,0x9DB8,0x9DB8,0x9DB8,0x9DB8,0x9DD8,0x9DB8,0x9DB8,
    0x9DB8,0x9DB8,0x9DB8,0x9DD8,0x9DD9,0x9DD8,0x9DB8,0x9598,0x9598,0x9598,0x9598,0x9598,0x9DB8,0x9598,0x9597,0x9597,
    0x9597,0x9597,0x9597,0x9597,0x9597,0x9598,0x9DB8,0x9DB8,0x9DD8,0x9DD8,0x9DD8,0x9DD8,0x9DB8,0x9DB8,0x9DB8,0x9DD9,
    0x9DD9,0x9DD9,0x9DD9,0x9DD8,0x9DD9,0xA5F9,0x9DD9,0x9DB8,0x9DB8,0x9DD8,0x9DD9,0x9DD8,0x9DD9,0x9DD9,0x9DD9,0x9DB9,
    0x9DB9,0x9DB9,0x9DD9,0x9DB9,0x9DB8,0x9D98,0x9DB8,0x9DB8,0x9DB8,0x9DB8,0x9DB8,0x9DB8,0x9DB8,0x9DB8,0x9DB8,0x9DB8,
    0x9DB8,0x9DD8,0x9DD9,0x9DD9,0x9DB8,0x9DB8,0x9DD9,0xA5F9,0xA5F9,0x9DD9,0x9DD9,0x9DD9,0xA5F9,0x9DD9,0x9DD8,0x9DD8,
    0x9DD8,0x9DD8,0x9DD9,0x9DD9,0x9DD9,0xA5D9,0xA5F9,0x9DD9,0xA5D9,0xA5F9,0xA5F9,0xA5F9,0xA5F9,0x9DD9,0x9DD9,0xA5F9,
    0xA5F9,0xA5F9,0xA619,0xA61A,0xA61A,0xA5F9,0xA5F9,0xA5F9,0xA5F9,0xA5F9,0xA5F9,0xA5F9,0xA5F9,0x9DD9,0xA5F9,0xA5F9,
    0xA5F9,0xA619,0xA61A,0xA61A,0xA61A,0xA619,0xA5F9,0xA5F9,0xA5F9,0xA5F9,0xA5F9,0xA5F9,0xA5F9,0xA5F9,0xA5F9,0xA5F9,
    0xA619,0xA5F9,0xA5F9,0xA5F9,0xA5F9,0xA5F9,0xA5F9,0xA5D9,0xA5D9,0xA5F9,0xA5F9,0xA5F9,0xA5F9,0xA619,0xA619,0xA619,
    0xA5F9,0xA5F9,0x9DD9,0x9DD9,0xA5F9,0xA5F9,0x9DD9,0x9DD8,0x9DD8,0x9DD9,0x9DD9,0x9DD9,0xA5F9,0x9DD9,0x9DD8,0x9DB8,
    0x9DB8,0x9DB8,0x9DD8,0x9DD8,0xA5F9,0xA5F9,0xA619,0xA61A,0xA619,0xA619,0xA5F9,0xA619,0xA619,0xA619,0xA619,0xA619,
    0xA5F9,0xA5F9,0xA5F9,0xA619,0xA619,0xA5F9,0xA5F9,0x9DD9,0x9DD9,0xA5F9,0xA5F9,0xA5F9,0xA61A,0xA619,0xA619,0xA619,
    0xA619,0xA5F9,0xA5F9,0xA5F9,0xA5D9,0xA5D9,0xA5F9,0xADF9,0xAE1A,0xAE1A,0xADF9,0xA5F9,0xA5F9,0xA5F9,0xA5F9,0xA5F9,
    0xA5F9,0x9DD9,0x9DD8,0x9DD8,0x9DD8,0xA5D9,0xA5F9,0xA5D9,0xA5F9,0xA5F9,0xA5D9,0xA5D9,0xA5D9,0xA5D9,0xA5D9,0xA5D9,
    0x9DD9,0x9DD9,0xA5F9,0xA5F9,0xA5F9,0xA61A,0xA61A,0xA619,0xA61A,0xA61A,0xA5F9,0xA5F9,0xA5F9,0xA5F9,0xA5F9,0xA5F9,
    0xA5F9,0xA5F9,0xA5D9,0xA5D9,0xA5DA,0xADFA,0xA5FA,0xA5FA,0xA5FA,0xADFA,0xA5FA,0xA61A,0xA619,0xA619,0xA619,0xA619,
    0xA61A,0xA61A,0xA61A,0xAE3A,0xA61A,0xA61A,0xA61A,0xA61A,0xA61A,0xA61A,0xA61A,0xA619,0xA619,0xA5F9,0xA5F9,0xA5F9,
    0xA5D9,0xA5D9,0xA5D9,0xA5D9,0xA5F9,0xA5D9,0xA5D9,0x9DD8,0x9DD9,0x9DD9,0x9DD9,0xA5F9,0xA5F9,0xA5F9,0xA619,0xA619,
    0xA619,0xA61A,0xA61A,0xA61A,0xA61A,0xA61A,0xA61A,0xA619,0xA619,0xA5F9,0xA5F9,0xA5F9,0xA5F9,0xA5F9,0xA5F9,0xA61A,
    0xA61A,0xA61A,0xA619,0xA5FA,0xA5FA,0xA5FA,0xA5DA,0xA5DA,0xA5D9,0xA5D9,0xA5D9,0xA5D9,0xA5D9,0xA5D9,0xA5D9,0xA5D9,
    0xA5D9,0xA5D9,0xA5D9,0xA5D9,0xA5D9,0xA5FA,0xA5FA,0xA5FA,0xA5FA,0xA5F9,0xA5D9,0xA5F9,0xA5D9,0x9DD9,0x9DD9,0xA5D9,
    0xA5F9,0xA5F9,0xA5FA,0xA5FA,0xA5FA,0xA61A,0xA61A,0xA5FA,0xA5D9,0x9DD9,0x9DD9,0x9DD9,0x9DD9,0x9DD9,0x9DD9,0x9DD9,
    0x9DD9,0x9DD9,0x9DB9,0x9DD9,0xA5D9,0xA5F9,0xA5F9,0xA5F9,0xA5F9,0xA5F9,0xA5FA,0xA5F9,0xA5D9,0xA5FA,0xA5FA,0xA5FA,
    0x9DD9,0x9DB9,0x9DB9,0x9DB8,0x9DB8,0x9DB8,0x9DB8,0x9DB9,0x9DD9,0x9DD9,0xA5F9,0x9DD9,0x9DD9,0xA5D9,0xA5FA,0xA5F9,
    0xA5D9,0x9DD9,0x9DD9,0x9DD9,0x9DD9,0x9DD9,0x9DD9,0x9DD9,0xA5D9,0xA5F9,0xA5D9,0x9DD9,0xA5D9,0xA5F9,0xA5D9,0xA5D9,
    0x9598,0x9598,0x9598,0x95B8,0x9DB8,0x9598,0x9598,0x95B8,0x9598,0x9598,0x9598,0x9598,0x9598,0x9598,0x9597,0x9597,
    0x9598,0x9DB8,0x9598,0x9DB8,0x9DB8,0x9DB8,0x9597,0x9577,0x9577,0x9577,0x9577,0x9598,0x9598,0x9598,0x9577,0x9577,
    0x9598,0x9598,0x9598,0x9598,0x9557,0x8D56,0x8D56,0x8D57,0x9577,0x9577,0x9577,0x8D57,0x8D57,0x9577,0x8D56,0x9577,
    0x9577,0x9597,0x9598,0x9DD8,0x9DD9,0x9DD9,0x9DB8,0x9DB8,0x9DB8,0x9DB8,0x9DB8,0x9598,0x9DB8,0x9DB8,0x9DB8,0x9DB8,
    0x9DB8,0x9598,0x9577,0x9577,0x9597,0x9597,0x9597,0x9597,0x9597,0x9597,0x9598,0x9577,0x8D57,0x8D57,0x8D57,0x9597,
    0x95B8,0x9598,0x9598,0x9DB8,0x9DB8,0x9DB8,0x9DD8,0x9DD8,0x9DD9,0x9DD9,0x9DD8,0x9DB8,0x9DB8,0x9DB8,0x9DB9,0x9D98,
    0x9DB9,0x9DD9,0x9DD9,0xA5D9,0xA5D9,0x9DD9,0x9DD9,0x9DD9,0x9DD8,0x9DD8,0x9DD8,0x9DD8,0x9DD8,0x9DB8,0x9DB8,0x9597,
    0x9597,0x9DB8,0x9DB8,0x9DB8,0x9DB8,0x9598,0x9598,0x9598,0x9DB8,0xA5F9,0xA5F9,0xA5F9,0x9DD9,0x9DD8,0x9DD8,0x9DD9,
    0x9DD9,0x9DD9,0x9DD8,0x9DD8,0x9DD8,0x9DB8,0x9DB8,0x9DD8,0x9DD9,0x9DD9,0x9DD9,0x9DD8,0x9DB8,0x9DB8,0x9DB8,0x9DD8,
    0x9DD9,0x9DD8,0x9DD8,0x9DD9,0x9DD9,0x9DD8,0x9DD9,0x9DD9,0x9DD8,0xA5F9,0xA5F9,0xA5F9,0xA5F9,0xA5F9,0x9DD9,0x9DD8,
    0x9DD8,0x9DD9,0xA5F9,0xA5F9,0xA5F9,0xA619,0xA619,0xA619,0xA5F9,0xA5F9,0xA5F9,0xA5F9,0xA5F9,0xA5F9,0xA5F9,0xA5F9,
    0xA5F9,0xA5F9,0xA5D9,0xA5D9,0xA5D9,0xA5F9,0xA5D9,0xA5F9,0xA5F9,0xA5F9,0xA5F9,0xA5F9,0xA5F9,0xA5F9,0xA5F9,0xA5F9,
    0xA5F9,0xA5F9,0xA5F9,0xA5F9,0x9DD9,0x9DD9,0x9DD9,0x9DD9,0xA5F9,0x9DD9,0x9DD8,0x9DD8,0x9DD9,0xA5F9,0xA5F9,0xA5F9,
    0xA5F9,0xA5F9,0x9DD8,0x9DD8,0x9DD9,0x9DD9,0xA5F9,0xA5F9,0xA5F9,0xA5F9,0xA5F9,0x9DD8,0x9DD9,0xA5F9,0xA619,0xA61A,
    0xA619,0xA619,0xA619,0xA61A,0xA61A,0xA619,0xA619,0xA5F9,0xA5F9,0xA5F9,0xA5F9,0xA5F9,0xA5F9,0xA619,0xA5F9,0xA5F9,
    0xA5F9,0xA5F9,0xA5F9,0xA5F9,0xA5F9,0xA5F9,0xA5F9,0xA5F9,0xA5F9,0xAE1A,0xAE1A,0xAE1A,0xAE3A,0xAE3A,0xAE3A,0xAE3A,
    0xA61A,0xA619,0xA619,0xA619,0xA5F9,0xA5F9,0xA5F9,0xA5F9,0xA5F9,0xADF9,0xA5F9,0xA5F9,0xA5F9,0xA5D9,0x9DB8,0x9DD8,
    0x9DD8,0x9DD8,0x9DD9,0x9DD9,0x9DD8,0x9DD8,0xA5F9,0xA5F9,0xA619,0xA619,0xA619,0xA619,0xA619,0xA5F9,0xA5F9,0xA5F9,
    0xA5F9,0xA5D9,0xA5B9,0xA5D9,0xA5D9,0xA5FA,0xA5FA,0xA5FA,0xA5FA,0xA5DA,0xA5F9,0xA5F9,0xA5F9,0xA5F9,0x9DD9,0xA5F9,
    0xA5F9,0xA5F9,0xA5F9,0xA5F9,0xA5F9,0xA5F9,0xA5F9,0xA5F9,0xA5F9,0xA5F9,0xA5F9,0xA5F9,0xA5F9,0xA5F9,0xA5F9,0xA5F9,
    0xA5F9,0xA5F9,0xA5F9,0xA5F9,0xA5F9,0xA5F9,0xA5D9,0x9DD9,0x9DD9,0x9DD9,0xA5F9,0xA5F9,0xA5F9,0xA5F9,0xA5F9,0x9DD9,
    0xA5F9,0xA5F9,0xA5F9,0xA5F9,0xA5F9,0xA5F9,0xA5F9,0xA5F9,0xA5F9,0xA5F9,0xA5F9,0xA5F9,0xA5F9,0xA5F9,0xA5F9,0xA619,
    0xA619,0xA619,0xA619,0xA5FA,0xADFA,0xA5FA,0xA5FA,0xA5FA,0xA5FA,0xA5FA,0xA5FA,0xA5FA,0xA5DA,0xA5D9,0xA5FA,0xA5FA,
    0xA5D9,0xA5D9,0xA5D9,0xA5D9,0xA5D9,0xA5DA,0xA5D9,0xA5F9,0xA5F9,0x9DD9,0x9DD9,0x9DD9,0x9DD9,0x9DB9,0x9DB9,0x9DB9,
    0x9DB9,0x9DB9,0x9DD9,0x9DD9,0xA5F9,0xA5FA,0xA5FA,0xA5FA,0xA5D9,0x9DD9,0x9DD9,0x9DD8,0x9DD8,0x9DD8,0x9DD8,0x9DD8,
    0x9DD8,0x9DD9,0x9DD9,0x9DB8,0x9DB8,0x9DB8,0x9DB8,0x9DD9,0x9DD9,0x9DD9,0xA5D9,0xA5D9,0xA5D9,0xA5FA,0xA5FA,0x9DD9,
    0xA5F9,0x9DD9,0xA5F9,0xA5D9,0x9DB9,0x9DD9,0x9DD9,0x9DD9,0x9DD9,0x9DD9,0x9DD9,0x9DD9,0x9DD9,0x9DD9,0xA5F9,0xA5F9,
    0xA5D9,0x9DD9,0x9DD9,0x9DD9,0x9DD9,0x9DB9,0x9DB9,0x9DB9,0x9DB9,0x9DB9,0x9DB9,0x9DB9,0x9DD9,0x9DD9,0x9DD9,0x9DD9,
    0x8D36,0x8D57,0x8D57,0x8D57,0x8D57,0x8D57,0x8D57,0x8D57,0x9577,0x9577,0x8D57,0x9577,0x9598,0x9DB8,0x9DB8,0x9DB8,
    0x9597,0x9577,0x8D57,0x9577,0x9598,0x9DB8,0x9DB8,0x9DB8,0x9DD8,0x9DD9,0x9DD8,0x9DD9,0x9DB9,0x9598,0x95B8,0x95B8,
    0x9598,0x95B8,0x9DB8,0x9DB8,0x9DB8,0x9DB8,0x9DB8,0x9DB8,0x9DB8,0x9598,0x9DB8,0x9577,0x9577,0x9577,0x8D56,0x8D56,
    0x8D56,0x8D56,0x8D57,0x9577,0x9577,0x9597,0x9598,0x9DB8,0x9DB8,0x9DB8,0x9DB8,0x9DB8,0x9DB8,0x9DD8,0x9DD8,0x9DD8,
    0x9DD8,0x9DD8,0x9DD8,0x9DD8,0x9DD8,0x9DD8,0x9DB8,0x9DB8,0x9DB8,0x9598,0x9DB8,0x9DB8,0x95B8,0x95B8,0x9597,0x9577,
    0x9597,0x9577,0x9577,0x9577,0x9577,0x9597,0x9DB8,0x9DB8,0x9DD9,0x9DD9,0x9DD8,0x9DB8,0x9DB8,0x9DB8,0x9DB9,0x9DB9,
    0x9DB9,0x9DD9,0x9DD9,0x9DD9,0x9DD9,0x9DD9,0x9DD9,0x9DB8,0x9DB8,0x9DB8,0x9DD9,0xA5F9,0xA5F9,0xA5F9,0x9DD9,0xA5F9,
    0x9DD8,0x9DB8,0x9DD8,0x9DD9,0x9DB8,0x9DB8,0x9598,0x9597,0x9597,0x9577,0x9597,0x9DB8,0x9DD8,0x9DD9,0xA5F9,0x9DD9,
    0x9DD8,0x9DD8,0x9DB8,0x9DB8,0x9DB8,0x9DB8,0x9DD8,0xA5F9,0xA5F9,0x9DD9,0x9DD8,0x9DD8,0x9DD9,0x9DD9,0x9DD9,0xA5F9,
    0xA5F9,0xA5F9,0x9DD9,0x9DD9,0x9DD9,0x9DB8,0x9DB8,0x9598,0x9598,0x9DB8,0x9DB8,0x9DD9,0xA5F9,0xA5F9,0xA5F9,0x9DD9,
    0x9DD9,0x9DD8,0x9DD8,0x9DD9,0x9DD9,0xA5F9,0xA5F9,0xA5F9,0xA5F9,0xA619,0xA619,0xA5F9,0xA5F9,0xA5F9,0xA5F9,0xA5F9,
    0xA5F9,0xA5F9,0xA5D9,0xA5B8,0xA5D9,0xA5D9,0xA5D9,0xA5F9,0xA5F9,0xA5F9,0xA5F9,0xA5F9,0xA5F9,0xA5F9,0xA5F9,0xA5F9,
    0x9DD9,0x9DD8,0x9DD9,0xA5F9,0xA5F9,0x9DD8,0x9DB8,0x9DD8,0xA5F9,0xA5F9,0x9DD8,0x9DB8,0x9DD9,0x9DD8,0x9DB8,0x9DD8,
    0x9DD9,0x9DD9,0xA5F9,0xA5F9,0xA5D9,0xA5F9,0xA5F9,0x9DD9,0x9DD9,0xA5F9,0xA5F9,0x9DD9,0x9DD9,0xA5F9,0xA5F9,0xA5F9,
    0xA5F9,0xA5F9,0xA5F9,0xA5F9,0xA5F9,0xA619,0xA61A,0xA61A,0xA619,0xA619,0xA619,0xA5F9,0xA5F9,0xA619,0xA5F9,0xA5F9,
    0xA5F9,0xA5F9,0xA5F9,0xA5D9,0xA5D9,0xA5D9,0xA5D9,0x9DB8,0x9DB8,0xA5D9,0xA5F9,0xA5F9,0xA61A,0xA619,0xA619,0xA61A,
    0xAE3A,0xA61A,0xA61A,0xAE3A,0xA61A,0xAE1A,0xAE1A,0xAE1A,0xAE1A,0xAE1A,0xAE1A,0xAE1A,0xAE1A,0xA5F9,0xA5F9,0xA5F9,
    0xA619,0xA619,0xA5F9,0xA619,0xA619,0x9DD9,0x9DD8,0x9DD8,0x9DD8,0x9DD8,0x9DD8,0xA5F9,0xA5F9,0xA619,0xA619,0xA619,
    0xA619,0xA61A,0xADFA,0xA5FA,0xA5FA,0xA5DA,0xA5DA,0xA5DA,0xA5FA,0xA5FA,0xA5FA,0xA5F9,0xA5F9,0xA5F9,0xA5F9,0x9DD9,
    0x9DD8,0x9DD8,0x9DD8,0x9DD8,0x9DD8,0x9DD8,0x9DB8,0x9DD8,0x9DD9,0xA5F9,0xA5F9,0xA5F9,0xA5F9,0xA5D9,0xA5D9,0xA5D9,
    0xA5D9,0xA5D9,0xA5D9,0xA5D9,0xA5B8,0xA5B8,0xA5D9,0xA5D9,0xA5F9,0xA5F9,0xA5F9,0xA5F9,0x9DD9,0x9DD9,0x9DD9,0x9DD9,
    0xA5F9,0xA5F9,0xA5F9,0xA5F9,0xA5F9,0xA5F9,0xA5F9,0xA5F9,0xA5F9,0x9DD9,0xA5F9,0xA5F9,0xA619,0xA619,0xA619,0xA5F9,
    0xA5F9,0xA5F9,0xA5F9,0xA5FA,0xA5FA,0xA5FA,0xA5FA,0xA5DA,0xA5FA,0xA5FA,0xA5FA,0xADFA,0xADFA,0xA5FA,0xADFA,0xADFA,
    0xA5FA,0xA5FA,0xA5FA,0xA5FA,0xA5FA,0xA5FA,0xA5FA,0xA5FA,0xA5FA,0xA5D9,0xA5D9,0xA5FA,0xA5FA,0xA5FA,0xA5FA,0x9DD9,
    0x9DD9,0x9DD9,0x9DD9,0x9DB9,0x9DB9,0x9DB9,0x9DD9,0xA5D9,0xA5F9,0xA5F9,0xA5F9,0xA5F9,0xA5F9,0xA5F9,0xA5F9,0xA5F9,
    0xA5F9,0xA5F9,0xA5D9,0xA5D9,0xA5D9,0xA5D9,0x9DD9,0x9DD9,0x9DD9,0x9DD9,0x9DD9,0x9DD9,0x9DD9,0x9DD9,0x9DD9,0x9DD9,
    0xA5D9,0xA5D9,0xA5FA,0xA5FA,0xA5F9,0x9DD9,0x9DD9,0xA5D9,0xA5D9,0xA5D9,0xA5D9,0xA5D9,0xA5D9,0xA5D9,0x9DD9,0x9DD9,
    0x9DD9,0x9DB9,0x9DB9,0x9DB9,0x9DD9,0x9DD9,0x9DB8,0x9D98,0x9DB9,0x9DB9,0x9DB9,0x9DB9,0x9DB9,0x9DB9,0x9DB9,0x9DB9,
    0x8D56,0x8D36,0x8D36,0x8D36,0x8D56,0x8D56,0x8D57,0x8D57,0x8D57,0x8D56,0x8D56,0x8D57,0x9577,0x9577,0x9597,0x9598,
    0x9577,0x8D57,0x8D56,0x8D57,0x9577,0x9577,0x9577,0x9577,0x9597,0x9598,0x9DB8,0x9598,0x9598,0x9598,0x9DB8,0x9DB9,
    0x9DB8,0x9DB8,0x9DB9,0x9DD9,0x9DB8,0x9598,0x9598,0x9598,0x9597,0x9597,0x9DB8,0x9DB8,0x9DB8,0x9DB8,0x9DB8,0x9598,
    0x9598,0x9598,0x9598,0x9597,0x9597,0x9597,0x9598,0x9598,0x9598,0x9598,0x9DB8,0x9DB8,0x9DB8,0x9DB8,0x9DB8,0x9DB8,
    0x9598,0x9598,0x9DB8,0x9DB8,0x9DD8,0x9DB8,0x9DB8,0x9DB8,0x9DB8,0x9DB8,0x9DB8,0x9DB8,0x9DB8,0x9598,0x9598,0x9598,
    0x9598,0x9597,0x9597,0x9598,0x9DB8,0x9DD8,0x9DB8,0x9597,0x9598,0x9598,0x9DB8,0x9DB8,0x9DB8,0x9DB9,0x9DB9,0x9DB9,
    0x9DB9,0x9DB9,0x9DB8,0x9DB9,0x9DB9,0x9DD9,0x9DD9,0x9DD8,0x9DD8,0x9DD9,0x9DD9,0x9DB8,0x9DD8,0x9DD8,0x9DD8,0x9DD8,
    0x9DB8,0x9DB8,0x9DD8,0xA5F9,0x9DD8,0x9DD8,0x9DD8,0x9DD8,0x9DB8,0x9597,0x9598,0x9598,0x9598,0x9598,0x9DB8,0x9DB8,
    0x9DB8,0x9598,0x9597,0x9597,0x9597,0x9597,0x9597,0x9DB8,0x9DB8,0x9DB8,0x9DB8,0x9DB8,0x9DB8,0x9DB8,0x9DB8,0x9DB8,
    0x9DB8,0x9DB8,0x9DB8,0x9DD8,0xA5F9,0xA5F9,0xA5F9,0xA5F9,0xA5F9,0xA5F9,0xA5F9,0xA5F9,0xA5F9,0xA5F9,0x9DD9,0x9DD9,
    0x9DD9,0x9DB8,0x9DB8,0x9DB8,0x9DD8,0x9DD9,0x9DD9,0x9DF9,0xA5F9,0xA5F9,0xA5F9,0x9DB8,0x9DB8,0x9DD8,0x9DD8,0xA5F9,
    0xA5F9,0xA5D9,0xA5D9,0xA5F9,0xA5B8,0x9DB8,0x9DB8,0x9D98,0x9D98,0x9D98,0x9DD8,0x9DD9,0x9DD9,0xA5F9,0xA5F9,0xA5F9,
    0xA5F9,0xA5F9,0xA5F9,0xA61A,0xA619,0xA5F9,0xA5F9,0xA5F9,0xA5F9,0xA5F9,0xA619,0xA5F9,0x9DD9,0x9DD8,0x9DD8,0x9DB8,
    0x9DB8,0x9DB8,0x9DD8,0x9DD8,0x9DD9,0xA5F9,0xA5F9,0x9DB8,0x9DB8,0x9DD9,0xA5F9,0xA5F9,0xA5F9,0xA5F9,0xA5F9,0xA5F9,
    0xA5F9,0xA5F9,0xA5F9,0xA5F9,0xA5F9,0xA5F9,0x9DD9,0x9DD9,0xA5F9,0xA5F9,0xA5F9,0xA5F9,0x9DD9,0xA5F9,0x9DD9,0x9DD9,
    0xA5F9,0xA5F9,0xA5F9,0xA5F9,0xA5F9,0xA5F9,0xADF9,0xA5F9,0xA5F9,0xA5F9,0xA5F9,0xA5D9,0xA5F9,0xA5F9,0xA5F9,0xA5F9,
    0xA619,0xA619,0xA619,0xA61A,0xA61A,0xAE1A,0xAE1A,0xAE1A,0xAE19,0xADF9,0xA5F9,0xADF9,0xAE1A,0xAE1A,0xAE1A,0xA61A,
    0xAE3A,0xAE3A,0xA61A,0xA619,0xA61A,0xAE3A,0xAE3A,0xA61A,0xA619,0xA5F9,0xA5F9,0xA5F9,0xA5F9,0xA5F9,0xA5F9,0xA5F9,
    0xA5F9,0xA5F9,0xA5FA,0xA5FA,0xADFA,0xADFA,0xA5FA,0xA5FA,0xA5DA,0xA5D9,0xA5D9,0x9DD9,0xA5F9,0xA619,0xA619,0xA619,
    0xA5F9,0xA5F9,0xA5F9,0xA5F9,0xA5F9,0xA5F9,0xA5F9,0xA5F9,0xA5F9,0xA5F9,0xA5F9,0xA619,0xA5F9,0xA5F9,0xA5D9,0xA5F9,
    0xA5F9,0xA5F9,0xA5F9,0xA5F9,0xA5D9,0xA5B8,0x9DB8,0x9DD9,0x9DD9,0x9DD9,0x9DD9,0x9DD9,0x9DD8,0x9DD8,0x9DD8,0x9DD8,
    0x9DD8,0x9DD9,0xA5F9,0xA619,0xA61A,0xA619,0xA619,0xA619,0xA5F9,0xA5F9,0x9DD9,0xA5F9,0xA5F9,0xA5F9,0xA5F9,0xA5F9,
    0xA5F9,0xA5F9,0xA5F9,0xA5FA,0xA5FA,0xA5FA,0xA5DA,0xA5D9,0xA5D9,0xA5D9,0xA5DA,0xA5DA,0xA5FA,0xA5FA,0xA5DA,0xA5DA,
    0xA5FA,0xA5FA,0xA5FA,0xA5FA,0xADFA,0xA5FA,0xA61A,0xA61A,0xA5FA,0xA5D9,0x9DD9,0xA5FA,0xA5FA,0xA5FA,0xA5FA,0xA5FA,
    0xA5FA,0xA5FA,0xA5F9,0xA5D9,0x9DD9,0x9DD9,0x9DB9,0x9DB9,0x9DD9,0xA5F9,0x9DD8,0x9DD8,0x9DD8,0x9DD8,0xA5F9,0x9DD8,
    0xA5F9,0xA5F9,0xA5F9,0xA5F9,0xA5F9,0xA5F9,0xA5F9,0xA5F9,0x9DD9,0x9DD9,0x9DD9,0xA5F9,0xA5FA,0xA5F9,0xA5F9,0xA5FA,
    0x9DD9,0x9DD9,0xA5D9,0xA5FA,0xA5D9,0xA5F9,0xA5F9,0xA5D9,0xA5D9,0xA5D9,0xA5D9,0xA5D9,0xA5D9,0xA5D9,0x9DD9,0x9DD9,
    0x9DD9,0x9DB9,0x9DB9,0x9DB8,0x9DD9,0x9DD9,0x9DB9,0x9DB9,0x9DB9,0x9DB9,0x9DB9,0x9DB9,0x9DB9,0x9598,0x9598,0x9598,
    0x9598,0x9598,0x9598,0x9598,0x9598,0x9598,0x9598,0x9597,0x9577,0x9577,0x9577,0x9577,0x9577,0x8D57,0x9577,0x9577,
    0x9577,0x9577,0x9597,0x9597,0x9597,0x9577,0x8D57,0x8D36,0x8516,0x8D36,0x9577,0x9578,0x9598,0x95B8,0x9DB8,0x95B8,
    0x9598,0x9598,0x9598,0x9598,0x9598,0x9598,0x9DB8,0x9DB8,0x9598,0x9577,0x9598,0x9DB8,0x9DB8,0x9DB8,0x9DB8,0x9DB8,
    0x9DB8,0x9598,0x9597,0x9597,0x9598,0x9DB8,0x9DB8,0x9DB8,0x9DB8,0x9DB8,0x9DB8,0x9DB8,0x9DB8,0x9DB8,0x9DD8,0x9DB8,
    0x9597,0x9577,0x9597,0x9597,0x9577,0x9577,0x9597,0x9598,0x9DB8,0x9DD8,0x9DB8,0x9DD8,0x9DD9,0x9DB8,0x9DB8,0x9DD8,
    0x9DB8,0x9598,0x95B8,0x9DD8,0x9DD8,0x9DD8,0x9DD8,0x9DB8,0x9598,0x9598,0x9598,0x9598,0x9598,0x9598,0x9598,0x9578,
    0x8D57,0x8D57,0x8D57,0x8D57,0x9578,0x9598,0x9DB8,0x9DB8,0x9DB8,0x9DD8,0x9DB8,0x9DB8,0x9DB8,0x9DD8,0x9DD9,0x9DD9,
    0x9DD8,0x9DB8,0x9DB8,0x9DD8,0x9DB8,0x9DD8,0x9DD9,0x9DD8,0x9DB8,0xA5F9,0x9DD9,0x9DD8,0x9DB8,0x9598,0x9DB8,0x9DD8,
    0x9DD9,0x9DD9,0x9DD8,0x9DD8,0x9DD8,0x9DD8,0x9DD8,0x9DD8,0x9DD8,0x9DD8,0x9DD8,0x9DD8,0x9DB8,0x9DD8,0x9DD8,0x9DB8,
    0x9DB8,0x9DB8,0x9597,0x9577,0x9577,0x9597,0x9D98,0x9DB8,0x9DB8,0x9DD9,0xA5F9,0xA5F9,0xA5F9,0xA5F9,0x9DD9,0x9DD9,
    0xA5D9,0x9DD9,0x9DB8,0x9DD8,0x9DD9,0x9DD9,0x9DD9,0x9DD9,0x9DD9,0x9DD9,0x9DD8,0x9DD8,0x9DD8,0x9DD9,0x9DD9,0x9DD9,
    0x9DD9,0x9DB8,0xA5D9,0xA5F9,0xA5F9,0xA5D9,0xA5D9,0xA5D9,0xA5D9,0xA5D9,0x9DD8,0x9DD8,0x9DD9,0xA5F9,0xA5F9,0xA5F9,
    0xA5F9,0xA5F9,0xA5F9,0x9DD9,0xA5F9,0xA5F9,0xA5F9,0xA5F9,0xA5F9,0xA5F9,0xA5F9,0xA5F9,0xA5F9,0xA619,0xA619,0xA5F9,
    0xA5F9,0xA5F9,0xA5F9,0xA5F9,0xA5F9,0xA5F9,0x9DD9,0x9DD8,0x9DD8,0xA5F9,0xA5D9,0x9DD8,0x9DD9,0x9DD9,0x9DD9,0x9DD9,
    0xA5F9,0xA5F9,0x9DD9,0x9DD9,0x9DD9,0xA5F9,0xA5F9,0xA5F9,0xA5F9,0x9DD9,0x9DD9,0x9DD9,0x9DD9,0xA5F9,0xA5F9,0xA5F9,
    0x9DD9,0x9DD9,0x9DD8,0x9DB8,0x9DB8,0xA5D9,0xA5D9,0xA5F9,0xA5F9,0xA5F9,0xA5F9,0xA5D9,0xA5D9,0xA5F9,0xA5F9,0xA5F9,
    0xA5F9,0xA5F9,0xA5F9,0xA5F9,0xA619,0xA5F9,0xA5D9,0xA5F9,0xA5F9,0xADF9,0xA5F9,0xA5F9,0xADF9,0xA5F9,0xA5F9,0xA619,
    0xA5F9,0xA5F9,0xA5F9,0xA619,0xA61A,0xA61A,0xA61A,0xA61A,0xAE3A,0xAE3A,0xA61A,0xA61A,0xA61A,0xA5F9,0xA5F9,0xA5F9,
    0xA5F9,0xA5F9,0xA5FA,0xA5FA,0xA5FA,0xADFA,0xADFA,0xADFA,0xA5FA,0xA5D9,0xA5D9,0x9DB8,0xA5F9,0xA619,0xA619,0xA619,
    0xA619,0xA619,0xA619,0xA619,0xA619,0xA619,0xA619,0xA5F9,0x9DD9,0x9DD9,0xA5F9,0xA5F9,0xA5F9,0xA5F9,0xA5D9,0xA5F9,
    0xA5F9,0xA5F9,0xA5F9,0xA5F9,0xADF9,0xADF9,0xA5F9,0xA5F9,0xA5F9,0xA5F9,0xA5F9,0xA5F9,0xA5F9,0xA5F9,0xA5F9,0xA5F9,
    0xA5F9,0xA5F9,0xA5F9,0xA5F9,0xA5F9,0xA5F9,0xA5F9,0xA5F9,0xA5F9,0xA5F9,0xA5F9,0xA5F9,0x9DD9,0x9DD8,0xA5F9,0xA5F9,
    0xA5F9,0xA5F9,0xA5F9,0xA5F9,0xA5FA,0xA5DA,0xA5D9,0xA5D9,0xA5B9,0xA5D9,0xA5D9,0xA5FA,0xA5FA,0xADFA,0xA5DA,0xA5DA,
    0xADFA,0xA5FA,0xA5FA,0xA5FA,0xADFA,0xADFA,0xA5FA,0xA5FA,0xA61A,0xA61A,0xA5FA,0xA5FA,0xA5FA,0xA5FA,0xA5FA,0xA5FA,
    0xA5FA,0xA5FA,0xA5FA,0xA5FA,0xA5FA,0xA5FA,0xA5F9,0xA5FA,0xA5F9,0xA5F9,0xA5F9,0xA5F9,0xA5F9,0x9DD8,0x9DD8,0x9DB8,
    0x9DD8,0x9DD8,0x9DD8,0x9DD8,0x9DD8,0x9DD8,0x9DD9,0xA5F9,0x9DD9,0x9DD8,0x9DD8,0x9DD9,0x9DD9,0x9DD9,0x9DD9,0xA5F9,
    0x9DD9,0x9DD9,0xA5D9,0xA5D9,0x9DD9,0x9DD9,0x9DD9,0x9DB9,0x9DB9,0x9DB9,0x9DD9,0xA5D9,0xA5D9,0x9DD9,0x9DD9,0x9DD9,
    0x9DD9,0x9DD9,0x9DD9,0x9DB9,0x9DB9,0x9DD9,0x9DD9,0x9DD9,0x9DD9,0x9DD9,0x9DD9,0x9DD9,0x9DD9,0x9DD9,0x9DD9,0x9DD9,
    0x9577,0x9577,0x9577,0x9577,0x9DB8,0x9598,0x9598,0x9598,0x9597,0x9597,0x9597,0x9597,0x9597,0x9597,0x9597,0x9597,
    0x9597,0x9597,0x9DB8,0x9597,0x9597,0x9DB8,0x9DB8,0x9577,0x8D56,0x8D56,0x8D36,0x8D57,0x9577,0x9577,0x9577,0x9597,
    0x9577,0x9577,0x9577,0x9577,0x9598,0x9598,0x9598,0x9DB8,0x9DB8,0x9DB8,0x9DB8,0x9DB8,0x9598,0x9598,0x9598,0x9D98,
    0x9D98,0x9598,0x9577,0x9577,0x9598,0x9598,0x9598,0x9598,0x9DB8,0x9598,0x9597,0x9597,0x9597,0x9597,0x9597,0x9DB8,
    0x9DD8,0x9DD8,0x9DD8,0x9DB8,0x9598,0x9597,0x9DB8,0x9DB8,0x9DB8,0x9DB8,0x9DB8,0x9DB8,0x9DB8,0x9597,0x9597,0x9DB8,
    0x9DD8,0x9DD8,0x9DD8,0x9DD9,0x9DD9,0x9DD8,0x9DB8,0x9DB8,0x9DD8,0x9DD8,0x9DD8,0x9DD8,0x9DD8,0x9DD9,0x9DD9,0x9DB9,
    0x9DB8,0x9DB8,0x9D98,0x9598,0x9598,0x9598,0x9597,0x9597,0x9DB8,0x9DB8,0x9598,0x9597,0x9598,0x9DB8,0x9DD8,0x9DD8,
    0x9DD8,0xA5F9,0xA5F9,0x9DD9,0x9DD8,0x9DD8,0x9DD8,0x9DD8,0x9DD8,0x9DD8,0x9DD8,0x9DD8,0x9DD8,0x9DD8,0xA5F9,0xA5F9,
    0x9DD9,0x9DD8,0x9DD8,0x9DD8,0x9DD8,0x9DD8,0x9DD8,0x9DB8,0x9DD8,0x9DD8,0x9DD8,0x9DD8,0x9DD8,0xA5D8,0xA5D8,0x9DD8,
    0xA5D8,0xA5D8,0x9DB8,0x9DB8,0x9D97,0x9D97,0x9D97,0x9577,0x9577,0x9577,0x9D97,0x9577,0x9577,0x9597,0x9D98,0x9D98,
    0x9DB8,0x9DB8,0x9DB8,0xA5D9,0xA5D8,0xA5D9,0xA5D8,0x9DB8,0x9DB8,0x9DB8,0x9DB8,0x9DB8,0x9DB8,0x9DB8,0x9DD8,0xA5F9,
    0xA5F9,0x9DD9,0xA5D9,0xA5F9,0xA5F9,0xA5FA,0xA61A,0xA61A,0xA61A,0xA5F9,0xA5D9,0xA5F9,0xA5F9,0xA5F9,0xA5D9,0xA5F9,
    0xA5FA,0xA5FA,0xA5F9,0xA5D9,0xA5F9,0xA5F9,0xA5F9,0xA5F9,0xA5F9,0xA5F9,0x9DD8,0x9DD8,0xA5F9,0xA5F9,0xA5F9,0xA5F9,
    0xA5F9,0xAE1A,0xA61A,0xA5FA,0xA5FA,0xA5F9,0xA5F9,0xA5F9,0xA5F9,0xA5F9,0xA5F9,0xA5F9,0xA5D9,0xA5D8,0x9DD8,0x9DB8,
    0x9DB8,0x9DB8,0x9DB8,0x9DB8,0x9DB8,0x9DB8,0x9DD8,0xA5D9,0xA5D9,0xA5F9,0xA5F9,0xA5D9,0xA5D9,0xA5D9,0xA5F9,0xA5F9,
    0xA5F9,0xA5F9,0xA5F9,0xA5D9,0xA5D9,0xA5D9,0xA5D9,0xA5D9,0xA5D9,0xA5F9,0xA5F9,0xA5D9,0x9DB8,0x9DB8,0x9DB8,0x9DD8,
    0x9DB8,0x9DB8,0x9DD8,0xA5D8,0xA5D9,0xA5D9,0xA5D9,0xA5D8,0xA5B8,0xA5B8,0xA5D8,0xA5D8,0xA5D8,0xA5D8,0xA5D9,0xA5F9,
    0xA5D9,0xA5D8,0xA5D8,0xA5F9,0xA5F9,0xA5F9,0xA5D9,0xA5D9,0xA5F9,0xA5F9,0xA5F9,0xA5F9,0xA5F9,0xA5F9,0xA5F9,0xA5F9,
    0xA5F9,0xA5D9,0xA5D9,0xA5F9,0xA5F9,0xA5D9,0xA5F9,0xADF9,0xADF9,0xAE1A,0xAE1A,0xA61A,0xA61A,0xA61A,0xA61A,0xA61A,
    0xA61A,0xA61A,0xA61A,0xA61A,0xA61A,0xA61A,0xA61A,0xA5F9,0xA5D9,0xA5F9,0xA5F9,0xA5F9,0xA5D9,0xA5D9,0xA5D9,0xA5F9,
    0xA5F9,0xA5F9,0xA5D9,0xA5D9,0xA5F9,0xA5F9,0xA5F9,0xA5F9,0xA5F9,0xA5FA,0xA5FA,0xA5FA,0xA5F9,0xA5F9,0xA5F9,0xA61A,
    0xA5F9,0xA5F9,0xA5D9,0x9DB8,0x9DB8,0xA5D8,0xA5D9,0xA5D9,0x9DD8,0x9DD8,0xA5F9,0xA5D9,0xA5D9,0xA5D8,0xA5D9,0xA5F9,
    0xA5F9,0xA5F9,0xA5F9,0xA5F9,0xA5F9,0xA5F9,0xA5D9,0xA5D9,0xA5D9,0xA5D9,0xA5D9,0xA5D9,0xA5D9,0xA5D9,0xA5D9,0xA5D9,
    0xA5D9,0xA5D9,0xA5D9,0xA5D9,0xA5D9,0xA5D9,0xA5D9,0xA5D9,0xA5D9,0xA5FA,0xAE1A,0xA61A,0xAE1A,0xAE1A,0xA61A,0xA5F9,
    0xA61A,0xA61A,0xA5FA,0xA5FA,0xA5FA,0xA5F9,0xA5F9,0xA5FA,0xA5F9,0xA5F9,0xA5F9,0xA5F9,0xA5F9,0xA5F9,0x9DD9,0x9DD9,
    0x9DD9,0x9DD9,0x9DD8,0x9DD9,0x9DD9,0x9DD8,0x9DD8,0x9DB8,0x9DB8,0x9DD8,0x9DD8,0x9DD8,0x9DD9,0x9DB8,0x9DB8,0x9DB8,
    0x9DB8,0x9DB8,0x9DD8,0x9DD9,0x9DD9,0x9DD9,0x9DD9,0x9DD9,0x9DD9,0x9DD9,0x9DD9,0x9DD9,0x9DD9,0x9DD9,0x9DB9,0x9DB9,
    0x9D99,0x9DB9,0xA5B9,0x9DB9,0x9DB9,0x9DB9,0x9DB9,0x9DB9,0x9DD8,0x9DD9,0x9DD9,0x9DD9,0x9DD9,0x9DD9,0x9DB8,0x9DD9,
    0x9577,0x9577,0x9577,0x8D57,0x8D56,0x9577,0x9577,0x9597,0x9597,0x9597,0x9DB8,0x9DB8,0x9DB8,0x9DB8,0x9DB8,0x9DB8,
    0x9DB8,0x9DB8,0x9DB8,0x9597,0x9577,0x9577,0x9597,0x9597,0x9597,0x9597,0x9577,0x9597,0x9597,0x9597,0x9577,0x9597,
    0x9DB8,0x9DB8,0x9DB8,0x9DB8,0x9DB8,0x9598,0x9598,0x9DB8,0x9DB8,0x9DB8,0x9DB8,0x9DB8,0x9DB8,0x9DB8,0x9DB8,0x9DB9,
    0x9DB9,0x9DB8,0x9DB9,0x9DD9,0x9DB9,0x9DB9,0x9DB8,0x9DD8,0x9DD8,0x9DD8,0x9DD8,0x9DB8,0x9597,0x9597,0x9577,0x9577,
    0x9597,0x9DB8,0x9DB8,0x9DB8,0x9DB8,0x9DB8,0x9DB8,0x9DD8,0x9DD8,0x9DD8,0x9DD8,0x9DB8,0x9597,0x9597,0x9597,0x9DB8,
    0x9DD8,0x9DD8,0x9DB8,0x9DB8,0x9DD8,0x9DD8,0x9DD8,0x9DD8,0xA5F9,0xA5F9,0xA5F9,0xA5F9,0xA5F9,0x9DD9,0x9DD9,0x9DD9,
    0xA5F9,0xA5F9,0xA5F9,0xA5D9,0xA5D9,0x9DD9,0x9DD8,0x9DB8,0x9DB8,0x9DB8,0x9DB8,0x9DB8,0x9DB8,0x9DB8,0x9DB8,0x9DD8,
    0x9DD8,0x9DB8,0x9DB8,0x9DD8,0xA5F9,0xA5F9,0xA5F9,0xA5F9,0x9DD8,0xA5F9,0xA5F9,0x9DD8,0xA5F9,0x9DD8,0xA5F9,0xA5F9,
    0xA5F9,0xA5F9,0xA5F9,0xA5F9,0x9DD8,0x9DD8,0x9DD8,0x9DB8,0x9DD8,0x9DB8,0x9DB8,0x9DB8,0xA5B8,0xA5D8,0xA5D9,0xA5D8,
    0xA5D8,0xA5D9,0xA5F9,0xA5F9,0xA5D9,0x9DB8,0x9DB8,0x9D98,0x9D77,0x9577,0x9577,0x9577,0x9577,0x9D97,0x9DB8,0xA5B8,
    0xA5B8,0x9DB8,0x9DB8,0x9DB8,0x9D98,0x9DB8,0xA5D8,0xA5D8,0xA5F9,0xA5F9,0x9DD8,0x9DD8,0x9DB8,0x9DB8,0x9DB8,0xA5F9,
    0x9DD8,0x9DB9,0x9DB9,0x9DD9,0x9DD9,0xA5D9,0xA5F9,0xA5F9,0xA5F9,0xA5FA,0xA5F9,0xA5F9,0xA5FA,0xA5D9,0xA5B9,0x9DB9,
    0xA5D9,0xA5D9,0xA5D9,0xA5D9,0xA5F9,0xA5F9,0xA5F9,0xA5F9,0x9DD8,0x9DD8,0xA5F9,0xA5F9,0x9DD8,0xA5B9,0xA5D9,0xA5D9,
    0xA5B9,0xA5F9,0xADFA,0xADFA,0xADFA,0xADFA,0xA5F9,0xA5D9,0xA5F9,0xA5F9,0xA5F9,0xA5F9,0xA5F9,0xA5F9,0xA5F9,0xA5F9,
    0xA5D9,0xA5D9,0xA5D8,0xA5D9,0xA5F9,0xA5D9,0xA5B8,0x9DB8,0xA5D8,0xA5D9,0xA5F9,0xADFA,0xA5F9,0xA5D9,0xA5F9,0xA5D9,
    0xA5D9,0xA5D9,0xA5D9,0xA5D9,0xA5D9,0xA5D8,0xA5B8,0xA5D8,0xA5B8,0x9DB8,0xA5D8,0xA5F9,0xA5F9,0xA5D8,0xA5D8,0xA5D9,
    0xA5D8,0xA5D8,0xA5D8,0x9DB8,0x9DB8,0x9DB8,0xA5D9,0xA5D8,0xA5B8,0xA5B8,0xA5D8,0x9DB8,0x9DB8,0x9DB8,0x9DB8,0xA5B8,
    0x9DB8,0x9DB8,0xA5B8,0x9DB8,0x9DB8,0xA5B8,0xA5D9,0xA5D9,0xA5F9,0xA5F9,0xA5F9,0xA619,0xA619,0xA5F9,0xA5F9,0xA619,
    0xA619,0xA619,0xADF9,0xAE19,0xAE19,0xA5F9,0xADF9,0xAE19,0xAE19,0xAE19,0xAE19,0xA61A,0xA61A,0xA5FA,0xA5FA,0xA5F9,
    0xA5F9,0xA5F9,0xA5F9,0xA5F9,0xA5F9,0xA5F9,0xADFA,0xADFA,0xA5FA,0xAE1A,0xAE1A,0xAE1A,0xAE1A,0xAE1A,0xAE1A,0xA5FA,
    0xA5FA,0xA5F9,0xA5F9,0xA5F9,0xA5F9,0xA5F9,0xA5D9,0xA5D9,0xA5D9,0xA5D9,0xA5D9,0xA5D9,0x9DB9,0xA5D9,0xA5D9,0xA5D9,
    0xA5F9,0xA5F9,0xA5D9,0xA5D9,0xA5D8,0xA5D9,0xA5D9,0xA5D9,0xA5D8,0xA5D8,0xA5D8,0xA5D9,0xA5F9,0xADF9,0xA5F9,0xA5D8,
    0xA5D9,0xA5D9,0xA5D9,0xA5F9,0xA5F9,0xADF9,0xA5F9,0xA5F9,0xA5F9,0xA5F9,0xA5D9,0xA5B8,0x9DB8,0xA5B9,0xA5B9,0xA5B9,
    0xA5D9,0xA5B9,0xA5D9,0xA5D9,0xA5D9,0xA5D9,0xA5D9,0xA5B9,0x9D98,0x9DB8,0x9DB8,0x9DB9,0xA5D9,0xA5D9,0xA5D9,0xA5D9,
    0xA5F9,0xA5F9,0xA5F9,0xA5F9,0xA5F9,0xA5F9,0xA5FA,0xA5FA,0xA5FA,0xA5F9,0xA5F9,0xA5F9,0xA5F9,0xA5F9,0xA5F9,0xA5F9,
    0xA5F9,0xA5F9,0xA619,0xA5F9,0xA5F9,0x9DD9,0xA5F9,0xA5F9,0xA5F9,0xA5F9,0xA5F9,0xA5F9,0x9DF9,0x9DD9,0x9DD8,0x9DD8,
    0x9DD8,0x9DD8,0x9DD8,0x9DD9,0x9DD9,0x9DD8,0x9DD8,0x9DD8,0x9DD9,0x9DD9,0x9DD9,0xA5F9,0xA5F9,0x9DD9,0x9DB9,0x9DB9,
    0x9DB9,0xA5B9,0xA5B9,0xA5D9,0xA5D9,0xA5B9,0x9DB9,0x9DB9,0x9DD8,0x9DD8,0x9DD9,0x9DD9,0x9DD8,0x9DB8,0x9597,0x9577,
    0x8D57,0x9577,0x9597,0x9597,0x9577,0x9577,0x9577,0x9597,0x9577,0x9597,0x9597,0x9577,0x9577,0x9577,0x8D56,0x8D56,
    0x8D56,0x9577,0x9577,0x9577,0x9577,0x9577,0x8D56,0x8D56,0x9577,0x9597,0x9597,0x9597,0x9597,0x9597,0x9597,0x9DB8,
    0x9DB8,0x9DB8,0x9DB8,0x9DB8,0x9DB8,0x9DD8,0x9DB8,0x9DB8,0x9DB8,0x9DD8,0x9DD8,0x9DB8,0x9DB8,0x9DB8,0x9DB8,0x9DB8,
    0x9DB8,0x9DB8,0x9DB8,0x9DB8,0x9598,0x9598,0x9598,0x9577,0x9597,0x9597,0x9DB8,0x9DB8,0x9DB8,0x9DD8,0x9DB8,0x9DB8,
    0x9597,0x9597,0x9597,0x9597,0x9597,0x9DB8,0x9DB8,0x9DB8,0x9DB8,0x9DD8,0x9DD8,0x9DB8,0x9597,0x9597,0x9597,0x9DB8,
    0x9DD8,0x9DB8,0x9597,0x9577,0x9597,0x9DB8,0x9DB8,0x9DB8,0x9DD8,0x9DD8,0x9DD8,0x9DD8,0x9DD8,0x9DD9,0x9DD9,0x9DD9,
    0x9DD9,0x9DD9,0x9DD9,0x9DD9,0x9DD9,0x9DD9,0x9DD8,0x9DD8,0x9DB8,0x9DB8,0x9DD8,0x9DB8,0x9DB8,0x9597,0x9597,0x9577,
    0x9577,0x9577,0x9577,0x8D56,0x9597,0x9597,0x9597,0x9597,0x9597,0x9597,0x9597,0x9597,0x9DB8,0x9DB8,0x9DB8,0x9DB8,
    0x9DB8,0x9DB8,0x9DD8,0x9DD8,0xA5F9,0xA5F9,0xA5F9,0xA5F9,0xA5F9,0x9DD8,0x9DD8,0x9DD8,0xA5D9,0xA5D9,0xA5D9,0xA5B8,
    0xA5B8,0xA5D8,0xA5D8,0xA5D9,0xA5F9,0xA5D9,0xA5F9,0xA5D9,0xA5D8,0xA5B8,0xA5D8,0xA5D9,0xA5D8,0x9DB8,0x9DB8,0x9DB8,
    0xA5D8,0xA5D8,0xA5D8,0xA5B8,0x9DB8,0x9DB8,0xA5D8,0x9DB8,0x9DD8,0x9DD8,0xA5F9,0xA5F9,0xA5F9,0x9DD8,0x9DD8,0xA5F9,
    0xA5F9,0xA5F9,0x9DD9,0x9DD9,0x9DD9,0x9DD9,0x9DB8,0x9DB8,0x9DD9,0xA5F9,0xA5F9,0xA5D9,0xA5D9,0xA5D9,0xA5D9,0x9DB8,
    0x9DB8,0x9DB8,0xA5B9,0x9DB8,0x9DD8,0x9DD8,0x9DD8,0x9DD8,0x9DD8,0xA5F9,0xA5F9,0xA5F9,0xA5F9,0xA5D9,0xA5D9,0xA5D9,
    0x9DB9,0xA5D9,0xA5F9,0xA5F9,0xA5F9,0xA5F9,0xA5D9,0xA5D8,0xA5D9,0xA5F9,0xA5F9,0xA5F9,0xA5F9,0xA5F9,0xA5F9,0xA5F9,
    0xA5D9,0xA5D9,0xA5D9,0xA5D9,0xA5D9,0xA5F9,0xA5F9,0xA5F9,0xA5D9,0xA5D9,0xA5D9,0xA5D9,0xA5D9,0xA5D9,0xA5D9,0xA5D9,
    0xA5D9,0xA5D9,0xA5D9,0xA5F9,0xA5D9,0xA5D8,0xA5D8,0xA5B8,0xA5B8,0xA5B8,0xA5B8,0xA5D8,0xA5D9,0xA5D8,0xA5F9,0xA5F9,
    0xA5F9,0xA5D9,0xA5D9,0xA5D8,0x9DB8,0x9DB8,0xA5B8,0xA5D8,0xA5D8,0xA5D8,0xA5D9,0xA5D8,0xA5D8,0xA5D9,0xA5D9,0x9DB8,
    0x9DB8,0x9DB8,0xA5D8,0xA5D8,0xA5B8,0xA5D8,0xA5D8,0xA5D8,0x9DD8,0x9DD8,0xA5F9,0xA5F9,0xA5F9,0xA5F9,0xA5F9,0x9DD8,
    0x9DD8,0x9DD8,0xA5D8,0xA5D8,0xA5D8,0xA5D8,0xA5D9,0xA5D9,0xA5F9,0xA5F9,0xAE19,0xA61A,0xA61A,0xA619,0xA5F9,0xA5F9,
    0xA5F9,0xA5F9,0xA5F9,0xA5F9,0xA5F9,0xA5F9,0xADFA,0xADFA,0xA5F9,0xA5F9,0xADFA,0xAE1A,0xAE1A,0xAE1A,0xAE1A,0xADFA,
    0xA5F9,0xA5D9,0xA5D9,0xA5D9,0xA5F9,0xA5F9,0xA5D9,0xA5F9,0xA5F9,0xA5F9,0xA5F9,0xA5F9,0xA5F9,0xA5F9,0xA5D9,0xA5D9,
    0xA5D9,0xA5F9,0xA5D8,0xA5D8,0xA5D8,0xA5D8,0xA5B8,0x9DB8,0xA5B8,0xA5D8,0xA5D8,0xA5D8,0xA5D8,0xA5D8,0xA5D8,0xA5D8,
    0xA5D8,0xA5D8,0xA5D8,0xA5D9,0xA5D9,0xA5F9,0xA5F9,0xA5F9,0xA5D9,0xA5F9,0xA5F9,0xA5D9,0xA5D9,0xA5D9,0xA5D9,0xA5D9,
    0xADFA,0xA5F9,0xA5F9,0xA5F9,0xA5D9,0xA5F9,0xAE1A,0xA5F9,0xA5D9,0xA5D9,0x9DB9,0x9DB8,0xA5B9,0xA5B9,0xA5D9,0xA5D9,
    0x9DD9,0x9DD9,0x9DD9,0xA5F9,0xA5F9,0xA5F9,0xA5F9,0xA5F9,0xA5F9,0xA5F9,0xA5F9,0xA5F9,0xA5F9,0xA5F9,0xA5F9,0xA5F9,
    0xA5F9,0xA5F9,0xA5F9,0x9DD9,0x9DD8,0x9DD9,0xA5F9,0xA5F9,0xA5F9,0xA5F9,0xA5F9,0xA5F9,0xA5F9,0xA5F9,0xA5F9,0xA5F9,
    0xA5F9,0xA5F9,0xA5F9,0xA5F9,0xA5F9,0x9DD9,0x9DD9,0x9DD8,0x9DD8,0x9DD8,0x9DD9,0x9DD9,0x9DD9,0x9DD9,0xA5D9,0xA5D9,
    0xA5D9,0xA5D9,0xA5D9,0xA5D9,0xA5D9,0xA5B9,0x9DB9,0x9DD9,0x9DD8,0x9DB8,0x9DB8,0x9DD8,0xA5F9,0x9DD9,0x9DD8,0x9DB8,
    0x9577,0x8D57,0x8D56,0x8D36,0x8D36,0x8D57,0x9577,0x9577,0x9597,0x9DB8,0x9DB8,0x9597,0x9597,0x9597,0x9597,0x9597,
    0x9597,0x9597,0x9597,0x9DB8,0x9DB8,0x9DB8,0x9DB8,0x9597,0x9597,0x9597,0x9577,0x9577,0x9577,0x8D56,0x8D36,0x8D36,
    0x8D56,0x8D36,0x8D36,0x8D36,0x8D36,0x8D36,0x8D56,0x9577,0x9577,0x9577,0x9577,0x9597,0x9597,0x9597,0x9597,0x9598,
    0x9DB8,0x9DB8,0x9DB8,0x9DB8,0x9DB8,0x9DB8,0x9DB8,0x9597,0x9597,0x9597,0x9577,0x9577,0x9577,0x9597,0x9DB8,0x9DB8,
    0x9DD8,0x9DD8,0x9DB8,0x9597,0x9DB8,0x9597,0x9577,0x9577,0x9577,0x9597,0x9597,0x9597,0x9597,0x9577,0x9577,0x9577,
    0x9597,0x9DB8,0x9DB8,0x9DB8,0x9DB8,0x9DB8,0x9DB8,0x9DB8,0x9DB8,0x9DB8,0x9DB8,0x9DB8,0x9DD8,0x9DD8,0x9DB8,0x9DB8,
    0x9598,0x95B8,0x9DB8,0x9DB8,0x9DD8,0x9DD9,0x9DD8,0xA5F9,0xA5F9,0xA5F9,0xA5F9,0x9DD8,0x9DD8,0x9DD8,0x9DD8,0x9597,
    0x9DB8,0x9DB8,0x9DB8,0x9597,0x9597,0x9597,0x9577,0x9577,0x9577,0x9577,0x9577,0x9577,0x9597,0x9597,0x9597,0x9597,
    0x9577,0x9577,0x9577,0x9577,0x9597,0x9DB8,0x9DB8,0x9DB8,0x9DD8,0xA5F9,0xA5F9,0xA5F9,0xA5F9,0xA5F9,0xA5D8,0xA5B8,
    0x9DB8,0x9DB8,0x9DB8,0xA5B8,0xA5D8,0xA5D9,0xA5D9,0xA5D9,0xA5D9,0xA5D8,0xA5B8,0xA5D9,0xA5D9,0xA5D9,0xA5D8,0xA5D8,
    0xA5D8,0xA5B8,0x9DB8,0x9DB8,0xA5D8,0xA5F9,0xA5F9,0xA5D9,0xA5F9,0xA5F9,0xA5F9,0xA5F9,0xA5F9,0x9DD8,0x9DD8,0xA5F9,
    0xA5F9,0xA5F9,0xA5F9,0x9DD9,0x9DD8,0x9DB8,0x9DB8,0x9DB8,0x9DB8,0x9DB8,0xA5D9,0xA5D9,0xA5D9,0xA5F9,0xA5F9,0xA5F9,
    0xA5F9,0xA5D9,0xA5D9,0xA5D9,0x9DD8,0x9DD8,0x9DD8,0x9DD8,0xA5F9,0xA5F9,0x9DB8,0x9DB8,0x9DD8,0xA5F9,0xA5F9,0xA5D9,
    0xA5D9,0xA5F9,0xA5D9,0xA5D9,0xA5D9,0xA5D9,0xA5D9,0xA5F9,0xA5F9,0xA5F9,0xA5F9,0xA5F9,0xA5F9,0xA5F9,0xA5F9,0xA5F9,
    0xA5D8,0xA5D8,0xA5D8,0xA5B8,0x9DB8,0xA5B8,0xA5D9,0xA5F9,0xA5D9,0xA5D9,0xA5B8,0x9D98,0x9DB8,0xA5D9,0xA5D9,0xA5D9,
    0xA5D9,0xA5D9,0xA5F9,0xA5F9,0xA5D9,0xA5D9,0xA5D9,0xA5D9,0xA5D9,0xA5F9,0xA5D8,0x9DB8,0xA5D9,0xA5D9,0xA5D9,0xA5D9,
    0xA5B8,0xA5D9,0xA5F9,0xA5F9,0xA5F9,0xA5D8,0xA5B8,0xA5D8,0xA5D8,0xA5D9,0xA5D8,0xA5D9,0xA5F9,0xADF9,0xAE19,0xA5D9,
    0xA5D9,0xA5D9,0xA5D9,0xA5D9,0xA5D8,0xA5D8,0x9DB8,0x9DB8,0x9DB8,0x9DB8,0x9597,0x9597,0x9597,0x9DB8,0x9DB8,0x9DB8,
    0x9DD8,0x9DD8,0x9DB8,0x9DB8,0x9DB8,0x9DB8,0x9DB8,0x9DB8,0x9DB8,0xA5D8,0xA5D8,0x9DD9,0xA5F9,0xA5F9,0xA619,0xA619,
    0xA619,0xA619,0xA619,0xA619,0xA5F9,0xADF9,0xADF9,0xA5F9,0xA5F9,0xADF9,0xAE1A,0xAE1A,0xAE1A,0xAE1A,0xA5F9,0xA5F9,
    0xA5D9,0xA5D9,0xA5D9,0xA5D9,0xA5F9,0xA5D9,0xA5D9,0xA5F9,0xA5F9,0xA5F9,0xA5F9,0xA5D9,0xA5D9,0xA5F9,0xA5F9,0xA5F9,
    0xADF9,0xA5F9,0xA5F9,0xA5F9,0xA5F9,0xA5F9,0xA5D9,0xA5D9,0xA5F9,0xA5F9,0xA5F9,0xA5D9,0xA5D8,0xA5B8,0xA5D8,0xA5F9,
    0xA5F9,0xA5D9,0xA5D9,0xA5D9,0xA5D9,0xA5D9,0xA5D9,0xA5D9,0xA5D9,0xA5D9,0xA5B8,0x9DB8,0x9D98,0x9D98,0x9DB8,0x9DB8,
    0xA5B8,0xA5D9,0xA5F9,0xA5F9,0xA5D9,0xA5D9,0xA5F9,0xA5F9,0xA5F9,0xA5F9,0xA5F9,0xA5F9,0xA5D9,0xA5D9,0xA5F9,0xA5D9,
    0x9DD9,0x9DD9,0x9DD8,0xA5F9,0x9DD9,0x9DD9,0x9DD9,0x9DD9,0x9DD9,0xA5F9,0xA5F9,0xA5F9,0xA5F9,0xA5F9,0xA5F9,0xA5F9,
    0xA5F9,0xA5F9,0xA5F9,0xA5F9,0xA5F9,0xA5F9,0xA5F9,0x9DD8,0x9DD8,0x9DD8,0x9DD8,0x9DD8,0x9DD9,0x9DD8,0x9DD8,0x9DB8,
    0x9DD8,0x9DD8,0x9DD8,0x9DD8,0x9DD8,0xA5F9,0xA5F9,0x9DD9,0x9DD8,0x9DD8,0x9DD8,0x9DD9,0x9DD9,0x9DD8,0x9DB8,0xA5B9,
    0xA5B9,0x9DB9,0x9DB8,0xA5D9,0xA5D9,0xA5B9,0xA5B9,0x9DD9,0x9DD8,0x9DB8,0x9DB8,0x9DB8,0x9DD8,0x9DD8,0x9DD8,0x9DD8,
    0x9577,0x8D57,0x8D56,0x8D36,0x8D36,0x8D36,0x8D36,0x8D36,0x8D36,0x9577,0x9577,0x9577,0x9597,0x9597,0x9597,0x9DB8,
    0x9DB8,0x9DB8,0x9DB8,0x9597,0x9DB8,0x9DB8,0x9DD8,0x9DD8,0x9DD8,0x9DD8,0x9DB8,0x9597,0x9DB8,0x9597,0x9577,0x8D56,
    0x8D56,0x8D56,0x8D36,0x8D36,0x8D36,0x8D35,0x8D56,0x8D56,0x8D35,0x8535,0x8D35,0x8D35,0x8D56,0x8D56,0x8D56,0x8D57,
    0x9577,0x9577,0x9577,0x9577,0x9597,0x9598,0x9DB8,0x9DB8,0x9DB8,0x9DB8,0x9DB8,0x9597,0x9597,0x9597,0x9597,0x9DB8,
    0x9DB8,0x9DB8,0x9597,0x9577,0x9597,0x9597,0x9597,0x9577,0x9577,0x9597,0x9597,0x9DB8,0x9DB8,0x9DB8,0x9597,0x9577,
    0x8D56,0x9577,0x9577,0x9597,0x9597,0x9DB8,0x9DB8,0x9DB8,0x9DB8,0x9DB8,0x9DB8,0x9DB8,0x9DB8,0x9DB8,0x9DB8,0x9DB8,
    0x9DB8,0x9DB8,0x9598,0x9DB8,0x9DB8,0x9DD9,0x9DD8,0x9DD8,0x9DB8,0x9DD8,0x9DD8,0x9DD8,0xA5F9,0xA5F9,0xA5F9,0xA5F9,
    0x9DD8,0x9DD8,0x9DD8,0xA5F9,0x9DD8,0x9DD8,0x9DD8,0x9DB8,0x9DB8,0x9DB8,0x9DD8,0x9DD8,0x9DD8,0x9DD8,0x9DD8,0x9DD8,
    0x9DB8,0x9597,0x9DB8,0x9DB8,0x9DB8,0x9DB8,0x9DB8,0x9DD8,0x9DD8,0x9DB8,0x9DB8,0x9DB8,0xA5B8,0xA5D8,0xA5D9,0xA5F9,
    0xA5D9,0xA5D9,0xA5D8,0xA5D9,0xA5F9,0xA5D9,0xA5D9,0xA5F9,0xA5F9,0xA5D9,0xA5D9,0xA5D9,0xA5D9,0xA5D9,0xA5D9,0xA5F9,
    0xA5F9,0xA5F9,0xA5F9,0xA5F9,0xA5D8,0xA5D9,0xA5D9,0xA5D9,0xA5F9,0xA5F9,0xA5F9,0xA5F9,0xA5F9,0xA5F9,0xA5F9,0xA5F9,
    0x9DD8,0xA5F9,0xA5F9,0xA5F9,0xA619,0xA5F9,0xA5F9,0xA5F9,0xA5F9,0x9DD9,0x9DB8,0x9DB8,0x9DB8,0xA5D9,0xA5D9,0xA5F9,
    0xA5F9,0xA5D9,0xA5F9,0xA619,0xA5F9,0xA5F9,0xA5F9,0xA5F9,0xA619,0xA5F9,0x9DD8,0x9DD8,0x9DD8,0xA5D9,0xA5D9,0xA5D9,
    0x9DB8,0xA5B8,0xA5D9,0xA5D9,0xA5D9,0xA5D9,0xA5D9,0xA5D8,0x9DB8,0x9DB8,0x9DB8,0x9DB8,0xA5B8,0xA5B8,0xA5D8,0xA5D8,
    0xA5D9,0xA5F9,0xA5D9,0xA5D8,0xA5B8,0xA5D8,0x9DB8,0x9DB8,0xA5D8,0xA5F9,0xA5F9,0xA5D9,0xA5D9,0xA5D9,0xA5F9,0xA5D9,
    0xA5D9,0xA5B8,0xA5B8,0xA5D8,0xA5D8,0xA5D8,0xA5D9,0xA5D9,0xA5D8,0xA5D8,0xA5D8,0xA5D8,0xA5D9,0xA5D9,0xA5F9,0xA5F9,
    0xA5D9,0xA5D9,0xA5D9,0xA5D9,0xA5D9,0xA5D9,0xA5F9,0xA5F9,0xA5F9,0xA5F9,0xA5D9,0xA5D8,0xA5D8,0xA5D8,0xA5D9,0xA5F9,
    0xA5F9,0xA5D9,0xA5F9,0xA5D9,0xA5D9,0xA5D9,0xA5D9,0xA5D9,0xA5F9,0xA5F9,0x9DD8,0x9DD8,0x9DD8,0x9DB8,0x9DD8,0x9DD8,
    0x9DD8,0x9DD8,0x9DB8,0x9DB8,0x9DB8,0x9DB8,0xA5B8,0xA5B8,0x9DB8,0x9D98,0x9D98,0x9598,0x9DB8,0x9DB8,0x9DD9,0xA5F9,
    0xA5F9,0xA5F9,0xA5F9,0xA5F9,0xA5F9,0xA5F9,0xADF9,0xAE1A,0xAE1A,0xAE1A,0xAE1A,0xADF9,0xADF9,0xA5F9,0xA5F9,0xA5F9,
    0xA5F9,0xA5F9,0xA5F9,0xA5F9,0xADF9,0xADF9,0xA5F9,0xA5F9,0xA5F9,0xA5F9,0xA5F9,0xA5D9,0xA5F9,0xA5F9,0xA5F9,0xAE19,
    0xADF9,0xA5F9,0xA5D9,0xA5D9,0xA5F9,0xA5D9,0xA5D9,0xA5F9,0xA5F9,0xA5F9,0xA5F9,0xA5D9,0xA5D9,0xA5D9,0xA5F9,0xA5F9,
    0xA5F9,0xA5F9,0xA5F9,0xA5F9,0xADF9,0xAE1A,0xA5F9,0xA5F9,0xA5F9,0xA5F9,0xA5F9,0xA5D9,0xA5D9,0xA5D9,0xA5D9,0xA5B8,
    0x9DB8,0x9D98,0x9DB8,0xA5B8,0x9DB8,0x9DB8,0xA5D9,0xA5D9,0xA5D9,0xA5D9,0xA5D9,0xA5F9,0xA5D9,0xA5B8,0xA5B8,0xA5D9,
    0xA5F9,0xA619,0xA5F9,0xA5F9,0xA5F9,0xA5F9,0xA5F9,0x9DD8,0x9DD8,0x9DD8,0x9DD8,0x9DD8,0x9DD8,0x9DD8,0x9DD9,0x9DD9,
    0x9DD9,0x9DD9,0xA5F9,0xA5F9,0xA5F9,0xA5F9,0xA5F9,0xA5F9,0xA5F9,0xA5F9,0xA5F9,0xA5F9,0x9DD9,0x9DD9,0x9DB8,0x9DB8,
    0x9598,0x9598,0x9DB8,0x9DB8,0x9DB8,0x9DB8,0x9DD8,0x9DD9,0x9DD9,0x9DD9,0x9DD9,0x9DD9,0x9DD9,0x9DD8,0xA5D9,0xA5D9,
    0x9DB9,0xA5B9,0xA5D9,0xA5B9,0xA5D9,0xA5D9,0xA5D9,0xA5D9,0x9DD9,0xA5F9,0xA5F9,0x9DD8,0x9DD8,0x9DD8,0x9DD8,0x9DB8,
    0x9DB8,0x9598,0x9598,0x9598,0x9598,0x9597,0x9577,0x8D57,0x8D56,0x8D36,0x8D36,0x8D36,0x8D56,0x8D56,0x8D56,0x8D56,
    0x9577,0x9597,0x9597,0x9577,0x8D56,0x8D56,0x8D56,0x9577,0x9597,0x9DB8,0x9DB8,0x9DB8,0x9DB8,0x9DB8,0x9DB8,0x9DB8,
    0x9DD8,0x9DB8,0x9DB8,0x9597,0x9597,0x9597,0x9597,0x9576,0x9576,0x8D76,0x8D56,0x8D56,0x8D35,0x8D36,0x8D56,0x8D36,
    0x8D56,0x9577,0x9577,0x9577,0x9577,0x9597,0x9DB8,0x9DB8,0x9DB8,0x9DB8,0x9DB8,0x9DB8,0x9DB8,0x9DB8,0x9DB8,0x9597,
    0x9DB8,0x9DB8,0x9DB8,0x9DB8,0x9DD8,0x9DD8,0x9DD8,0x9DD8,0x9DD8,0x9DD8,0x9DD8,0x9DD8,0x9DD8,0x9DD8,0x9DD8,0x9DB8,
    0x9DB8,0x9DB8,0x9DB8,0x9597,0x9597,0x9597,0x9597,0x9DB8,0x9597,0x9597,0x9597,0x9597,0x9597,0x9597,0x9DB8,0x9DB8,
    0x9DD8,0x9DB8,0x9597,0x9597,0x9DB8,0x9DB8,0x9DB8,0x9DB8,0x9DB8,0x9DB8,0x9DD8,0x9DD8,0x9DD8,0xA5F9,0xA5F9,0xA5F9,
    0x9DD8,0x9DD8,0x9DD8,0x9DD8,0x9DD8,0x9DD8,0x9DD8,0x9DD8,0x9DD8,0x9DD8,0x9DD8,0x9DD8,0x9DD8,0x9DD8,0x9DD8,0x9DD8,
    0x9DD8,0x9DD8,0x9DD8,0x9DD8,0x9DD8,0x9DD8,0x9DD8,0x9DD8,0xA5F9,0x9DB8,0x9597,0x9577,0x9D77,0x9D97,0x9DB8,0xA5B8,
    0xA5D8,0xA5B8,0x9DB8,0x9DB8,0x9DB8,0xA5B8,0xA5B8,0xA5D8,0xA5D8,0xA5D9,0xA5D8,0xA5D9,0xA5D9,0xA5D8,0xA5D9,0xA5D9,
    0xA5D9,0xA5D8,0xA5D8,0xA5D8,0xA5D9,0xA5D9,0xA5D8,0x9DD8,0x9DD8,0x9DB8,0x9DB8,0x9DD8,0xA5F9,0xA5F9,0xA5F9,0xA5F9,
    0xA5F9,0xA5F9,0x9DD8,0x9DD8,0x9DD8,0x9DD8,0x9DD8,0xA5F9,0xA619,0x9DF9,0x9DD8,0xA5D8,0xA5B8,0x9DB8,0x9DB8,0x9DB8,
    0x9DB8,0xA5D8,0xA5D9,0xA5F9,0xA5F9,0xA619,0xA619,0xA619,0xA5F9,0xA5F9,0xA5F9,0xA5F9,0xA5F9,0xA5F9,0xA5F9,0xA5D9,
    0xA5B8,0x9DB8,0x9D98,0x9DB8,0xA5B8,0xA5D8,0xA5D8,0xA5D8,0xA5D8,0xA5D8,0xA5D9,0xA5D8,0xA5D8,0xA5B8,0xA5B8,0x9DB8,
    0xA5D8,0xA5D8,0xA5D8,0xA5B8,0x9DB8,0xA5B8,0x9DB8,0x9DB8,0x9D98,0x9DB8,0xA5B8,0xA5B8,0x9DB8,0x9DB8,0xA5B8,0xA5D9,
    0xA5D8,0xA5B8,0xA5D9,0xA5D8,0xA5D8,0xA5D8,0xA5D8,0xA5D8,0xA5D9,0xA5F9,0xA5F9,0xA5D9,0xA5D9,0xA5D8,0xA5D8,0xA5B8,
    0xA5B8,0xA5D9,0xA5F9,0xAE19,0xADF9,0xA5F9,0xA5F9,0xA5F9,0xA5F9,0xA5D9,0xA5F9,0xA5F9,0xA5D9,0xA5D9,0xA5D9,0xA5D9,
    0xA5F9,0xA5D9,0xA5F9,0xA5D9,0xA5D9,0xA5D9,0xA5D9,0xA5D9,0xA5F9,0xA5F9,0xA619,0xA5F9,0xA5F9,0xA5F9,0xA5F9,0xA5F9,
    0xA5F9,0xA5D8,0xA5D8,0xA5B8,0xA5B8,0xA5D8,0xA5D8,0xA5D8,0xA5D8,0xA5D8,0xA5D8,0x9DB8,0x9DB8,0x9DB8,0x9DB8,0x9DB8,
    0x9DD8,0x9DD8,0x9DD8,0x9DD8,0xA5D9,0xA5D9,0xA5D9,0xA5F9,0xA5F9,0xA5D8,0xA5D8,0xA5D9,0xA5D9,0xA5D9,0xA5F9,0xA5F9,
    0xA5F9,0xA5F9,0xA5F9,0xA5D9,0xA5D9,0xA5D9,0xA5F9,0xAE19,0xADF9,0xA5F9,0xA5F9,0xAE19,0xAE19,0xADF9,0xA5F9,0xA5F9,
    0xA5D9,0xA5F9,0xA5F9,0xA5F9,0xA5F9,0xA5B8,0x9DB8,0xA5D8,0xA5D8,0xA5D9,0xA5F9,0xA5D9,0xA5D8,0xA5D8,0xA5B8,0x9DB8,
    0x9DB8,0x9D98,0x9DB8,0xA5B8,0xA5D9,0xA5F9,0xA5F9,0xA5F9,0xA5F9,0xA5F9,0xA5F9,0xA5F9,0xADF9,0xA5F9,0xA5D9,0xA5D9,
    0xA5D8,0xA5D8,0xA5D8,0xA5D8,0xA5D8,0xA5D8,0xA5D8,0xA5D8,0xA5D8,0xA5D8,0xA5D8,0xA5D8,0xA5B8,0x9DB8,0x9DB8,0x9DD8,
    0x9DD8,0x9DD8,0x9DD8,0x9DD8,0xA5F9,0xA5F9,0x9DD8,0x9DD8,0x9DD8,0x9DD8,0x9DD8,0x9DD8,0x9DD8,0x9DD8,0x9DD8,0xA5F9,
    0xA5F9,0x9DD8,0xA5F9,0x9DD9,0x9DD8,0x9DD9,0x9DD9,0xA5F9,0xA5F9,0xA5F9,0xA5F9,0xA5F9,0xA5F9,0xA5F9,0xA5F9,0xA5F9,
    0xA5F9,0x9DD8,0xA5F9,0xA5F9,0x9DB8,0x9DD8,0x9DD8,0x9DD9,0x9DD9,0x9DD9,0x9DD9,0x9DD9,0x9DD9,0x9DD8,0xA5D9,0xA5D9,
    0xA5D9,0xA5D9,0xA5D9,0x9DB8,0xA5B8,0xA5D9,0xA5B8,0x9DB8,0x9DB8,0x9DD8,0x9DD8,0x9DD8,0x9DD8,0x9DD9,0x9DD9,0x9DD9,
    0x8D57,0x9577,0x9577,0x9577,0x9577,0x9597,0x9598,0x9598,0x9598,0x9577,0x8D56,0x8D56,0x8D56,0x9577,0x8D56,0x8D56,
    0x8D36,0x8D56,0x8D56,0x8D56,0x8D56,0x8D36,0x8D36,0x8D36,0x8D56,0x9577,0x9597,0x9597,0x9597,0x9DB8,0x9DB8,0x9DB8,
    0x9DB8,0x9DB8,0x9DD8,0x9DD8,0x9DD8,0x9DB8,0x9DB8,0x9DB8,0x9DB8,0x9DD8,0x9DB8,0x9DB8,0x9DB8,0x9DB8,0x9DB7,0x9DB8,
    0x9DB8,0x9DB8,0x9597,0x9597,0x9597,0x9597,0x9597,0x9DB8,0x9DB8,0x9597,0x9DB8,0x9DB8,0x9DB8,0x9DB8,0x9597,0x9597,
    0x9577,0x9597,0x9577,0x9577,0x9597,0x9597,0x9597,0x9597,0x9597,0x9597,0x9597,0x9597,0x9DB8,0x9DB8,0x9DB8,0x9DB8,
    0x9DD8,0x9DD8,0x9DD8,0x9DD8,0x9DD8,0x9DD8,0x9DB8,0x9DB8,0x9DB8,0x9DB8,0x9DB8,0x9DB8,0x9DB8,0x9DB8,0x9DB8,0x9DB7,
    0x9597,0x9DB8,0x9DB8,0x9DB8,0x9DD8,0xA5F8,0x9DD8,0x9DD8,0x9DD8,0x9DB8,0x9597,0x9DB8,0x9DB8,0x9DD8,0x9DD8,0x9DD8,
    0x9DB8,0x9DB8,0x9DB8,0x9DB8,0x9DD8,0xA5F9,0xA5F9,0xA619,0xA5F9,0xA5F9,0x9DD8,0x9DB8,0xA5F9,0xA5F9,0x9DD8,0xA5F9,
    0xA5F9,0xA5F9,0x9DD8,0x9DD8,0x9DD8,0x9DD8,0x9DD8,0x9DD8,0xA5F9,0x9DD8,0x9DD8,0x9DB8,0x9D98,0x9DB8,0x9DB8,0x9DB8,
    0xA5D8,0xA5D8,0xA5D8,0xA5D8,0xA5D8,0xA5D9,0xA5D8,0x9DB8,0x9DB8,0x9DB8,0xA5D8,0xA5B8,0xA5D8,0xA5D9,0xA5D9,0xA5D9,
    0xA5D8,0xA5D8,0xA5D8,0xA5D8,0xA5D8,0xA5D8,0xA5D8,0xA5D9,0x9DD8,0x9DF8,0x9DD8,0x9DD8,0x9DD8,0x9DD8,0x9DD8,0x9DB8,
    0x9DB8,0x9DB8,0x9DB8,0x9DB8,0x9DB8,0x9DB8,0x9DB8,0x9DB8,0x9DD8,0x9DD8,0xA5D8,0xA5F9,0xA5D8,0xA5D8,0xA5D8,0xA5D8,
    0xA5D8,0xA5F9,0xA5D8,0x9DD8,0x9DB8,0x9DD8,0x9DD8,0x9DD8,0xA5F9,0xA5F9,0xA5F9,0xA619,0xA619,0xA5F9,0xA5F9,0xA5F9,
    0xA5F9,0xA5F9,0xA5F9,0xA5F9,0xA5F9,0xA5F9,0xA5D9,0xA5D9,0xA5D8,0xA5D8,0xA5D9,0xA5F9,0xA5F9,0xA5F9,0xA5F9,0xA5F9,
    0xA5F9,0xA5D9,0xA5D9,0xA5D9,0xA5D9,0xA5D9,0xA5D9,0xA5D8,0xA5D8,0xA5D8,0xA5D8,0xA5D8,0x9DB8,0x9DB8,0x9DB8,0x9D98,
    0x9DB8,0xA5D8,0xA5D8,0xA5B8,0x9DB8,0x9DB8,0x9DB8,0x9DB8,0x9D98,0x9D97,0x9D98,0x9DB8,0xA5D9,0xA5D8,0xA5D8,0xA5D8,
    0xA5D8,0xA5D8,0xA5B8,0xA5D8,0xA5D9,0xA5D9,0xA5F9,0xA5F9,0xA5D9,0xA5D8,0xA5D9,0xA5D9,0xA5F9,0xA5D9,0xA5D8,0xA5D8,
    0xA5D8,0xA5F9,0xADF9,0xADF9,0xA5F9,0xA5F9,0xA5F9,0xA5F9,0xA5F9,0xA619,0xA5F9,0xA5F9,0x9DD8,0xA5F9,0xA5F9,0xA5F9,
    0xA619,0xA5F9,0xA5F9,0xA5F9,0xA5D9,0xA5F9,0xA5F9,0xA5F9,0xA5F9,0xA5F9,0xA5F9,0xA619,0xA5F9,0xA5F9,0x9DD8,0x9DD8,
    0xA5F8,0x9DD8,0x9DD8,0x9DD8,0x9DB8,0x9DB8,0x9DB8,0x9D97,0x9D97,0x9D98,0x9DB8,0x9DB8,0xA5D8,0xA5D8,0x9DB8,0x9DB8,
    0x9D97,0x9D97,0x9DB8,0xA5D8,0xA5D8,0xA5F9,0xA5F9,0xA5D8,0xA5D8,0xA5D8,0xA5D8,0xA5D8,0xA5D8,0xA5F9,0xA5F9,0xA5D9,
    0xA5F9,0xA5F9,0xADF9,0xAE19,0xAE19,0xADF9,0xA5F9,0xA5F9,0xA5F9,0xA5F9,0xADF9,0xA5F9,0xA5D9,0xA5D9,0xA5D9,0xA5F9,
    0xA5D9,0xA5B8,0x9DB8,0xA5B8,0x9DB8,0x9DB8,0xA5D9,0xA5F9,0xA5F9,0xA5F9,0xA5F9,0xA5F9,0xA5D9,0xA5D9,0xAE19,0xAE19,
    0xA5F9,0xA5F9,0xA5F9,0xA5F9,0xA5D8,0xA5D9,0xA5F9,0xA5F9,0xA5F9,0xA5F9,0xA5F9,0xA5D8,0xA5D9,0xA5D8,0x9DB8,0x9DB7,
    0x9DB7,0x9DB7,0x9DB7,0x9DB7,0x9DB7,0x9DB8,0x9DD8,0x9DD8,0x9DD8,0x9DD8,0xA5F9,0xA619,0xA5F9,0xA5F8,0x9DD8,0xA5F8,
    0x9DD8,0x9DD8,0xA5F9,0xA5F9,0xA5F9,0x9DD9,0x9DD8,0x9DB8,0x9DB8,0x9DD8,0x9DD9,0x9DD9,0x9DD9,0xA5F9,0xA5F9,0xA5F9,
    0xA5F9,0xA5F9,0xA5F9,0xA5F9,0xA5F9,0xA5F9,0xA5F9,0xA5F9,0xA5F9,0xA5F9,0xA5F9,0xA5F9,0xA5F9,0xA5F9,0xA5D9,0xA5F9,
    0xA5F9,0xA5D9,0xA5D9,0xA5F9,0xA5D9,0xA5B9,0xA5B8,0x9DB8,0x9DD8,0x9DD8,0x9DD8,0x9DD8,0x9DB8,0x9DB8,0x9DB8,0x9DB8,
    0x8D57,0x9577,0x9577,0x9577,0x9577,0x9598,0x9598,0x9DB8,0x9DB8,0x9DB8,0x9DB8,0x9597,0x9577,0x9597,0x9577,0x9577,
    0x9577,0x9577,0x8D56,0x8D56,0x8D56,0x9577,0x9577,0x8D56,0x8D56,0x9577,0x9597,0x9597,0x9597,0x9597,0x9DB8,0x9DB8,
    0x9DB8,0x9597,0x9DB8,0x9DB8,0x9DB8,0x9DB8,0x9DB8,0x9DB8,0x9DD8,0x9DB8,0x9DB8,0x9DB8,0x9DB8,0x9DD8,0x9DB8,0x9DB8,
    0x9DB8,0x9DB8,0x9597,0x9577,0x9577,0x9576,0x9576,0x8D56,0x8D36,0x8D36,0x8D36,0x8D56,0x9577,0x9577,0x9DB8,0x9DB8,
    0x9DD8,0x9DD8,0x9DB8,0x9597,0x9597,0x9DB8,0x9597,0x9597,0x9597,0x9577,0x9597,0x9597,0x9DB8,0x9DB8,0x9DB8,0x9597,
    0x9597,0x9597,0x9597,0x9DB8,0x9DD8,0x9DD8,0x9DD8,0x9DD8,0x9DD8,0x9DD8,0x9DD8,0x9DD8,0x9DD8,0x9DD8,0x9DD8,0x9DD8,
    0x9DD8,0x9DD8,0x9DB8,0x9DB8,0x9DB8,0x9DD8,0x9DD8,0x9DD8,0xA5F9,0x9DD8,0x9DB8,0x9DB8,0x9DD8,0x9DD8,0x9DD8,0x9DD8,
    0x9DD8,0x9DD8,0x9DD8,0x9DD8,0x9DD8,0x9DB8,0x9597,0x9DB8,0x9DD8,0x9DD8,0x9DD8,0xA5F9,0xA5F9,0x9DD8,0x9DD8,0x9DD8,
    0x9DD8,0x9DD8,0x9DB8,0x9DB8,0x9DB8,0x9DB8,0x9DD8,0x9DD8,0x9DD8,0x9DD8,0x9DD8,0xA5F9,0xA5D9,0xA5D8,0xA5D8,0xA5D8,
    0x9DB8,0x9D98,0x9D98,0x9DB8,0x9DB8,0x9DB8,0xA5D8,0xA5D8,0x9DB8,0x9DB8,0xA5D8,0x9DB8,0x9DB8,0xA5D8,0xA5D9,0xA5D9,
    0xA5D9,0xA5F9,0xA5F9,0xA5D9,0xA5D8,0xA5D8,0xA5D9,0xA5D9,0x9DD8,0xA5F9,0xA5F9,0x9DD8,0x9DD8,0x9DD8,0x9DD8,0x9DB8,
    0x9597,0x9DB8,0x9DB8,0x9DB8,0x9DB8,0x9DD8,0x9DD8,0x9DB8,0x9DD8,0x9DF8,0xA5F9,0xA5F9,0xA5F9,0xA5F9,0xA5F9,0xA5F9,
    0xAE19,0xA5F9,0xA5D8,0x9DB8,0x9597,0x9597,0x9597,0x9577,0x9597,0x9597,0x9DB8,0x9DD8,0x9DD8,0xA5F9,0xA5F9,0xA5F9,
    0xA5F9,0xA5F9,0xAE19,0xA5F9,0xA5D8,0xA5F9,0xA5F9,0xA5D8,0xA5D8,0xA5D8,0xA5D8,0xA5D8,0xA5D8,0xA5D9,0xA5D9,0xA5F9,
    0xA5F9,0xA5D9,0xA5D8,0xA5D8,0xA5F9,0xA5F9,0xA5F9,0xA5F9,0xA5F9,0xA5F9,0xA5F9,0xA5F9,0xA5F9,0xA5F9,0xA5D8,0x9DB8,
    0x9DB8,0xA5D8,0x9DB8,0x9DB8,0x9DB8,0x9DB8,0x9DB8,0x9DB8,0x9DB8,0xA5D8,0xA5D8,0xA5B8,0xA5D8,0xA5D8,0xA5D9,0xA5F9,
    0xA5F9,0xA5F9,0xA5D8,0xA5D9,0xA5F9,0xA5F9,0xA5F9,0xA5F9,0xA5D9,0xA5D9,0xA5D8,0xA5D9,0xA5F9,0xA5D9,0xA5D8,0x9DB8,
    0xA5D8,0xA5D9,0xA5F9,0xA5F9,0xA5D9,0xA5D9,0xA5D9,0xA5D9,0xA5D9,0x9DD8,0xA5F9,0xA5F9,0xA5F9,0x9DD8,0x9DD8,0x9DD8,
    0xA619,0xA5F9,0xA5D8,0xA5D8,0xA5D8,0xA5F9,0xA5D8,0xA5D8,0xA5D8,0xA5D8,0xA5D8,0xA5F9,0xA5F9,0xA5F9,0xA5F9,0xA5F9,
    0xA5F9,0xA5F9,0xA5F8,0x9DD8,0x9DD8,0x9DB8,0x9DB8,0x9DB8,0x9DB8,0x9DB8,0x9DB8,0x9DB8,0xA5D8,0xA5D8,0xA5D8,0x9DB8,
    0x9DB8,0x9DB8,0x9D97,0x9D97,0x9D97,0x9DB8,0x9DB8,0x9DB8,0x9D97,0x9D97,0x9D97,0x9D97,0x9D97,0x9D97,0x9DB8,0x9DB8,
    0x9DB8,0xA5B8,0xA5D8,0xA5D9,0xA5D9,0xA5D9,0xA5D9,0xA5F9,0xA5F9,0xA5F9,0xA5D9,0xA5D9,0xA5F9,0xA5F9,0xA5F9,0xA5F9,
    0xA5F9,0xA5F9,0xA5D9,0xA5D9,0xA5D9,0xA5F9,0xA5D9,0xA5B8,0xA5D9,0xA5D9,0xA5D9,0xA5D9,0xA5D8,0xA5D8,0xA5D8,0xA5D8,
    0xA5F9,0xA5F9,0xA5F9,0xA5F9,0xA5F9,0xA5F9,0xA5F9,0xA5F9,0xA5F9,0xA5F9,0xA5F9,0xA5F9,0xA5F9,0xA5F8,0x9DB8,0x9DB8,
    0x9DB8,0x9DB8,0x9DB8,0x9DB8,0x9DB8,0x9DB8,0x9DD8,0x9DD8,0x9DD8,0x9DD8,0x9DB8,0x9DB8,0x9DB8,0x9DB8,0x9DD8,0x9DD8,
    0x9DB8,0x9DB7,0x9DB8,0x9DD8,0xA5F9,0x9DD9,0x9DD8,0x9DD8,0x9DD8,0x9DD8,0x9DD8,0x9DB8,0x9DB8,0x9DB8,0x9DB8,0x9DB8,
    0x9DD8,0x9DD9,0x9DD9,0x9DD8,0xA5F9,0xA5F9,0xA5F9,0xA5F9,0xA5F9,0x9DD9,0x9DD8,0x9DD8,0x9DB8,0x9DB8,0x9DB8,0xA5D8,
    0xA5F9,0xA5F9,0xA5F9,0xA5F9,0xA5D8,0x9DB8,0x9DB8,0x9DB8,0x9DD9,0x9DD9,0x9DD9,0x9DD9,0x9DD8,0x9DB8,0x9DD8,0x9DD8,
    0x9598,0x9DB8,0x9DB8,0x9598,0x9597,0x9598,0x9598,0x9597,0x9597,0x9DB8,0x9DB8,0x9DB8,0x9597,0x9598,0x9597,0x9597,
    0x9597,0x9DB8,0x9DB8,0x9597,0x9577,0x9597,0x9597,0x9597,0x9597,0x9597,0x9597,0x9597,0x9597,0x9597,0x9597,0x9597,
    0x9577,0x9577,0x9577,0x9577,0x9577,0x9577,0x9597,0x9D98,0x9DB8,0x9DB8,0x9DB8,0x9598,0x9577,0x9597,0x9DB7,0x9597,
    0x9597,0x9DB8,0x9DB8,0x9DB8,0x9597,0x9577,0x9577,0x9577,0x9577,0x9577,0x9577,0x9597,0x9577,0x9577,0x9597,0x95B7,
    0x9DB8,0x9DB8,0x9DB8,0x9DB8,0x9DD8,0x9DD8,0x9DB8,0x9DB8,0x9DB8,0x9DB8,0x9DB8,0x9DB8,0x9DB8,0x9DB8,0x9DB8,0x9DB8,
    0x9DB8,0x9DB8,0x9597,0x9DB8,0x9DB8,0x9DB8,0x9DD8,0x9DD8,0x9DD8,0x9DD8,0x9DD8,0x9DD8,0x9DD8,0x9DD8,0x9DD8,0x9DD8,
    0xA5F8,0x9DD8,0x9DB8,0x9597,0x9597,0x9597,0x9597,0x9DB8,0x9DD8,0xA5F9,0xA5F9,0x9DD8,0x9DD8,0xA5F9,0xA5F9,0xA5F9,
    0xA5F9,0xA5F9,0xA5F9,0xA5F9,0xA5F9,0x9DD8,0x9DB8,0x9597,0x9597,0x9DB8,0x9DB8,0x9DD8,0x9DD8,0x9DD8,0x9DD8,0x9DD9,
    0x9DD8,0x9DD8,0x9DB8,0x9DB8,0x9DB8,0x9DB8,0x9DB8,0x9DD8,0x9DD8,0x9DB8,0x9DB8,0xA5D8,0xA5D9,0xA5D9,0xA5D9,0xA5D9,
    0xA5F9,0xA5F9,0xA5D8,0x9DB8,0x9DB8,0x9DB8,0xA5D8,0xA5D9,0xA5D9,0xA5B8,0x9DB8,0x9D98,0x9D98,0x9D97,0x9D98,0x9D98,
    0x9DB8,0xA5B8,0xA5D8,0xA5D8,0xA5D8,0xA5B8,0x9DB8,0x9DB8,0x9DB8,0x9DD8,0x9DD8,0xA5F9,0xA5F9,0xA5F9,0xA5F9,0xA5F9,
    0xA5F9,0xA5F9,0xA5F9,0x9DD8,0x9DD8,0x9DD8,0x9DD8,0x9DD8,0x9DD8,0x9DD8,0x9DD8,0xA5D8,0xA5D8,0xA5D8,0xA5D8,0x9DB8,
    0x9DB8,0xA5D8,0xA5D8,0x9DD8,0x9DD8,0x9DD8,0x9DD8,0x9DB8,0x9DB8,0x9DB8,0x9DB8,0x9DB8,0x9DB8,0x9D97,0x9D97,0x9D97,
    0x9D97,0x9DB8,0xA5D8,0xA5D8,0xA5D8,0xA5D8,0xA5F9,0xA5F9,0xA5D9,0xA5D9,0xA5F9,0xA5F9,0xA5D8,0xA5D8,0xA5D9,0xA5D8,
    0xA5D9,0xA5D9,0xA5D9,0xA5D8,0xA5D8,0xA5F9,0xA5F9,0xA5F9,0xA5F9,0xA5D9,0xA5D8,0xA5F9,0xAE19,0xAE19,0xAE19,0xA5F9,
    0xA5F9,0xA5D8,0xA5F9,0xADF9,0xA5F9,0xA5D9,0xA5F9,0xA5D9,0xA5D9,0xA5F9,0xA5F9,0xA5D9,0xA5F9,0xA5F9,0xA5D9,0xA5D8,
    0xA5D8,0xA5D9,0xA5D8,0xA5D9,0xA5D9,0xA5D8,0xA5F9,0xA5F9,0xA5F9,0xA5F9,0xA5F9,0xA5F9,0xA5F9,0xA5F9,0xA5F9,0xA5F9,
    0xA5F9,0xA5D9,0xA5D8,0xA5D8,0xA5D9,0xA5D9,0xA5D9,0xA5D9,0x9DD8,0x9DD8,0xA5F9,0xA5F9,0xA5F9,0xA5F9,0x9DD8,0x9DD8,
    0x9DD8,0xA5D8,0x9DB8,0xA5B8,0xA5D8,0xA5D9,0xA5D9,0xA5D9,0xA5D9,0xA5D9,0xA5D9,0x9DD8,0x9DD8,0xA5F8,0xA5F8,0xA5F9,
    0xA5F9,0xA5F9,0xA5F9,0xA5F8,0xA5F9,0xAE19,0xA5F9,0xAE19,0xADF9,0xA5F9,0xA5F9,0xA5F9,0xA5F9,0xA5F9,0xA5F9,0xA5F9,
    0xA5F9,0xA5D8,0xA5F9,0xA5F9,0xA5D8,0xA5D8,0x9DB8,0xA5D8,0xA5D8,0x9DB8,0x9DB8,0x9DB8,0x9DB8,0x9DB8,0x9DB8,0x9DB8,
    0x9D97,0x9D98,0x9DB8,0x9DB8,0x9D98,0x9DB8,0x9DB8,0x9DB8,0xA5D8,0xA5D8,0xA5B8,0xA5B8,0xA5D8,0xA5D8,0xA5D8,0xA5D9,
    0xA5F9,0xA5D9,0xA5B8,0xA5B8,0xA5D9,0xA5F9,0xA5F9,0xA5D9,0xA5D9,0xA5D9,0xA5D9,0xA5D9,0xA5D9,0xA5D8,0xA5D8,0x9DB8,
    0x9DB8,0x9D97,0x9DB8,0xA5F9,0xA5F9,0xA5F9,0xA5F9,0xA5F9,0xA5F9,0xA5F9,0xA5F9,0xA5F9,0xA5F9,0xA5F9,0xA5D8,0xA5F8,
    0xA5F8,0xA5F9,0xA5F9,0xA5F9,0xA5F9,0xA5F9,0xA5F8,0x9DD8,0x9DD8,0x9DD8,0x9DD8,0x9DB8,0x9597,0x9597,0x9DB8,0x9DB8,
    0x9DB8,0x9DB8,0x9597,0x9597,0x9598,0x9DB8,0x9DB8,0x95B8,0x9DB8,0x9DD8,0xA5F9,0x9DD9,0x9DD8,0x9DD9,0x9DD9,0x9DD9,
    0x9DD8,0x9DB8,0x9DB8,0x9DD9,0x9DD8,0x9DB8,0x9DB8,0x9DB8,0x9DB8,0x9DB8,0x9DB8,0x9598,0x9598,0x9598,0x9D97,0x9D97,
    0x9D98,0x9DB8,0x9DB8,0x9DB8,0x9DB8,0x9DB8,0x9DB8,0x9DB8,0x9DD8,0x9DD9,0x9DD9,0x9DD8,0x9DD8,0x9DD8,0x9DD9,0x9DD8,
    0x9577,0x9577,0x9577,0x9577,0x9577,0x9577,0x9577,0x9577,0x9577,0x9577,0x9577,0x9577,0x9597,0x9DB8,0x9DB8,0x9DB8,
    0x9DB8,0x9DB8,0x9DB8,0x9DB8,0x9D98,0x9598,0x9D98,0x9DB8,0x9DB8,0x9DB8,0x9DB8,0x9D97,0x9597,0x9597,0x9597,0x9597,
    0x9577,0x9577,0x9577,0x9577,0x9597,0x9598,0x9D98,0x9DB8,0x9DB8,0x9DB8,0x9DB8,0x9DB8,0x9DB8,0x9DD8,0x9DB8,0x9597,
    0x9597,0x9DB8,0x9DB8,0x9DD8,0x9DB8,0x9DB8,0x9DB8,0x9DB8,0x9DB8,0x9DB8,0x9DB8,0x9DB8,0x9DB8,0x9DB8,0x9DB8,0x9DB8,
    0x9DB8,0x9DB8,0x9597,0x9597,0x9DB8,0x9DB8,0x9DB8,0x9DD8,0x9DD8,0x9DB8,0x9DB8,0x9DB8,0x9DB8,0x9D97,0x9D97,0x9DB8,
    0x9DB8,0x9DB8,0x9DD8,0x9DB8,0x9597,0x9577,0x9577,0x9577,0x9577,0x9597,0x9597,0x9597,0x9DB8,0x9DD8,0x9DD8,0x9DD8,
    0xA5F8,0xA5F9,0xA5F8,0x9DD8,0x9DB8,0x9D97,0x9DB8,0x9DB8,0x9D97,0x9597,0x9597,0x9597,0x9597,0x9D97,0x9D97,0x9DB8,
    0x9DD8,0x9DD8,0x9DD8,0x9DD8,0xA5D9,0xA5F9,0xA5F9,0xA5D8,0x9DD8,0x9DB8,0x9DB8,0x9DB8,0x9DB8,0x9DB8,0x9DD8,0x9DD8,
    0xA5D8,0x9DD8,0x9DD8,0x9DD8,0x9DD8,0x9DD8,0xA5D8,0xA5F9,0xA5F9,0x9DD8,0x9DD8,0x9DB8,0x9DB8,0x9D97,0x9D97,0x9D97,
    0x9D98,0x9DB8,0xA5D8,0xA5D9,0xA5F9,0xA5D8,0xA5D9,0xA5F9,0xA5D9,0xA5D8,0xA5D8,0xA5D8,0x9DB8,0x9DB8,0x9D98,0x9D97,
    0x9D98,0x9DB8,0x9DB8,0x9DB8,0xA5B8,0x9DB8,0x9DB8,0x9D98,0x9DB8,0x9D97,0x9D97,0x9DB8,0x9DB8,0x9DB8,0x9DB8,0x9DD8,
    0xA5F9,0xA5F9,0xA5F8,0xA5D8,0x9DD8,0x9DD8,0xA5D8,0xA5F8,0xA5D8,0x9DD8,0x9DB8,0x9DB8,0x9DB8,0xA5D8,0xA5D8,0xA5D8,
    0xA5D8,0xA5D8,0xA5D8,0xA5D8,0xA5F9,0xA5D9,0xA5D9,0xA5F9,0xA5D9,0xA5D9,0xA5D9,0xA5D9,0xA5D8,0x9DD8,0x9DB8,0x9D97,
    0x9D97,0x9D97,0x9D97,0x9DB8,0xA5D8,0xA5D8,0xA5D8,0xA5D9,0xA5D8,0xA5D8,0xA5D8,0xA5D8,0xA5F9,0xA5F9,0xA5D9,0xA5D8,
    0xA5D9,0xA5F9,0xA5F9,0xA5D9,0xA5D9,0xA5D9,0xA5D8,0xA5B8,0xA5B8,0xA5D8,0xA5F9,0xA5F9,0xA5F9,0xA5F9,0xA5F9,0xAE19,
    0xA5F9,0xA5F9,0xA5F9,0xADF9,0xA5F9,0xADF9,0xAE19,0xAE19,0xA5F9,0xA5F9,0xA5F9,0xAE19,0xA5F9,0xA5F9,0xA5F9,0xA5F9,
    0xA5F9,0xA5F9,0xA5F9,0xA5F9,0xA5D8,0x9DB8,0x9D98,0x9D97,0x9D98,0x9DB8,0xA5D8,0x9DB8,0x9DB8,0xA5D8,0xA5D9,0xA5F9,
    0xA5F9,0xA5F9,0xA5F9,0xA5F9,0xA5D9,0xA5F9,0xA5F9,0xA5F9,0xA5F9,0xA5F9,0xA5F9,0xA5F9,0xA5F9,0xA5F9,0x9DD8,0x9DD8,
    0x9DD8,0x9DB8,0x9DB8,0xA5D8,0xA5D8,0xA5D9,0xA5D9,0xA5D9,0xA5D8,0xA5D8,0xA5D9,0xA5D8,0x9DD8,0x9DD8,0x9DD8,0x9DD8,
    0x9DD8,0xA5D9,0xA5D9,0xA5F9,0xA5D9,0xA5D8,0xA5D9,0xA5F9,0xA5F9,0xA5F9,0xA5F9,0xA5F9,0xA5F9,0xA5F9,0xA5F9,0xA5F9,
    0xA5F9,0xAE19,0xA5F9,0xA5F9,0xA5F9,0xA5F9,0xA5F9,0xAE19,0xAE19,0xA5F9,0xA5D8,0xA5D8,0xA5D8,0xA5D8,0xA5D8,0xA5F9,
    0xA5F9,0xA5F9,0xA5F9,0xA5D9,0xA5D8,0xA5D8,0xA5D8,0xA5D8,0xA5D8,0xA5D8,0xA5D8,0xA5D8,0xA5B8,0x9DB8,0x9DB8,0x9DB8,
    0xA5D8,0xA5F9,0xA5D8,0xA5F9,0xA5F9,0xA5D8,0xA5D9,0xA5D9,0xA5D9,0xA5F9,0xA5D9,0x9DD9,0x9DD9,0x9DD8,0x9DD8,0x9DB8,
    0x9D97,0x9556,0x9576,0x9DB7,0x9DB7,0x9DB7,0xA5D8,0xA5D8,0xA5D8,0xA5F9,0xA5F9,0xA5D8,0xA5D8,0xA5D8,0xA5F9,0xA5F9,
    0xA5F8,0xA5D8,0x9DD8,0x9DD8,0x9DD8,0xA5D8,0xA5D8,0xA5D8,0xA5F8,0xA5D8,0xA5F8,0x9DD8,0x9DB8,0x9DB8,0x9DB8,0x9DB8,
    0x9DB8,0x9DB8,0x9DB8,0x9DB8,0x9D98,0x9DB8,0x9DB8,0x9DB8,0x9DB8,0x9DB8,0x9DB8,0x9DD8,0x9DD8,0x9DD8,0xA5D8,0xA5D8,
    0x9DD8,0x9DB8,0x9DD8,0xA5F9,0x9DD8,0x9DD8,0x9DD8,0x9DB8,0x9DB8,0x9DB8,0x9DB8,0x9DB8,0x9DB8,0x9DB8,0x9D98,0x9D97,
    0x9577,0x9577,0x9D77,0x9D98,0x9DB8,0x9DB8,0xA5B8,0xA5D8,0x9DD9,0xA5D9,0xA5D9,0xA5D9,0x9DD8,0x9DD8,0x9DD8,0x9DD8,
    0x8D56,0x8D56,0x9577,0x9597,0x9597,0x9597,0x9597,0x9597,0x9577,0x9577,0x8D36,0x8D36,0x8D36,0x9556,0x9556,0x9577,
    0x9D97,0x9DB8,0x9DB8,0x9D98,0x9D98,0x9D98,0x9D98,0x9D78,0x9D78,0x9577,0x9577,0x9577,0x9D77,0x9D97,0x9D98,0x9D98,
    0x9D97,0x9D97,0x9D97,0x9D77,0x9577,0x9577,0x9597,0x9577,0x9577,0x9597,0x9598,0x9DB8,0x9DB8,0x9DB8,0x9DB8,0x9DB8,
    0x9D98,0x9D77,0x9D98,0x9DB8,0x9DB8,0xA5B8,0x9DB8,0x9D98,0x9D98,0x9D98,0x9D97,0x9D77,0x9D97,0x9D98,0x9DB8,0x9D97,
    0x9D97,0x9D97,0x9D97,0x9D97,0x9D97,0x9D97,0x9D97,0x9DB8,0x9DB8,0x9DB8,0x9DB8,0x9DD8,0xA5D8,0x9DB8,0x9D97,0x9DB7,
    0x9D97,0x9D97,0x9597,0x9D97,0x9D97,0x9D97,0x9D97,0x9DB8,0x9D97,0x9D97,0x9577,0x9577,0x9577,0x9577,0x9577,0x9577,
    0x9D97,0x9DB8,0x9DB8,0xA5D8,0xA5D8,0x9DB8,0x9DB8,0x9DB8,0x9DB8,0x9D97,0x9597,0x9D97,0x9D97,0x9D97,0x9577,0x9D97,
    0x9D97,0x9D97,0x9597,0x9577,0x9D97,0x9D97,0x9DB8,0xA5D8,0xA5F8,0xA5D8,0xA5D8,0xA5D8,0xA5D8,0xA5D8,0xA5D8,0xA5F9,
    0xA5F9,0xA5F9,0xA5D8,0x9DB8,0x9DB8,0x9DB8,0x9DB8,0xA5D8,0xA5D8,0xA5D8,0xA5D8,0xA5D8,0xA5F9,0xA5D8,0x9DB8,0x9DB8,
    0x9D97,0x9D97,0x9DB8,0x9DB8,0xA5D8,0xA5D8,0xA5D8,0xA5D8,0xA5D8,0xA5D8,0xA5D8,0xA5D8,0xA5F9,0xA5F9,0xA5F9,0xA5F9,
    0xA5F9,0xA5D8,0xA5D8,0xA5D8,0xA5D8,0xA5D8,0xA5D8,0xA5F9,0xA5F8,0xA5D8,0x9DB8,0x9DB8,0x9DB8,0x9DB8,0x9DB8,0x9DB8,
    0x9DB8,0x9DB8,0xA5D8,0xA5D8,0xA5D8,0xA5D8,0xA5D9,0xA5D8,0xA5F8,0xA5F9,0xA5D8,0xA5D8,0xA5D8,0x9DB8,0x9DB8,0xA5D8,
    0xA5D8,0xA5D8,0xA5F9,0xAE19,0xA5F9,0xA5F9,0xA5D9,0xA5B8,0xA5D9,0xA5F9,0xA5F9,0xA5F9,0xA5F9,0xA5F9,0xA5F9,0xA5F9,
    0xA5D8,0x9DB8,0x9D97,0x9DB8,0x9DB8,0xA5D8,0xA5D8,0xA5D8,0xA5F9,0xA5F8,0xA5D8,0xA5D8,0xA5F9,0xA5F9,0xA5D8,0x9DB8,
    0x9DB8,0x9DB8,0x9DB8,0xA5D8,0xA5F9,0xA5D8,0xA5D8,0xA5D8,0x9D97,0x9D97,0x9D98,0x9DB8,0xA5D8,0xA5D8,0x9DB8,0xA5D8,
    0xA5D8,0x9DB8,0x9DB8,0xA5D8,0xA5D8,0xA5D8,0xA5F8,0xA5F9,0xA5F9,0xA5F9,0xA5F9,0xA5F9,0xA5F9,0xA5F9,0xAE19,0xAE19,
    0xAE19,0xA5F9,0xA5F9,0xA5F9,0xA5F9,0xA5D8,0xA5D8,0x9DB8,0x9DB8,0x9DB8,0x9DB8,0xA5D8,0xA5D8,0xA5D8,0xA5D8,0xA5D8,
    0x9DB8,0x9DB8,0xA5D8,0xA5D8,0xA5D8,0xA5D8,0xA5F9,0xA5D8,0xA5F9,0xA5F8,0x9DD8,0x9DD8,0xA5F8,0xA619,0xA619,0xA619,
    0xA5F9,0xA5F9,0xA5F9,0xAE19,0xAE19,0xA5F9,0xA5F9,0xA5F9,0xA5D8,0xA5D8,0xA5D8,0xA5F9,0xA5F9,0xA5D9,0xA5B8,0x9DB8,
    0x9DB8,0x9DB8,0x9DB8,0x9DB8,0x9DD8,0x9DD9,0x9DD9,0xA5F9,0xA5F9,0x9DD9,0x9DD9,0x9DD9,0x9DD9,0xA5D8,0xA5F9,0xA5D8,
    0xA5D8,0xA5F9,0xA5F9,0xA5D8,0xA5D8,0xA5D8,0xA5D8,0xA5D8,0xA5D8,0xA5F9,0xA5F9,0xA5F9,0xA5F9,0xA5F9,0xA5F9,0xA5F9,
    0xA5F9,0xA5F9,0xA5F9,0xA5F9,0xA5F9,0xA5F8,0x9DD8,0x9DD8,0x9DD8,0xA5D8,0xA5B8,0xA5D8,0xA5D8,0x9DD8,0x9DD8,0x9DD8,
    0x9DD8,0x9DD8,0x9DD8,0x9DD8,0x9DD8,0x9DD8,0x9DB8,0x9DB8,0x9DD8,0x9DD9,0x9DD9,0x9DD9,0x9DB8,0x9DB8,0x9DB8,0x9DD8,
    0x9DB8,0x9DB7,0x9DB7,0x9DB7,0x9D97,0x9D96,0x9D97,0x9D97,0x9DB7,0x9DD8,0x9DD8,0x9DD8,0x9DD8,0xA5F8,0xA5F8,0xA5F9,
    0xA5F9,0xA5F9,0xA5D8,0x9DB8,0x9D97,0x9DB8,0x9DB8,0x9DB8,0x9DB8,0x9D97,0x9D97,0x9D97,0x9D97,0x9DB8,0x9DB8,0x9DB8,
    0x9DB8,0x9DB8,0x9D97,0x9D97,0x9D97,0x9D97,0x9D97,0x9DB8,0x9DB8,0x9DB8,0x9D97,0x9D97,0x9D97,0x9D97,0x9D97,0x9D97,
    0x9DB8,0x9DB8,0xA5D8,0xA5D8,0xA5D8,0xA5D8,0xA5F9,0xA5D8,0xA5D8,0xA5D8,0xA5D8,0xA5D8,0xA5F9,0xA5D8,0xA5D8,0xA5D8,
    0x9DB8,0xA5D8,0xA5D8,0xA5D8,0x9DB8,0x9D97,0x9D97,0x9D97,0x9D98,0x9DB8,0x9DB8,0x9DB8,0xA5D8,0xA5D8,0xA5D8,0xA5D8,
    0x9DB8,0x9DB8,0x9D98,0x9DB8,0x9DB8,0x9597,0x9597,0x9597,0x9DB8,0x9DB8,0x9D97,0x9D97,0x9D97,0x9577,0x9D97,0x9D97,
    0x9D97,0x9D98,0x9D98,0x9D98,0x9D98,0x9D98,0x9D98,0x9D98,0x9D98,0x9D98,0x9DB8,0x9D98,0x9D97,0x9D98,0x9D98,0x9DB8,
    0xA5D8,0xA5B8,0x9DB8,0x9D98,0x9DB8,0x9DB8,0x9DB8,0x9DB8,0x9597,0x9D98,0x9597,0x9597,0x9597,0x9597,0x9DB8,0x9DB8,
    0x9D97,0x9577,0x9D97,0x9D98,0x9D97,0x9DB8,0x9D98,0x9D98,0x9DB8,0x9DB8,0x9DB8,0x9DB8,0x9DB8,0x9D98,0x9D98,0x9D98,
    0x9DB8,0x9DB8,0x9DB8,0x9DB8,0x9D97,0x9D97,0x9D97,0x9D97,0x9D97,0x9DB8,0x9DB8,0x9DB8,0x9DB8,0x9DB8,0x9DB8,0x9DB8,
    0x9DB8,0x9DB8,0x9D97,0x9577,0x9D97,0x9DB8,0xA5D8,0xA5D8,0xA5D8,0xA5D8,0xA5D8,0xA5D8,0x9DB8,0x9D97,0x9D97,0x9D97,
    0x9D97,0x9D97,0x9D97,0x9D97,0x9DB8,0xA5D8,0xA5D8,0xA5D8,0xA5D8,0xA5D8,0x9DB8,0x9D97,0x9D97,0x9D97,0x9577,0x9D97,
    0x9D97,0x9D97,0x9D97,0x9D97,0x9D97,0x9D97,0x9D97,0x9D97,0x9D97,0x9DB8,0x9DB8,0x9DB8,0x9D97,0x9DB8,0xA5D8,0xA5D8,
    0xA5D8,0xA5F9,0xA5F9,0xA5D8,0xA5D8,0x9DB8,0x9DB8,0x9DB8,0x9DB8,0xA5D8,0xA5D8,0xA5D8,0xA5D8,0xA5F9,0xA5D8,0xA5D8,
    0xA5F9,0xA5F9,0xA5D8,0xA5D8,0x9DB8,0x9DB8,0x9DB8,0x9DB8,0x9DB8,0xA5D8,0xA5D8,0xA5D8,0xA5D8,0x9DB8,0x9DB8,0x9DB8,
    0xA5D8,0xA5D8,0xA5D8,0xA5D8,0xA5F9,0xA5F9,0xA5F9,0xA5D8,0xA5D8,0xA5D8,0xA5D8,0xA5D8,0x9DB8,0xA5D8,0xA5F9,0xA5F9,
    0xA5D8,0xA5D8,0x9DB8,0x9DB8,0x9DB8,0xA5D8,0xA5D8,0x9DB8,0x9DB8,0xA5D8,0xA5F9,0xAE19,0xAE19,0xA5F9,0xA5D8,0xA5D8,
    0xA5D8,0x9DB8,0x9DB8,0x9DB8,0xA5B8,0xA5F9,0xAE19,0xA5F9,0xA5D8,0xA5F9,0xA5F9,0xA5F9,0xA5D9,0xA5F9,0xAE19,0xAE19,
    0xA5F9,0xA5F9,0xA5F9,0xA5F9,0xA5D8,0xA5D8,0xA5D8,0xA5D8,0xA5D8,0xA5D8,0xA5F9,0xA5F9,0xA5F9,0xA5D8,0xA5F9,0xA5F9,
    0xA5D8,0xA5D8,0xA5D8,0xA5D8,0xA5F9,0xA5F9,0xA5D8,0xA5F9,0xA5D8,0xA5D8,0xA5D8,0xA5D8,0xA5D8,0xA5D8,0xA5D8,0xA5D8,
    0xA5D8,0xA5D8,0xA5D8,0xA5D8,0xA5D8,0x9DB8,0x9DB8,0x9DB8,0xA5D8,0xA5D8,0xA5F9,0xA5F9,0xA5F9,0xA5F9,0xA5F9,0xA5D8,
    0xA5D8,0xA5D8,0xA5D8,0xA5F9,0xAE19,0xA5F9,0xA5F9,0xA5F9,0xA5F9,0xA5D9,0xA5D8,0xA5F9,0xA5F9,0xA5F9,0xA5D8,0xA5D8,
    0xA5D8,0x9DB8,0xA5D8,0xA5D8,0xA5D8,0xA5D8,0xA5D8,0x9DB8,0x9DD8,0x9DD8,0x9DD8,0x9DB8,0x9DB8,0xA5F9,0xA5F9,0xA5F8,
    0x9DD8,0x9DD8,0xA5D8,0xA5D8,0xA5D8,0xA5D8,0xA5D8,0xA5D8,0xA5F9,0xA5F9,0xA5D8,0xA5F9,0xA5F9,0xA5F9,0xA5F9,0xADF9,
    0xA5F9,0xA5F9,0xA5F9,0xA5D9,0xA5D8,0x9DD8,0x9DD8,0x9DD8,0x9DD8,0xA5F9,0xA5F9,0xA619,0xA619,0xA619,0xA5F9,0xA5F9,
    0xA5F9,0xA5F9,0xA5F9,0xA5D8,0xA5D8,0xA5D8,0xA5D8,0xA5D8,0x9DB8,0x9DB8,0x9DB8,0xA5D8,0xA5D8,0xA5D8,0xA5D8,0x9DB8,
    0x9DD8,0x9DD8,0x9DB8,0x9DB8,0x9DD8,0xA5F9,0xA5F9,0xA5F9,0xA5F9,0xA5F9,0xA5D8,0xA5D8,0xA5F9,0xA5F9,0x9DF9,0x9DD8,
    0x9DD8,0x9DD8,0xA5D8,0x9DD8,0x9DD8,0x9DB8,0x9DB8,0x9D97,0x9D97,0x9DB8,0x9DB8,0x9DB7,0x9DB7,0x9DB8,0x9DB8,0x9DD8,
    0x9DB8,0x9DD8,0x9DD8,0x9DD8,0x9DD8,0x9DD8,0x9DD8,0x9DD8,0x9DB8,0x9DB8,0x9DD8,0x9DD8,0x9DD8,0x9DB8,0xA5B7,0x9DB8,
    0xA5D8,0xA5F9,0xA5F9,0x9DB8,0x9DB8,0xA5D8,0xA5D8,0xA5D8,0xA5D8,0xA5D8,0x9DB8,0x9DB8,0xA5D8,0xA5D8,0x9DB8,0x9DB8,
    0x9DB8,0xA5D8,0x9DB8,0x9DB8,0x9DB8,0x9D97,0x9D97,0x9DB8,0x9DB8,0x9DB8,0x9D97,0x9DB8,0x9DB8,0x9D97,0x9D97,0x9D97,
    0x9577,0x9D97,0x9D97,0x9DB8,0x9DB8,0x9DB8,0xA5D8,0xA5D8,0xA5D8,0xA5D8,0xA5D8,0xA5D8,0xA5D8,0xA5D8,0xA5D8,0xA5D8,
    0x9DB8,0x9DB8,0xA5D8,0x9DB8,0xA5D8,0xA5D8,0xA5D8,0x9DB8,0x9D98,0x9D98,0x9DB8,0x9DB8,0x9DB8,0x9DB8,0x9DB8,0xA5D8,
    0x9597,0x9597,0x9577,0x9577,0x9597,0x9597,0x9597,0x9577,0x9577,0x9D97,0x9D97,0x9D97,0x9DB8,0x9D97,0x9D97,0x9D97,
    0x9D97,0x9D98,0x9D98,0x9D98,0x9D98,0x9D98,0x9D98,0x9D98,0x9D98,0x9D77,0x9577,0x9D98,0x9D98,0x9D98,0x9D98,0x9D98,
    0x9DB8,0x9DB8,0x9DB8,0x9DB8,0x9DB8,0x9DB8,0x9DD8,0xA5D8,0xA5D8,0x9DB8,0x9DB8,0x9DB8,0x9DB8,0x9DB8,0x9DB8,0x9DB8,
    0x9DB8,0x9D98,0x9D97,0x9577,0x9577,0x9D97,0x9D97,0x9D77,0x9D97,0x9D97,0x9D98,0x9D98,0x9DB8,0x9D97,0x9D98,0x9DB8,
    0x9DB8,0x9DB8,0xA5D8,0x9DB8,0x9DB8,0x9DB8,0x9DB8,0x9D97,0x9D97,0x9DB8,0x9DB8,0x9DB8,0x9DB8,0x9DB8,0x9DB8,0x9DB8,
    0xA5D8,0xA5D8,0xA5D8,0xA5D8,0x9DB8,0x9D97,0x9DB8,0xA5D8,0x9DB8,0x9DB8,0xA5D8,0xA5D8,0xA5D8,0xA5D8,0xA5D8,0xA5D8,
    0xA5D8,0xA5D8,0xA5D8,0xA5D8,0xA5D8,0xA5D8,0x9DB8,0x9DB8,0xA5D8,0xA5F9,0xA5F9,0xA5D8,0xA5D8,0xA5D8,0x9DB8,0x9DB8,
    0x9DB8,0x9DB8,0x9DB8,0x9DB8,0x9D97,0x9D97,0x9D97,0x9D97,0x9D97,0x9D97,0x9D97,0x9577,0x9577,0x9577,0x9577,0x9577,
    0x9D97,0x9D97,0x9DB8,0xA5D8,0xA5D8,0xA5F9,0xA5F9,0xA5F9,0xA5F9,0xA5F9,0xA5F9,0xA5D8,0x9DB8,0xA5D8,0xA5D8,0xA5D8,
    0xA5D8,0xA5D8,0xA5D8,0xA5D8,0xA5D8,0xA5D8,0xA5D8,0xA5D8,0xA5D8,0xA5D8,0xA5D8,0xA5D8,0xA5D8,0x9DB8,0x9D97,0x9D97,
    0x9D97,0x9D97,0x9DB8,0x9DB8,0xA5D8,0xA5F9,0xA5F9,0xA5D8,0xA5D8,0xA5F9,0xA5F9,0xA5F9,0xA5D8,0x9DB8,0x9D97,0x9DB8,
    0x9DB8,0xA5F9,0xA5F9,0xA5D8,0xA5D8,0xA5D8,0x9DB8,0x9DB8,0x9D97,0x9DB8,0x9DB8,0x9DB8,0x9DB8,0xA5D8,0xA5F9,0xAE19,
    0xA5F9,0xA5D8,0x9DB8,0x9DB8,0xA5D8,0xA5B8,0xA5D8,0xA5D9,0xA5F9,0xA5F9,0xA5D9,0xA5B8,0x9D98,0xA5D8,0xA5F9,0xA5F9,
    0xA5F9,0xA5F9,0xA5F9,0xA5F9,0xA5F9,0xA5F9,0xA5F9,0xA5F9,0xA5D8,0xA5D8,0xA5D8,0xA5D8,0x9DB8,0x9DB8,0x9DB8,0xA5D8,
    0xA5D8,0xA5D8,0xA5D8,0xA5D8,0xA5F9,0xA5F9,0xA5F9,0xAE19,0xA5F9,0xA5F9,0xA5F9,0xA5F9,0xA5F9,0xA5F9,0xA5F9,0xA5D8,
    0xA5D8,0xA5F9,0xA5F9,0xA5F9,0xA5F9,0xA5F9,0xA5D8,0xA5D8,0xA5D8,0xA5F9,0xA5F9,0xA5F9,0xA5F9,0xA5F9,0xA5F9,0xA5D8,
    0xA5D8,0xA5D8,0x9DB8,0xA5D8,0xA5D8,0xA5D8,0xA5F9,0xAE19,0xA5F9,0xA5F9,0xA5F9,0xA5D8,0xA5D8,0xA5D8,0xA5F9,0xA5F9,
    0xA5F9,0xA5F9,0xA5D8,0xA5F9,0xA5F9,0xA5D8,0xA5F9,0xA5D8,0xA5F9,0xA5F9,0xA5D8,0x9DD8,0x9DD8,0x9DD8,0x9DD8,0x9DD8,
    0x9DB8,0x9DB7,0x9D97,0x9DB8,0x9DB8,0xA5D8,0x9DB8,0xA5D8,0xA5F9,0xAE19,0xAE19,0x9DB8,0xA5B8,0xA5D8,0xA5D8,0xA5D9,
    0xA5D9,0xA5F9,0xA5F9,0xADF9,0xA5F9,0xA5D9,0x9DD8,0x9DB8,0x9DB8,0x9DD8,0x9DD8,0xA5D8,0xA5D9,0xA5F9,0xA5F9,0xA5D8,
    0xA5D8,0xA5D8,0xA5F9,0xA5D8,0xA5D8,0xA5D8,0xA5D8,0xA5D8,0xA5D8,0xA5D8,0xA5D8,0x9DB8,0x9DB8,0x9DB8,0xA5D8,0xA5D8,
    0xA5F8,0x9DD8,0x9DB7,0x9597,0x9D97,0x9DB8,0x9DB8,0x9DB8,0x9DB8,0x9DB8,0x9DD8,0x9DF9,0xA5F9,0x9DF9,0x9E19,0x9DF9,
    0x9DF9,0xA5F9,0xA5F9,0xA5D9,0xA5D9,0xA5D9,0xA5D8,0xA5D8,0xA5B7,0xA5B7,0xADD7,0xADB6,0xADD7,0xADD7,0xA5B7,0xA5B7,
    0xA5F8,0xA5F8,0xA5D8,0xA5F8,0xA5F9,0xA5F9,0xA5F9,0xA5F9,0x9DD9,0x9DD9,0x9DD9,0x9DD9,0x9DD8,0xA5D8,0xA5B7,0x9DB8,
    0x9DB8,0x9DB8,0x9DB8,0xA5D8,0xA5D8,0xA5D8,0xA5D8,0xA5D8,0xA5D8,0xA5D8,0xA5D8,0xA5D8,0xA5D8,0xA5D8,0xA5D8,0x9DB8,
    0x9DB8,0x9DB8,0xA5D8,0xA5D8,0xA5D8,0xA5F9,0xA5D8,0x9DB8,0x9DD8,0xA5D8,0xA5D8,0xA5F9,0xA5F9,0xA5D8,0x9DB8,0x9D97,
    0x9D97,0x9D97,0x9D97,0x9577,0x9577,0x9577,0x9D97,0x9D97,0x9D97,0x9D97,0x9D97,0x9DB8,0x9D97,0x9D97,0x9D97,0x9D97,
    0x9D97,0x9DB8,0x9DB8,0x9D97,0x9DB8,0x9DB8,0x9D97,0x9D97,0x9D98,0x9D98,0x9D98,0x9D98,0x9D97,0x9D97,0x9D98,0x9DB8,
    0x8D56,0x8D56,0x8D56,0x8D36,0x8D36,0x8D56,0x9556,0x9577,0x9577,0x9577,0x9D97,0x9D97,0x9577,0x9577,0x9577,0x9577,
    0x9577,0x9577,0x9577,0x9D77,0x9D77,0x9D98,0x9D98,0x9D98,0x9D98,0x9D98,0x9D98,0x9D98,0x9D98,0x9D98,0x9D98,0x9D97,
    0x9577,0x9577,0x9577,0x9577,0x9577,0x9577,0x9597,0x9597,0x9597,0x9597,0x9597,0x9D97,0x9D97,0x9DB7,0x9D97,0x9DB8,
    0x9DB8,0xA5D8,0x9DB8,0x9D98,0x9DB8,0xA5D8,0xA5D8,0x9DB8,0x9DB8,0x9DB8,0x9DB8,0x9DB8,0x9D98,0x9D98,0x9D98,0x9DB8,
    0xA5B8,0x9DB8,0x9DB8,0xA5D8,0xA5F9,0xA5D8,0xA5D8,0xA5D8,0x9DB8,0x9DB8,0x9DB8,0x9DB8,0x9D97,0x9D97,0x9D97,0x9DB8,
    0x9DB8,0x9DB8,0xA5D8,0xA5F9,0xA5D8,0xA5D8,0x9DB8,0x9DB8,0x9DB8,0x9DB8,0x9DB8,0x9DB8,0x9DB8,0x9DB8,0x9D97,0x9D97,
    0xA5D8,0xA5D8,0xA5D8,0xA5F9,0xA5F9,0xA5F9,0xA5D8,0xA5D8,0x9DB8,0xA5D8,0xA5D8,0xA5F9,0xA5F9,0xA5F9,0xA5F9,0xA5F9,
    0xA5F9,0xA5F9,0xA5F9,0xA5F9,0xA5D8,0xA5D8,0xA5D8,0xA5D8,0xA5D8,0x9DB8,0x9DB8,0x9DB8,0xA5D8,0x9DB8,0x9D97,0x9D97,
    0x9D97,0x9D97,0x9D97,0x9D97,0x9DB8,0x9DB8,0x9DB8,0x9DB8,0x9DB8,0x9DB8,0x9DB8,0x9DB8,0xA5D8,0xA5D8,0xA5D8,0xA5D8,
    0xA5F9,0xA5D8,0xA5F9,0xA5F9,0xA5F9,0xA5F9,0xA5F9,0xA5D8,0xA5D8,0xA5D8,0xA5D8,0xA5D8,0xA5D8,0xA5F9,0xA5F9,0xA5D8,
    0xA5D8,0xA5D8,0x9DB8,0xA5D8,0xA5D8,0xA5D8,0xA5D8,0xA5D8,0xA5D8,0xA5D8,0xA5F9,0xA5F9,0xAE19,0xAE19,0xA5F9,0xA5F9,
    0xA5D8,0xA5D8,0xA5D8,0xA5D8,0x9DB8,0x9D97,0x9DB8,0x9DB8,0x9DB8,0x9DB8,0x9DB8,0x9DB8,0x9DB8,0x9D97,0x9DB8,0xA5D8,
    0xA5D8,0xA5D8,0xA5F9,0xA5F9,0xA5F9,0xA5D8,0x9DB8,0xA5D8,0xA5D8,0xA5D8,0xA5D8,0xA5D8,0xA5D8,0xA5D8,0xA5D8,0xA5F9,
    0xA5F9,0xA5F9,0xA5D8,0xA5D8,0xA5D8,0xA5D8,0xA5D8,0xA5F9,0xA5F9,0xA5F9,0xA5F9,0xA5D8,0xA5D8,0xA5D8,0x9DB8,0x9DB8,
    0xA5D8,0xA5D8,0x9DB8,0x9DB8,0x9DB8,0x9DB8,0xA5D8,0xA5F9,0xA5D8,0xA5F9,0xA5F9,0xA5F9,0xA5F9,0xAE19,0xA5F9,0xA5F9,
    0xA5F9,0xA5F9,0xAE19,0xA5F9,0xA5F9,0xA5F9,0xA5F9,0xA5F9,0xA5F9,0xA5F9,0xA5F9,0xA5F9,0xA5F9,0xA5F9,0xA5F9,0xA5F9,
    0xA5F9,0xA5F9,0xA5D8,0xA5D8,0xA5F9,0xA5F9,0xA5F9,0xA5F9,0xA5F9,0xA5F9,0xA5F9,0xA5D8,0xA5F9,0xA5F9,0xA5F9,0xAE19,
    0xAE19,0xA5F9,0xA5D8,0xA5D8,0xA5F9,0xA5F9,0xA5F9,0xA5F9,0xA5F9,0xA5F9,0xA5F9,0xA5F9,0xA5F9,0x9DD8,0x9DD8,0x9DD8,
    0x9DD8,0x9DD8,0x9DB8,0x9D97,0x9D97,0x9DB8,0x9D97,0x9D97,0x9D97,0x9DB8,0x9DB8,0xA5F9,0xA5F9,0xA5F9,0xA5F9,0xA5D8,
    0xA5D8,0xA5D8,0xA5D8,0xA5D8,0xA5D8,0xA5F9,0xA5F9,0xA5F8,0xA5F8,0xA5D8,0xA5D8,0x9DD8,0x9DD8,0xA5D8,0xA5F9,0xA5F9,
    0xA5D8,0xA5F9,0xA5F9,0xA5F9,0xA5F9,0xA5D8,0xA5D8,0xA5D8,0xA5D8,0xA5D8,0xA5D8,0xA5D8,0xA5D8,0xA5D8,0xA5D8,0xA5F9,
    0xA5F9,0xA5F8,0xA5F8,0xA5F8,0xA5F8,0xA5D8,0xA5D8,0xA5D8,0xA5D8,0x9DD8,0x9DD8,0x9DD9,0x9DF9,0x9DF9,0x9DF9,0x9DF9,
    0xA5F9,0xA5F9,0xA5F9,0xA5D9,0xA5D9,0xADD8,0xADD8,0xADB7,0xADB6,0xB5D6,0xBDF6,0xC637,0xC637,0xC638,0xBE37,0xB5F7,
    0xADB6,0xADB6,0xA596,0xA597,0xA5B7,0xA5D8,0xA5F8,0xA5F9,0xA5F9,0x9DD9,0x9DD9,0xA5F9,0xA5F9,0xA5F9,0xA5F8,0xA5F8,
    0xA5D9,0xA5D8,0xA5F9,0xA5F9,0xA5D8,0xA5D8,0xA5F9,0xA5F9,0xA5F9,0xA5D8,0xA5D8,0x9DB8,0x9DB8,0x9DB8,0xA5D8,0xA5D8,
    0xA5D8,0x9DB8,0x9DB8,0x9DB8,0x9DB8,0xA5D8,0xA5D8,0x9D97,0x9D97,0x9D97,0x9DB8,0xA5D8,0xA5F9,0xA5F9,0xA5F9,0xA5D8,
    0xA5D8,0xA5D8,0xA5D8,0x9DB8,0x9D97,0x9D97,0x9DB8,0x9D97,0x9D97,0x9DB8,0x9DB8,0x9D97,0x9577,0x9577,0x9556,0x9577,
    0x9577,0x9D97,0x9DB8,0x9DB8,0x9DB8,0x9D97,0x9D97,0x9D97,0x9D97,0x9D97,0x9D77,0x9577,0x9577,0x9577,0x9D77,0x9D77,
    0x9577,0x9557,0x9557,0x9556,0x9556,0x9556,0x9536,0x9556,0x9556,0x9556,0x9577,0x9577,0x9577,0x9577,0x9577,0x9577,
    0x9577,0x9557,0x9557,0x9577,0x9577,0x9577,0x9577,0x9577,0x9D97,0x9DB8,0x9DB8,0xA5B8,0x9DB8,0x9DB8,0x9DB8,0x9DB8,
    0x9D98,0x9D97,0x9577,0x9D77,0x9D97,0x9D97,0x9D97,0x9597,0x9577,0x9D97,0x9DB7,0x9D97,0x9DB8,0x9DB8,0x9D97,0x9D97,
    0x9D97,0x9D97,0x9DB8,0x9DB8,0x9DB8,0x9DB8,0x9DB8,0x9DB8,0x9DB8,0x9DB8,0xA5B8,0x9DB8,0x9DB8,0x9DB8,0x9DB8,0x9DB8,
    0x9DB8,0x9DB8,0x9D97,0x9D97,0x9D97,0x9DB8,0xA5D8,0xA5D8,0xA5D8,0xA5D8,0xA5D8,0xA5D8,0x9DB8,0x9DB8,0x9DB8,0x9D97,
    0x9D97,0x9D97,0x9D97,0x9DB8,0xA5D8,0xA5D8,0xA5D8,0x9DB8,0xA5D8,0xA5D8,0xA5D8,0xA5D8,0x9DB8,0x9DB8,0x9DB8,0x9D97,
    0x9D97,0x9577,0x9577,0x9D97,0x9D97,0x9D97,0x9DB8,0x9DB8,0x9DB8,0x9D97,0x9D97,0x9D97,0x9577,0x9D97,0x9D97,0x9DB8,
    0x9DB8,0xA5D8,0xA5D8,0x9DB8,0xA5D8,0xA5D8,0xA5D8,0xA5D8,0xA5D8,0xA5D8,0xA5D8,0x9DB8,0xA5D8,0xA5D8,0xA5D8,0xA5D8,
    0xA5D8,0xA5D8,0xA5D8,0xA5D8,0xA5D8,0xA5D8,0x9DB8,0x9D97,0x9577,0x9D97,0x9DB8,0x9DB8,0x9DB8,0x9DB8,0x9DB8,0xA5D8,
    0xA5D8,0x9DB8,0x9DB8,0xA5D8,0xA5D8,0xA5F9,0xA5F9,0xA5D8,0xA5D8,0xA5F9,0xA5F9,0xA5F9,0xA5D8,0xA5D8,0x9DB8,0xA5D8,
    0xA5D8,0xA5D8,0xA5F9,0xA5D8,0xA5D8,0xA5D8,0xA5D8,0xA5D8,0x9DB8,0x9DB8,0x9DB8,0x9DB8,0xA5D8,0xA5F9,0xA5F9,0xA5F9,
    0xA5F9,0xA5F9,0xA5F9,0xA5F9,0xA5F9,0xA5F9,0xA5F9,0xA5F9,0xA5D8,0xA5D8,0xA5D8,0xA5F9,0xA5D8,0xA5D8,0x9DB8,0x9DB8,
    0x9DB8,0x9DB8,0x9DB8,0xA5D8,0xA5D8,0xA5D8,0xA5F9,0xA5F9,0xA5D8,0xA5D8,0xA5D8,0xA5D8,0xA5D8,0x9DB8,0x9DB8,0xA5D8,
    0xA5D8,0xA5D8,0xA5D8,0xA5D8,0xA5D8,0xA5F9,0xA5D8,0xA5D8,0xA5F9,0xA5F9,0xA5D8,0xA5D8,0xA5F9,0xA5F9,0xA5F9,0xA5F9,
    0xAE19,0xA5F9,0xA5F9,0xA5D8,0xA5D8,0xA5D8,0x9DB8,0x9DB8,0x9DB8,0xA5D8,0xA5D8,0xA5D8,0xA5D8,0xA5D8,0xA5D8,0xA5F9,
    0xA5F9,0xA5F9,0xA5F9,0xA5D8,0xA5F9,0xA5F9,0xAE19,0xAE19,0xAE19,0xA5F9,0xA5F9,0xA5D8,0xA5F9,0xA5F9,0xA5F9,0xA5F9,
    0xA5F9,0xA5F9,0xA5F9,0xA5F9,0xA5F9,0xA5F9,0xA5F9,0xA5D8,0xA5D8,0xA5D8,0x9DB8,0xA5D8,0xA5D8,0xA5D8,0x9DB8,0xA5D8,
    0xA5F9,0xA5F9,0xA5F9,0xA5F9,0xA5F9,0xA5F9,0xA5F9,0xA5F9,0xA5F9,0xA5F9,0xA5F9,0xA5F9,0xA5F9,0xA5D8,0xA5D8,0xA5D8,
    0xA5D8,0xA5D8,0xA5D8,0xA5D8,0xA5D8,0xA5D8,0xA5D8,0xA5D8,0x9DB8,0x9DB8,0x9DB8,0x9D97,0x9D97,0x9DB8,0x9DB8,0x9DB8,
    0xA5D8,0xA5F9,0xA5F9,0xA5F9,0xA5F9,0xA5F9,0xA5F9,0xA5F9,0xA5D8,0xA5D8,0xA5F8,0xA5F8,0xA5F9,0xA5D8,0x9DB8,0x9DB8,
    0xA5D8,0xA5F9,0xA5F9,0xA5F9,0xA5F9,0xA5F9,0xAE19,0xAE19,0xA5F9,0xA5F9,0xA5D8,0xA5D8,0xA5F9,0xA5D8,0xA5D8,0xA5D8,
    0xA5D8,0xA5D8,0xA5D8,0xA5F9,0xA5F9,0xA5F9,0xA5F9,0xA5F9,0xA5F9,0xA5F9,0x9DF9,0x9DF9,0x9DF9,0x9DD9,0x9DB8,0xA5D8,
    0xA5B8,0xA5B8,0xADD8,0xADB8,0xAD98,0xADB8,0xAD97,0xB5B6,0xB5D6,0xD6B9,0xE6F9,0xEF19,0xEF19,0xEEF9,0xE6D8,0xDE98,
    0xD678,0xC617,0xBDF6,0xB5D6,0xAD96,0xB5D7,0xADD8,0xADF8,0xA5F9,0xA5F9,0xA5F9,0xA5F9,0xA5F9,0xA5F8,0xA5D8,0xA5F8,
    0xA5F9,0xA5F9,0xA5F9,0xA5D8,0xA5D8,0xA5D8,0xA5D8,0xA5D8,0xA5D8,0xA5F9,0xA5D8,0xA5D8,0xA5D8,0xA5D8,0xA5D8,0xA5F9,
    0xA5D8,0xA5D8,0xA5D8,0xA5D8,0xA5D8,0x9DB8,0x9DB8,0x9DB8,0x9D97,0x9D97,0x9577,0x9556,0x9577,0x9D97,0x9DB8,0x9DB8,
    0xA5D8,0xA5D8,0xA5D8,0xA5D8,0xA5D8,0xA5D8,0xA5D8,0xA5D8,0xA5D8,0xA5D8,0xA5D8,0xA5D8,0x9DB8,0x9D97,0x9D97,0x9D97,
    0x9D97,0x9D97,0x9D97,0x9D97,0x9D97,0x9D97,0x9DB8,0x9DB8,0x9D98,0x9D98,0x9D97,0x9D97,0x9D97,0x9D98,0x9D97,0x9577,
    0x9DB8,0x9D98,0x9D97,0x9D97,0x9D98,0x9D98,0x9D98,0x9D98,0x9D97,0x9D97,0x9D97,0x9D97,0x9D97,0x9D97,0x9D97,0x9D97,
    0x9D97,0x9577,0x9557,0x9577,0x9577,0x9577,0x9556,0x9556,0x9556,0x9556,0x9556,0x9557,0x9577,0x9D97,0x9DB8,0xA5B8,
    0x9DB8,0x9DB8,0x9DB8,0xA5B8,0x9DB8,0x9DB8,0x9DB8,0xA5D8,0xA5D8,0xA5D8,0x9DB8,0x9DB8,0xA5D8,0xA5D8,0xA5D8,0x9DB8,
    0x9DB8,0xA5B8,0xA5D8,0xA5D8,0x9DB8,0x9DB8,0x9DB8,0x9DB8,0xA5B8,0xA5D8,0xA5B8,0x9DB8,0x9DB8,0x9DB8,0x9DB8,0x9D98,
    0x9DB8,0x9DB8,0xA5D8,0x9DB8,0x9D97,0x9556,0x9556,0x9577,0x9D97,0x9DB8,0xA5D8,0x9DB8,0xA5D8,0xA5D8,0xA5F9,0xA5D8,
    0xA5D8,0x9DB8,0x9D97,0x9D97,0x9577,0x9577,0x9D97,0x9DB8,0x9DB8,0x9DB8,0x9DB8,0x9D97,0x9D97,0x9D97,0x9DB8,0x9DB8,
    0x9DB8,0x9DB8,0x9DB8,0x9D97,0x9577,0x9577,0x9577,0x9577,0x9577,0x9577,0x9D97,0x9D97,0x9D97,0x9D97,0x9D97,0x9D97,
    0x9DB8,0x9DB8,0x9DB8,0x9D97,0x9577,0x9D97,0x9D97,0x9DB8,0x9DB8,0xA5D8,0xA5D8,0xA5D8,0x9DB8,0x9D97,0x9D97,0x9DB8,
    0x9DB8,0xA5D8,0xA5D8,0xA5D8,0x9DB8,0xA5D8,0xA5D8,0xA5D8,0xA5D8,0xA5D8,0xA5D8,0xA5D8,0xA5D8,0x9DB8,0x9DB8,0x9D97,
    0x9D97,0x9D97,0x9D97,0x9D97,0x9D97,0x9D97,0x9D97,0x9D97,0x9D97,0x9D97,0x9DB8,0xA5D8,0xA5F9,0xA5F9,0xA5F9,0xA5F9,
    0xA5F9,0xA5F9,0xA5F9,0xA5D8,0xA5D8,0xA5D8,0xA5D8,0xA5F9,0xA5D8,0xA5D8,0xA5D8,0xA5D8,0xA5D8,0xA5D8,0xA5D8,0xA5D8,
    0xA5D8,0xA5F9,0xA5F9,0xA5F9,0xA5F9,0xAE19,0xAE19,0xAE19,0xAE19,0xAE19,0xAE19,0xAE19,0xAE19,0xAE19,0xA5F9,0xA5F9,
    0xA5F9,0xA5F9,0xA5F9,0xA5F9,0xA5D8,0xA5F9,0xA5F9,0xA5F8,0xA5F9,0xA5F9,0xA5F8,0xA5F8,0xA5F9,0xA5D8,0xA5D8,0xA5D8,
    0xA5D8,0x9DB8,0xA5D8,0xA5D8,0xA5D8,0xA5D8,0xA5D8,0xA5F9,0xA5D8,0xA5F9,0xA5F9,0xA5F9,0xA5F9,0xA5F9,0xA5F9,0xA5F9,
    0xA5D8,0xA5D8,0xA5D8,0xA5D8,0xA5D8,0xA5F9,0xA5F9,0xA5F9,0xA5F9,0xA5F9,0xA5D8,0xA5F9,0xA5F9,0xA5F9,0xA5D8,0xA5F9,
    0xA5F9,0xA5F9,0xA5F9,0xA5F9,0xA5F9,0xA5D8,0xA5D8,0xA5F9,0xA5F9,0xA5F9,0xA5F9,0xA5F9,0xA5D8,0xA5D8,0xA5D8,0xA5F9,
    0xA5F9,0xA5F9,0xA5F9,0xA5F9,0xA5F9,0xA5F9,0xA5F9,0xA5F9,0xA5F9,0xA5D8,0xA5F9,0xA5F9,0xA5F9,0xA5D8,0x9DB8,0x9DB8,
    0x9DB8,0x9DB8,0x9DB8,0x9DB8,0x9DB8,0x9DB8,0xA5D8,0xA5D8,0xA5D8,0xA5D8,0xA5F9,0xA5F9,0xA5F9,0xAE19,0xAE19,0xAE19,
    0xAE19,0xA5F9,0xA5F9,0xA5F9,0xA5F9,0xA5F9,0xA5F9,0xA5F9,0xA5F9,0xA5F9,0xA5F9,0xA5F9,0xA5D8,0xA5B8,0x9DB7,0x9D97,
    0x9D97,0x9DB7,0x9DB8,0x9DB8,0xA5D8,0xA5F8,0xA5F9,0xA5F9,0xA5F8,0xA5D8,0xA5F8,0xA5F9,0xA5F9,0xA5F9,0xA5F9,0xA5D8,
    0xA5D8,0xA5D8,0xA5D8,0x9DB8,0xA5D8,0xA5D8,0xA5F9,0xA5F9,0xAE19,0xA5F9,0xA5F9,0xA5F9,0xA5F9,0xA5F9,0xA5F9,0xA5F9,
    0xA5F9,0xA5F9,0xA5F9,0xA5D8,0xA5D8,0xA5D8,0xA5D8,0xA5D8,0xA5D8,0xA5D8,0xA5F9,0x9DD8,0x9DD8,0xA5B8,0xA597,0x9D56,
    0xA597,0xADD7,0xADD7,0xA576,0xAD97,0xB5B7,0xAD76,0xB595,0xBDD5,0xDE98,0xF73A,0xF75A,0xF6D8,0xF6D7,0xDE35,0xD5F4,
    0xCDB4,0xC5B4,0xC5B4,0xC5D5,0xC5F6,0xBDD6,0xB5F8,0xADD7,0xA5B7,0xA5D8,0xADF9,0xA5F9,0xA5F9,0xA5F9,0xA5F9,0xA5D8,
    0xA5D8,0xA5F9,0xAE19,0xA5F9,0xA5D8,0xA5D8,0xA5D8,0xA5D8,0x9DB8,0x9DB8,0xA5D8,0x9DB8,0x9DB8,0x9DB8,0xA5D8,0xA5D8,
    0xA5D8,0xA5D8,0xA5D8,0xA5D8,0xA5D8,0xA5D8,0xA5D8,0xA5D8,0xA5D8,0x9DB8,0x9D97,0x9D97,0x9D97,0x9D97,0x9D97,0x9D97,
    0x9DB8,0x9DB8,0x9DB8,0x9DB8,0x9DB8,0x9DB8,0x9D97,0x9D97,0x9D97,0x9D97,0x9D97,0x9DB8,0x9DB8,0x9DB8,0xA5D8,0xA5D8,
    0xA5D8,0xA5D8,0x9DB8,0x9DB8,0x9DB8,0x9DB8,0x9DB8,0x9DB8,0x9D98,0x9D98,0x9D98,0x9D97,0x9D98,0x9DB8,0x9D98,0x9D97,
    0x9D97,0x9D97,0x9D77,0x9577,0x9577,0x9D98,0x9D98,0x9D98,0x9D97,0x9D97,0x9D97,0x9D97,0x9D97,0x9D97,0x9D97,0x9D97,
    0x9D97,0x9D97,0x9577,0x9577,0x9577,0x9577,0x9577,0x9577,0x9556,0x8D36,0x8D36,0x8D15,0x8D16,0x8D36,0x9536,0x9557,
    0x9577,0x9D97,0x9D98,0x9D98,0x9D97,0x9D97,0x9D97,0x9577,0x9576,0x9D97,0x9D97,0x9D97,0x9D97,0x9D97,0x9DB7,0x9D97,
    0x9D97,0x9DB7,0x9DB7,0x9DB8,0xA5D8,0xA5D8,0xA5D8,0xA5D8,0xA5D8,0xA5D8,0xA5D8,0x9DB8,0x9D98,0x9D98,0x9D98,0x9D97,
    0x9577,0x9D97,0x9DB8,0x9DB8,0x9DB8,0x9DB8,0x9DB8,0x9DB8,0x9DB8,0x9D97,0x9D97,0x9577,0x9577,0x9D97,0x9DB8,0xA5D8,
    0xA5D8,0xA5D8,0xA5D8,0xA5D8,0xA5D8,0x9DB8,0x9DB8,0x9DB8,0x9DB8,0x9DB8,0x9DB8,0x9DB8,0x9D97,0x9DB8,0x9DB8,0x9DB8,
    0x9DB8,0x9DB8,0x9DB8,0xA5D8,0xA5D8,0xA5D8,0x9DB8,0x9DB8,0x9DB8,0x9DB8,0x9D97,0x9D97,0xA5D8,0xA5D8,0xA5D8,0x9DB8,
    0x9DB8,0x9DB8,0x9D97,0x9D97,0x9577,0x9577,0x9577,0x9556,0x9556,0x9577,0x9DB8,0xA5D8,0xA5D8,0x9DB8,0x9DB8,0x9D97,
    0x9DB8,0xA5D8,0xA5D8,0xA5D8,0x9DB8,0x9D97,0x9D97,0x9DB8,0xA5D8,0xA5D8,0xA5D8,0xA5D8,0xA5D8,0xA5D8,0xA5D8,0x9DB8,
    0x9DB8,0xA5D8,0xA5D8,0xA5D8,0x9DB8,0x9DB8,0x9DB8,0x9DB8,0x9D97,0x9D97,0x9D97,0x9D97,0x9D97,0x9D97,0x9D97,0xA5D8,
    0xA5D8,0xA5D8,0xA5D8,0xA5F9,0xA5F9,0xA5F9,0xA5F9,0xA5F9,0xA5F9,0xA5F9,0xAE19,0xAE19,0xA5F9,0xA5F9,0xA5F9,0xA5D8,
    0xA5D8,0xA5F9,0xA5D8,0xA5D8,0xA5D8,0xA5D8,0xA5D8,0xA5D8,0xA5D8,0xA5F9,0xA5F9,0xA5F9,0xA5F9,0xA5D8,0xA5D8,0xA5F9,
    0xA5F9,0xA5F9,0xA5F9,0xA5F9,0xAE19,0xA5F9,0xA5F8,0xA5D8,0xA5D8,0xA5D8,0x9DB8,0xA5D8,0xA5F8,0xA5F9,0xA5F9,0xAE19,
    0xAE19,0xA5F9,0xA5F9,0xA5F9,0xA5F9,0xA5F9,0xA5F9,0xA5F9,0xA5D8,0xA5D8,0xA5D8,0xA5D8,0xA5F9,0xA5F9,0xA5F9,0xA5F9,
    0xA5F9,0xA5F9,0xA5F9,0xA5F9,0xA5F9,0xA5F9,0xA5F9,0xA5F9,0xA5F9,0xA5F9,0xA5F9,0xA5F9,0xA5D8,0xA5D8,0xA5D8,0xA5D8,
    0xA5D8,0xA5D8,0xA5D8,0xA5F9,0xA5F9,0xA5F9,0xA5F9,0xA5F9,0xA5D8,0xA5D8,0xA5F9,0xA5F9,0xA5F9,0xA5F9,0xA5F9,0xA5F9,
    0xA5F9,0xA5F9,0xA5F9,0xA5F9,0xA5F9,0xA5F9,0xA5F9,0xA5F9,0xA5F9,0xA5F9,0xAE19,0xAE19,0xAE19,0xA5F9,0xA5F9,0xA5F9,
    0xA5D8,0xA5D8,0xA5D8,0xA5D8,0xA5D8,0xA5D8,0xA5D8,0x9DB8,0xA5D8,0xA5D8,0xA5D8,0xA5D8,0xA5D8,0xA5D8,0xA5F9,0xA5F9,
    0xA5F9,0xA5F9,0xA5F9,0xA5F9,0xA5F9,0xA5F9,0xA5F9,0xA5D8,0xA5F9,0xAE19,0xAE19,0xAE19,0xAE19,0xAE19,0xA5F9,0xA5F8,
    0xA5D8,0xA5D8,0xA5F8,0xA5F9,0xA5D8,0xA5D8,0xA5D8,0xA5D8,0xA5D8,0xA5F8,0xA5F8,0xA5F8,0xA5F9,0xA5F9,0xA5F9,0xA5F9,
    0xA5F9,0xA5F9,0xA5F9,0xA5F9,0xA5F9,0xA5F9,0xA5F9,0xA5D8,0xA5D8,0x9DB8,0xA5D8,0xA5D8,0xA5F9,0xA5F9,0xA5F9,0xAE19,
    0xA5F9,0xA5F9,0xADF9,0xA5F9,0xA5F9,0xA5F9,0xA5F9,0xA5F9,0xA5F9,0xA5F8,0xA5F8,0xA5D7,0xA5B7,0xADB7,0x9D35,0xA535,
    0xC659,0xD6BA,0xC618,0xBDD6,0xA513,0x8C0F,0x7BAD,0x62CA,0x5A68,0x7309,0x942D,0xBD31,0xE656,0xF6D7,0xFF39,0xFF19,
    0xF719,0xE697,0xC5B4,0xB553,0xBD74,0xBD94,0xBDD6,0xBDD7,0xB5D7,0xADB7,0xA5B7,0xA5B8,0xA5D8,0xA5D9,0xA5F9,0xADF9,
    0xA5F9,0xA5F9,0xA5F9,0xA5F9,0xA5F9,0xA5F9,0xA5F8,0xA5D8,0xA5D8,0xA5D8,0xA5D8,0x9DB8,0x9DB8,0x9D97,0x9DB8,0x9DB8,
    0xA5D8,0xA5D8,0xA5D8,0xA5D8,0xA5D8,0xA5D8,0xA5D8,0xA5D8,0xA5D8,0xA5F9,0xA5F9,0xA5D8,0xA5D8,0xA5D8,0xA5D8,0x9DB8,
    0x9DB8,0x9DB8,0xA5D8,0x9DB8,0x9D97,0x9577,0x9577,0x9577,0x9577,0x9577,0x9577,0x9577,0x9577,0x9D97,0x9DB8,0x9DB8,
    0xA5D8,0xA5D8,0xA5D8,0xA5D8,0xA5D8,0xA5D8,0x9DB8,0x9DB8,0xA5D8,0xA5D8,0xA5B8,0x9DB8,0x9DB8,0xA5B8,0xA5D8,0xA5B8,
    0x9D77,0x9D77,0x9D77,0x9D77,0x9D77,0x9D77,0x9D97,0x9D77,0x9D97,0x9D97,0x9D97,0x9577,0x9577,0x9577,0x9D97,0x9DB8,
    0x9DB8,0x9DB8,0x9DB8,0x9DB8,0x9DB8,0x9D98,0x9D97,0x9D97,0x9D97,0x9DB8,0x9DB8,0x9DB8,0x9D98,0x9D77,0x9577,0x9577,
    0x9557,0x9577,0x9577,0x9577,0x9D97,0x9D97,0x9D97,0x9D77,0x9577,0x9556,0x9536,0x9536,0x9536,0x9536,0x8D36,0x9556,
    0x8D36,0x9556,0x8D36,0x9556,0x9556,0x9577,0x9D97,0x9D98,0x9DB8,0x9DB8,0xA5B8,0x9DB8,0xA5B8,0xA5D8,0xA5D8,0xA5B8,
    0xA5D8,0xA5D8,0x9DB8,0x9DB8,0x9DB8,0x9DB8,0x9DB8,0x9DB8,0x9DB8,0x9DB8,0xA5D8,0x9DB8,0x9DB8,0x9DB8,0x9DB8,0xA5D8,
    0xA5D8,0x9DB8,0x9DB8,0xA5D8,0x9DB8,0x9DB8,0x9DB8,0xA5D8,0xA5D8,0xA5D8,0xA5D8,0xA5D8,0xA5D8,0xA5D8,0x9DB8,0x9DB8,
    0xA5D8,0x9DB8,0x9DB8,0xA5D8,0xA5D8,0xA5D8,0x9DB8,0xA5D8,0xA5F9,0xA5D8,0x9DB8,0x9DB8,0x9DB8,0x9DB8,0x9DB8,0x9DB8,
    0xA5D8,0x9DB8,0x9DB8,0x9DB8,0x9DB8,0x9DB8,0x9DB8,0x9DB8,0x9DB8,0x9D97,0x9D97,0x9DB7,0x9DB8,0xA5D8,0xA5D8,0x9DB8,
    0x9DB8,0x9DB8,0x9DB8,0xA5D8,0xA5D8,0xA5D8,0x9DB8,0xA5D8,0x9DB8,0x9DB8,0x9DB8,0x9DB8,0x9DB8,0x9DB8,0x9DB8,0x9DB8,
    0xA5D8,0xA5D8,0xA5F9,0xA5F9,0xA5D8,0xA5D8,0xA5F9,0xA5F9,0xA5F9,0xA5D8,0xA5D8,0xA5D8,0xA5D8,0xA5D8,0x9DB8,0xA5D8,
    0xA5D8,0x9DB8,0x9D97,0xA5D8,0xA5D8,0xA5D8,0xA5D8,0xA5F9,0xA5F9,0xA5D8,0xA5F9,0xA5F9,0xA5D8,0xA5D8,0xA5D8,0xA5F9,
    0xA5F9,0xA5F9,0xA5D8,0xA5D8,0xA5D8,0xA5D8,0xA5D8,0xA5D8,0xA5D8,0xA5D8,0xA5D8,0xA5D8,0xA5D8,0xA5D8,0xA5D8,0xA5D8,
    0xA5D8,0xA5D8,0x9DB8,0x9DB8,0x9DB8,0xA5D8,0xA5D8,0xA5F9,0xAE19,0xA5F9,0xA5D8,0x9DB8,0x9DB7,0x9D97,0x9D97,0x9DB8,
    0xA5D8,0xA5D8,0xA5F9,0xA5F9,0xA5D9,0xA5F9,0xA5F9,0xA5F9,0xAE19,0xA5F9,0xA5D8,0x9DB8,0xA5D8,0xA5D8,0xA5F9,0xA5F9,
    0xA5F9,0xA5F9,0xA5F9,0xA5F9,0xA5F9,0xA5F9,0xA5D8,0xA5D8,0xA5D8,0xA5D8,0xA5F9,0xA5F9,0xA5F9,0xA5F9,0xA5F9,0xA5F9,
    0xA5F9,0xA5D8,0xA5D8,0xA5D8,0xA5D8,0xA5D8,0xA5D8,0xA5F9,0xA5F9,0xA5F9,0xA5D8,0xA5D8,0xA5D8,0xA5D8,0xA5F9,0xA5F9,
    0xA5F9,0xA5D8,0xA5D8,0xA5F9,0xA5D8,0xA5D8,0xA5D8,0xA5F9,0xA5F9,0xA5F9,0xA5F9,0xA5F9,0xA5F9,0xA5F9,0xAE19,0xAE19,
    0xAE19,0xAE19,0xA5F9,0xA5F9,0xAE19,0xAE19,0xAE19,0xAE19,0xAE19,0xADF9,0xA5F9,0xA5D8,0xA5D8,0xA5D8,0xA5F9,0xA5F9,
    0xA5F9,0xA5F9,0xA5D8,0xA5D8,0xA5D8,0xA5D8,0xA5F9,0xA5F9,0xA5F9,0xAE19,0xAE19,0xAE19,0xA5F9,0xA5F9,0xA619,0xAE19,
    0xA5F9,0xA5F9,0xA5F9,0xA5F9,0xA5F9,0xADF9,0xADF9,0xA5F8,0xA5D8,0xA5D8,0xA5D8,0xA5D8,0xA5D8,0xA5F9,0xA5F9,0xA5F9,
    0xA5F9,0xA5D8,0xA5F9,0xA5F9,0xA5F9,0xA5F9,0xA5F9,0xA5F9,0xA5D8,0xA5D8,0xA5D8,0xA5D8,0x9DB8,0x9DB8,0x9DB8,0xA5D8,
    0xA5D8,0xA5D8,0xA5F9,0xADF9,0xA5F9,0xA5D8,0xA5D8,0xA5F9,0xADF9,0xAE19,0xADF7,0xAE17,0xADD7,0x94D3,0x9CD3,0xC5F7,
    0xDE79,0xCE38,0xB554,0x83CE,0x5A88,0x5247,0x5A88,0x6288,0x6AC9,0x6A88,0x4983,0x6A87,0x72E8,0x93CC,0xC593,0xEEB7,
    0xFF5A,0xFF5B,0xFF7B,0xEF3A,0xDE78,0xC5F6,0xC5F6,0xC5D6,0xBDD6,0xB5D7,0xADF8,0xA5D8,0xA5D8,0x9DB8,0x9D98,0x9DB8,
    0x9DB8,0x9DB8,0xA5D8,0xA5D8,0xA5D8,0xA5F9,0xA5F9,0xA5D8,0xA5D8,0xA5F9,0xA5F9,0xA5F9,0xA5F9,0xA5D8,0xA5D8,0xA5D8,
    0xA5F9,0xA5F9,0xA5D8,0xA5D8,0xA5D8,0xA5D8,0xA5D8,0xA5D8,0xA5D8,0xA5D8,0xA5F9,0xA5D8,0xA5D8,0xA5D8,0xA5F9,0xA5F9,
    0xA5D8,0xA5F9,0xA5F9,0xA5D8,0xA5D8,0x9DB8,0x9DB8,0x9DB8,0x9DB8,0x9DB8,0x9D97,0x9D97,0x9DB8,0xA5D8,0x9DB8,0x9D97,
    0x9DB8,0x9DB8,0x9DB8,0x9DB8,0xA5D8,0xA5D8,0x9DB8,0x9DB8,0xA5B8,0x9DB8,0x9DB8,0x9DB8,0x9DB8,0xA5B8,0xA5D8,0xA5B8,
    0x9D98,0x9D98,0x9D98,0x9DB8,0x9DB8,0x9D98,0x9D97,0x9D98,0x9DB8,0x9DB8,0x9DB8,0x9D97,0x9D97,0x9577,0x9D97,0x9D97,
    0x9D97,0x9D97,0x9D97,0x9D97,0x9D97,0x9D97,0x9D97,0x9D97,0x9DB8,0x9DB8,0x9DB8,0xA5D8,0xA5D8,0x9DB8,0x9DB8,0x9DB8,
    0x9DB8,0x9DB8,0x9D98,0x9DB8,0x9DB8,0x9D97,0x9DB8,0x9DB8,0x9DB8,0x9DB8,0x9DB7,0x9D97,0x9D97,0x9D97,0x9D97,0x9D97,
    0x9D97,0x9D97,0x9577,0x9576,0x9576,0x9556,0x9556,0x9536,0x9536,0x9557,0x9577,0x9577,0x9577,0x9D97,0x9D98,0x9D98,
    0x9D98,0x9DB8,0xA5D8,0xA5F9,0xA5F9,0xA5D8,0x9DB8,0x9DB8,0x9DB8,0x9DB8,0x9DB8,0x9DB8,0xA5B8,0xA5D8,0x9DB8,0x9DB8,
    0xA5D8,0xA5D8,0xA5D8,0xA5D8,0xA5D8,0xA5D8,0xA5D8,0xA5D8,0x9DB8,0x9DB8,0xA5D8,0xA5D8,0xA5D8,0xA5D8,0xA5B8,0x9DB8,
    0x9DB8,0xA5D8,0xA5F8,0xA5F9,0xA5F9,0xA5F9,0xA5D8,0xA5D8,0xA5D8,0xA5D8,0xA5D8,0xA5D8,0xA5D8,0xA5D8,0xA5D8,0xA5D8,
    0xA5D8,0xA5D8,0xA5D8,0xA5D8,0xA5D8,0xA5D8,0xA5D8,0xA5D8,0xA5F9,0xA5D8,0xA5D8,0xA5D8,0xA5D8,0xA5D8,0xA5D8,0xA5D8,
    0xA5D8,0xA5D8,0xA5D8,0x9DB8,0xA5D8,0xA5D8,0xA5F9,0xA5D8,0xA5F9,0xA5F9,0xA5D8,0x9DB8,0x9DB8,0x9D97,0x9D97,0x9D97,
    0x9DB8,0xA5D8,0xA5F9,0xA5F9,0xA5D8,0xA5D8,0xA5D8,0xA5D8,0xA5F9,0xA5F9,0xA5D8,0xA5F9,0xA5F9,0xA5F9,0xA5F9,0xAE19,
    0xAE19,0xA5F9,0xA5F9,0xA5D8,0xA5D8,0xA5F9,0xA5F9,0xA5F9,0xA5D8,0xA5D8,0xA5D8,0xA5D8,0xA5D8,0xA5D8,0xA5D8,0xA5F9,
    0xA5F9,0xA5F9,0xA5F9,0xA5F9,0xA5F9,0xA5F9,0xA5F9,0xA5F9,0xA5D8,0xA5D8,0xA5F9,0xA5D8,0xA5F9,0xA5F9,0xA5F9,0xA5F9,
    0xA5F9,0xA5F9,0xA5D8,0xA5D8,0x9DB7,0x9DB7,0x9DB8,0xA5D8,0xA5D8,0xA5F8,0xAE19,0xAE19,0xA5F8,0xA5D8,0xA5F9,0xA5F9,
    0xA5F9,0xA5F9,0xA5D8,0xA5D8,0xA5D8,0xA5D8,0xA5D8,0xA5D8,0xA5D8,0xA5F9,0xA5F9,0xA5F9,0xA5F9,0xA5D8,0xA5D8,0xA5D8,
    0xA5D8,0xA5D8,0xA5D8,0xA5D8,0xA5F9,0xA5F9,0xA5F9,0xA5F9,0xA5F9,0xA5F9,0xA5F9,0xA5F9,0xA5F9,0xA5D8,0xA5D8,0xA5D8,
    0xA5F9,0xA5F9,0xA5F9,0xA5F9,0xA5F9,0xA5D8,0xA5D8,0xA5F9,0xADF9,0xA5F9,0xA5F9,0xA5F9,0xA5F9,0xA5D9,0xA5D8,0xA5B8,
    0x9DB8,0xA5D8,0xA5D8,0xA5D9,0xA5D8,0xA5D8,0xA5F9,0xA5D8,0xA5D8,0xA5D8,0xA5F9,0xA5D8,0xA5D8,0xA5D8,0xA5D8,0xA5F9,
    0xAE19,0xAE3A,0xAE19,0xAE19,0xAE19,0xAE19,0xA5F9,0xA5F9,0xADF9,0xA5F9,0xA5D9,0xA5D8,0xA5D8,0xA5D8,0xA5D9,0xA5D8,
    0xA5D8,0xA5D8,0xA5D8,0xA5D8,0xA5D8,0xA5D8,0x9DB8,0x9DB8,0x9DB8,0xA5D8,0xA5D8,0xA5F8,0xA5D8,0x9DB8,0xA5D8,0xA5F9,
    0xA5F9,0xAE19,0xA5F9,0xA5F8,0xA5D8,0xA5D8,0xA5D8,0xA5D8,0xA5D8,0xA5D8,0xA5D8,0xA5D8,0xA5D8,0xA5D8,0xA5F9,0xA5F9,
    0xA5F9,0xADF9,0xA5F9,0xA5F9,0xA5F9,0xA5F9,0xA5F9,0xA5F9,0xA5F9,0xA5F9,0xA5F9,0xA5F9,0xA5F9,0xA5F9,0xA5F9,0xA5D8,
    0xA5D8,0xA5D8,0xA5D8,0xA5D8,0xA5D8,0xA5D8,0xA5D8,0xA5D8,0xA5D8,0xADF8,0xADF7,0xADD6,0x9CF3,0x9CD2,0xDE99,0xE6BA,
    0xEEFA,0xCE16,0x83CD,0x5A68,0x6AE9,0x7B8C,0x730A,0x8BCD,0x838B,0x836B,0x93ED,0x8BAC,0x72C8,0x51E5,0x5226,0x8BCD,
    0xD616,0xF73A,0xFF9C,0xF75B,0xF77C,0xEF3B,0xE6D9,0xDE78,0xCE37,0xBDD6,0xADB6,0xADD8,0xA5D8,0xA5D9,0x9DD8,0xA5D8,
    0x9DB8,0x9DB8,0xA5D8,0xA5D8,0xA5D8,0xA5F9,0xAE19,0xADF9,0xA5F9,0xA5D8,0xA5F9,0xA5F9,0xA5D8,0xA5D8,0xA5F9,0xA5F9,
    0xA5F9,0xA5F9,0xA5D8,0xA5D8,0xA5D8,0xA5D8,0xA5D8,0xA5D8,0xA5D8,0x9DB8,0xA5D8,0xA5D8,0xA5F9,0xA5F9,0xA5F9,0xA5F9,
    0xA5F9,0xA5F9,0xA5F9,0xA5F9,0xA5F9,0xA5F9,0xA5F9,0xA5D8,0xA5D8,0xA5D8,0x9DB8,0x9DB8,0x9DB8,0x9DB8,0x9DB8,0x9DB8,
    0x9DB8,0x9DB8,0x9DB8,0x9DB8,0x9DB8,0xA5D8,0xA5D8,0x9DB8,0x9DB8,0x9DB8,0x9D98,0x9D98,0x9D97,0x9D98,0x9D98,0x9D97,
    0x9D97,0x9D98,0x9D97,0x9D97,0x9D77,0x9D77,0x9D77,0x9D77,0x9D77,0x9D97,0x9D97,0x9D97,0x9577,0x9557,0x9556,0x9556,
    0x9556,0x9556,0x9577,0x9D97,0x9D97,0x9D97,0x9D97,0x9D97,0x9D98,0x9D98,0x9DB8,0x9DB7,0x9DB7,0x9597,0x9597,0x9D97,
    0x9DB7,0x9DB7,0x9D97,0x9D97,0x9D97,0x9D98,0x9D97,0x9D97,0x9D98,0x9D98,0x9DB8,0x9DB8,0x9DB8,0x9DB8,0xA5D8,0xA5D8,
    0xA5D8,0xA5B8,0xA5B8,0xA5B8,0xA5B8,0xA5B8,0x9DB8,0x9D97,0x9D98,0x9D98,0x9D97,0x9D77,0x9D77,0x9D77,0x9577,0x9577,
    0x9577,0x9577,0x9D77,0x9D97,0x9D97,0xA5B8,0xA5D8,0xA5D8,0xA5D8,0xA5D8,0xA5B8,0xA5B8,0x9DB8,0x9DB8,0x9DB8,0x9D97,
    0x9D97,0x9D97,0x9DB7,0x9DB8,0xA5D8,0xA5B8,0x9DB8,0xA5B8,0xA5B8,0xA5B8,0xA5B8,0xA5B8,0xA5B8,0xA5B8,0xA5B8,0x9DB8,
    0x9DB7,0x9DB7,0x9DB8,0xA5B8,0xA5D8,0xA5D8,0xA5F9,0xA5F9,0xA5D8,0xA5D8,0xA5D8,0xA5D8,0xA5D8,0xA5B8,0xA5B8,0x9D98,
    0x9D98,0xA5B8,0xA5D8,0xA5D9,0xA5D9,0xA5F9,0xA5F9,0xA5F9,0xA5D9,0xA5D9,0xA5D9,0xA5D8,0xA5B8,0xA5B8,0xA5D8,0xA5B8,
    0xA5D8,0xADF9,0xA5F9,0xA5D8,0xA5D8,0xA5D8,0xA5D8,0xA5F8,0xA5F9,0xADF9,0xA5F8,0xA5F8,0xA5F8,0xA5D8,0xA5D8,0xA5D8,
    0xA5D8,0xA5F9,0xA5F8,0xA5F9,0xA5F9,0xADF9,0xA5F8,0xA5D8,0xA5D8,0xA5B8,0xA5D8,0xA5D8,0xA5D8,0xA5D8,0xA5D8,0xA5D8,
    0xA5D8,0xA5D8,0xA5F8,0xA5D8,0xA5D8,0xA5D8,0xA5D8,0xA5D8,0xA5F9,0xADF9,0xA5F9,0xA5D8,0xA5D8,0xA5D8,0xA5D8,0xA5D8,
    0xA5B8,0xA5F8,0xA5F9,0xADF9,0xADF9,0xAE19,0xADF9,0xADF9,0xA5F9,0xA5F8,0xA5F8,0xA5F8,0xA5D8,0xA5D8,0xA5D8,0xA5D8,
    0xA5F9,0xAE19,0xAE19,0xA5F9,0xA5D8,0xA5D8,0xA5B8,0x9DB7,0x9DB7,0x9DB7,0xA5B8,0xA5D8,0xA5D8,0xA5F8,0xA5F8,0xA5F9,
    0xADF9,0xADF9,0xAE19,0xADF9,0xA5F9,0xA5F9,0xA5F8,0xA5D8,0xA5D8,0xA5D8,0xA5D8,0xA5F8,0xA5F8,0xA5F8,0xA5F8,0xA5D8,
    0xA5D8,0xA5D8,0xA5D8,0xA5D8,0xA5D8,0xA5D8,0xA5D8,0xA5D8,0xA5D8,0xA5D8,0xA5D8,0xA5D8,0xA5D8,0xA5D8,0x9DB8,0x9D97,
    0x9DB7,0xA5D8,0xA5D8,0xA5D8,0xADF9,0xADF9,0xA5D8,0xA5D8,0xA5D8,0xADF8,0xA5F8,0xA5D8,0xADF9,0xADF9,0xA5F8,0xA5D8,
    0xA5D8,0xA5D8,0xA5D8,0xA5D8,0xA5D8,0xA5D8,0xA5F8,0xADF8,0xADF9,0xADF9,0xADF8,0xADF9,0xADF9,0xADF9,0xA5F8,0xA5D8,
    0xA5F8,0xA5F9,0xA5F9,0xA5F8,0xA5F8,0xA5F8,0xA5F8,0xA5F8,0xA5F9,0xADF9,0xA5F9,0xADF9,0xADF9,0xA5D8,0xA5D8,0xA5D8,
    0xA5B8,0xA5D8,0xA5D8,0xA5D8,0xA5D8,0xA5D8,0x9DD8,0x9DB8,0x9DD8,0xA5D9,0xA5F9,0xA5D8,0xA5D8,0xA5F8,0xA5D8,0xA5D8,
    0xA5F8,0xA5F8,0xA5F8,0xA5F8,0xA5D8,0xA5D8,0xA5D8,0xA5D8,0xA5D8,0xA5F8,0xA5F8,0xA5F8,0xA5D8,0xA5D8,0xADF9,0xA5D8,
    0xA5D8,0xA5D8,0xA5D8,0xA5D8,0xA5D8,0xA5D8,0xA5D8,0xA5D8,0xA5F8,0xADF9,0xA5F8,0xA5D8,0xADF8,0xA5F8,0xADF9,0xADF9,
    0xADF8,0xADF7,0xADD8,0xA5D8,0x9DD8,0xA5D8,0xA5F9,0xADD8,0xADB7,0xADB6,0xAD33,0x9470,0x9C91,0xC5D6,0xCE37,0xDE78,
    0xEEDA,0xC594,0x7B2B,0x8BEE,0x83CD,0x8BEE,0x8BED,0xA44F,0x9C2E,0x8BAC,0x9C0D,0xA46E,0xB510,0xACD0,0x93CC,0x5A05,
    0x49A3,0x8B8B,0xD615,0xF71A,0xF719,0xEED8,0xEF19,0xEEF9,0xE6D8,0xDE77,0xCE16,0xBDF6,0xB5D6,0xA5D7,0xA5F8,0xA5D8,
    0xA5D8,0xA5D8,0xA5D8,0xA5D8,0xA5D8,0xA5B8,0xA5B8,0xA5D8,0xA5D8,0xA5D8,0xA5D8,0xA5F8,0xA5D8,0xA5D8,0xA5D8,0xA5D8,
    0xA5B8,0xA5B8,0xA5B8,0xA5B8,0xA5B8,0xA5D8,0xA5D8,0xA5D8,0xA5D8,0xA5D8,0xA5F9,0xA5F9,0xA5D8,0xA5D8,0xA5D8,0xA5D8,
    0xA5D8,0xA5B8,0xA5B8,0xA5D8,0xA5F8,0xA5F9,0xA5F9,0xA5F9,0xA5F9,0xA5F9,0xA5F9,0xA5D8,0x9DD8,0x9DD8,0xA5B8,0xA5D8,
    0xA5D8,0xA5B8,0x9D97,0x9D97,0x9D98,0x9DB8,0xA5B8,0xA5D8,0xA5D8,0xA5D8,0xA5D8,0xA5B8,0xA5D8,0xA5B8,0x9D97,0x9D97,
    0x9556,0x9557,0x9556,0x9556,0x9577,0x9557,0x9577,0x9557,0x9577,0x9D97,0x9D98,0x9DB8,0x9DB8,0x9D98,0x9D97,0x9D97,
    0x9D97,0x9D97,0x9D97,0x9D97,0x9D97,0x9D97,0x9D97,0x9D97,0x9DB8,0xA5B8,0xA5B8,0x9DB8,0x9DB7,0x9DB7,0x9DD8,0x9DD8,
    0x9DD8,0x9DD8,0x9DB8,0x9DB8,0x9DB8,0x9DB8,0x9D98,0x9D98,0x9DB8,0x9DB8,0x9DB8,0x9DB8,0x9DB8,0x9DB8,0x9D98,0x9DB8,
    0x9DB8,0x9DB8,0x9D98,0x9D97,0x9DB8,0xA5B8,0xA5B8,0xA5D8,0xA5D8,0xA5D8,0xA5D8,0xA5B8,0x9D97,0x9D97,0x9D97,0x9D97,
    0x9D97,0x9D97,0x9D77,0x9556,0x9556,0x9556,0x9576,0x9D77,0x9D97,0x9D97,0xA5B8,0xA5B8,0xA5B8,0xA5B8,0xA5D8,0x9DB8,
    0x9D97,0x9DB7,0x9D97,0x9D97,0x9D97,0x9D97,0x9577,0x9D77,0x9D97,0x9D98,0xA5B8,0xA5D8,0xA5D8,0xA5D8,0xA5D8,0xA5B8,
    0xA5B8,0x9DB7,0x9D97,0x9D97,0x9D97,0x9D97,0xA5D8,0xA5D8,0xA5D8,0xA5D8,0xA5F8,0xA5F9,0xA5F9,0xA5F9,0xADF9,0xA5D8,
    0xA5B8,0xA5B8,0x9DB8,0x9D98,0x9DB8,0xA5D8,0xA5D8,0xA5D8,0xA5D8,0xA5F9,0xA5F9,0xA5F9,0xA5D9,0xA5D8,0x9DB8,0x9DB8,
    0xA5B8,0xA5D8,0xA5D8,0xA5B8,0xA5B8,0x9DB8,0x9DB7,0xA5D8,0xA5D8,0xA5D8,0xA5D8,0xA5F9,0xADF9,0xA5F8,0xA5D8,0xA5B8,
    0xA5B8,0xA5B8,0xA5D8,0xA5F9,0xADF9,0xADF9,0xADF9,0xA5F9,0xA5D8,0xA5B8,0x9DB7,0x9DB8,0xA5D8,0xA5D8,0xA5F8,0xA5D8,
    0xA5F8,0xA5F8,0xA5F8,0xA5B8,0xA5B8,0xA5B8,0xA5D8,0xA5D8,0xA5B8,0xA5B8,0xA5B8,0xA5D8,0xA5D8,0xA5D8,0x9DB8,0x9DB7,
    0x9DB7,0xA5B8,0xA5B8,0xA5B8,0xA5D8,0xA5D8,0xA5F8,0xA5F9,0xADF9,0xADF9,0xADF9,0xADF9,0xA5F9,0xA5D8,0xA5D8,0xA5D8,
    0xA5D8,0xA5B8,0xA5D8,0xA5F9,0xA5F9,0xA5F9,0xA5F9,0xA5F9,0xA5F9,0xA5F8,0xA5D8,0xA5D8,0xA5D8,0xA5B8,0xA5B8,0xA5B8,
    0xA5D8,0xA5B8,0xA5D8,0xADF9,0xAE19,0xADF9,0xADF9,0xAE19,0xADF8,0xA5F8,0xA5F8,0xAE19,0xAE19,0xAE19,0xADF8,0xADF8,
    0xADF9,0xADF9,0xADF9,0xADF9,0xADF9,0xA5F9,0xA5D8,0xA5D8,0xA5F8,0xA5D8,0xA5D8,0xA5F9,0xADF9,0xADF9,0xADF9,0xADF9,
    0xA5F8,0xA5D8,0xA5F8,0xADF9,0xADF8,0xADF8,0xADF9,0xADF9,0xADF9,0xADF9,0xADF9,0xADF9,0xA5D8,0xA5D8,0xADF8,0xADF9,
    0xADF9,0xADF9,0xADF9,0xADF9,0xADF9,0xADF9,0xADF9,0xADF9,0xADF8,0xADF8,0xA5D8,0xADF8,0xADF9,0xADF8,0xA5D8,0xA5F8,
    0xA5F8,0xA5D8,0xA5D8,0xA5D8,0xA5D8,0xA5D8,0xA5D8,0xA5D8,0xA5D8,0xA5D8,0xA5D8,0xA5F9,0xADF9,0xA5F9,0xA5F9,0xA5F9,
    0xA5F9,0xA5F9,0xA5F9,0xA5F9,0xA5F9,0xA5F9,0xA619,0xA619,0xA619,0xA619,0xA619,0xADF9,0xAE19,0xADF8,0xA5F8,0xA5D8,
    0xA5F8,0xA5F8,0xA5F8,0xAE19,0xAE19,0xAE19,0xADF9,0xA5F9,0xA5F8,0xA5D8,0xA5D8,0xA5F8,0xA5F9,0xADF9,0xAE19,0xADF9,
    0xADF9,0xA5D8,0xA5D8,0xA5D8,0xA5D8,0xA5B8,0xA5B8,0xA5D8,0xA5D8,0xA5D8,0xA5D8,0xA5D8,0xA5D8,0xA5D8,0xADF9,0xADF9,
    0xADF8,0xADF8,0xAE18,0xAE19,0xA619,0xA5F9,0xADF8,0xADD7,0xADB6,0x9CD2,0x7B8C,0x83CD,0x9C91,0xACF2,0xB574,0xC5B5,
    0xEEDA,0xACD1,0x940E,0x8BEE,0x5247,0x6AEA,0x732A,0x72E9,0x93ED,0xACB0,0xACD0,0xBD72,0xBD52,0xC572,0xE676,0xEEB7,
    0xACAF,0x6287,0x4983,0x7309,0xC593,0xDE56,0xD615,0xDE56,0xDE56,0xDE35,0xE6B7,0xD677,0xC657,0xB617,0xA5D7,0xA5D7,
    0xA5D8,0xA5D8,0xA5F8,0xA5F9,0xA5F9,0xA5F8,0xA5D8,0xA5B7,0x9DB7,0x9DB7,0x9DB8,0xA5B8,0xA5D8,0xA5F8,0xA5F9,0xA5F8,
    0xA5D8,0xA5D8,0xA5D8,0xA5B8,0xA5B8,0xA5B8,0xA5D8,0xA5D8,0xA5D8,0xA5D8,0xA5D9,0xA5F9,0xA5F8,0xA5D8,0xA5D8,0xA5D8,
    0xA5F8,0xA5D8,0xA5B8,0xA5D8,0xA5D8,0xA5F8,0xA5F8,0xA5F8,0xA5F8,0xA5F9,0xA5F9,0xA5F9,0xA5F9,0xA5F9,0xA5D8,0xA5D8,
    0xA5D9,0xA5D8,0xA5D8,0xA5B8,0xA5B8,0xA5B8,0xA5B8,0x9DB8,0x9D98,0x9D97,0x9D98,0xA5B8,0xA5B8,0x9DB8,0x9DB8,0x9D98,
    0x9D97,0x9D97,0x9D97,0x9D97,0x9D97,0x9D77,0x9577,0x9556,0x9556,0x9556,0x9D77,0x9D97,0x9D97,0x9D97,0x9D97,0x9D97,
    0x9D97,0x9D97,0x9D98,0x9D77,0x9D77,0x9D77,0x9D77,0x9D77,0x9D97,0x9D97,0x9D98,0x9DB8,0x9DB7,0x9DB7,0x9DB7,0x9DB7,
    0x9DB7,0x9DB7,0x9DB8,0x9DB7,0x9DB8,0x9DB8,0x9DB8,0x9DB8,0x9DB8,0x9DB8,0x9DB8,0x9D98,0x9DB8,0x9DB8,0x9DB8,0x9DB8,
    0xA5B8,0x9DB8,0xA5B8,0xA5D8,0xA5D8,0xA5B8,0x9D98,0xA5B8,0xA5D8,0xA5B8,0xA5B8,0xA5B8,0xA5B8,0x9DB8,0x9D97,0x9D77,
    0x9D77,0x9577,0x9D77,0x9D77,0x9D77,0x9576,0x9556,0x9556,0x9556,0x9556,0x9D77,0x9D77,0x9D97,0x9D97,0x9D97,0x9DB7,
    0xA5B8,0xA5D8,0xA5D8,0xA5B8,0xA5D8,0xA5D8,0xA5B8,0xA5B8,0x9D98,0x9D97,0x9D98,0x9DB8,0xA5B8,0xA5B8,0xA5B8,0xA5D8,
    0xA5D8,0xA5D8,0xA5D8,0xA5D8,0xA5D8,0xA5B8,0xA5D8,0xA5D8,0xA5D8,0xA5B8,0x9DB7,0x9D97,0x9DB8,0xA5D8,0xA5D8,0xA5F8,
    0xA5F8,0xA5F8,0xA5D8,0xA5D8,0xA5F8,0xA5F8,0xA5F8,0xA5D8,0xA5D8,0xA5D8,0xA5D9,0xA5F9,0xADF9,0xADF9,0xA5F9,0xA5F9,
    0xA5D9,0xA5F9,0xA5D8,0xA5B8,0xA5B8,0x9DB8,0x9DB8,0xA5B8,0xA5B8,0xA5D8,0xA5D8,0xA5F8,0xA5F9,0xA5F9,0xA5F9,0xA5F8,
    0xA5D8,0xA5D8,0xA5D8,0xA5F8,0xA5F9,0xA5D8,0xADF9,0xAE19,0xAE19,0xADF9,0xADF9,0xA5D8,0xA5D8,0xA5D8,0xA5D8,0xA5D8,
    0xA5D8,0xA5D8,0xA5D8,0xA5F9,0xADF9,0xA5F9,0xA5F9,0xA5F8,0xA5D8,0xA5D8,0xA5D8,0xA5F9,0xA5F9,0xA5D8,0x9DB8,0x9DB7,
    0xA5B8,0xA5B8,0xA5B8,0x9DB7,0x9D97,0x9D97,0x9DB7,0x9DB7,0x9DB8,0xA5B8,0xA5D8,0xA5F8,0xADF9,0xADF9,0xAE19,0xA5F9,
    0xA5D8,0xA5D8,0xA5B8,0xA5D8,0xA5D8,0xA5D8,0xA5F9,0xADF9,0xADF9,0xAE19,0xADF9,0xADF9,0xADF9,0xADF9,0xADF9,0xA5D8,
    0xA5D8,0x9DB8,0x9D97,0xA5D8,0xA5F8,0xA5D8,0xA5D8,0xA5D8,0xA5D8,0xA5D8,0xA5F8,0xA5F8,0xA5F8,0xA5F8,0xAE19,0xAE19,
    0xADF9,0xADF9,0xADF9,0xAE19,0xADF9,0xADF9,0xADF9,0xADF9,0xADF9,0xADF9,0xA5F9,0xA5F9,0xA5F8,0xA5F8,0xADF9,0xAE19,
    0xAE19,0xAE19,0xADF9,0xADF8,0xA5D8,0xA5D8,0xADF8,0xADF9,0xADF9,0xADF9,0xADF9,0xADF9,0xADF9,0xADF9,0xADF8,0xA5D8,
    0xA5D8,0xADF8,0xADF9,0xADF9,0xADF9,0xADF9,0xADF9,0xADF9,0xADF9,0xADF9,0xADF9,0xADF8,0xADF9,0xADF9,0xADF8,0xA5F9,
    0xA5F9,0xA5F9,0xADF9,0xA5F9,0xA5F8,0xA5F8,0xA5F8,0xA5D8,0xA5F9,0xADF9,0xADF9,0xADF9,0xADF9,0xA5D8,0xA5F8,0xA5F9,
    0xADF9,0xA5F9,0xA5F9,0xA5F9,0xA5F9,0xA5F9,0xA5F9,0xA5F9,0xA5F9,0xA5F9,0xA5D8,0xA5F8,0xA5F8,0xA5D8,0xA5D8,0xA5D8,
    0xA5D8,0xA5D8,0xA5D8,0xA5F8,0xA5F8,0xADF9,0xADF9,0xADF9,0xADF9,0xADF9,0xADF9,0xA5F8,0xA5D8,0xA5D8,0xA5D8,0xA5D8,
    0xA5D8,0xA5D8,0xADF8,0xADF9,0xADF9,0xADF9,0xADF9,0xADF9,0xA5D8,0xA5D8,0xA5D8,0xA5D8,0xADF8,0xA5D8,0xA5D8,0xA5D8,
    0xA5D8,0xADD8,0xA5F8,0xA5F9,0xADF9,0xADF8,0xA596,0xB5D6,0x9CD2,0x83EE,0x942E,0xA490,0x9C90,0xAD33,0xC5F6,0xCE17,
    0xE6FA,0xACF2,0x8BCD,0x6B2A,0x41C5,0x5A47,0x8BCD,0x93ED,0x940D,0xACD0,0xB551,0xC5B3,0xCDD3,0xD5F4,0xCDD4,0xDE56,
    0xFF39,0xEED8,0xB511,0x62A7,0x3942,0x7B8B,0xB531,0xB511,0xBD31,0xCDD3,0xC593,0xC5D4,0xCE36,0xD698,0xBE37,0xADF7,
    0xADF8,0xADF8,0xA5F8,0xA5F9,0xA5F9,0xA5F9,0xA5F9,0xA5D8,0xA5B8,0x9DB8,0x9D97,0x9D97,0xA5B8,0xA5D8,0xA5D8,0xA5D8,
    0xA5F8,0xADF9,0xA5F9,0xA5D9,0xA5D9,0xA5D9,0xA5F9,0xA5F9,0xA5D9,0xA5D8,0xA5D8,0xA5D8,0xA5D8,0xA5B8,0xA5B8,0xA5B8,
    0xA5D8,0xA5D8,0xA5D8,0xA5D8,0x9DB8,0x9DD8,0x9DD8,0x9DD8,0x9DD8,0xA5D8,0xA5D8,0xA5D8,0xA5D8,0xA5F9,0xA5D8,0xA5D8,
    0xA5F9,0xA5F9,0xA5F9,0xA5F9,0xA5D9,0xA5D8,0xA5D8,0xA5D8,0xA5B8,0x9D98,0x9D97,0x9DB8,0xA5B8,0xA5B8,0xA5D8,0xA5D8,
    0x9D97,0x9D97,0x9DB8,0x9DB8,0x9D97,0x9D98,0x9D98,0x9D98,0x9D97,0x9D97,0x9D98,0x9DB8,0x9D98,0x9DB8,0x9DB8,0x9DB8,
    0xA5B8,0x9DB8,0x9D97,0x9D97,0x9D77,0x9D77,0x9577,0x9577,0x9577,0x9557,0x9557,0x9556,0x9556,0x9556,0x9576,0x9577,
    0x9577,0x9577,0x9577,0x9577,0x9D97,0x9D98,0x9D97,0x9D97,0x9D98,0x9D98,0x9DB8,0x9DB8,0x9DB8,0x9DB8,0xA5D8,0xA5D8,
    0xA5D8,0x9DB8,0x9DB8,0x9DB8,0x9DB8,0xA5B8,0x9DB8,0xA5B8,0x9DB8,0x9DB8,0x9DB8,0xA5B8,0xA5D8,0xA5D8,0xA5B8,0x9DB8,
    0x9DB8,0x9DB8,0x9DB8,0x9DB7,0x9DB7,0xA5B8,0xA5B8,0xA5B8,0x9D97,0x9D97,0x9D97,0x9D97,0x9D97,0x9D97,0x9D97,0x9D97,
    0x9D77,0x9D97,0x9D97,0x9DB8,0xA5B8,0xA5D8,0xA5B8,0xA5D8,0xA5D9,0xA5D9,0xA5D8,0xA5D8,0xA5B8,0x9D97,0x9D97,0x9D97,
    0x9D97,0x9DB8,0xA5B8,0x9DB8,0x9DB7,0x9D97,0x9DB7,0x9DB8,0xA5B8,0xA5D8,0xA5D8,0x9DB8,0x9DB7,0x9D97,0x9D97,0x9D97,
    0x9D96,0x9DB7,0xA5D7,0xA5D8,0xA5D8,0xA5F8,0xA5F8,0xA5F8,0xA5D8,0xA5D8,0xA5D8,0xA5B8,0x9DB8,0x9DB8,0xA5B8,0xA5D8,
    0xA5F9,0xA5F9,0xA5D8,0xA5F8,0xA5F8,0xA5F9,0xA5F9,0xA5F8,0xA5D8,0xA5D8,0xA5F8,0xA5F9,0xA5D8,0xA5F8,0xA5F8,0xA5F8,
    0xA5F9,0xA5F8,0xA5D8,0xA5D8,0xA5D8,0xA5F8,0xA5F8,0xA5F8,0xADF9,0xAE19,0xAE19,0xADF9,0xADF9,0xA5F8,0xA5D8,0xA5D8,
    0xA5B8,0x9DB8,0x9D97,0x9DB8,0xA5B8,0xA5D8,0xA5F9,0xADF9,0xA5F9,0xA5F9,0xA5F9,0xA5F9,0xA5F8,0xA5F9,0xA5F8,0xA5F9,
    0xA5F9,0xADF9,0xADF9,0xA5F8,0xA5D8,0xA5D8,0x9DB8,0x9DB8,0xA5B8,0xA5B8,0x9D97,0x9D97,0x9DB7,0x9DB8,0xA5B8,0xA5D8,
    0xA5D8,0xADF9,0xAE19,0xADF9,0xA5F8,0xA5F8,0xA5F9,0xA5F9,0xADF9,0xADF9,0xA5F9,0xADF9,0xADF9,0xADF9,0xAE19,0xADF9,
    0xADF9,0xADF9,0xA5D8,0xA5D8,0xA5F8,0xA5F9,0xADF9,0xA5F8,0xA5F8,0xA5D8,0xA5D8,0xA5D8,0xA5D8,0xA5D8,0xA5D8,0xA5D8,
    0xA5D8,0xA5F8,0xA5F9,0xADF9,0xADF9,0xAE19,0xAE19,0xAE19,0xADF9,0xA5D8,0xA5D8,0xA5B8,0x9DB8,0xA5B8,0xA5D8,0xA5D8,
    0xA5F9,0xADF9,0xAE19,0xADF9,0xADF9,0xADF9,0xADF9,0xADF9,0xADF8,0xA5D8,0xA5D8,0xADF9,0xADF9,0xADF9,0xADF9,0xADF9,
    0xADF9,0xADF9,0xADF9,0xADF9,0xADF9,0xADF8,0xADF8,0xADF8,0xADF9,0xADF9,0xAE19,0xADF9,0xADF9,0xADF9,0xAE19,0xAE19,
    0xAE19,0xAE19,0xAE19,0xAE19,0xA5F9,0xADF9,0xAE19,0xAE19,0xADF9,0xA5F8,0xA5F9,0xADF9,0xADF9,0xADF9,0xADF9,0xAE19,
    0xAE19,0xAE19,0xAE19,0xAE19,0xAE19,0xAE19,0xAE19,0xAE19,0xAE19,0xAE19,0xA5F9,0xAE19,0xA5F8,0xA5F8,0xADF8,0xADF8,
    0xA5F8,0xA5D8,0xA5D8,0xA5F8,0xA5F8,0xA5F8,0xA5F8,0xA5F9,0xADF9,0xADF9,0xADF9,0xADF9,0xADF9,0xADF9,0xADF9,0xADF8,
    0xADF8,0xA5D8,0xA5D8,0xA5B8,0xA5D8,0xA5D8,0xA5D8,0xADF9,0xADF9,0xADF8,0xADF8,0xA5D8,0xA5D8,0xA5D8,0xADF8,0xADF8,
    0xA5D8,0xA5D8,0xA5D8,0xA5D8,0xA5D8,0xADD8,0xB617,0xA513,0x736B,0x83AC,0x8BEC,0x8BCC,0x944F,0xBD94,0xCE37,0xEF3B,
    0xF75C,0xAD12,0x8C0F,0x6B0A,0x4A05,0x6AE9,0x6288,0x6AE9,0x7B4A,0x944E,0xB552,0xEF18,0xE6D8,0xD635,0xD615,0xE6B7,
    0xE6B7,0xEEF8,0xFF59,0xEED8,0xB531,0x5A45,0x6266,0xACAF,0xAC8E,0xAC8E,0xC551,0xCDD3,0xC5B3,0xC5B4,0xC5F5,0xB5F6,
    0xADD7,0xADD8,0xA5F8,0xA5F9,0xA5F9,0xA5F9,0xA619,0xAE19,0xAE19,0xAE19,0xADF9,0xA5F9,0xA5F8,0xA5D8,0xA5D8,0xA5D8,
    0xA5F8,0xA5F8,0xA5F9,0xA5F9,0xA5D8,0xA5D8,0xA5D8,0xA5B8,0xA5D8,0xA5D8,0xA5F9,0xA5F9,0xA5D8,0xA5D8,0xA5D8,0xA5D8,
    0x9DB8,0x9DB7,0xA5D8,0xA5F8,0xA5D8,0xA5D8,0xA5D8,0xA5D8,0xA5D8,0xA5D8,0xA5D8,0xA5D8,0xA5B8,0x9DB8,0xA5B8,0xA5B8,
    0xA5B8,0xA5B8,0xA5D8,0xA5D8,0xA5D8,0xA5D8,0xA5D8,0xA5D8,0xA5D8,0xA5D9,0xA5D8,0xA5B8,0xA5B8,0xA5D8,0xA5D8,0xA5D8,
    0x9D97,0x9D97,0x9D97,0x9D97,0x9D97,0x9D97,0x9D97,0x9D97,0x9D98,0x9DB8,0x9DB8,0x9D97,0x9D97,0x9D97,0x9D97,0x9D98,
    0x9DB8,0xA5B8,0x9DB8,0xA5B8,0xA5B8,0x9DB8,0x9D97,0x9D97,0x9D97,0x9D97,0x9D97,0x9DB7,0x9D97,0x9D97,0x9D97,0x9D97,
    0x9D97,0x9D97,0x9D97,0x9DB7,0x9D97,0x9D97,0x9D77,0x9577,0x9577,0x9D77,0x9D97,0x9DB8,0x9DB8,0x9DB8,0xA5B8,0xA5B8,
    0x9DB7,0x9D97,0x9D97,0x9D97,0x9DB7,0x9DB7,0x9D97,0x9D98,0x9D97,0x9D97,0x9D77,0x9D97,0xA5B8,0xA5B8,0xA5D8,0xA5D8,
    0xA5D8,0xA5D8,0xA5D8,0xA5F8,0xA5F8,0xA5D8,0xA5F8,0xA5F8,0xA5D8,0xA5D8,0xA5D8,0xA5D8,0xA5B8,0xA5B8,0xA5B8,0x9DB8,
    0x9D97,0x9D97,0x9D97,0x9D97,0x9DB8,0x9DB8,0x9DB8,0x9DB8,0xA5D9,0xA5D8,0xA5D8,0xA5F9,0xA5F9,0xA5D8,0xA5D8,0xA5B8,
    0x9DB7,0x9D97,0x9D97,0x9D97,0x9D97,0x9D97,0x9D77,0x9D77,0x9D97,0x9D97,0x9D97,0x9DB7,0x9DB8,0x9DB8,0xA5B8,0x9DB7,
    0x9DB7,0x9D97,0x9D96,0x9D96,0x9D96,0x9DB7,0xA5B7,0xA5D8,0xA5F8,0xA5F8,0xA5D8,0xA5D8,0xA5D8,0xA5B8,0xA5B8,0xA5D8,
    0xA5D8,0xA5D8,0xA5D8,0xA5D8,0xA5D8,0xA5D8,0xA5F8,0xA5D8,0xA5B8,0x9DB8,0xA5B8,0xA5D8,0xA5D8,0xA5D8,0xA5D8,0xA5D8,
    0xA5D8,0xA5D8,0xA5D8,0xA5D8,0xA5D8,0xA5D7,0x9DB7,0x9DB7,0xA5F8,0xADF8,0xA5F8,0xAE19,0xAE19,0xAE18,0xAE19,0xADF9,
    0xA5F9,0xA5D8,0xA5D8,0xA5B8,0x9DB8,0x9DB8,0x9DB7,0xA5B8,0xA5D8,0xA5F8,0xA5F9,0xA5F8,0xA5D8,0xA5F9,0xADF9,0xADF9,
    0xA5F9,0xA5D8,0xA5D8,0xA5F8,0xADF9,0xAE19,0xAE19,0xADF9,0xADF9,0xA5F9,0xA5F8,0xA5D8,0xA5D8,0xA5D8,0xA5B8,0xA5D8,
    0xA5D8,0xA5D8,0xA5D8,0xA5D8,0xADF9,0xADF9,0xADF9,0xADF9,0xAE19,0xAE19,0xADF9,0xADF9,0xADF9,0xAE19,0xADF9,0xADF9,
    0xADF9,0xA5F8,0xA5F9,0xA5F8,0xA5F8,0xA5F9,0xADF9,0xAE19,0xAE19,0xAE19,0xAE19,0xAE19,0xAE19,0xAE19,0xA5F8,0xA5F8,
    0xA5D8,0xA5F8,0xADF9,0xADF9,0xADF9,0xADF9,0xAE19,0xAE19,0xADF9,0xADF9,0xADF9,0xADF9,0xADF9,0xAE19,0xADF9,0xA5F9,
    0xA5D8,0xADF9,0xAE19,0xAE19,0xAE19,0xAE19,0xAE19,0xAE19,0xADF9,0xADF8,0xADF9,0xADF9,0xAE19,0xADF9,0xAE19,0xADF9,
    0xADF9,0xAE19,0xAE19,0xAE19,0xAE19,0xADF9,0xADF9,0xADF8,0xA5D8,0xA5D8,0xA5D8,0xA5D8,0xA5D8,0xA5D8,0xADF8,0xADF9,
    0xA5F8,0xA5D8,0xA5D8,0xA5D8,0xA5D8,0xA5D8,0xADF9,0xAE19,0xAE19,0xAE19,0xA5F9,0xA5D8,0xA5D8,0xA5D8,0xA5D8,0xA5D8,
    0xA5D8,0xA5F8,0xA5F9,0xAE19,0xAE19,0xAE19,0xAE19,0xAE19,0xAE19,0xAE19,0xAE19,0xA5F8,0xA5F8,0xADF8,0xAE19,0xAE19,
    0xAE19,0xAE19,0xAE19,0xAE19,0xAE19,0xAE19,0xADF9,0xADF9,0xA5F9,0xAE19,0xAE19,0xAE19,0xAE19,0xAE19,0xADF9,0xADF9,
    0xAE19,0xAE19,0xADF9,0xADF9,0xADF9,0xADF8,0xADF8,0xA5D8,0xA5D8,0xADF9,0xADF9,0xADF9,0xAE19,0xADF9,0xADF9,0xADF8,
    0xA5D8,0xA5F9,0xA5F9,0xADF8,0xADD8,0xB5D7,0xAD75,0x7B8C,0x7B8B,0x83AB,0x7B6A,0x83AB,0xA48F,0xBD94,0xDEB8,0xEF3B,
    0xEF1A,0xB554,0x8C0E,0x732A,0x62A8,0x5226,0x4183,0x6288,0x942E,0xBD52,0xE6B8,0xF77A,0xFFDC,0xFFDC,0xE6B7,0xCDD4,
    0xDE76,0xE6B7,0xDE76,0xF739,0xFF5A,0xDE55,0x93EC,0x72E8,0x9C0C,0xA44D,0xAC4D,0xAC8E,0xC551,0xCD92,0xBD52,0xBDB5,
    0xB618,0xADD7,0xA5D8,0x9DD8,0x9DF9,0x9DF9,0xA5F9,0xA5F9,0xADF9,0xAE19,0xAE19,0xAE19,0xADF9,0xA5F8,0xA5D8,0xA5D8,
    0xA5D8,0xA5D8,0xADF9,0xADF9,0xA5F9,0xA5F9,0xA5F9,0xA5D8,0xA5D8,0xA5D9,0xA5D8,0xA5F9,0xADF9,0xADF9,0xADF9,0xA5F9,
    0xA5F9,0xA5F8,0xADF9,0xA5F9,0xA5D8,0xA5F9,0xA5F9,0xA5F9,0xA5F9,0xA5F9,0xA5D8,0xA5D8,0xA5B8,0xA5B8,0x9DB8,0x9D97,
    0x9D97,0x9D97,0x9DB8,0x9DB8,0x9DB8,0x9DB8,0x9DB8,0x9D98,0x9D97,0x9DB8,0x9DB8,0x9D98,0x9DB8,0xA5B8,0xA5B8,0x9DB8,
    0x9DB8,0x9DB8,0x9D97,0x9D97,0x9557,0x9556,0x9536,0x9556,0x9556,0x9577,0x9D97,0x9D98,0x9DB8,0x9D77,0x9D77,0x9D77,
    0x9D77,0x9D97,0x9D98,0x9D98,0x9D98,0x9DB8,0x9DB8,0x9DB8,0x9D98,0x9DB8,0xA5B8,0x9DB8,0x9D97,0x9D97,0x9D97,0x9D97,
    0x9DB8,0x9DB8,0xA5B8,0xA5D8,0xA5D8,0xA5D8,0xA5B8,0xA5B8,0xA5B8,0x9DB8,0x9DB8,0x9D98,0xA5B8,0xA5B8,0x9DB8,0x9DB7,
    0x9D97,0xA5B8,0xA5B8,0xA5B8,0xA5B8,0xA5B8,0xA5B8,0xA5D8,0xA5D8,0x9DB8,0x9D97,0x9D97,0x9D97,0x9D97,0x9D97,0x9D98,
    0x9DB8,0x9DB8,0xA5B8,0xA5B8,0xA5B8,0xA5D8,0xA5D8,0xA5D8,0xA5D8,0xA5D8,0xA5D8,0xA5D8,0xA5D8,0xA5F8,0xA5F8,0xA5D8,
    0xA5F9,0xA5F9,0xA5D8,0xA5D8,0xA5D9,0xA5F9,0xA5D9,0xA5D8,0xA5D8,0xA5B8,0x9DB8,0xA5B8,0xA5D8,0xA5D8,0xA5D8,0xA5D8,
    0xA5D8,0xA5D8,0xA5D8,0xA5D8,0xA5D8,0xA5D8,0x9DB8,0x9DB8,0x9DB7,0x9D97,0x9D97,0x9DB7,0x9DB7,0x9DB8,0xA5B8,0xA5D8,
    0xA5D7,0xA5D7,0xA5D7,0xA5D7,0xA5D7,0x9DB7,0x9DB7,0xA5D7,0xA5D8,0xA5F8,0xA5D8,0xA5F8,0xA5F9,0xA5F8,0xA5F8,0xA5F9,
    0xADF9,0xADF9,0xADF9,0xA5F9,0xA5F8,0xA5F9,0xADF9,0xA5F9,0xA5D8,0x9DB8,0x9D97,0x9DB7,0xA5D8,0xA5D8,0xA5D8,0xA5D8,
    0xA5B8,0xA5B8,0xA5D8,0xA5F8,0xA5F8,0xA5D8,0xA5B7,0x9DB7,0x9DB7,0xA5B7,0xA5D8,0xA5D8,0xA5D8,0xA5D8,0xA5D8,0xA5F8,
    0xADF9,0xADF9,0xA5F9,0xA5F8,0xA5D8,0xA5B8,0xA5B8,0xA5B8,0xA5B8,0xA5D8,0xA5D8,0xA5F8,0xADF9,0xADF9,0xADF9,0xADF9,
    0xADF9,0xA5F8,0xA5D8,0xA5D8,0xA5D8,0xADF9,0xADF9,0xADF9,0xAE19,0xADF9,0xAE19,0xAE19,0xAE19,0xADF9,0xADF9,0xADF9,
    0xADF9,0xA5F8,0xA5D8,0xA5D8,0xA5D8,0xA5D8,0xA5D8,0xA5D8,0xA5D8,0xA5D8,0xA5D8,0xA5F8,0xADF9,0xADF9,0xADF9,0xADF9,
    0xADF9,0xADF9,0xAE19,0xAE19,0xAE19,0xADF9,0xADF9,0xA5F8,0xA5F8,0xA5F8,0xADF8,0xAE19,0xAE19,0xAE19,0xAE19,0xAE19,
    0xA5F8,0xADF9,0xADF9,0xADF9,0xA5F8,0xA5F9,0xADF9,0xADF9,0xA5F9,0xADF9,0xADF9,0xADF9,0xADF9,0xADF9,0xADF9,0xAE19,
    0xAE19,0xAE19,0xADF9,0xADF9,0xADF9,0xADF9,0xADF9,0xAE19,0xAE19,0xAE19,0xAE19,0xAE19,0xADF8,0xA5D8,0xADF9,0xAE19,
    0xAE19,0xADF9,0xADF9,0xADF9,0xADF9,0xADF9,0xAE19,0xAE19,0xAE19,0xADF9,0xADF9,0xA5D8,0xA5D8,0xA5D8,0xA5D8,0xADF8,
    0xADF9,0xADF9,0xADF8,0xA5D8,0xA5D8,0xA5D8,0xA5D8,0xA5D8,0xA5F8,0xA5F9,0xA5F9,0xA5F9,0xA5F9,0xA5F9,0xA5F8,0xA5D8,
    0xA5D8,0xA5D8,0xA5F8,0xADF9,0xADF9,0xADF9,0xA5F8,0xA5F8,0xA5F8,0xA5F8,0xA5F8,0xA5F8,0xAE19,0xAE19,0xA5F8,0xA5F8,
    0xADF8,0xAE19,0xAE19,0xAE19,0xAE19,0xAE19,0xADF9,0xADF9,0xA5F9,0xAE19,0xAE19,0xAE19,0xAE19,0xAE19,0xAE19,0xAE19,
    0xAE19,0xADF9,0xADF9,0xAE19,0xAE19,0xAE19,0xAE19,0xAE19,0xAE19,0xADF9,0xADF9,0xADF9,0xADF9,0xADF9,0xADF9,0xADF9,
    0xA5F9,0xAE19,0xADF9,0xADF8,0xB5F7,0xB5D6,0x9470,0x732A,0x7B6A,0x72E8,0x838A,0x9C4E,0xACF1,0xAD11,0xBDB4,0xDE98,
    0xF73B,0xD657,0xA4B0,0x8BAC,0x6AC8,0x5A26,0x6287,0x7B2A,0x7B4B,0x7B4A,0x8BED,0xA4F1,0xCE36,0xEF19,0xF75A,0xDE97,
    0xB532,0xCDD3,0xCDF4,0xBD52,0xDE55,0xE696,0xEE96,0xC551,0x8369,0x8349,0xA44C,0xA42C,0x9C0B,0xAC8E,0xBD10,0xB532,
    0xB5B5,0xB5F7,0xADD7,0xA5F9,0xA5F9,0x9DD9,0x9DD8,0xA5B8,0xA5B7,0xA5B8,0xA5D8,0xA5F8,0xA5F8,0xA5F9,0xA5F9,0xA5D8,
    0xA5D8,0xA5B8,0xA5D8,0xA5D8,0xA5D8,0xA5D8,0xA5D8,0xA5D8,0xA5D9,0xA5D9,0xA5D8,0xA5D8,0xA5D8,0xA5F9,0xA5F9,0xA5F8,
    0xA5F8,0xA5F8,0xA5F9,0xA5F9,0xADF9,0xADF9,0xADF9,0xA5F9,0xA5F9,0xA5F9,0xA5F9,0xA5D9,0xA5D9,0xA5F9,0xA5D8,0xA5B8,
    0xA5B8,0x9DB8,0x9D98,0x9D98,0x9D98,0x9D98,0x9D97,0x9DB8,0x9D98,0x9D97,0x9D77,0x9D77,0x9D98,0x9D98,0x9D97,0x9D77,
    0x9D97,0x9D97,0x9D98,0x9D98,0x9D98,0x9D97,0x9D97,0x9D77,0x9577,0x9577,0x9D97,0x9D98,0x9DB8,0x9DB8,0x9DB8,0x9DB8,
    0x9D97,0x9D77,0x9D97,0x9D97,0x9D97,0x9DB8,0x9DB8,0x9DB8,0x9D97,0x9D97,0x9D97,0x9D97,0x9D77,0x9556,0x9556,0x9556,
    0x9D77,0x9D77,0x9D77,0x9D77,0x9D97,0x9D97,0x9D97,0x9D97,0x9D97,0x9D97,0xA5B8,0xA5B8,0xA5B8,0xA5B8,0xA5B7,0xA5B7,
    0xA5D8,0xA5D8,0xA5D8,0xA5D8,0xA5D8,0xA5D8,0xA5F8,0xADF9,0xADF9,0xA5F9,0xA5D9,0xA5D8,0xA5D8,0xA5D8,0xA5D8,0xA5D8,
    0xA5D8,0x9DB8,0x9D97,0x9D97,0x9D97,0x9DB8,0xA5B8,0xA5D8,0xA5D8,0xA5D8,0xA5D8,0xA5B8,0xA5B8,0xA5D8,0xA5D8,0xA5D8,
    0xA5B8,0xA5D8,0xA5F8,0xA5F9,0xA5D8,0xA5B8,0xA5B8,0xA5D8,0xA5D8,0xA5D8,0xA5B8,0x9D97,0x9D97,0xA5B8,0x9D97,0x9D97,
    0x9DB7,0xA5B8,0xA5D8,0xA5D8,0xA5F8,0xA5F9,0xA5F8,0xA5F8,0xA5D8,0xA5D8,0xA5D8,0xA5F8,0xA5F8,0xA5D8,0xA5D8,0xA5F8,
    0xA5F8,0xA5F8,0xA5F8,0xA5D8,0xA5F8,0xA5F8,0xA5D8,0xA5B8,0x9D97,0x9DB7,0x9DB7,0xA5D8,0xA5D8,0xA5F8,0xADF8,0xAE19,
    0xAE18,0xA5F8,0xA5D8,0xA5D8,0xA5D8,0xA5F9,0xADF9,0xADF9,0xAE19,0xADF9,0xA5F8,0xA5D8,0xA5F9,0xA5F8,0xA5F8,0xA5F8,
    0xA5D8,0xA5B8,0x9DB7,0x9DB7,0xA5B8,0xA5D8,0xA5D8,0xA5F8,0xA5F8,0xA5F8,0xA5F8,0xA5D8,0xA5D8,0xA5D7,0xA5D8,0xA5D8,
    0xA5F8,0xA5F9,0xA5F9,0xA5F8,0xA5D8,0xA5D8,0xA5F8,0xA5F8,0xA5D8,0xA5D8,0xA5D8,0xA5D8,0xA5B8,0xA5D8,0xA5F8,0xADF9,
    0xADF9,0xAE19,0xADF9,0xADF9,0xA5F9,0xADF9,0xADF9,0xAE19,0xAE19,0xADF9,0xA5F8,0xA5F8,0xA5F9,0xA5F9,0xADF9,0xAE19,
    0xAE19,0xAE19,0xAE19,0xAE19,0xADF9,0xADF9,0xADF9,0xADF9,0xA5F9,0xA5D8,0xA5D8,0xA5F8,0xA5F9,0xADF9,0xADF9,0xADF9,
    0xA5F9,0xADF9,0xAE19,0xAE19,0xAE19,0xAE19,0xAE19,0xAE19,0xADF8,0xA5F8,0xA5F8,0xADF8,0xAE19,0xAE19,0xAE19,0xAE19,
    0xAE19,0xADF9,0xADF9,0xA5F8,0xA5F8,0xA5F8,0xA5D8,0xA5D8,0xA5F8,0xADF9,0xADF9,0xADF9,0xADF9,0xADF9,0xA5D8,0xADF9,
    0xAE19,0xAE19,0xADF9,0xADF9,0xADF9,0xADF9,0xA5D8,0xADF8,0xADF9,0xADF9,0xAE19,0xB63A,0xAE19,0xADF9,0xADF9,0xADF9,
    0xADF9,0xAE19,0xADF9,0xADF9,0xA5D8,0xADF8,0xADF9,0xADF9,0xAE19,0xAE19,0xADF9,0xADF9,0xADF9,0xADF8,0xA5D8,0xA5D8,
    0xADF9,0xADF9,0xAE19,0xADF9,0xADF9,0xAE19,0xADF9,0xADF9,0xA5D8,0xA5F8,0xA5F9,0xADF9,0xADF9,0xADF9,0xADF9,0xADF9,
    0xADF9,0xADF9,0xADF9,0xAE19,0xAE19,0xADF9,0xADF9,0xADF9,0xADF9,0xADF9,0xADF9,0xAE39,0xAE19,0xAE19,0xA5F8,0xA5F8,
    0xADF8,0xAE19,0xAE19,0xAE19,0xADF9,0xADF9,0xA5F9,0xA5D8,0xA5D8,0xA5D8,0xA5D8,0xADF9,0xAE19,0xAE19,0xAE19,0xAE19,
    0xAE19,0xAE19,0xAE19,0xAE19,0xAE19,0xAE19,0xAE19,0xAE19,0xAE19,0xAE19,0xAE19,0xAE19,0xAE19,0xAE19,0xADF9,0xADF9,
    0xAE39,0xB65A,0xB639,0xB618,0xBDF7,0xAD54,0x7B8C,0x730A,0x6A87,0x836A,0x9C2D,0x9C2E,0x9C4E,0xB512,0xD657,0xEEF9,
    0xE6B9,0xD616,0xC594,0xA44E,0x832A,0x7AE9,0x72A8,0x5A06,0x4984,0x4984,0x4184,0x5226,0x7B6B,0xB532,0xC5B4,0xC5D4,
    0xCDD4,0xACF0,0xBD51,0xBD31,0xAC8F,0xBD10,0xCD92,0xE655,0xD5D3,0xA46D,0x8B8A,0x9C0C,0xAC6D,0xAC4D,0xB48E,0xACF0,
    0xA4F2,0xB5B6,0xB5F7,0xADF8,0xAE19,0xA619,0xADF9,0xADF8,0xADD8,0xA5B8,0xA5D8,0xA5D8,0xA5D8,0xA5F8,0xADF9,0xA5F9,
    0xA5F8,0xA5F8,0xA5D8,0xA5D8,0xA5D8,0xA5D8,0xA5D8,0xA5D8,0xA5D8,0xA5D8,0xA5D8,0xA5D8,0xA5D8,0xA5F8,0xA5F9,0xA5F9,
    0xA5D8,0xA5D8,0xA5D8,0xA5D8,0xA5D8,0xA5D8,0xA5D8,0xA5D8,0xA5D8,0xA5D8,0xA5D8,0xA5D8,0xA5D8,0xADD9,0xADF9,0xADF9,
    0xADF9,0xA5F9,0xA5F9,0xA5D8,0xA5D8,0xA5D8,0xA5B8,0xA5D8,0xA5D8,0xA5D8,0xA5B8,0xA5D8,0xA5B8,0xA5B8,0x9DB8,0x9DB8,
    0x9D97,0x9D77,0x9D77,0x9D77,0x9D97,0x9D98,0x9DB8,0x9DB8,0x9DB8,0x9DB8,0x9DB8,0x9DB8,0x9D97,0x9D97,0x9D97,0x9D98,
    0x9D97,0x9D77,0x9D97,0x9D77,0x9D77,0x9577,0x9D77,0x9D97,0x9D77,0x9D77,0x9D97,0xA5B8,0xA5B8,0xA5B8,0xA5B7,0x9D97,
    0x9D97,0x9D77,0x9D77,0x9D97,0x9D97,0x9D97,0x9D77,0x9D76,0x9556,0x9D77,0x9D97,0x9D97,0x9D97,0x9D97,0x9D76,0x9D97,
    0x9D97,0x9D97,0x9D97,0x9DB7,0x9DB7,0xA5B7,0xA5F8,0xA5F8,0xA5D9,0xA5D9,0xA5D9,0xA5D9,0xA5D9,0xA5D9,0xA5D9,0xA5D9,
    0xA5D8,0xA5D8,0xA5D8,0xA5D8,0x9DB8,0x9D97,0x9D97,0x9DB8,0xA5B8,0x9DB8,0x9DB8,0x9DB8,0x9DB8,0x9DB8,0x9D97,0x9D97,
    0x9D77,0x9D97,0x9DB7,0xA5B8,0xA5B8,0x9DB8,0x9DB8,0xA5B8,0xA5D8,0xA5D8,0xA5F9,0xA5D8,0xA5D8,0xA5D8,0xA5B8,0x9DB8,
    0xA5D8,0xA5B8,0x9DB7,0xA5B8,0xA5D8,0xA5D8,0xA5F8,0xA5F8,0xA5F9,0xA5F9,0xA5F9,0xA5F8,0xA5D8,0xA5D8,0xA5B8,0xA5D8,
    0xA5F9,0xA5D8,0xA5D8,0xA5D8,0xA5D8,0xA5F9,0xADF9,0xA5D8,0xA5B8,0xA5D8,0xA5D8,0xA5D8,0xA5D8,0xA5B7,0xA5B7,0xA5D8,
    0xA5D8,0xA5D8,0xA5B8,0xA5B8,0xA5D8,0xA5D8,0xA5D8,0xA5D8,0xA5F8,0xA5F9,0xA5F9,0xA5D8,0xA5F8,0xADF9,0xADF9,0xAE19,
    0xADF9,0xADF9,0xADF9,0xA5D8,0xA5D8,0x9DB7,0xA5D7,0xA5D8,0xA5D8,0xA5D8,0xA5F8,0xA5F8,0xA5F8,0xA5F8,0xA5F8,0xA5D8,
    0xA5F8,0xA5F9,0xADF9,0xADF9,0xA5F9,0xA5D8,0xA5D8,0xA5D8,0xA5D8,0xA5D8,0xA5D8,0xA5D8,0xA5F8,0xADF9,0xADF9,0xADF9,
    0xADF9,0xA5F9,0xADF9,0xADF9,0xADF9,0xADF9,0xADF9,0xAE19,0xAE19,0xAE19,0xAE19,0xADF9,0xA5F9,0xA5D8,0xA5D8,0xA5F9,
    0xA5F9,0xADF9,0xADF9,0xADF9,0xAE19,0xAE19,0xAE19,0xAE19,0xAE19,0xADF9,0xADF9,0xADF9,0xADF9,0xAE19,0xAE19,0xA5F9,
    0xA5F9,0xADF9,0xAE19,0xAE19,0xAE19,0xAE19,0xAE19,0xAE19,0xAE19,0xADF8,0xA5F8,0xA5F8,0xA5F8,0xA5F8,0xA5F8,0xA5F8,
    0xADF9,0xADF9,0xAE19,0xAE19,0xAE19,0xAE19,0xADF9,0xADF9,0xAE19,0xAE19,0xAE19,0xAE19,0xAE19,0xAE19,0xAE19,0xADF9,
    0xADF9,0xAE19,0xAE19,0xAE19,0xAE19,0xAE19,0xADF9,0xADF8,0xA5D8,0xADF8,0xADF9,0xAE19,0xB639,0xAE19,0xADF9,0xADF8,
    0xA5D8,0xAE19,0xAE19,0xAE19,0xAE19,0xAE19,0xADF9,0xADF9,0xADF8,0xA5D8,0xA5D8,0xADF9,0xADF9,0xADF9,0xADF8,0xADD8,
    0xADF9,0xADF9,0xADF9,0xADF9,0xADF9,0xB619,0xB619,0xAE19,0xAE19,0xAE19,0xAE19,0xADF9,0xADF9,0xADF9,0xADF9,0xADF9,
    0xADF9,0xADF9,0xADF8,0xA5D8,0xA5D8,0xA5D8,0xADF8,0xADF8,0xADF8,0xA5D8,0xA5D8,0xAE19,0xAE19,0xAE19,0xAE19,0xAE19,
    0xADF8,0xADF8,0xAE19,0xAE19,0xAE19,0xADF9,0xADF9,0xA5F9,0xA5F8,0xA5F8,0xA5F8,0xA5F9,0xA5F8,0xADF9,0xAE19,0xAE19,
    0xAE19,0xAE19,0xAE19,0xAE19,0xAE19,0xAE19,0xAE19,0xAE19,0xAE19,0xAE19,0xAE19,0xAE19,0xADF9,0xADF9,0xADF9,0xADF9,
    0xA5F8,0xADF8,0xADD8,0xB5F7,0xB595,0x8C2F,0x6B0A,0x7B2A,0x838A,0x8BAB,0x8BAC,0x8BCC,0x9C4F,0xB532,0xCDB4,0xDE57,
    0xEEB8,0xE657,0xD5D5,0xBCD0,0x9B8B,0x8B0A,0x7AA8,0x61C5,0x5184,0x4964,0x3902,0x3103,0x41A4,0x83CC,0xDE57,0xDE56,
    0xBD73,0xBD31,0xBD11,0xAC8E,0xA44D,0xAC8E,0xA46E,0xB4CF,0xCD92,0xC551,0xBD31,0x9C2C,0x93CB,0x9C0C,0x9BEC,0x9C2D,
    0xA4B0,0xA512,0xB5D7,0xADD7,0xA5D8,0xA5F9,0xADF8,0xADF8,0xADF8,0xA5F9,0xA5F9,0xA5F8,0xA5F8,0xA5D8,0xA5D8,0xA5D8,
    0xA5D8,0xA5D8,0xA5F9,0xADF9,0xADF9,0xADF9,0xADF9,0xAE19,0xADF9,0xA5F9,0xA5D8,0xA5D8,0xA5D8,0xA5D8,0xA5F8,0xA5D8,
    0xA5D8,0xA5D8,0xA5F8,0xA5F8,0xA5D8,0xA5B8,0xA5B8,0xA5B8,0xA5D8,0xA5B8,0xA5B8,0xA5B8,0xA5B8,0xA5D8,0xA5D8,0xA5D9,
    0xA5D9,0xADF9,0xADF9,0xA5F9,0xA5F9,0xA5D9,0xA5D8,0xA5D8,0xA5D8,0xA5D8,0xA5B8,0xA5B8,0x9DB8,0x9DB8,0xA5B8,0xA5D8,
    0x9DB8,0x9D98,0x9D98,0x9D97,0x9D77,0x9D77,0x9D77,0x9D97,0x9D97,0x9D98,0x9DB8,0xA5B8,0x9DB8,0x9D98,0x9D97,0x9D97,
    0x9D77,0x9D97,0x9D97,0x9D97,0x9D77,0x9D77,0x9D97,0x9D97,0x9D97,0x9D97,0x9D98,0xA5B8,0xA5B8,0xA5D8,0xA5D8,0xA5B8,
    0xA5B8,0xA5B8,0xA5B8,0xA5B8,0xA5B8,0xA5B8,0xA5B7,0x9D97,0x9D97,0x9D97,0x9D97,0x9D77,0x9D97,0x9D97,0x9D97,0x9D97,
    0x9D97,0x9D76,0x9576,0x9556,0x9556,0x9576,0x9576,0x9D77,0x9D97,0x9D97,0x9DB8,0x9DB8,0x9DB8,0xA5B8,0xA5D8,0xA5D9,
    0xA5D8,0xA5D8,0xA5D8,0xA5D8,0xA5D8,0xA5D8,0xA5D8,0xA5D8,0xA5D8,0xA5B8,0xA5D8,0xA5D8,0xA5D8,0xA5B8,0x9DB7,0x9DB7,
    0x9DB8,0x9DB8,0x9DB8,0x9DB8,0xA5B8,0xA5D8,0xA5D8,0xA5D8,0xA5B8,0xA5B8,0xA5D8,0xA5D9,0xA5D8,0xA5D8,0xA5D8,0xA5D8,
    0xA5F9,0xA5F9,0xA5D8,0xA5D8,0xA5D8,0xA5D8,0xA5D8,0xA5D8,0xA5D8,0xA5F8,0xA5F8,0xADF9,0xA5F8,0xA5D8,0xA5B8,0xA5B8,
    0xA5D8,0xA5D8,0xA5F9,0xA5F9,0xA5F9,0xADF9,0xADF9,0xADF9,0xA5F9,0xAE18,0xAE18,0xA5F8,0xA5F8,0xA5F8,0xA5D7,0xA5D7,
    0xA5D8,0xAE19,0xADF9,0xA5F8,0xA5F9,0xA5D8,0xA5D8,0xA5F8,0xA5F8,0xA5F8,0xADF9,0xADF9,0xA5D8,0xA5F8,0xA5F8,0xA5F9,
    0xADF9,0xADF9,0xADF9,0xAE19,0xAE19,0xAE18,0xA5F8,0xA5D8,0xA5F8,0xA5F8,0xA5D7,0xA5D7,0xA5D7,0xA5D7,0xA5F8,0xA5D8,
    0xA5D8,0xA5F8,0xADF9,0xADF9,0xADF9,0xA5F9,0xA5F9,0xADF9,0xADF9,0xADF9,0xA5F9,0xA5D8,0xA5D8,0xA5D8,0xA5F8,0xA5F8,
    0xA5D8,0xA5D8,0xA5D8,0xA5D8,0xA5D8,0xA5B8,0xA5D8,0xA5D8,0xA5D8,0xADF9,0xAE19,0xAE19,0xAE19,0xADF9,0xADF9,0xA5F8,
    0xA5D8,0xA5F8,0xA5D8,0xA5D8,0xA5D8,0xA5D8,0xA5F9,0xADF9,0xA5F9,0xA5D8,0xADF9,0xADF9,0xA5F9,0xA5F9,0xA5D8,0xA5B8,
    0xA5B8,0xA5D8,0xADF9,0xAE19,0xAE19,0xAE19,0xADF9,0xADF8,0xAE19,0xAE19,0xAE19,0xADF8,0xA5F8,0xA5F8,0xA5F8,0xA5F8,
    0xA5F8,0xA5D8,0xA5F9,0xAE19,0xAE19,0xAE19,0xAE19,0xAE19,0xAE19,0xAE19,0xAE19,0xAE19,0xAE19,0xAE19,0xAE19,0xAE19,
    0xAE19,0xA5F9,0xA5F9,0xADF9,0xAE19,0xAE19,0xAE19,0xAE19,0xAE19,0xADF9,0xADF9,0xAE19,0xADF9,0xADF9,0xAE19,0xAE19,
    0xAE19,0xAE19,0xAE19,0xAE19,0xAE19,0xAE19,0xAE19,0xAE19,0xAE19,0xAE19,0xAE19,0xADF9,0xADF9,0xADF9,0xADF9,0xADF9,
    0xAE19,0xAE19,0xADF9,0xADF9,0xADF9,0xADF9,0xADF9,0xADF9,0xADF9,0xADF9,0xADF9,0xADF9,0xADF9,0xADF9,0xAE19,0xAE19,
    0xAE19,0xAE19,0xADF8,0xADF8,0xA5D8,0xADF8,0xADF8,0xA5D8,0xA5D8,0xA5B7,0xA5B7,0x9DB7,0xA5D8,0xA5D8,0xA5F8,0xA5F8,
    0xA5D8,0xA5D8,0xA5D8,0xA5F8,0xADF9,0xADF9,0xAE19,0xAE19,0xAE19,0xAE19,0xAE19,0xADF9,0xADF9,0xADF9,0xADF9,0xADF9,
    0xA5D8,0xA5D8,0xA5D8,0xA5D8,0xADF8,0xADF8,0xA5D8,0xADF9,0xAE19,0xAE19,0xAE19,0xAE19,0xAE19,0xAE19,0xADF9,0xADF9,
    0xADF8,0xADF8,0xADD7,0xADB6,0xA4F2,0x8C0E,0x8BCD,0x83AB,0x838B,0x8B8B,0x8BAB,0x8BAC,0x940D,0xA46F,0xACB0,0xBD32,
    0xD5F5,0xDDF5,0xCD52,0xC4D0,0xA3AC,0x930A,0x82A9,0x6A06,0x61E6,0x59C6,0x4985,0x4165,0x3944,0x3963,0x6AE9,0xCDB4,
    0xF6F9,0xBD52,0x9C0D,0xB4AF,0xAC8E,0x9BEC,0x9C0C,0xACAE,0xB4CF,0xB4CF,0xB4F0,0xACAF,0x9C2D,0x9C0C,0x93EC,0x8BAB,
    0x940D,0xA4D1,0xB5B5,0xADF7,0xA5D8,0xA5D8,0xA5D8,0xADD7,0xADD7,0xA5D8,0xA5B8,0xA5D8,0xA5D8,0xA5D8,0xA5F8,0xA5D8,
    0xA5D8,0xA5D8,0xA5F9,0xA5F9,0xA5F9,0xA5F9,0xA5F9,0xA5F9,0xA5F9,0xA5F9,0xA5F9,0xA5D8,0xA5D8,0xA5D8,0xA5D8,0xA5B8,
    0xA5D8,0xA5D8,0xA5D8,0xA5F8,0xA5F8,0xA5D8,0xA5D8,0xA5D8,0xA5D9,0xA5D9,0xA5D9,0xA5D8,0xA5D9,0xADD9,0xADF9,0xA5F9,
    0xA5D9,0xA5D8,0xA5D8,0xA5D8,0xA5D8,0xA5D9,0xA5F9,0xA5F9,0xA5F9,0xADF9,0xA5F9,0xA5D8,0xA5B8,0x9DB8,0x9DB8,0xA5B8,
    0x9D97,0x9D97,0x9D97,0x9D97,0x9D76,0x9D76,0x9D76,0x9D76,0x9D97,0x9D97,0x9D97,0x9DB7,0xA5B8,0xA5B8,0xA5B8,0xA5B8,
    0xA5B8,0x9DB8,0x9D97,0x9D97,0x9D97,0xA5B8,0xA5B8,0x9D97,0x9D97,0x9D97,0x9D97,0x9D97,0xA5B7,0xA5B8,0xA5D8,0xA5B8,
    0xA5B8,0xA5B8,0xA5B8,0xA5B8,0xA5B8,0xA5B8,0xA5B8,0xA5D8,0xA5D8,0xA5B8,0xA5B8,0xA5B7,0xA5B8,0xA5B8,0xA5D8,0xA5D8,
    0xA5D8,0xA5B7,0xA5B7,0xA5B7,0xA5B7,0x9D97,0x9D76,0x9576,0x9D77,0x9D77,0x9D77,0x9D97,0x9D77,0x9D77,0x9D97,0xA5B8,
    0xA5B8,0xA5B8,0xA5B8,0xA5B8,0xA5D8,0xA5D8,0xA5D8,0xA5D8,0xA5D8,0xA5D8,0xADF8,0xADF9,0xADF9,0xADF8,0xA5D8,0xA5D8,
    0xA5D8,0xA5D8,0xA5D8,0xA5B8,0xA5D8,0xA5D8,0xA5D8,0xA5B8,0xA5D8,0xA5D8,0xA5D8,0xA5D8,0xA5D8,0xA5D8,0xA5D8,0xA5B8,
    0x9DB7,0xA5B8,0xA5B8,0xA5B8,0xA5D8,0xA5D8,0xA5D8,0xA5D8,0xA5D8,0xA5D8,0xA5F8,0xA5F9,0xA5F8,0xA5F9,0xAE19,0xADF9,
    0xA5F9,0xADF9,0xA5F8,0xA5D8,0xADF9,0xADF9,0xA5F9,0xADF9,0xAE19,0xAE19,0xA5D8,0xA5D8,0xA5D8,0xA5D8,0xA5D8,0xA5B7,
    0xA5B7,0xA5B7,0xA5D8,0xA5D8,0xA5F8,0xA5D8,0xA5D8,0xA5B7,0xA5B7,0xA5B8,0xADF9,0xAE19,0xADF9,0xADF9,0xADF9,0xADF9,
    0xAE19,0xAE19,0xADF8,0xA5F8,0xADF8,0xADF8,0xADF8,0xADF8,0xADF8,0xAE19,0xADF8,0xA5F8,0xA5D8,0xA5F8,0xADF8,0xA5F8,
    0xA5D8,0xA5D8,0xA5B8,0xA5D8,0xA5D8,0xA5F8,0xADF9,0xAE19,0xAE19,0xADF9,0xADF9,0xADF9,0xADF9,0xADF9,0xADF9,0xAE19,
    0xAE19,0xADF9,0xADF9,0xAE19,0xADF9,0xA5F8,0xA5F8,0xA5D8,0xA5D8,0xA5D8,0xADF9,0xADF9,0xADF8,0xADF9,0xADF9,0xADF9,
    0xADF9,0xADF9,0xADF9,0xADF9,0xADF8,0xADF9,0xAE19,0xAE19,0xAE19,0xAE19,0xAE19,0xAE19,0xADF9,0xAE19,0xADF9,0xADF8,
    0xADF9,0xADF9,0xADF9,0xADF9,0xADF9,0xADF9,0xADF9,0xADF9,0xADF9,0xADF9,0xAE19,0xADF8,0xADF8,0xADF8,0xA5F8,0xA5F8,
    0xADF8,0xADD8,0xA5D8,0xA5D8,0xA5D8,0xADF8,0xADF9,0xADF9,0xADF9,0xAE19,0xAE19,0xAE19,0xAE19,0xAE19,0xADF8,0xAE19,
    0xAE19,0xADF8,0xADF8,0xADF9,0xADF9,0xADF9,0xADF9,0xAE19,0xAE19,0xADF8,0xA5D8,0xA5D8,0xADF8,0xA5D8,0xADF8,0xADF9,
    0xAE19,0xAE19,0xAE19,0xAE19,0xADF9,0xADF9,0xADF9,0xADF9,0xAE19,0xAE19,0xB63A,0xB639,0xAE19,0xAE19,0xAE19,0xAE19,
    0xAE19,0xAE19,0xAE19,0xAE19,0xAE19,0xADF9,0xADF9,0xADF9,0xA5D8,0xA5D8,0xADF9,0xAE19,0xAE19,0xAE19,0xADF9,0xADF9,
    0xAE19,0xAE19,0xAE19,0xAE19,0xAE19,0xAE19,0xAE19,0xAE19,0xADF8,0xADF8,0xADF8,0xA5D8,0xA5D8,0xA5D8,0xA5D8,0xA5D8,
    0xA5D8,0xA5D8,0xA5D8,0xA5B7,0xA5D8,0xA5D8,0xA5D8,0xA5D8,0xAE19,0xADF8,0xADF8,0xADF9,0xADF9,0xAE19,0xADF9,0xADF9,
    0xADF8,0xADF8,0xADF8,0xADF8,0xA5D8,0xA5D8,0xA5D8,0xA5D8,0xADF8,0xADF8,0xA5D8,0xA5D8,0xADF8,0xAE19,0xAE19,0xAE19,
    0xAE19,0xADF8,0xB5D7,0xAD73,0x83AC,0x7B6A,0x836B,0x836B,0x7B29,0x72E8,0x836B,0x93ED,0x9C0D,0x93CC,0x8B6B,0x832A,
    0x9B8B,0xAC0D,0xC4B0,0xC48F,0xBC0E,0xABAC,0x8AE9,0x7A68,0x69E6,0x61C5,0x5984,0x5184,0x4984,0x4943,0x4143,0x6205,
    0xA42D,0xD5B3,0xBCF0,0x8349,0xA42D,0xC572,0xAC8F,0x8BCB,0xA46E,0xAC8E,0xACAE,0x8BCB,0x8349,0x93CB,0x8B8A,0x93EC,
    0x93CC,0x9C6F,0xA513,0xB5F7,0xB5F8,0xADD8,0xAE18,0xA618,0xA5F8,0xA5D8,0xA5D8,0xA5B8,0xA5B7,0xA5B8,0xA5D8,0xA5D8,
    0xA5D8,0xA5D8,0xA5D8,0xA5D8,0xA5D8,0xADD8,0xADF8,0xA5D8,0xA5D8,0xA5D8,0xA5D8,0xA5D8,0xADF8,0xA5F8,0xA5D8,0xA5D8,
    0xA5D8,0xA5D8,0xA5D8,0xA5B8,0xA5B8,0xA5D8,0xA5D8,0xA5B8,0xA5B8,0xA5D8,0xA5D8,0xA5B8,0xA5B8,0xA5B8,0xA5D8,0xA5D8,
    0xADF8,0xADF8,0xA5D8,0xA5D8,0xA5D8,0xA5D8,0xA5D8,0xA5D8,0xA5B8,0xA5D8,0xA5D8,0xA5D8,0xADF9,0xA5D8,0xA5D8,0xA5D8,
    0x9D76,0x9D76,0x9D76,0x9D96,0x9D96,0x9D76,0x9D76,0x9D76,0x9D76,0x9D77,0x9D77,0x9D77,0x9D97,0x9D97,0xA5B7,0xA5B7,
    0xA5B8,0xA5B8,0xA5B8,0xA5B8,0xA5B8,0xA5B8,0xA5B8,0xA5B8,0xA5B8,0xA5B8,0xA5B8,0xA5B7,0xA5B8,0xA5B8,0xA5B8,0xA5B8,
    0xA5D8,0xA5D8,0xA5D8,0xA5D8,0xA5D8,0xA5D8,0xA5D8,0xA5D8,0xA5D8,0xA5D8,0xA5D8,0xA5D8,0xA5D8,0xA5D8,0xA5D8,0xA5D8,
    0xA5D8,0xA5D8,0xA5D8,0xADD8,0xA5D8,0xA5D8,0x9D97,0xA5B7,0xA5B8,0xA5B7,0xA5B7,0xA5B7,0xA5B7,0xA5B7,0xA5B7,0xA5B7,
    0x9D97,0x9D97,0x9D97,0xA5B7,0xA5B7,0xA5B8,0xA5B7,0xA5B7,0xA5B8,0xA5D8,0xA5D8,0xADF8,0xADF8,0xADF8,0xADD8,0xA5D8,
    0xA5D8,0xA5D8,0xA5D8,0xA5B8,0xA5B7,0xA5B8,0xA5D8,0xA5D8,0xA5D8,0xA5D8,0xA5D8,0xA5D8,0xA5D8,0xA5D8,0xA5D8,0xA5D8,
    0xA5D8,0xA5D8,0xA5B8,0xA5B8,0xA5B8,0xA5D8,0xA5D8,0xA5F8,0xA5F8,0xA5F8,0xA5F8,0xA5D8,0x9DD8,0xA5D8,0xA5F9,0xA5F8,
    0xADF8,0xADF8,0xA5D8,0xA5D8,0xA5D8,0xA5D8,0xA5D8,0xA5B7,0xA5D8,0xADF8,0xADF8,0xA5D8,0xADD8,0xADD8,0xA5D8,0xADD8,
    0xA5D8,0xA5D8,0xA5D8,0xA5D8,0xA5D8,0xADF8,0xADF9,0xADF8,0xA5D8,0xA5D8,0xA5D8,0xA5D8,0xA5B8,0xA5D8,0xA5D8,0xADF8,
    0xADF8,0xADF8,0xADF9,0xAE19,0xAE19,0xADF9,0xADF9,0xADF9,0xADF9,0xAE19,0xB639,0xAE19,0xADF9,0xADF9,0xADF8,0xADF8,
    0xADD8,0xA5D8,0xA5D8,0xADF8,0xADF8,0xADF8,0xADF8,0xADF8,0xADF9,0xADF9,0xADF9,0xADF9,0xAE19,0xAE19,0xADF9,0xADF9,
    0xADF9,0xAE19,0xAE19,0xAE19,0xAE19,0xAE19,0xAE19,0xAE19,0xADF9,0xAE19,0xADF9,0xA5D8,0xA5D8,0xA5D8,0xADF8,0xADF9,
    0xAE19,0xAE19,0xAE19,0xAE19,0xADF8,0xADF8,0xA5D8,0xA5D8,0xA5D8,0xA5D8,0xA5D8,0xADF8,0xADF8,0xADF8,0xADF8,0xADF9,
    0xAE19,0xAE19,0xAE19,0xADF9,0xADF8,0xADF9,0xAE19,0xADF9,0xAE19,0xAE19,0xAE19,0xAE19,0xADF8,0xADF8,0xADF8,0xA5D8,
    0xA5D8,0xA5D8,0xADF8,0xADF8,0xADF8,0xADF8,0xADD8,0xADD8,0xA5D8,0xADF8,0xADF8,0xADF8,0xADF8,0xADF8,0xAE19,0xAE18,
    0xAE18,0xAE19,0xAE19,0xAE19,0xAE19,0xADF9,0xAE19,0xADF8,0xA5D8,0xADF8,0xADF8,0xADF8,0xADF9,0xADF9,0xA5D8,0xA5D8,
    0xADF8,0xADF9,0xADF9,0xADF9,0xADF9,0xAE19,0xAE19,0xAE19,0xADF9,0xADF9,0xADF9,0xADF9,0xADF9,0xADF9,0xADF9,0xADF8,
    0xADF9,0xAE19,0xAE19,0xAE19,0xAE19,0xAE19,0xAE19,0xB639,0xAE19,0xAE19,0xAE19,0xAE19,0xAE19,0xAE19,0xADF9,0xADF8,
    0xADF8,0xADF8,0xAE19,0xAE19,0xAE19,0xAE19,0xAE19,0xAE19,0xAE19,0xAE19,0xAE19,0xADF9,0xAE19,0xAE19,0xAE19,0xAE19,
    0xAE19,0xAE19,0xADF9,0xADF9,0xADF8,0xA5D8,0xA5D8,0xA5D8,0xADF8,0xADF9,0xADF8,0xADF8,0xADF8,0xADF8,0xADF8,0xADF8,
    0xADF8,0xAE19,0xAE19,0xADF9,0xADF8,0xADF8,0xADF8,0xADF8,0xADF8,0xADF8,0xA5D8,0xA5D8,0xA5D8,0xADF8,0xAE19,0xADF8,
    0xA619,0xA5F8,0xB5D6,0xA4D0,0x836A,0x7B4A,0x836B,0x7B2A,0x7B2A,0x8B8B,0x8BAB,0x8B8B,0x834A,0x72A7,0x7267,0x7AA7,
    0x9309,0xABCC,0xC46F,0xBC0E,0xB3AD,0xA36B,0x9B0A,0x932A,0x7A68,0x7247,0x61E5,0x59C5,0x59C5,0x5164,0x5143,0x5162,
    0x6A45,0x93AA,0xBCEF,0xA42D,0x7B08,0x8349,0xBD31,0xBD52,0xA44D,0x9C2C,0xA44D,0xA44C,0x72C7,0x6AA6,0x9BCC,0x938A,
    0x8349,0x836B,0x944F,0xB575,0xB5F8,0xB619,0xAE19,0xA619,0xAE39,0xAE19,0xAE19,0xADF9,0xADF8,0xADF8,0xADF8,0xADF8,
    0xADF8,0xA5D8,0xADD8,0xA5D8,0xA5B8,0xA5B8,0xA5D8,0xA5D8,0xADD8,0xADD8,0xADF8,0xADD8,0xA5D8,0xA5D8,0xA5D8,0xA5D8,
    0xADD8,0xADD8,0xA5D8,0xA5D8,0xA5D8,0xADD8,0xA5D8,0xA5B8,0xA5B8,0xA5B8,0xA5B7,0x9D97,0x9D97,0xA597,0x9D97,0xA597,
    0xA5B8,0xA5D8,0xA5D8,0xADD8,0xA5D8,0xA5D8,0xA5B8,0xA5B8,0xA5B8,0xA5B8,0xA5B8,0xA5B8,0xA5B8,0xA5B8,0xA5B8,0xA5D8,
    0x9535,0x9535,0x9535,0x9535,0x9556,0x9556,0x9556,0x9556,0x9D76,0x9D77,0x9D77,0x9D97,0x9D97,0xA5B7,0x9D97,0x9D97,
    0x9D97,0x9D77,0x9D97,0x9D97,0x9D97,0xA5B8,0xA5B8,0xA5B8,0xA5B8,0xA5B8,0xA5D8,0xA5B8,0xA5B7,0x9D97,0x9D97,0x9D97,
    0x9D97,0x9D97,0xA5B7,0xA5B8,0xA5D8,0xA5D8,0xA5B8,0xA5B8,0xA5B8,0xA5B8,0xA5B8,0xA5B8,0xA5B7,0x9D97,0xA5B7,0xA5B7,
    0xA5B8,0xA5D8,0xA5D8,0xA5D8,0xA5D8,0xA5D8,0xA5D8,0xA5D8,0xA5D8,0xA5D8,0xA5B8,0xA5B8,0xA5B8,0xA5D8,0xA5D8,0xA5D8,
    0xA5B8,0x9D97,0x9D97,0x9D97,0x9D97,0x9D97,0x9D97,0xA5B7,0xA5B7,0xA5B7,0xA5B7,0xA5B7,0xA5B8,0xA5D8,0xA5D8,0xA5B7,
    0x9D97,0xA5B7,0xA5D8,0xADF8,0xADF8,0xA5D8,0xA5D8,0xA5B8,0xA5D8,0xA5D8,0xA5D8,0xA5B8,0xA5B8,0xA5D8,0xA5D8,0xADF9,
    0xADF9,0xADF9,0xA5D8,0xA5D8,0xA5D8,0xA5D8,0xA5D8,0xA5D8,0xA5D8,0xA5D8,0xA5D8,0xA5D8,0xA5B8,0xA5D8,0xA5D8,0xA5D8,
    0xADF8,0xADF8,0xADF8,0xA5D8,0xA5D8,0xADF8,0xADF8,0xA5D8,0xA5D8,0xA5D8,0xA5D8,0xADF8,0xADF9,0xADF9,0xADF9,0xADF8,
    0xADF8,0xADF8,0xADF8,0xADF8,0xADF8,0xADF8,0xADF9,0xAE19,0xADF8,0xADF8,0xADF8,0xADF9,0xADF8,0xA5D8,0xA5D8,0xA5D8,
    0xADF8,0xADF8,0xADF8,0xADF8,0xADF8,0xAE19,0xAE19,0xADF9,0xADF9,0xADF8,0xA5D8,0xADF9,0xAE19,0xAE19,0xADF9,0xADF8,
    0xADF8,0xADF8,0xADF8,0xADF8,0xADF8,0xADF9,0xAE19,0xAE19,0xAE19,0xAE19,0xAE19,0xAE19,0xAE19,0xAE19,0xAE19,0xAE19,
    0xAE19,0xAE19,0xAE19,0xAE19,0xAE19,0xAE19,0xADF9,0xADF9,0xAE19,0xAE19,0xAE19,0xAE19,0xAE19,0xADF9,0xADF9,0xAE19,
    0xAE19,0xAE19,0xAE19,0xAE19,0xAE19,0xAE19,0xADF8,0xA5D8,0xA5D8,0xA5D8,0xA5D8,0xA5D8,0xA5D8,0xA5D8,0xADF8,0xADF8,
    0xADF8,0xADF9,0xAE19,0xADF9,0xADF8,0xADF9,0xAE19,0xADF8,0xAE19,0xAE19,0xAE19,0xAE19,0xAE19,0xAE19,0xADF9,0xADF9,
    0xADF8,0xADF8,0xADF8,0xADF8,0xADF9,0xAE19,0xADF9,0xADF9,0xADF8,0xADF8,0xADF8,0xADF8,0xADF8,0xADF8,0xAE19,0xAE18,
    0xAE18,0xADF8,0xAE18,0xAE19,0xAE19,0xAE19,0xAE19,0xAE19,0xADF9,0xADF9,0xADF8,0xADF8,0xADF9,0xADF9,0xAE19,0xAE19,
    0xB639,0xAE19,0xAE19,0xAE19,0xAE19,0xAE19,0xAE19,0xAE19,0xAE19,0xAE19,0xADF9,0xADF9,0xAE19,0xADF9,0xADF9,0xADF8,
    0xADF8,0xADF8,0xADF8,0xAE19,0xAE19,0xAE19,0xAE19,0xAE19,0xAE19,0xAE19,0xAE19,0xAE19,0xAE19,0xAE19,0xADF9,0xADF8,
    0xADF8,0xADF8,0xADF9,0xAE19,0xAE19,0xB639,0xAE19,0xAE19,0xAE19,0xB639,0xB639,0xAE19,0xAE19,0xAE19,0xADF8,0xA5D8,
    0xADF8,0xADF8,0xADF8,0xADF9,0xADF9,0xAE19,0xAE19,0xAE19,0xAE19,0xAE19,0xAE19,0xAE19,0xADF9,0xADF9,0xADF8,0xADF8,
    0xA5D8,0xA5B8,0xA5D8,0xADF8,0xADF8,0xADF8,0xADF8,0xADF8,0xADF8,0xADF8,0xADF8,0xA5D8,0xA5D8,0xADF8,0xADF8,0xADF8,
    0xA618,0xAE18,0xBDF6,0x9C6F,0x93EC,0x8B8B,0x7B4A,0x6AC8,0x6AA8,0x7B2A,0x7B29,0x6266,0x6246,0x72A8,0x82E8,0x8B09,
    0x9B6B,0xA38B,0xABAC,0xABAC,0xB3ED,0xABAC,0x92EA,0x8AC9,0x82A8,0x7A67,0x6A06,0x61E5,0x61E6,0x61C5,0x59A5,0x5163,
    0x59C3,0x7286,0x93AA,0xAC6D,0x93CB,0x7B08,0x6287,0x9C4D,0xCDD3,0xB4CF,0x9C2C,0xA46D,0x8BAA,0x6225,0x72C7,0x9BCB,
    0x9BEB,0x93EC,0x942E,0xA4F3,0xBDF7,0xBE59,0xB639,0xA618,0xA619,0xADF9,0xADF9,0xADF8,0xADF8,0xADF8,0xADF8,0xADF9,
    0xADF9,0xADF9,0xADF9,0xADF8,0xA5D8,0xA5D8,0xA5D8,0xA5D8,0xA5D8,0xADD8,0xADF8,0xADF8,0xA5D8,0xA5D8,0xA5D8,0xA5D8,
    0xA5D8,0xA5D8,0xADF8,0xADF8,0xADF8,0xADD8,0xADD8,0xADD8,0xADD8,0xADD8,0xA5D8,0xA5B8,0xA5B7,0xA5B7,0xA597,0xA5B7,
    0xA5B7,0xA5B7,0xA5B8,0xA5D8,0xA5D8,0xA5D8,0xA5B8,0xA5B8,0xA5D8,0xA5D8,0xA5D8,0xA5B8,0x9D97,0x9D97,0xA5B8,0xA5D8,
    0x9D97,0x9D96,0x9D97,0x9D97,0x9D96,0x9D97,0x9D97,0x9D96,0x9D76,0x9D77,0x9D77,0x9D97,0xA5B7,0x9D97,0x9D97,0xA5B8,
    0xA5B8,0xA5B8,0x9D97,0x9D76,0x9556,0x9D97,0xA5B8,0xA5B8,0xA5B8,0xA5D8,0xA5D8,0xA5D8,0xA5B8,0xA5B8,0xA5B8,0xA5B8,
    0x9D97,0x9D97,0x9D97,0x9D97,0xA5B7,0xA5B8,0xA5B7,0xA5B8,0xA5D8,0xA5B8,0xA5B8,0xA5B8,0xA5B8,0xA5B8,0x9D97,0x9D97,
    0x9D97,0x9D97,0x9D97,0x9D97,0xA5B7,0xA5B7,0xA5D8,0xA5D8,0xA5D8,0xA5D8,0xA5D8,0xA5D8,0xA5B7,0xA5B8,0xA5D8,0xA5D8,
    0xA5D8,0xA5D8,0xA5B7,0xA5B7,0x9D97,0x9D97,0x9D97,0x9D97,0x9D97,0x9D97,0xA5B7,0x9D97,0xA5B7,0xA5B7,0xA5D8,0xA5D8,
    0xA5B7,0xA5B8,0xA5D8,0xADF8,0xADF8,0xADF8,0xADF8,0xADF8,0xADF8,0xADF8,0xADF8,0xADF8,0xA5D8,0xA5D8,0xA5D8,0xA5D8,
    0xA5D8,0xA5D8,0xA5D8,0xADF8,0xADF8,0xA5D8,0xA5F8,0xA5F8,0xA5F8,0xA5F8,0xA5F9,0xADF9,0xADF9,0xAE19,0xAE19,0xADF9,
    0xAE19,0xADF8,0xA5D8,0xA5D8,0xA5B7,0xA5D8,0xA5D8,0xA5D8,0xA5D8,0xA5D8,0xA5D8,0xA5D8,0xADF8,0xADF8,0xADF8,0xADF8,
    0xA5D8,0xA5D8,0xADF8,0xAE19,0xAE19,0xAE19,0xADF9,0xAE19,0xAE19,0xADF8,0xADF8,0xADF8,0xADF8,0xA5D8,0xA5D8,0xADF8,
    0xADF9,0xADF8,0xA5D8,0xA5D8,0xA5B8,0xADF9,0xADF9,0xADF9,0xADF9,0xADF8,0xA5D8,0xADF8,0xADF8,0xA5D8,0xADF8,0xADF9,
    0xADF9,0xADF8,0xADF8,0xADF9,0xADF8,0xADF8,0xA5D8,0xA5D8,0xA5D8,0xA5D8,0xA5D8,0xA5D8,0xA5B8,0xA5D8,0xADF9,0xAE19,
    0xADF9,0xADF9,0xADF8,0xA5D8,0xADF8,0xADF9,0xAE19,0xAE19,0xAE19,0xAE19,0xAE19,0xAE19,0xAE19,0xAE19,0xADF9,0xADF9,
    0xADF9,0xAE19,0xAE19,0xAE19,0xAE19,0xAE19,0xAE19,0xAE19,0xB639,0xAE19,0xADF9,0xADF8,0xADF8,0xADF8,0xADF8,0xADF8,
    0xADF8,0xADF8,0xADF9,0xADF8,0xADF8,0xADF9,0xADF8,0xA5D8,0xA5D8,0xA5D8,0xA5D8,0xADF8,0xADF8,0xAE19,0xAE19,0xAE19,
    0xAE19,0xAE19,0xADF9,0xADF8,0xADF8,0xADF8,0xADF8,0xADF8,0xADF8,0xADF8,0xAE18,0xADF8,0xADF8,0xADF8,0xADF8,0xADF8,
    0xADF8,0xADF8,0xA5D8,0xADF8,0xADF8,0xADF8,0xAE19,0xAE19,0xAE19,0xAE19,0xAE19,0xADF8,0xADF9,0xADF9,0xADF9,0xADF8,
    0xADF9,0xAE19,0xAE19,0xAE19,0xAE19,0xAE19,0xADF9,0xAE19,0xAE19,0xAE19,0xAE19,0xAE19,0xB639,0xB639,0xB639,0xAE19,
    0xAE19,0xADF9,0xA5D8,0xA5D8,0xA5D8,0xADF8,0xADF9,0xAE19,0xAE19,0xAE19,0xAE19,0xAE19,0xADF9,0xAE19,0xAE19,0xAE19,
    0xADF8,0xADF8,0xADF9,0xADF9,0xAE19,0xAE19,0xAE19,0xADF9,0xADF9,0xAE19,0xAE19,0xADF9,0xAE19,0xAE19,0xAE19,0xAE19,
    0xADF8,0xADF8,0xA5D8,0xA5D8,0xA5B8,0xA5D8,0xA5D8,0xADF8,0xA5D8,0xADF8,0xADF9,0xAE19,0xAE19,0xAE19,0xAE19,0xAE19,
    0xAE19,0xAE19,0xADF8,0xADF8,0xADF8,0xADF8,0xADF9,0xAE19,0xAE19,0xAE19,0xADF9,0xADF8,0xADF8,0xADF8,0xADF8,0xADF8,
    0xADF8,0xADF7,0xAD74,0x8C0D,0x834A,0x72E8,0x6287,0x6267,0x6AA8,0x6A87,0x5A25,0x6226,0x6A87,0x7AC8,0x7AA8,0x8B0A,
    0x9B8B,0x932A,0x9B2A,0x9B0A,0xA34B,0x9B2A,0x92C9,0x8AA9,0x7A68,0x7247,0x6A06,0x6A06,0x61E6,0x69E6,0x61A5,0x61C4,
    0x5983,0x6A45,0x7AC7,0xA40C,0xA42C,0x8349,0x72C7,0x6225,0x8B8A,0xBD30,0xAC8D,0xA44D,0xAC6D,0x8369,0x6224,0x6A65,
    0x8B69,0xA46E,0xACD0,0xB573,0xC617,0xB5F7,0xA5B6,0xAE18,0xAE18,0xADF8,0xADF8,0xADF9,0xAE19,0xAE19,0xAE19,0xADF8,
    0xADF8,0xA5D8,0xADF8,0xADD8,0xADD8,0xADF8,0xADF9,0xADD8,0xADD8,0xA5D8,0xA5B8,0xA5D8,0xADF8,0xADF8,0xADF8,0xADF8,
    0xA5D8,0xA5D8,0xADF8,0xADF8,0xADF8,0xADF8,0xADF8,0xADF8,0xADF8,0xADF8,0xADF9,0xADF8,0xADF8,0xADF8,0xA5D8,0xA5B7,
    0xA5B7,0xA5B7,0xA5B7,0xA5D8,0xA5D8,0xA5D8,0xA5D8,0xA5D8,0xA5D8,0xA5D8,0xA5D8,0xA5D8,0xA5D8,0xA5B8,0xA5B8,0xA5B8,
    0x9D97,0x9D97,0x9D97,0x9D97,0x9D97,0xA5B7,0xA5B7,0xA5B7,0xA5B8,0xA5B8,0xA5B8,0xA5B7,0x9D97,0x9D97,0x9D97,0x9D97,
    0x9D77,0x9D77,0x9D97,0x9D97,0xA5B7,0x9D97,0xA5B7,0xA5B8,0xA5B8,0xA5B7,0x9D97,0x9D97,0x9D97,0x9D97,0xA5B8,0xA5D8,
    0xA5D8,0xA5D8,0xA5B8,0xA5B8,0xA5B8,0xA5B8,0xA5D8,0xA5B8,0xA5B8,0xA5B8,0xA5B8,0xA5D8,0xA5D8,0xA5D8,0xA5D8,0xA5D8,
    0xA5D8,0xA5B7,0xA5B7,0xA5B7,0x9D97,0x9D97,0x9D97,0x9D97,0x9D97,0x9D97,0x9D97,0xA5B7,0xA5B8,0xA5B8,0xA5B8,0xA5B8,
    0xA5D8,0xA5D8,0xADF8,0xADF8,0xA5D8,0xA5D8,0xA5D8,0xA5B7,0x9D97,0xA5B7,0xA5B8,0xA5B7,0xA5B7,0xA5B7,0xA5B7,0xA5B7,
    0xA5B7,0xA5B7,0x9D97,0x9D97,0xA5B7,0xA5B7,0xA5B8,0xA5B8,0xA5D8,0xA5D8,0xA5D8,0xADF8,0xADF8,0xA5D8,0xA5D8,0xA5D8,
    0xA5B8,0xA5B7,0xA5B8,0xA5D8,0xA5D8,0xA5D8,0xA5F8,0xA5F8,0xA5F8,0xA5F8,0xA5F8,0xA5D8,0xA5D8,0xA5F8,0xA5D8,0xA5D8,
    0xADD8,0xADF8,0xADF8,0xADF9,0xA5D8,0xA5D8,0xA5D8,0xA5B7,0xA5D8,0xADF8,0xAE19,0xADF9,0xA5D8,0xA5D8,0xADF8,0xA5D8,
    0xA5D8,0xA5D8,0xA5D8,0xA5D8,0xA5D8,0xA5D8,0xA5D8,0xA5D8,0xADF8,0xADF8,0xADF8,0xADF8,0xADF8,0xADF8,0xADF8,0xA5D8,
    0xADF8,0xADF8,0xA5D8,0xA5D8,0xA5D8,0xA5D8,0xA5D8,0xADF8,0xADF8,0xADF8,0xADF8,0xADF8,0xADF8,0xADF8,0xAE19,0xADF9,
    0xADF8,0xADF8,0xADF8,0xADF9,0xADF8,0xADF8,0xA5D8,0xA5D8,0xA5D8,0xADF8,0xADF8,0xA5D8,0xA5D8,0xA5D8,0xA5D8,0xA5D8,
    0xADF8,0xADF8,0xA5D8,0xA5D8,0xA5D8,0xADF8,0xADF9,0xADF8,0xA5D8,0xADF8,0xADF8,0xADF9,0xADF9,0xADF8,0xA5D8,0xA5D8,
    0xADF8,0xAE19,0xAE19,0xAE19,0xADF9,0xAE19,0xAE19,0xAE19,0xAE19,0xAE19,0xAE19,0xAE19,0xAE19,0xAE19,0xADF9,0xADF8,
    0xADF8,0xA5D8,0xA5D8,0xA5D8,0xA5D8,0xA5D8,0xADF8,0xADF9,0xADF8,0xADF8,0xA5D8,0xA5D8,0xA5D8,0xADF8,0xADF8,0xADF8,
    0xAE19,0xAE19,0xAE19,0xAE19,0xADF9,0xADF9,0xADF8,0xADD8,0xA5D8,0xA5D8,0xA5D7,0xA5D8,0xADF8,0xADF8,0xAE19,0xAE18,
    0xADF8,0xADF8,0xADF8,0xA5D8,0xA5D8,0xADF8,0xAE19,0xAE19,0xAE19,0xAE19,0xAE19,0xAE19,0xAE19,0xAE19,0xAE19,0xADF8,
    0xA5D8,0xADF8,0xADF8,0xADF8,0xADF8,0xADF8,0xAE19,0xADF9,0xADF9,0xADF8,0xADF8,0xADF8,0xADF8,0xADF9,0xAE19,0xAE19,
    0xB639,0xB639,0xADF8,0xA5D8,0xA5D8,0xA5D8,0xA5D8,0xA5B8,0xADF8,0xADF8,0xADF9,0xAE19,0xAE19,0xB639,0xB639,0xB639,
    0xAE19,0xADF8,0xADF8,0xADF8,0xADF8,0xADF8,0xADF9,0xAE19,0xADF9,0xADF9,0xADF8,0xADF9,0xAE19,0xB639,0xB639,0xB639,
    0xAE19,0xAE19,0xAE19,0xAE19,0xAE19,0xAE19,0xAE19,0xADF9,0xADF8,0xAE19,0xADF9,0xADF9,0xADF8,0xADF9,0xAE19,0xAE19,
    0xAE19,0xB639,0xAE19,0xAE19,0xAE19,0xAE19,0xAE19,0xAE19,0xAE19,0xAE19,0xAE19,0xADF9,0xAE19,0xADF9,0xADF8,0xADF9,
    0xADF8,0xBE37,0xA511,0x838B,0x72E8,0x72E8,0x5A46,0x6267,0x6267,0x49A3,0x49C4,0x6246,0x7287,0x7287,0x7AA8,0x932A,
    0x8AE9,0x8AA8,0x8AA8,0x92C9,0x9B0A,0x9B2A,0x92C9,0x8288,0x8288,0x7A47,0x7227,0x7206,0x6A06,0x6A06,0x69E5,0x61A4,
    0x59A3,0x59C3,0x7AC8,0x8328,0xA40C,0x8B6A,0x7AE8,0x6A87,0x59E4,0x72C7,0x9C0C,0xAC8E,0xAC6D,0xAC8E,0x93CB,0x72A6,
    0x72A6,0x7AE8,0x8349,0x83AC,0xAD33,0xBDF6,0xADB6,0xADD7,0xADF8,0xADF8,0xADF8,0xADF9,0xAE19,0xAE19,0xAE19,0xADF8,
    0xADF8,0xADF8,0xADD8,0xA5D8,0xA5D8,0xA5D8,0xADD8,0xADF8,0xADF8,0xADD8,0xA5D8,0xA5D8,0xA5D8,0xA5D8,0xA5D8,0xA5D8,
    0xA5D8,0xA5D8,0xA5D8,0xA5D8,0xADF8,0xADD8,0xADD8,0xADD8,0xADD8,0xADD8,0xADD8,0xADF8,0xADF9,0xADF8,0xADF9,0xADF8,
    0xA5D8,0xA5D8,0xADD8,0xA5D8,0xADD8,0xADD8,0xADF8,0xADF9,0xADF8,0xA5D8,0xA5B8,0xA5B8,0xA5D8,0xA5B8,0xA5B8,0xA5D8,
    0x9D97,0x9D77,0x9D76,0x9D76,0x9D76,0x9556,0x9D76,0x9D97,0x9D97,0x9D97,0xA5B7,0xA5B8,0xA5B8,0x9D97,0xA5B7,0x9D97,
    0x9D97,0x9D77,0x9D77,0x9D77,0x9D97,0x9D97,0x9D97,0x9D97,0x9D97,0x9D97,0x9D77,0x9D77,0x9D77,0x9D77,0x9D97,0xA5B8,
    0xA5B8,0xA5B8,0xA5D8,0xA5D8,0xA5D8,0xA5D8,0xA5B8,0x9D97,0x9D97,0x9D97,0x9D97,0x9D97,0x9D97,0xA5B8,0xA5D8,0xA5D8,
    0xA5D8,0xADF8,0xA5D8,0xA5D8,0xA5D8,0xA5D8,0xA5D8,0xA5B8,0xA5B8,0xA5D8,0xA5B8,0xA5B8,0xA5D8,0xA5D8,0xA5B8,0xA5B8,
    0xA5B7,0xA5B7,0xA5B8,0xA5D8,0xADF8,0xADF8,0xADF8,0xA5D8,0xA5D8,0xA5D8,0xA5D8,0xA5B8,0xA5B7,0xA5B7,0xA5B7,0xA5B7,
    0xA5B7,0xA5B7,0x9D97,0xA5B7,0xA5B8,0xA5B7,0x9D97,0x9D97,0x9D97,0x9D97,0x9D97,0xA5B7,0xA5B7,0xA5D8,0xA5D8,0xA5D8,
    0xADF8,0xA5D8,0xA5D8,0xA5B7,0xA5B7,0xA5B8,0xA5D8,0xA5D8,0xA5D8,0xA5D8,0xA5F8,0xA5D8,0xA5D8,0xA5D8,0xA5D8,0xA5D8,
    0xA5D8,0xA5D8,0xA5D8,0xADF8,0xADF8,0xADF8,0xADF8,0xADF9,0xAE19,0xADF9,0xADF8,0xADF8,0xADF8,0xADF9,0xADF9,0xAE19,
    0xAE19,0xADF9,0xADF8,0xA5D8,0xA5B8,0xA5B7,0xA5B7,0xA5B7,0xA5B7,0xA5B7,0xA5B7,0xA5B7,0xA5D8,0xADF8,0xADF8,0xA5D8,
    0xA5D8,0xA5D8,0xA5D8,0xADF8,0xADF8,0xADF8,0xADF8,0xADF8,0xA5D8,0xA5D8,0xA5D8,0xADF8,0xADF9,0xAE19,0xAE19,0xADF9,
    0xADF8,0xADF8,0xAE19,0xADF8,0xADF8,0xADF9,0xAE19,0xAE19,0xADF9,0xADF9,0xADF8,0xADF8,0xADF8,0xADF8,0xA5D8,0xADF8,
    0xAE19,0xAE19,0xADF8,0xADF8,0xA5D8,0xADF8,0xADF8,0xA5D8,0xA5D8,0xA5D8,0xA5D8,0xADF8,0xADF8,0xADF9,0xADF9,0xADF8,
    0xADF8,0xADF9,0xAE19,0xAE19,0xAE19,0xAE19,0xADF9,0xAE19,0xADF9,0xADF9,0xAE19,0xADF8,0xADF8,0xADF9,0xADF9,0xADF8,
    0xADF8,0xADF8,0xADF8,0xADF8,0xADF8,0xA5D8,0xADF8,0xAE19,0xAE19,0xAE19,0xAE19,0xAE19,0xADF9,0xADF8,0xA5D8,0xA5D8,
    0xADD8,0xADD8,0xADD8,0xADF8,0xADF8,0xADF8,0xAE19,0xAE19,0xAE19,0xADF8,0xADF8,0xAE19,0xADF8,0xA5D8,0xA5D8,0xADF8,
    0xADF8,0xADF8,0xADF8,0xADF9,0xADF9,0xAE19,0xAE19,0xAE19,0xB639,0xB639,0xAE19,0xAE19,0xAE19,0xAE19,0xAE19,0xAE19,
    0xAE19,0xADF8,0xAE19,0xAE19,0xAE19,0xAE19,0xAE19,0xAE19,0xAE19,0xAE19,0xAE19,0xAE19,0xAE19,0xADF8,0xADF8,0xADF9,
    0xAE19,0xAE19,0xAE19,0xAE19,0xAE19,0xAE19,0xADF8,0xADF8,0xA5D8,0xA5D8,0xADF8,0xADF8,0xADF8,0xADF8,0xAE19,0xAE19,
    0xAE19,0xAE19,0xAE19,0xAE19,0xAE19,0xAE19,0xADF9,0xAE19,0xAE19,0xAE19,0xAE19,0xAE19,0xAE19,0xAE19,0xB639,0xB639,
    0xAE19,0xAE19,0xAE19,0xAE19,0xAE19,0xAE19,0xAE19,0xAE19,0xAE19,0xAE19,0xAE19,0xADF9,0xADF9,0xAE19,0xADF9,0xA5D8,
    0xA5D8,0xADF8,0xADF9,0xADF9,0xAE19,0xAE19,0xAE19,0xAE19,0xAE19,0xAE19,0xAE19,0xAE19,0xAE19,0xB639,0xAE19,0xADF8,
    0xBE38,0xBDD5,0x944E,0x838A,0x72E8,0x6AC8,0x6288,0x6288,0x5A05,0x49A3,0x6246,0x6A67,0x6A67,0x7287,0x82C8,0x8AE9,
    0x8AC9,0x92E9,0x8A88,0x92A9,0x9AEA,0x9B2A,0x9B0A,0x8AA8,0x8288,0x7A67,0x7227,0x7227,0x7227,0x7226,0x7206,0x61A4,
    0x61A4,0x59A3,0x7287,0x8B29,0x8328,0x9BCB,0x7B08,0x6A86,0x6A86,0x6225,0x7AE7,0x93CB,0xAC8E,0xA46D,0xB4AE,0x9C0B,
    0x8328,0x72C6,0x6AA6,0x7329,0x9C6F,0xB594,0xB5F6,0xADD7,0xA5D7,0xA5D8,0xA5D8,0xA5D8,0xA5D8,0xADF8,0xADF8,0xADF8,
    0xADF9,0xAE19,0xADF9,0xADF8,0xADD8,0xADF8,0xADF8,0xADF8,0xADF8,0xADF8,0xADF8,0xADF8,0xA5D8,0xA5D8,0xA5D8,0xADF8,
    0xADF8,0xADF8,0xADF8,0xADF8,0xAE19,0xADF8,0xADF8,0xADF8,0xADF8,0xADD8,0xADD8,0xADD8,0xADD8,0xADD8,0xADF8,0xADF9,
    0xADF8,0xADF8,0xADF8,0xADD8,0xADD8,0xA5D8,0xA5D8,0xADD8,0xADF8,0xA5D8,0xA5D8,0xA5D8,0xA5D8,0xA5D8,0xA5D8,0xA5B8,
    0xA5B7,0xA5B7,0x9D97,0x9D97,0x9D97,0x9D97,0x9D97,0x9D97,0x9D77,0x9D77,0x9D97,0x9D97,0x9D97,0x9D97,0xA5B8,0xA5B8,
    0xA5D8,0xA5D8,0xA5B8,0xA5B7,0x9D97,0x9D97,0xA5B7,0x9D97,0x9D97,0x9D97,0xA5B7,0xA5B8,0xA5D8,0xA5D8,0xA5B8,0x9D97,
    0xA5B8,0xA5B8,0xA5B8,0xA5B8,0xA5B8,0xA5B8,0xA5B8,0xA5B8,0xA5B8,0xA5B8,0x9D97,0x9D97,0x9D97,0x9D97,0x9D77,0x9D97,
    0xA5B7,0xA5B8,0xA5D8,0xA5D8,0xA5D8,0xA5D8,0xA5B7,0xA5B8,0xA5B8,0xA5B7,0xA5B7,0xA5B8,0xA5D8,0xA5D8,0xA5B8,0x9D97,
    0x9D97,0x9D97,0xA5B7,0xA5D8,0xA5D8,0xA5D8,0xA5D8,0xA5D8,0xA5D8,0xADF8,0xADF8,0xADF8,0xADF8,0xADF8,0xA5D8,0xA5D8,
    0xA5D8,0xADF8,0xADF9,0xADF8,0xA5D8,0xA5D8,0xA5D8,0xA5D8,0xA5B8,0xA5B7,0xA5B7,0x9D97,0x9D97,0x9D97,0xA5B7,0xA5D8,
    0xADF8,0xADF8,0xA5D8,0xA5B7,0xA5B7,0xA5B7,0xA5D8,0xA5B7,0xA5B7,0xA5B7,0xA5D8,0xA5D8,0xADD8,0xADF8,0xADF8,0xADF8,
    0xADF8,0xADF8,0xA5D8,0xA5D8,0xA5D8,0xA5D8,0xADF8,0xADF8,0xADF9,0xADF9,0xADF8,0xADF8,0xADF8,0xADF8,0xA5D8,0xADF8,
    0xADF8,0xA5D8,0xADF8,0xADF9,0xADF8,0xADF8,0xADF8,0xA5D8,0xA5D8,0xA5B8,0xA5B7,0xA5B7,0xA5D8,0xA5D8,0xADF8,0xADF8,
    0xADF8,0xADF8,0xAE19,0xAE19,0xADF8,0xADF8,0xADF8,0xADF8,0xAE18,0xADF8,0xADF8,0xADF8,0xADF8,0xADF8,0xADF8,0xADF8,
    0xAE19,0xAE19,0xAE19,0xAE19,0xAE19,0xAE19,0xAE19,0xAE19,0xAE19,0xAE18,0xADF8,0xAE19,0xAE19,0xAE19,0xAE19,0xADF8,
    0xADF8,0xAE18,0xADF8,0xADF8,0xADF8,0xADF8,0xAE18,0xAE19,0xAE18,0xADF8,0xADF8,0xADF8,0xADF8,0xADF8,0xADF8,0xAE18,
    0xADF8,0xADF8,0xADF8,0xADF8,0xAE19,0xADF9,0xADF9,0xAE19,0xAE19,0xAE19,0xAE19,0xAE19,0xAE19,0xAE19,0xAE19,0xAE19,
    0xAE19,0xAE19,0xB639,0xAE19,0xAE19,0xAE19,0xAE19,0xADF8,0xADF9,0xAE19,0xAE19,0xAE19,0xAE19,0xAE19,0xAE19,0xAE19,
    0xADF9,0xADF9,0xADF8,0xADF9,0xADF8,0xADF8,0xADF9,0xADF9,0xB619,0xAE19,0xB639,0xB639,0xB639,0xAE19,0xADF8,0xADF8,
    0xADF8,0xADF8,0xADF8,0xADF8,0xADF8,0xADF8,0xA5D8,0xA5D8,0xADF8,0xADF8,0xADF9,0xADF9,0xADF8,0xAE18,0xAE19,0xAE19,
    0xAE19,0xADF8,0xADF8,0xADF8,0xADF8,0xAE19,0xAE19,0xAE19,0xAE19,0xAE19,0xAE19,0xAE19,0xB639,0xAE19,0xAE19,0xAE19,
    0xAE19,0xAE19,0xAE19,0xAE19,0xAE19,0xAE19,0xAE19,0xAE19,0xB639,0xAE19,0xAE19,0xADF9,0xADF8,0xADF8,0xADF8,0xADF8,
    0xADF9,0xAE19,0xADF9,0xADF9,0xADF9,0xADF9,0xAE19,0xAE19,0xAE19,0xAE19,0xAE19,0xADF9,0xADF9,0xADF9,0xAE19,0xAE19,
    0xAE19,0xAE19,0xAE19,0xB639,0xAE19,0xAE19,0xAE19,0xADF8,0xADF8,0xADF9,0xAE19,0xAE19,0xAE19,0xAE19,0xB639,0xAE19,
    0xADF9,0xADF8,0xADF8,0xAE19,0xAE19,0xADF9,0xADF8,0xAE19,0xAE19,0xAE19,0xAE19,0xAE19,0xAE19,0xAE19,0xAE19,0xADF8,
    0xBE59,0xAD53,0x8C0D,0x7308,0x6AA6,0x6287,0x6AC8,0x62A8,0x6287,0x6246,0x6246,0x6226,0x6A67,0x7AA8,0x82C9,0x82A8,
    0x8288,0x8AC9,0x92C9,0x92C9,0x92C9,0x92E9,0x92C9,0x8288,0x8268,0x7A47,0x7A27,0x7227,0x7227,0x7226,0x7206,0x69C5,
    0x61A4,0x61A4,0x6205,0x8B29,0x7AC7,0x9389,0x8B69,0x7AE8,0x6A66,0x5A04,0x59E4,0x6AA6,0xA42C,0xACAD,0xA46D,0xBD0F,
    0xA42C,0x8B69,0x8B89,0x9C2C,0x9C8E,0xB573,0xBDF6,0xB5D7,0xADD8,0xADF9,0xADF8,0xADF8,0xADF8,0xADF8,0xA5D8,0xA5D8,
    0xA5D8,0xA5D8,0xADF8,0xADF9,0xAE19,0xB619,0xAE19,0xADF9,0xADF9,0xADF9,0xADF8,0xADF9,0xADF9,0xADF8,0xA5D8,0xADF8,
    0xA5D8,0xADF8,0xADF9,0xADF8,0xA5D8,0xA5D8,0xA5B8,0xA5D8,0xADD8,0xADF8,0xADF8,0xADD8,0xA5D8,0xA5D8,0xA5B7,0xA5B7,
    0xA5B7,0xA5B8,0xA5B8,0xADD8,0xADF8,0xADF8,0xA5B8,0xA5B8,0xA5D8,0xA5D8,0xA5D8,0xA5D8,0xADF8,0xADF9,0xADF8,0xA5D8,
    0xA5B7,0xA5B8,0xA5B8,0xA5B7,0xA5B8,0xA5B8,0xA5B7,0x9D97,0xA5B7,0xA5B8,0xA5B7,0x9D97,0x9D97,0x9D97,0x9D97,0xA5B7,
    0xA5B7,0xA5B8,0xA5B8,0xA5B8,0xA5B8,0xA5D8,0xA5D8,0xA5D8,0xA5B8,0xA5B7,0x9D97,0x9D97,0x9D97,0x9D97,0xA5B8,0xA5B8,
    0xA5B8,0xA5B8,0xA5B7,0x9D97,0x9D97,0xA5B8,0xA5D8,0xA5D8,0xA5D8,0xA5D8,0xA5B8,0xA5B8,0xA5D8,0xA5D8,0xA5B8,0xA5B7,
    0x9D97,0x9D77,0x9D97,0xA5B7,0xA5D8,0xA5D8,0xA5B7,0xA5B8,0xA5B8,0xA5B7,0xA5B8,0xA5D8,0xA5B8,0xA5D8,0xA5D8,0xA5D8,
    0xA5D8,0xA5B7,0xA5B7,0x9D97,0x9D97,0x9D97,0xA5B7,0xA5B7,0xA5B7,0xA5B8,0xADF8,0xA5D8,0xA5D8,0xA5B7,0xA5B7,0xA5B7,
    0xA5B8,0xA5B8,0xA5D8,0xA5B8,0xA5B8,0xA5D8,0xA5D8,0xA5D8,0xADF8,0xADF8,0xADF8,0xADF8,0xADF8,0xA5D8,0xA5D8,0xA5D8,
    0xA5D7,0xA5D8,0xADF8,0xA5D8,0xA5D8,0xA5D8,0xA5D8,0xA5B7,0xA5B7,0xA5B7,0xA5B7,0x9D97,0xA597,0xA5B7,0xA5B7,0xA5B7,
    0xA5D8,0xADF8,0xADF9,0xADF8,0xADF8,0xA5D8,0xA5D8,0xA5D8,0xA5D8,0xADF8,0xADF9,0xAE19,0xAE19,0xADF8,0xA5D8,0xA5D8,
    0xA5D8,0xA5B7,0xA5B8,0xA5D8,0xA5D8,0xADF8,0xAE19,0xAE19,0xADF9,0xADF9,0xADF8,0xADF8,0xADF8,0xADF8,0xADF8,0xADF9,
    0xADF9,0xADF9,0xADF8,0xADF8,0xAE19,0xADF8,0xADF8,0xADF8,0xADF8,0xADF8,0xA5D8,0xA5D8,0xA5B7,0xA5B7,0xA5B7,0xA5B8,
    0xADF8,0xADF8,0xADF8,0xADF9,0xADF9,0xADF9,0xADF9,0xAE19,0xAE19,0xA5D8,0xA5D8,0xA5D8,0xA5D8,0xA5D8,0xADF8,0xAE18,
    0xAE18,0xADF8,0xADF8,0xAE18,0xAE19,0xAE18,0xAE18,0xAE19,0xAE19,0xAE18,0xADF8,0xADF8,0xADF8,0xADF8,0xADF8,0xADF8,
    0xAE18,0xAE18,0xAE18,0xAE19,0xAE19,0xAE19,0xAE19,0xAE19,0xAE19,0xAE19,0xAE19,0xAE19,0xAE19,0xAE19,0xAE19,0xAE19,
    0xADF9,0xADF8,0xADF9,0xADF9,0xADF8,0xADF8,0xADF9,0xAE19,0xADF8,0xADF8,0xA5D8,0xADF9,0xAE19,0xADF9,0xAE19,0xAE19,
    0xB619,0xB619,0xB619,0xAE19,0xAE19,0xADF8,0xADD8,0xADD8,0xADF9,0xAE19,0xAE19,0xB639,0xB639,0xB639,0xB639,0xAE19,
    0xAE19,0xAE19,0xAE19,0xAE19,0xAE19,0xADF9,0xADF8,0xA5D8,0xA5D8,0xA5D8,0xA5D8,0xA5D8,0xADF8,0xADF8,0xADF8,0xADF8,
    0xADF8,0xAE18,0xADF8,0xADF8,0xADF8,0xADF8,0xADF8,0xADF8,0xAE18,0xAE18,0xADF8,0xADF8,0xAE19,0xAE19,0xAE19,0xAE19,
    0xAE19,0xAE19,0xB639,0xAE19,0xAE19,0xAE19,0xAE19,0xAE19,0xB639,0xB639,0xB639,0xB639,0xB639,0xAE19,0xADF9,0xADF8,
    0xAE19,0xAE19,0xAE19,0xAE19,0xAE19,0xAE19,0xAE19,0xAE19,0xAE19,0xADF9,0xADF8,0xAE19,0xAE19,0xADF9,0xADF9,0xADF8,
    0xADF8,0xADF9,0xAE19,0xAE19,0xAE19,0xAE19,0xAE19,0xAE19,0xAE19,0xADF8,0xAE19,0xAE19,0xAE19,0xAE19,0xADF9,0xAE19,
    0xAE19,0xB639,0xAE19,0xAE19,0xAE19,0xAE19,0xADF9,0xAE19,0xAE19,0xAE19,0xAE19,0xAE19,0xAE19,0xAE19,0xAE19,0xADF8,
    0xB5D6,0xC5B4,0x9C6E,0x6AA6,0x8329,0x72E8,0x6AC8,0x6288,0x6267,0x5A25,0x59E5,0x59E5,0x7288,0x7AA8,0x7AA8,0x7A47,
    0x8267,0x8247,0x8A88,0x8A88,0x8A88,0x8AA8,0x8AA8,0x8288,0x7A47,0x7A47,0x7A27,0x7A27,0x7A27,0x7A26,0x7206,0x69E5,
    0x61A5,0x5984,0x61C4,0x8B29,0x82E7,0x8307,0x9BCA,0x8B69,0x6A45,0x6225,0x59E4,0x6245,0x7AE7,0xACAE,0x9C0B,0x9C0B,
    0xB4AE,0xC530,0xB4CE,0xB50F,0xBD71,0xBDB4,0xBE17,0xB5F8,0xADD8,0xADF8,0xADF8,0xAE19,0xAE19,0xAE19,0xADF8,0xADF8,
    0xA5D8,0xA5D8,0xADD8,0xADF9,0xB619,0xB619,0xAE19,0xAE19,0xAE19,0xADF9,0xADF9,0xADF8,0xADF8,0xADF8,0xA5D8,0xA5D8,
    0xA5D8,0xA5D8,0xA5D8,0xA5D8,0xA5D8,0xA5D8,0xA5B8,0xA5B8,0xA5D8,0xADD8,0xADD8,0xADD8,0xADD8,0xADF8,0xADD8,0xA5D8,
    0xA5B8,0xA5B8,0xA5B7,0xA5B8,0xA5B8,0xA5B8,0xA5D8,0xA5D8,0xA5D8,0xA5D8,0xA5D8,0xADF9,0xA5D8,0xA5D8,0xA5D8,0xADF8,
    0x9D97,0x9D97,0x9D97,0x9D97,0xA5B7,0x9D97,0x9D97,0x9D97,0x9D97,0xA5B7,0xA5B8,0xA5B8,0xA5D8,0xA5B8,0xA5B7,0x9D97,
    0x9D97,0x9D97,0x9D97,0xA5B7,0xA5B8,0xA5D8,0xA5D8,0xA5D8,0xADF8,0xADF8,0xA5D8,0xA5D8,0xA5B8,0xA5B8,0xA5B8,0xA5D8,
    0xA5D8,0xA5D8,0xA5D8,0xA5D8,0xA5D8,0xA5D8,0xADF9,0xADF9,0xADF9,0xADF8,0xA5D8,0xA5D8,0xA5D8,0xA5D8,0xA5D8,0xA5D8,
    0xA5B7,0xA5B7,0xA5B7,0x9D97,0xA5B7,0xA5B7,0xA5D8,0xA5D8,0xA5B8,0xA5D8,0xA5D8,0xA5D8,0xA5B8,0xA5B8,0xA5D8,0xA5D8,
    0xA5D8,0xADD8,0xA5D8,0xA5B7,0x9D97,0x9D97,0x9D97,0x9D97,0x9D97,0xA5B7,0x9D97,0xA5B7,0xA5D8,0xA5D8,0xA5B7,0xA5B7,
    0xA5B7,0xA5B7,0xA5B7,0xA5B8,0xA5B8,0xA5D8,0xA5D8,0xA5D8,0xADF8,0xA5D8,0xA5D8,0xA5D8,0xA5D8,0xA5F8,0xA5F8,0xA5D8,
    0xA5D8,0xA5D8,0xA5D8,0xA5D8,0xA5D8,0xA5D8,0xA5D8,0xA5D8,0xA5D7,0xA5D8,0xA5D8,0xA5D7,0xA5D7,0xA5B7,0xA5B7,0xA5B7,
    0xA5B8,0xA5D8,0xADF8,0xADF8,0xADF9,0xADF8,0xADF8,0xADF8,0xADF8,0xADF8,0xA5D8,0xA5D8,0xA5D8,0xA5D8,0xA5D8,0xADF8,
    0xADF9,0xADF9,0xADF8,0xADF8,0xADF8,0xADF8,0xADF9,0xADF8,0xADF8,0xADF8,0xADF9,0xADF8,0xADF8,0xADF8,0xAE19,0xB639,
    0xAE19,0xADF9,0xA5D8,0xA5F8,0xAE19,0xAE19,0xAE18,0xADF8,0xADF8,0xADF8,0xADF8,0xADF8,0xADF8,0xA5D8,0xA5D8,0xA5D8,
    0xA5D8,0xADF8,0xADF8,0xADF9,0xADF9,0xADF8,0xADF8,0xADF8,0xAE18,0xAE18,0xADF8,0xA5D8,0xA5B7,0x9D97,0xA5B7,0xA5D7,
    0xA5D8,0xADF8,0xADF8,0xADF8,0xADF8,0xAE18,0xAE18,0xAE18,0xAE18,0xAE19,0xAE19,0xAE19,0xAE18,0xADF8,0xA5D8,0xADF8,
    0xADF8,0xADF8,0xADF8,0xAE18,0xADF9,0xADF8,0xADF8,0xADF9,0xAE19,0xADF9,0xADF9,0xAE19,0xAE19,0xADF9,0xADF9,0xAE19,
    0xAE19,0xAE19,0xADF8,0xADF8,0xADF8,0xA5D8,0xA5D8,0xADF8,0xADF8,0xADF8,0xADF9,0xADF8,0xADF8,0xA5D8,0xADF8,0xADF8,
    0xADF9,0xADF9,0xAE19,0xB619,0xB619,0xAE19,0xADF9,0xADD8,0xA5D8,0xA5B7,0xA5B7,0xA5D8,0xADF8,0xADF8,0xAE18,0xAE19,
    0xAE19,0xAE19,0xAE19,0xB639,0xAE19,0xB639,0xAE19,0xB639,0xB639,0xAE19,0xAE19,0xAE19,0xADF8,0xADF8,0xADF8,0xADF8,
    0xADF8,0xADF8,0xADF8,0xADF8,0xADF8,0xADF8,0xADF8,0xADF8,0xADF8,0xADF8,0xADF8,0xADF8,0xADF8,0xA5D7,0xA5D7,0xADF8,
    0xADF8,0xADF8,0xADF8,0xADF9,0xADF9,0xADF9,0xADF8,0xADF8,0xADF9,0xAE19,0xAE19,0xB639,0xB639,0xAE39,0xAE19,0xAE19,
    0xB639,0xAE19,0xAE19,0xAE19,0xAE19,0xAE19,0xAE19,0xAE19,0xAE19,0xAE19,0xAE19,0xAE19,0xAE19,0xAE19,0xAE19,0xAE19,
    0xADF8,0xADF9,0xADF9,0xAE19,0xAE19,0xADF9,0xAE19,0xB639,0xB639,0xAE19,0xAE19,0xAE19,0xAE19,0xAE19,0xAE19,0xADF9,
    0xADF9,0xADF9,0xAE19,0xAE19,0xB639,0xAE19,0xAE19,0xADF9,0xADF8,0xA5D8,0xA5D8,0xA5D8,0xADF8,0xADF8,0xADF8,0xAE19,
    0xAD95,0xBD72,0xB510,0x7B07,0x7B29,0x8BAB,0x6AE9,0x5A67,0x3942,0x4963,0x6226,0x6227,0x7288,0x7AA8,0x7A67,0x7A47,
    0x8268,0x8247,0x8227,0x8227,0x8247,0x8267,0x8267,0x8268,0x8247,0x8267,0x7A27,0x7A27,0x7A27,0x7A26,0x7A26,0x7206,
    0x69C5,0x6184,0x61E5,0x8B09,0x7AC6,0x7AA6,0x8B28,0x9BCB,0x7AC7,0x6A45,0x5A04,0x6225,0x7AE7,0xBD30,0xBD2F,0x9C2C,
    0x8BAA,0xA46D,0xC570,0xCDB1,0xDE55,0xD677,0xC658,0xB5F8,0xADF9,0xAE19,0xAE19,0xADF9,0xADF8,0xADF9,0xAE19,0xADF9,
    0xADF8,0xADF8,0xA5D8,0xA5D8,0xADD8,0xADD8,0xADF8,0xADF9,0xADF9,0xADF9,0xAE19,0xADF9,0xADF8,0xADF9,0xADF8,0xA5D8,
    0xADF8,0xA5D8,0xA5D8,0xA5D8,0xADF8,0xADF9,0xADF9,0xADF9,0xADF8,0xADD8,0xA5D8,0xADD8,0xADF8,0xADF9,0xADF9,0xADF8,
    0xADF8,0xADF8,0xADD8,0xADF8,0xA5D8,0xA5B7,0xA5B8,0xA5D8,0xA5D8,0xA5D8,0xA5D8,0xA5F8,0xA5D8,0xA5D8,0xA5F8,0xADF8,
    0x9D97,0x9D97,0x9D97,0x9D97,0x9D97,0x9D77,0x9D77,0x9D97,0x9D97,0x9D77,0x9D97,0x9D97,0x9D97,0xA5B8,0xA5B7,0xA5B7,
    0xA5B8,0xA5D8,0xA5D8,0xA5B8,0xA5B8,0xA5B8,0xA5B8,0xA5B8,0xA5B7,0x9D97,0xA5B7,0xA5B8,0xA5D8,0xA5D8,0xA5B8,0xA5B8,
    0xA5B7,0xA5B8,0xA5B8,0xA5B8,0xA5B8,0xA5D8,0xA5D8,0xA5B8,0xA5B8,0xA5B7,0xA5B7,0xA5B8,0xA5D8,0xADD8,0xA5D8,0xA5D8,
    0xA5D8,0xA5D8,0xA5D8,0xA5D8,0xA597,0xA597,0xA5B8,0xA5B8,0xA5B8,0xA5D8,0xA5D8,0xA5D8,0xA5D8,0xA5B8,0xA5B7,0x9D97,
    0xA5B8,0xADF8,0xA5D8,0xA5D8,0xA5F8,0xADF8,0xADF8,0xA5F8,0xA5D8,0xA5D8,0xA5D8,0xADF8,0xADF8,0xADF8,0xA5D8,0xA5D8,
    0xADD8,0xADF8,0xADF8,0xADF8,0xADF8,0xADF8,0xADF8,0xADF8,0xADF8,0xA5D8,0xA5D8,0xA5B8,0xA5B7,0xA5D7,0xA5B7,0xA5B7,
    0xA5B7,0xA5D7,0xA5D7,0xA5D8,0xA5D8,0xA5D8,0xADD8,0xADD8,0xADD8,0xADF8,0xADF8,0xADF8,0xADF8,0xADF8,0xADD8,0xA5D7,
    0xA5B7,0x9D97,0x9D97,0x9DB7,0xA5B7,0xA5B7,0xA5D8,0xA5D8,0xADF8,0xAE19,0xADF8,0xA5D8,0xA5D8,0xA5D8,0xADD8,0xADF8,
    0xADF8,0xADF8,0xA5D8,0xA5D8,0xADF8,0xADF8,0xAE19,0xAE19,0xAE19,0xADF8,0xADF8,0xADF8,0xA5D8,0xA5D8,0xA5D8,0xADF8,
    0xADF9,0xAE19,0xAE19,0xADF8,0xADF8,0xADF8,0xAE18,0xAE18,0xAE18,0xAE18,0xADF8,0xAE18,0xAE18,0xAE18,0xADF8,0xADF8,
    0xA5D8,0xA5D8,0xADF8,0xADF8,0xADF8,0xADF8,0xADF8,0xADF8,0xADF8,0xAE19,0xB639,0xAE18,0xAE18,0xADF8,0xA5D8,0xA5D7,
    0xA5D7,0xA5D7,0xA5D7,0xA5B7,0xA5B7,0xA5B7,0xA5F8,0xA5D7,0xA5D7,0xADF8,0xADF8,0xADF8,0xAE18,0xAE19,0xAE19,0xAE19,
    0xAE19,0xAE18,0xAE18,0xADF8,0xADD8,0xA5D8,0xA5D8,0xA5D8,0xADF8,0xA5D8,0xA5D8,0xADF8,0xADF8,0xADF8,0xADF8,0xADF8,
    0xAE19,0xAE19,0xAE19,0xAE19,0xAE19,0xAE19,0xAE19,0xAE19,0xAE19,0xADF8,0xADF8,0xADF8,0xADF8,0xADF8,0xA5D8,0xA5D8,
    0xA5B7,0xA5D8,0xADD8,0xADF8,0xADF8,0xADF8,0xAE19,0xAE19,0xADF8,0xADF8,0xADF8,0xA5D8,0xA5D7,0xA5B7,0xA5D7,0xA5D7,
    0xA5D8,0xA5D8,0xA5D8,0xADF8,0xADF8,0xAE19,0xAE19,0xAE19,0xAE19,0xAE19,0xB639,0xB639,0xB639,0xAE19,0xAE18,0xADF8,
    0xAE18,0xAE18,0xAE18,0xAE18,0xADF8,0xADF8,0xADF8,0xADF8,0xAE18,0xAE18,0xAE18,0xAE18,0xAE18,0xADF8,0xA5D8,0xA5D8,
    0xA5D8,0xA5D8,0xA5D8,0xADF8,0xADF8,0xADF8,0xAE19,0xAE19,0xAE19,0xADF9,0xADF9,0xADF9,0xADF9,0xADF9,0xAE19,0xB639,
    0xB619,0xAE19,0xAE19,0xAE19,0xAE19,0xAE19,0xAE19,0xAE19,0xAE19,0xAE19,0xB639,0xAE19,0xAE19,0xAE19,0xAE19,0xAE19,
    0xAE19,0xAE19,0xAE19,0xAE19,0xAE19,0xADF9,0xAE19,0xAE19,0xAE19,0xB639,0xAE19,0xAE19,0xAE19,0xAE19,0xAE19,0xADF8,
    0xA5D8,0xA5D8,0xADF8,0xAE19,0xAE19,0xAE19,0xAE19,0xAE19,0xAE19,0xADF9,0xADF8,0xADF8,0xADF8,0xADF8,0xADF8,0xADF8,
    0xAD74,0xAD11,0xA48E,0x8BAA,0x8349,0x6AC8,0x5A46,0x5206,0x3922,0x5A05,0x6A67,0x6A88,0x6A67,0x7288,0x7247,0x7A47,
    0x7A27,0x7A27,0x7A27,0x8247,0x8267,0x8267,0x8268,0x8268,0x8268,0x8268,0x7A47,0x7A27,0x7A47,0x7A26,0x7A06,0x7226,
    0x69C5,0x61C5,0x61C4,0x8B08,0x7245,0x7285,0x7265,0x938A,0x8B49,0x7286,0x7286,0x72C7,0x8B8A,0xA44C,0xB4EE,0xCDB2,
    0xBD30,0xB4CE,0xBD30,0xCDB2,0xD614,0xD677,0xC658,0xBE39,0xADF9,0xADF9,0xAE19,0xAE19,0xAE19,0xAE19,0xADF8,0xADF8,
    0xADF8,0xADF8,0xADF8,0xADD8,0xADD8,0xADD8,0xADD8,0xADD8,0xADD8,0xADF9,0xADF9,0xADF9,0xADF9,0xAE19,0xAE19,0xAE19,
    0xADF8,0xADF8,0xADF9,0xADF8,0xA5D8,0xADD8,0xADF8,0xADF9,0xADF8,0xADD8,0xADD8,0xADF8,0xADF8,0xADF8,0xADD8,0xADD8,
    0xADF8,0xADF8,0xADF8,0xADF8,0xADF8,0xADF8,0xADD8,0xA5D8,0xA5D8,0xA5D8,0xA5D8,0xA5B8,0xA5B8,0xA5B8,0xA5B8,0xA5B8,
    0x9D76,0x9D76,0x9D76,0x9D96,0x9D97,0x9D97,0xA597,0xA597,0xA5B7,0x9D97,0x9D76,0x9D56,0x9D56,0x9D56,0x9D76,0x9D97,
    0xA597,0xA597,0xA5B8,0xA5B8,0xA5B8,0xA5D8,0xA5B8,0xA5B8,0xA5B8,0xA5B8,0xA5B8,0xA5B8,0xA5B8,0xA5B7,0xA5B7,0xA5B7,
    0xA5B7,0xA5B7,0xA597,0xA597,0xA5B7,0xA5B7,0xA5B8,0xA5B8,0xA5D8,0xA5B8,0xA5B8,0xA5B8,0xA5B8,0xA5B8,0xADD8,0xADD8,
    0xA5D8,0xA5D8,0xADD8,0xADD8,0xADD8,0xADD8,0xADF8,0xA5D8,0xA5D8,0xADD8,0xADD8,0xA5D8,0xA5D8,0xA5D8,0xA5B8,0xA597,
    0xA597,0xA5D8,0xA5D8,0xA5F8,0xA5F8,0xA5F8,0xADF8,0xADF8,0xADF8,0xADF8,0xADD8,0xADD8,0xADD8,0xADF8,0xADF9,0xADF8,
    0xADF8,0xADF8,0xADF9,0xADF8,0xADD8,0xA5D8,0xA5D8,0xA5B8,0xA5D8,0xADD8,0xADD8,0xA5D8,0xA5D8,0xADD8,0xA5D8,0xA5D8,
    0xA5D8,0xADD8,0xADD8,0xADD8,0xADF8,0xADF8,0xADD8,0xADD8,0xA5D8,0xA5B7,0xA5B7,0xA5B8,0xADD8,0xADF8,0xADF8,0xA5D8,
    0xA5D8,0xA5D8,0xA5D7,0xA5D7,0xA5B7,0xA5B7,0xA5D7,0xA5D7,0xA5B7,0xA5B7,0xADD8,0xADF8,0xAE18,0xAE18,0xAE18,0xAE18,
    0xADF8,0xADF8,0xADF8,0xADD8,0xA5D7,0xA5D7,0xA5D7,0xADF8,0xADF8,0xADF8,0xADF8,0xADF8,0xADD8,0xADD8,0xA5D8,0xA5B7,
    0xA5B7,0xADD8,0xADF8,0xADF8,0xA5D8,0xA5B7,0xA5D8,0xA5D8,0xADF8,0xADF8,0xADF8,0xADF8,0xAE18,0xAE18,0xAE19,0xAE18,
    0xADF8,0xADF8,0xA5D8,0xA5D8,0xADD8,0xADF8,0xADF8,0xADF8,0xAE19,0xAE19,0xAE19,0xB639,0xB639,0xB619,0xAE18,0xAE19,
    0xAE19,0xAE18,0xADF8,0xADF8,0xADD8,0xADD8,0xADD8,0xA5D8,0xA5D8,0xADF8,0xADF8,0xADF8,0xADF8,0xADF8,0xADF8,0xADF8,
    0xADF8,0xAE18,0xADF8,0xADF8,0xAE18,0xAE18,0xADF8,0xADF8,0xADF8,0xADF8,0xADF8,0xADF8,0xADF8,0xADF8,0xADF8,0xADF8,
    0xADD8,0xADF8,0xAE19,0xADF8,0xADF8,0xAE18,0xB619,0xB619,0xAE19,0xAE18,0xAE18,0xAE18,0xAE18,0xAE18,0xADF8,0xADF8,
    0xADF8,0xADD8,0xA5D7,0xA5D7,0xADD8,0xADD8,0xADF8,0xADD8,0xA5D7,0xA5D8,0xADD8,0xADF8,0xADF8,0xAE18,0xADF8,0xADF8,
    0xADF8,0xADF8,0xADD8,0xA5D8,0xADD8,0xADF8,0xADF8,0xADF8,0xADF8,0xADF8,0xADF8,0xADF8,0xB619,0xB619,0xAE19,0xAE19,
    0xB619,0xAE19,0xAE19,0xB619,0xAE19,0xAE19,0xAE18,0xAE18,0xAE18,0xAE18,0xAE19,0xAE19,0xAE19,0xAE18,0xAE18,0xAE18,
    0xADF8,0xADF8,0xAE19,0xB619,0xAE19,0xAE18,0xADF8,0xADF8,0xAE18,0xAE19,0xAE18,0xADF8,0xADF8,0xADF8,0xADF8,0xADF8,
    0xADF8,0xADF8,0xAE19,0xB619,0xB619,0xAE18,0xADF8,0xADF8,0xADF8,0xADF8,0xADF8,0xADF9,0xAE19,0xAE19,0xB619,0xB619,
    0xB619,0xAE19,0xAE19,0xAE19,0xB619,0xAE19,0xADF9,0xADF8,0xADF8,0xADF9,0xADF9,0xADF9,0xAE19,0xAE19,0xB619,0xAE19,
    0xADF8,0xADF8,0xADF8,0xADF8,0xAE18,0xAE19,0xAE19,0xB619,0xB619,0xAE19,0xAE19,0xADF9,0xADF9,0xADF8,0xADF7,0xADF7,
    0xAD94,0xA4B0,0xA48F,0x8BCC,0x93CC,0x6AA7,0x51E4,0x49A3,0x49C4,0x4183,0x59E5,0x6A46,0x6A47,0x7288,0x7247,0x7247,
    0x7A47,0x7A47,0x7A27,0x7A47,0x7A47,0x8A88,0x8AA9,0x8AA8,0x8A88,0x8287,0x7A67,0x7A66,0x7A67,0x7A27,0x7A06,0x7A27,
    0x71E6,0x69C5,0x69C4,0x82E8,0x7265,0x7285,0x6A45,0x72A6,0x9BAA,0x72A6,0x6A65,0x6A86,0x72A7,0x7B08,0x8349,0x8B89,
    0xA44C,0xB4CF,0xBD51,0xCDB3,0xE676,0xE697,0xC616,0xC659,0xB619,0xAE19,0xAE19,0xAE19,0xAE19,0xAE19,0xADF8,0xADD8,
    0xA5D8,0xADF8,0xADF8,0xB619,0xB619,0xADF9,0xADD8,0xADD8,0xADD8,0xADD8,0xADD8,0xADF8,0xADF8,0xADD8,0xADD8,0xADF8,
    0xADF8,0xADF8,0xADF8,0xADF8,0xADF8,0xADF8,0xADF8,0xADF8,0xADF8,0xADF8,0xADF8,0xADF8,0xADF8,0xADF8,0xADF8,0xADF9,
    0xADF8,0xADD8,0xADD8,0xADD8,0xADD8,0xADD8,0xADD8,0xADF8,0xADF9,0xADD8,0xA5D8,0xA5B8,0xA5B8,0xA597,0xA597,0xA5B8,
    0x9D56,0x9556,0x9555,0x9556,0x9D56,0x9D76,0x9D76,0x9D96,0x9D96,0x9D97,0x9D96,0x9D97,0xA5B7,0xA5B7,0xA5B7,0xA5B7,
    0x9D97,0x9D96,0x9D76,0x9D77,0x9D77,0x9D97,0xA597,0xA5B7,0xA5B7,0xA5B7,0xA5B7,0xA5D8,0xA5D8,0xA5D8,0xA5D8,0xA5B8,
    0xA5B8,0xA5B8,0xA5B8,0xA5B8,0xA5B7,0xA597,0xA5B7,0xA5B7,0xA5B7,0xA5B8,0xA5B8,0xA5D8,0xA5D8,0xA5D8,0xADD8,0xADD8,
    0xA5D8,0xA5B8,0xA5B8,0xA5B8,0xA5D8,0xA5D8,0xA5B8,0xA5D8,0xADD8,0xADD8,0xADD8,0xADD8,0xADD8,0xADF8,0xADF8,0xADF8,
    0xA5D8,0xA5D8,0xAE19,0xAE19,0xADF8,0xA5D8,0xA5B8,0xA5B7,0xA5D8,0xA5D8,0xA5B8,0xA5B8,0xA5B8,0xA5D8,0xADD8,0xADD8,
    0xADD8,0xA5D8,0xA5D8,0xA5D8,0xA5D8,0xADD8,0xADD8,0xADD8,0xADD8,0xADF8,0xADF8,0xADF8,0xADD8,0xADD8,0xADF8,0xADF8,
    0xADD8,0xA5B8,0xA5B7,0xA597,0xA597,0xA597,0xA5B8,0xA5B8,0xA5B8,0xA5B8,0xA5B8,0xA5B7,0xA5B8,0xA5B8,0xA5B8,0xA5D8,
    0xADF8,0xADF8,0xADF8,0xADF8,0xA5D8,0xADF8,0xADF8,0xADF8,0xA5D8,0xA5B7,0xA597,0xA5B7,0xA5B7,0xA5D8,0xADD8,0xADF8,
    0xAE18,0xAE19,0xB619,0xB619,0xAE18,0xADF8,0xADF8,0xADF8,0xADF8,0xADF8,0xADF8,0xADF8,0xADF8,0xADF8,0xADF8,0xADF8,
    0xA5D8,0xA5D8,0xADF8,0xADF8,0xADD8,0xA5D8,0xA5D8,0xA5D8,0xA5D7,0xA5D7,0xA5D7,0xA5D8,0xA5D8,0xA5D8,0xADD8,0xADF8,
    0xADF8,0xAE18,0xAE19,0xAE19,0xAE18,0xADF8,0xADF8,0xADF8,0xADF8,0xADF8,0xADF8,0xAE18,0xAE19,0xADF8,0xADF8,0xAE18,
    0xB619,0xAE19,0xAE19,0xAE19,0xAE19,0xAE19,0xADF8,0xADF8,0xADF8,0xADF8,0xADF8,0xAE18,0xADF8,0xADF8,0xADF8,0xADF8,
    0xADD8,0xA5D8,0xADF8,0xADF8,0xADF8,0xADF8,0xADF8,0xA5D8,0xADD8,0xADF8,0xADF8,0xADF8,0xADF8,0xAE18,0xAE18,0xAE18,
    0xADF8,0xADF8,0xADF8,0xADF8,0xADF8,0xADF8,0xADF8,0xAE18,0xAE19,0xB619,0xB639,0xAE19,0xAE18,0xAE19,0xB619,0xB619,
    0xB639,0xAE19,0xAE18,0xADF8,0xADF8,0xADF8,0xADF8,0xADF8,0xADF8,0xADF8,0xADF8,0xADF8,0xADF8,0xADF8,0xADF8,0xADF8,
    0xADF8,0xADF8,0xADF8,0xADF8,0xADF8,0xADF8,0xADF8,0xADF8,0xADF8,0xADF8,0xADF8,0xADF8,0xADF8,0xADF8,0xAE19,0xAE19,
    0xADF8,0xADF8,0xADF8,0xAE19,0xAE19,0xAE19,0xAE19,0xAE18,0xADF8,0xADF8,0xADF8,0xAE18,0xAE18,0xAE18,0xAE19,0xB619,
    0xAE19,0xAE18,0xAE18,0xAE19,0xAE19,0xAE19,0xAE19,0xADF8,0xAE18,0xAE19,0xAE19,0xAE19,0xAE19,0xB639,0xB619,0xAE19,
    0xAE19,0xAE18,0xAE19,0xAE19,0xB619,0xAE19,0xB619,0xB619,0xAE18,0xADF8,0xADF8,0xADF9,0xAE19,0xAE19,0xAE19,0xAE19,
    0xAE19,0xB619,0xB619,0xB619,0xAE19,0xAE19,0xAE19,0xADF9,0xADD8,0xA5D8,0xA5D8,0xADD8,0xADF8,0xADF8,0xAE19,0xAE19,
    0xB619,0xB639,0xB639,0xAE19,0xADF8,0xADF8,0xAE19,0xADF9,0xAE19,0xAE1A,0xAE3A,0xAE3A,0xAE19,0xAE18,0xADF7,0xADF7,
    0xAD53,0x8BED,0xA46E,0xACAF,0xA44E,0x836A,0x6266,0x51C4,0x5A26,0x4983,0x6205,0x6A47,0x6A47,0x7247,0x7247,0x7A47,
    0x7A47,0x7A47,0x7A47,0x8267,0x8288,0x8AA9,0x92E9,0x92E9,0x8AA8,0x8287,0x7A67,0x7A67,0x8267,0x8247,0x8247,0x8247,
    0x71E5,0x69C4,0x69E5,0x82A7,0x7AA6,0x7244,0x7AA6,0x61E3,0x8B49,0x8328,0x6A45,0x6A65,0x6245,0x6245,0x5A24,0x6A65,
    0x72C6,0x8B8A,0x9C2D,0xB4F0,0xC592,0xD615,0xD677,0xB5D7,0xAE18,0xADF8,0xADF8,0xADF8,0xADF9,0xAE19,0xAE19,0xAE19,
    0xADF9,0xADD8,0xADF8,0xADF9,0xB619,0xAE19,0xADF9,0xADF8,0xADF8,0xADF8,0xADF8,0xADD8,0xADD8,0xADD8,0xADD8,0xADD8,
    0xA5B7,0xA5B7,0xA5D8,0xADD8,0xADD8,0xADF8,0xADF8,0xADF8,0xADF8,0xADF8,0xADF8,0xADF8,0xADD8,0xADD8,0xA5D8,0xA5D8,
    0xADD8,0xADD8,0xADD8,0xADD8,0xADD8,0xADD8,0xADD8,0xADD8,0xADF9,0xADD8,0xADD8,0xADD8,0xADD8,0xA5D8,0xA5D8,0xA5D8,
    0xA597,0x9D76,0x9D76,0x9556,0x9556,0x9D56,0x9D76,0x9D76,0x9D76,0x9D76,0x9D96,0x9D96,0xA596,0x9D96,0xA5B7,0xA5B7,
    0xA5B7,0xA5B7,0xA5B7,0xA5B7,0x9D97,0x9D96,0x9D96,0x9D96,0x9D97,0xA597,0xA597,0xA597,0xA5B7,0xA5B7,0xA5B7,0xA597,
    0x9D97,0xA597,0xA597,0xA597,0xA597,0xA5B7,0xA5B8,0xA5B8,0xA5B8,0xA597,0xA597,0xA5B7,0xA5B7,0xA5B8,0xA5D8,0xA5D8,
    0xA5D8,0xADD8,0xADD8,0xADD8,0xADD8,0xA5D8,0xA597,0xA5B8,0xA5D8,0xA5D8,0xA5B8,0xA597,0xA597,0xA5B8,0xA5B8,0xA5D8,
    0xA5D8,0xA5D8,0xA5B8,0xA5B7,0xA5D8,0xADF8,0xADF8,0xADF8,0xADF8,0xA5D8,0xADD8,0xA5D8,0xA5D8,0xADD8,0xADD8,0xADD8,
    0xA5D8,0xA5D8,0xA5D8,0xA5B8,0xA5B8,0xA5B8,0xA5B7,0xA5B7,0xA5D8,0xA5D8,0xADD8,0xA5D8,0xA5D8,0xADF8,0xADF8,0xADF8,
    0xADD8,0xA5D8,0xA5D8,0xA5D8,0xA5B8,0xA5B8,0xA5B7,0xA5B8,0xA5B8,0xA5D8,0xADD8,0xADD8,0xADD8,0xADD8,0xADD8,0xADF8,
    0xADF8,0xADF8,0xADF8,0xADF8,0xADF8,0xADF8,0xADF8,0xADF8,0xA5D8,0xADF8,0xA5D8,0xA5B7,0xA5B7,0xA5B7,0xA597,0xA5B7,
    0xA5D8,0xADD8,0xADD8,0xADF8,0xADF8,0xADF8,0xADF8,0xAE18,0xAE18,0xAE18,0xAE18,0xAE19,0xB619,0xAE19,0xAE18,0xAE18,
    0xADF8,0xADF8,0xAE18,0xAE18,0xAE18,0xAE18,0xADF8,0xADF8,0xA5D8,0xA5D8,0xA5D8,0xA5D8,0xA5D8,0xA5D8,0xADD8,0xADF8,
    0xADF8,0xADF8,0xADF8,0xADF8,0xADF8,0xADF8,0xAE18,0xAE19,0xADF8,0xADF8,0xADF8,0xADF8,0xADD8,0xADF8,0xAE19,0xB619,
    0xAE19,0xAE18,0xADF8,0xADF8,0xADF8,0xADF8,0xAE18,0xAE18,0xADF8,0xADF8,0xADF8,0xADF8,0xAE18,0xAE19,0xB619,0xAE19,
    0xAE18,0xADF8,0xADF8,0xAE18,0xADF8,0xADF8,0xADD8,0xADD8,0xADD8,0xADD8,0xADF8,0xADF8,0xADF8,0xADF8,0xAE18,0xB619,
    0xB619,0xAE19,0xADF8,0xADF8,0xADF8,0xADF8,0xADF8,0xADD8,0xADF8,0xAE18,0xB619,0xB619,0xB619,0xAE19,0xAE19,0xAE18,
    0xAE19,0xAE18,0xAE18,0xAE19,0xB619,0xAE18,0xAE19,0xAE18,0xADF8,0xAE18,0xAE19,0xAE18,0xAE18,0xAE18,0xADF8,0xADF8,
    0xAE18,0xAE18,0xAE18,0xAE18,0xADF8,0xADF8,0xADF8,0xADF8,0xADF8,0xADF8,0xADF8,0xADF8,0xADF8,0xAE18,0xAE19,0xAE19,
    0xADF8,0xADF8,0xADF8,0xADF8,0xADF8,0xADF8,0xADF8,0xAE18,0xAE19,0xAE19,0xAE19,0xAE19,0xB639,0xB639,0xB639,0xB639,
    0xB619,0xAE19,0xAE19,0xAE18,0xADF8,0xAE18,0xAE19,0xB639,0xB619,0xAE19,0xAE18,0xADF8,0xADF8,0xADF8,0xAE18,0xAE19,
    0xAE19,0xAE19,0xAE19,0xAE18,0xAE18,0xAE19,0xAE19,0xAE19,0xAE19,0xB619,0xB619,0xADF8,0xADF8,0xADF8,0xADF8,0xADF9,
    0xADF9,0xAE19,0xAE19,0xB619,0xB619,0xB619,0xB639,0xB619,0xAE19,0xAE19,0xAE19,0xADF9,0xADF9,0xADF8,0xADF8,0xAE19,
    0xB619,0xB639,0xB639,0xB619,0xAE18,0xADF8,0xAE18,0xADF8,0xADF9,0xAE19,0xAE39,0xAE39,0xAE39,0xAE19,0xB618,0xB5F7,
    0xA4F2,0x940D,0x836B,0x836A,0x93CC,0x93CC,0x7AE9,0x6AA8,0x5A46,0x5A26,0x6226,0x6226,0x7287,0x7247,0x6A06,0x7A47,
    0x8288,0x8A89,0x8A89,0x8AA9,0x8AC9,0x92EA,0x9B2A,0x9B0A,0x92A9,0x8267,0x8267,0x8267,0x8267,0x8267,0x8267,0x8247,
    0x7205,0x69C5,0x6A05,0x7A66,0x82C7,0x7245,0x7286,0x6A44,0x6A65,0x9369,0x6A45,0x6A65,0x72C7,0x7B08,0x72C7,0x72A6,
    0x6A86,0x72C7,0x7B49,0x940C,0xB4CF,0xD635,0xDEB8,0xAD95,0xA5B7,0xA5B8,0xA5B8,0xA5B8,0xA5D8,0xA5D8,0xADD8,0xADF9,
    0xADF9,0xADF9,0xADD8,0xADD8,0xADF8,0xADF8,0xADF8,0xADF8,0xADF8,0xADF8,0xADF8,0xADF8,0xADF8,0xADF8,0xADF8,0xADF8,
    0xADF8,0xADD8,0xADD8,0xA5B7,0xA5B7,0xA5D7,0xA5D7,0xA5D8,0xA5D8,0xADD8,0xADF8,0xADF8,0xADF8,0xADF8,0xADF8,0xADD8,
    0xADD8,0xA5D8,0xA5D8,0xADF8,0xADF8,0xADF8,0xADF8,0xADF8,0xADF9,0xADF9,0xADF9,0xADF9,0xADF9,0xADD8,0xADD8,0xADF9,
    0x9D97,0xA597,0x9D97,0x9D96,0x9D76,0x9D76,0x9D76,0x9D76,0x9D76,0x9D96,0x9D96,0x9D75,0x9555,0x9555,0x9D75,0x9D75,
    0x9D75,0x9D75,0x9D96,0x9D96,0xA5B7,0xA5B7,0xA5B7,0xA596,0xA5B6,0xA5B7,0xA5B7,0x9D97,0xA597,0xA5B7,0xA5B7,0xA5B7,
    0xA5B7,0xA5B7,0xA5B7,0xA5B7,0xA5B7,0xA5B7,0xA5B7,0xA5D8,0xA5D8,0xA5D8,0xA5D8,0xA5D8,0xA5D8,0xA5D8,0xADD8,0xA5D8,
    0xA5B7,0xA597,0xA5B7,0xA5B7,0xA5B7,0xA5B7,0xA5B7,0xA5D8,0xA5D8,0xA5D8,0xA5D8,0xA5B7,0xA5B7,0xA5D8,0xADD8,0xADD8,
    0xA5D8,0xA5B7,0xA597,0x9D97,0xA597,0xA597,0xA5B7,0xA5B7,0xA5D7,0xA5D8,0xA5B7,0xA5B7,0xA5B7,0xA5D8,0xA5D8,0xA5D8,
    0xADD8,0xADD8,0xADF8,0xADF8,0xADF8,0xADF8,0xA5D8,0xA5D8,0xA5D8,0xA5D8,0xA5D8,0xA5D8,0xA5D8,0xADD8,0xA5D8,0xA5D8,
    0xA5D8,0xADD8,0xADF8,0xADF8,0xADF8,0xADF8,0xADD8,0xA5D8,0xADD8,0xA5D8,0xA5D8,0xADD8,0xADD8,0xADF8,0xAE19,0xAE19,
    0xAE18,0xAE19,0xAE19,0xAE19,0xADF8,0xADF8,0xADF8,0xADF8,0xA5D8,0xADF8,0xADF8,0xADF8,0xADD8,0xA5D8,0xA5B7,0xA5B7,
    0xA5B7,0xA5B7,0xA5D7,0xA5D8,0xA5D8,0xA5D7,0xA5B7,0xA5B7,0xA5B7,0xA5D8,0xADF8,0xADF8,0xADF8,0xADF8,0xAE18,0xAE18,
    0xAE18,0xAE19,0xAE18,0xAE19,0xAE19,0xAE19,0xAE19,0xAE19,0xAE19,0xAE19,0xADF8,0xADF8,0xADF8,0xADF8,0xADF8,0xADF8,
    0xADF8,0xADF8,0xADD8,0xADD8,0xA5D8,0xA5D8,0xA5D8,0xADD8,0xAE19,0xADF8,0xADF8,0xADF8,0xADF8,0xADD8,0xADF8,0xADF8,
    0xADF8,0xAE19,0xAE19,0xAE19,0xAE18,0xAE18,0xAE18,0xAE19,0xB619,0xAE19,0xAE19,0xAE19,0xAE18,0xAE18,0xADF8,0xADF8,
    0xADF8,0xADF8,0xADF8,0xADF8,0xAE18,0xAE18,0xAE19,0xAE19,0xAE18,0xADF8,0xADF8,0xADF8,0xADF8,0xA5D8,0xA5D8,0xA5D8,
    0xADF8,0xADF8,0xA5D8,0xADD8,0xADD8,0xADD8,0xA5D8,0xA5D7,0xA5D8,0xADD8,0xADD8,0xADF8,0xADF8,0xADF8,0xADF8,0xADF8,
    0xADF8,0xADF8,0xADF8,0xADF8,0xAE18,0xB619,0xB639,0xB619,0xAE19,0xAE18,0xAE18,0xAE18,0xAE18,0xAE18,0xADF8,0xADF8,
    0xADF8,0xADF8,0xADF8,0xAE19,0xAE18,0xAE18,0xADF8,0xADF8,0xAE18,0xAE18,0xAE18,0xAE18,0xAE18,0xADF8,0xADF8,0xADF8,
    0xAE18,0xAE19,0xAE19,0xAE18,0xAE18,0xADF8,0xADF8,0xADF8,0xADF8,0xADF8,0xADF8,0xADF8,0xAE18,0xAE19,0xAE19,0xAE18,
    0xB619,0xB639,0xAE19,0xAE19,0xAE19,0xAE18,0xADF8,0xADF8,0xAE18,0xAE19,0xAE18,0xADF8,0xADF8,0xADF8,0xADF8,0xADF8,
    0xADF8,0xAE18,0xAE18,0xADF8,0xADD8,0xADF8,0xADF8,0xADF8,0xADF8,0xAE18,0xAE19,0xAE19,0xAE19,0xADF8,0xADF8,0xADF8,
    0xADF8,0xADF8,0xADF8,0xADF8,0xADF8,0xAE19,0xAE19,0xB619,0xB639,0xB639,0xB639,0xB619,0xAE19,0xAE19,0xB639,0xB619,
    0xAE18,0xADF8,0xADF8,0xAE18,0xAE19,0xB639,0xB639,0xAE19,0xAE19,0xAE19,0xADF9,0xADF9,0xAE19,0xADF8,0xB618,0xB5F7,
    0xA513,0x940D,0x7309,0x72E8,0x72E8,0x72E8,0x6AA7,0x6AA8,0x6267,0x5A26,0x59C4,0x6A26,0x7288,0x7247,0x7A68,0x8288,
    0x8AC9,0x92CA,0x8ACA,0x8ACA,0x8AC9,0x8AC9,0x92EA,0x9AEA,0x8AA8,0x8267,0x8267,0x8267,0x8246,0x8267,0x8247,0x7A47,
    0x7226,0x69E5,0x69E4,0x7245,0x82A6,0x7A65,0x6A24,0x7A86,0x6A24,0x8307,0x7AE7,0x6225,0x6A66,0x72C7,0x8B69,0x93CB,
    0xA44D,0x9C0D,0x9C0D,0x93EC,0x9C0C,0xC572,0xD677,0xC637,0xADF7,0xAE19,0xADF8,0xADD8,0xADD8,0xADD8,0xA5D8,0xA5D8,
    0xADD8,0xADD8,0xADF8,0xADD8,0xADD8,0xADD8,0xADD8,0xADF8,0xADF8,0xADF8,0xADF8,0xADF8,0xADF8,0xADF8,0xADF8,0xADF8,
    0xB619,0xB619,0xADF8,0xADF8,0xADF8,0xADF8,0xADD8,0xADD8,0xA5D8,0xA5D8,0xA5D8,0xADD8,0xADD8,0xADD8,0xADF8,0xADF8,
    0xADF8,0xADF8,0xADF8,0xA5D8,0xA5D8,0xADF8,0xADF8,0xADF8,0xADF8,0xADF8,0xADD8,0xADD8,0xADD8,0xADD8,0xADF9,0xADF9,
    0x9D76,0xA597,0xA5B7,0xA5B7,0xA5B7,0xA5B7,0xA597,0x9D97,0x9D76,0x9D75,0x9D75,0x9D75,0x9D75,0x9D75,0x9D75,0x9D75,
    0x9D75,0x9555,0x9555,0x9555,0x9D75,0x9D75,0x9D96,0x9D96,0xA5B6,0xA5B6,0xA5B6,0xA5B7,0xA5B7,0xA5D7,0xA5B7,0xA5B7,
    0xA5D7,0xA5D7,0xA5D7,0xA5D7,0xA5B7,0xA5B7,0xADD8,0xADD8,0xA5D7,0xA5D7,0xA5D7,0xA5D7,0xA5D8,0xA5D8,0xADF8,0xA5D8,
    0xA5D7,0xA5B7,0x9D97,0x9D96,0x9D96,0x9D96,0x9D97,0x9D96,0x9D97,0xA597,0xA5B7,0xA5B7,0xA5B7,0xA5B7,0xA5D7,0xADD8,
    0xADD8,0xADF8,0xADD8,0xA5D7,0xA5B7,0xA5B7,0xA5B7,0xA5B7,0xA5D8,0xADF8,0xADD8,0xA5D7,0xA5D7,0xA5D8,0xADD8,0xA5D7,
    0xA5B7,0xA5B7,0xA5B7,0xA5B7,0xA5B7,0xA5D7,0xADD8,0xADF8,0xADF8,0xAE18,0xADF8,0xADF8,0xADF8,0xADF8,0xADF8,0xADF8,
    0xADD8,0xADD8,0xADF8,0xADF8,0xADF8,0xAE18,0xADF8,0xADF8,0xADF8,0xADF8,0xADF8,0xADD8,0xA5D8,0xA5D7,0xA5D7,0xA5D7,
    0xA5D7,0xA5D8,0xADD8,0xADF8,0xAE18,0xADF8,0xADF8,0xADF8,0xADF8,0xA5D8,0xADD8,0xADD8,0xADD8,0xADF8,0xADF8,0xADD8,
    0xADD8,0xA5D8,0xA5B7,0xA5B7,0xA5B7,0xA5B7,0xA5B7,0xA5B7,0xA5B7,0xA5B7,0xA5B7,0xA597,0x9D97,0xA5B7,0xA5D8,0xADF8,
    0xADF8,0xADF8,0xADF8,0xADF8,0xAE18,0xB619,0xB619,0xB619,0xAE19,0xAE19,0xAE18,0xAE19,0xAE18,0xADF8,0xADD8,0xA5D8,
    0xA5D8,0xADF8,0xADF8,0xAE18,0xADF8,0xADD8,0xA5D8,0xADF8,0xADF8,0xADD8,0xADD8,0xADF8,0xADF8,0xA5D8,0xA5B7,0xA5B7,
    0xA5D8,0xADD8,0xADF8,0xADF8,0xAE19,0xB619,0xAE18,0xAE18,0xAE18,0xAE19,0xAE19,0xAE18,0xADF8,0xAE18,0xAE19,0xAE19,
    0xAE18,0xADF8,0xA5D8,0xA5D7,0xADF8,0xADD8,0xADD8,0xADF8,0xADF8,0xADF8,0xADF8,0xADF8,0xADF8,0xADF8,0xADF8,0xADF8,
    0xADF8,0xADF8,0xADD8,0xADD8,0xA5D8,0xA5D7,0xA5D8,0xADF8,0xADD8,0xA5D8,0xA5D7,0xA5D8,0xA5D8,0xADD8,0xADF8,0xADF8,
    0xADF8,0xADF8,0xA5D7,0xA5B7,0xA5B7,0xA5B7,0xA5D8,0xADF8,0xAE18,0xAE19,0xB639,0xB639,0xAE19,0xAE18,0xAE18,0xAE18,
    0xAE18,0xAE18,0xAE18,0xADF8,0xADF8,0xADF8,0xAE18,0xAE18,0xAE18,0xAE18,0xAE18,0xAE18,0xAE18,0xADF8,0xADF8,0xADF8,
    0xADF8,0xADD8,0xADD8,0xADF8,0xADF8,0xADF8,0xADF8,0xADF8,0xADF8,0xADF8,0xADD8,0xA5D7,0xADD7,0xA5D7,0xA5D7,0xADF8,
    0xADF8,0xAE18,0xAE18,0xADF8,0xAE18,0xAE18,0xAE18,0xADF8,0xADF8,0xAE18,0xAE18,0xAE18,0xAE18,0xB619,0xAE18,0xAE18,
    0xADF8,0xAE18,0xAE18,0xAE18,0xADF8,0xADD8,0xADD8,0xADF8,0xADF8,0xADF8,0xADF8,0xADF8,0xADF8,0xAE18,0xAE18,0xAE19,
    0xAE19,0xAE19,0xAE18,0xADF8,0xADF8,0xADF8,0xADF8,0xADF8,0xAE19,0xAE18,0xAE18,0xAE18,0xB619,0xB619,0xB639,0xB619,
    0xB619,0xB619,0xAE19,0xAE19,0xAE19,0xAE19,0xAE18,0xADF8,0xADF8,0xADF9,0xA5F8,0xA5F8,0xA5D7,0xADD7,0xB5F7,0xB5F7,
    0x9491,0x730A,0x6288,0x5225,0x49C4,0x5A45,0x6287,0x5A26,0x5A47,0x51C5,0x51C4,0x7267,0x82E9,0x7267,0x7A47,0x7207,
    0x61A5,0x6164,0x61A5,0x6A06,0x7248,0x82A9,0x8AA9,0x8AA9,0x8AA8,0x8247,0x8267,0x8247,0x7A46,0x8267,0x8267,0x7A46,
    0x7226,0x6A05,0x7225,0x7A66,0x7A46,0x82C7,0x7245,0x7245,0x7286,0x7265,0x8B69,0x6A45,0x6A65,0x6A86,0x7AE7,0x8308,
    0x93CC,0xA44E,0xACD0,0xACAF,0x9C2C,0x940C,0x942E,0xB5F5,0xBE38,0xB618,0xB619,0xADF8,0xADF8,0xADF8,0xADF8,0xADF8,
    0xADF8,0xAE18,0xADF8,0xADF8,0xADD8,0xADD8,0xADD8,0xADF8,0xADD8,0xADD8,0xADD8,0xADD8,0xADD8,0xADD8,0xA5D8,0xA5D8,
    0xADD8,0xADF8,0xADF8,0xADF8,0xADF8,0xADF8,0xADF8,0xADF8,0xADF8,0xADF8,0xADF8,0xADD8,0xA5D7,0xA5B7,0xA5D7,0xA5D8,
    0xADD8,0xADF8,0xADF8,0xADF8,0xADF8,0xADF8,0xADF8,0xADF8,0xADD8,0xADD8,0xADD8,0xADF8,0xADD8,0xADD8,0xADD8,0xADF8,
    0x9D96,0x9D97,0xA597,0xA5B7,0xA5B7,0xA597,0x9D97,0x9D97,0x9D76,0x9D76,0x9D76,0x9D76,0x9D96,0x9D76,0x9D76,0x9D76,
    0x9D76,0x9D75,0x9D75,0x9D75,0x9D75,0x9D75,0x9D75,0x9D96,0x9D96,0x9D96,0xA5B6,0xA5B7,0xA5B7,0xA5B7,0xA5B7,0xA597,
    0x9D96,0x9D97,0xA597,0xA597,0x9D96,0x9D96,0xA597,0xA5B7,0xA5B7,0xA5B7,0xA5B7,0xA5B7,0xA5B7,0xA5B7,0xA5B7,0xA5D7,
    0xA5D8,0xA5D7,0xA5D7,0xA5D8,0xA5D8,0xADD8,0xA5D8,0xA5D7,0xA5D7,0xA5D7,0xA5B7,0xA5B7,0x9D97,0xA597,0xA5B7,0xA5B7,
    0xA5D7,0xA5D7,0xA5D8,0xA5D8,0xADD8,0xADF8,0xADF8,0xADF8,0xADD8,0xA5B7,0xA5D7,0xA5B7,0xA5B7,0xA5B7,0xA5D7,0xADD8,
    0xA5D8,0xA5D7,0xA5D7,0xA5D7,0xA5D7,0xA5B7,0xA5D7,0xA5D7,0xA5D7,0xADD8,0xADF8,0xAE18,0xAE18,0xADF8,0xADF8,0xADF8,
    0xADF8,0xAE18,0xAE18,0xADF8,0xADF8,0xA5D8,0xADF8,0xADF8,0xADF8,0xADF8,0xA5D8,0xA5D8,0xA5D7,0xA5D7,0xA5D7,0xA5B7,
    0xA5B7,0xA597,0xA5B7,0xA5B7,0xADD8,0xA5D8,0xA5D8,0xADD8,0xADF8,0xADF8,0xADD8,0xA5D8,0xA5D8,0xADD8,0xA5D8,0xADD8,
    0xADF8,0xADF8,0xADF8,0xADF8,0xADF8,0xADF8,0xADF8,0xADF8,0xADF8,0xADD8,0xA5D8,0xA5D8,0xA5D8,0xA5D8,0xA5D8,0xA5D8,
    0xA5B7,0xA5B7,0xA5B7,0xA5B7,0xA5B7,0xA5B7,0xA5D8,0xADF8,0xAE18,0xAE19,0xAE19,0xB639,0xB639,0xAE19,0xAE18,0xADF8,
    0xADF8,0xADF8,0xADF8,0xAE18,0xADF8,0xADF8,0xADF8,0xADF8,0xADF8,0xADF8,0xADF8,0xADF8,0xADF8,0xAE18,0xADF8,0xADD8,
    0xADD8,0xADF8,0xADF8,0xADD8,0xADF8,0xADF8,0xADF8,0xADF8,0xADF8,0xAE19,0xAE19,0xAE18,0xADF8,0xADF8,0xADF8,0xB619,
    0xB619,0xB619,0xB619,0xB619,0xAE18,0xADF8,0xADF8,0xADD8,0xA5D8,0xA5D7,0xADD8,0xADF8,0xAE18,0xAE18,0xAE18,0xADF8,
    0xADF8,0xADF8,0xAE18,0xAE18,0xAE18,0xAE18,0xADF8,0xADF8,0xADF8,0xADF8,0xADF8,0xADF8,0xADF8,0xADF8,0xADF8,0xAE18,
    0xB619,0xAE19,0xAE18,0xADF8,0xADF8,0xADF8,0xADD8,0xA5D7,0xA5B7,0xA5D7,0xADF8,0xAE18,0xAE18,0xAE18,0xADF8,0xAE18,
    0xAE18,0xAE19,0xAE19,0xB619,0xB619,0xAE19,0xAE18,0xAE18,0xAE18,0xAE18,0xAE18,0xAE18,0xB639,0xB639,0xB618,0xB618,
    0xAE18,0xADF8,0xADF8,0xADF8,0xADF8,0xADF8,0xADD7,0xADF8,0xADF8,0xADF8,0xAE18,0xAE18,0xAE18,0xAE18,0xAE18,0xADF8,
    0xADF8,0xADD7,0xA5B7,0xA5D7,0xADF8,0xAE18,0xB639,0xB639,0xAE18,0xADF8,0xAE18,0xAE18,0xB618,0xAE18,0xAE18,0xAE18,
    0xB618,0xB618,0xAE18,0xB618,0xB618,0xB618,0xAE18,0xADF8,0xADF8,0xADF8,0xADF8,0xADF8,0xADF8,0xADF8,0xADF8,0xAE18,
    0xAE18,0xB619,0xB639,0xB639,0xB619,0xB619,0xAE19,0xAE19,0xAE19,0xADF8,0xAE18,0xAE18,0xAE19,0xAE18,0xAE18,0xAE19,
    0xAE19,0xB619,0xAE19,0xAE18,0xAE18,0xAE18,0xAE18,0xADF8,0xAE18,0xAE19,0xAE19,0xAE19,0xAE18,0xB5F8,0xADB6,0xB5D7,
    0x9CD2,0x7B4B,0x6AE9,0x5225,0x3942,0x3942,0x41A3,0x5206,0x5206,0x5A06,0x6226,0x72A8,0x82E9,0x7247,0x7227,0x7207,
    0x69E7,0x5985,0x4923,0x4103,0x4923,0x5985,0x7207,0x8A88,0x8AA8,0x8247,0x8267,0x8267,0x7A46,0x69E5,0x61C4,0x61A4,
    0x59A4,0x5163,0x59A4,0x6A05,0x69E5,0x7A66,0x7A86,0x6A24,0x7AC7,0x7265,0x82E7,0x7AE7,0x6225,0x72A7,0x6A86,0x72C7,
    0x6A86,0x6266,0x7B49,0xA46E,0xB4EF,0xAC8E,0x8C0D,0xAD73,0xB617,0xADF8,0xADF8,0xADF8,0xADF8,0xADF8,0xADF8,0xADF8,
    0xAE18,0xB618,0xB619,0xADF8,0xADF8,0xADF8,0xADF8,0xADF8,0xADF8,0xADF8,0xADF8,0xADF8,0xADF8,0xADF8,0xADD8,0xADD8,
    0xADD8,0xADF8,0xADF8,0xADF8,0xAE19,0xADF8,0xADF8,0xADF8,0xADF8,0xADF8,0xADF8,0xADF8,0xADF8,0xADF8,0xADF8,0xADF8,
    0xADF8,0xA5D8,0xA5D7,0xA5D8,0xADD8,0xADD8,0xADF8,0xADF8,0xADF8,0xADD8,0xADD8,0xADD8,0xA5D8,0xA5D8,0xA5D8,0xA5D8,
    0x9D97,0x9D97,0x9D97,0x9D97,0x9D96,0x9D96,0x9D96,0x9D76,0x9D96,0x9D96,0xA5B7,0xA5B7,0xA5B7,0xA5B7,0x9D96,0x9D96,
    0xA596,0xA596,0x9D96,0x9D96,0x9D96,0x9D76,0x9D76,0x9D75,0x9D75,0x9D76,0xA596,0xA5B7,0xA5B7,0xA5B7,0xA5B7,0xA5B7,
    0xA5D7,0xA5B7,0xA5B7,0x9D97,0x9D96,0x9D76,0x9D76,0x9D76,0x9D96,0x9D97,0xA5B7,0xA5B7,0xA5B7,0xA5B7,0x9D96,0x9D97,
    0xA5B7,0xA5B7,0xA5B7,0xA597,0x9D97,0xA597,0xA5B7,0xADD8,0xADF8,0xADD8,0xADD8,0xADD8,0xA5D7,0xA5B7,0xA5B7,0xA5B7,
    0xA5B7,0xA5B7,0xA5B7,0xA5B7,0xA5B7,0xA5B7,0xADD7,0xADD8,0xADD8,0xA5D7,0xA5D8,0xADF8,0xADF8,0xA5D8,0xA5D7,0xA5D7,
    0xA5D7,0xA5D7,0xA5D7,0xA5D7,0xA5D8,0xA5D7,0xA5D7,0xA5D7,0xA5B7,0xA5B7,0xA5B7,0xA5B7,0xA5D7,0xADD8,0xA5D7,0xA5D7,
    0xA5D8,0xADD8,0xADD8,0xADF8,0xADF8,0xADF8,0xADF8,0xAE18,0xAE19,0xAE18,0xADF8,0xADF8,0xADF8,0xADF8,0xADF8,0xADD8,
    0xADD8,0xA5D8,0xA5B7,0xA5B7,0xADD8,0xADD8,0xA5B7,0xA5B7,0xA5B7,0xADF8,0xADF8,0xADF8,0xA5D8,0xADD8,0xADF8,0xADF8,
    0xADF8,0xADF8,0xAE18,0xAE18,0xAE18,0xAE19,0xB639,0xAE19,0xAE19,0xAE18,0xADF8,0xADF8,0xADF8,0xADF8,0xADF8,0xADF8,
    0xADF8,0xADF8,0xADF8,0xADF8,0xADD8,0xA5D7,0xA5B7,0xA5B7,0xA5B7,0xA5D7,0xADF8,0xADF8,0xAE19,0xB619,0xB639,0xB619,
    0xAE19,0xADF8,0xADF8,0xADF8,0xADF8,0xADF8,0xADD8,0xA5D8,0xADF8,0xAE18,0xAE19,0xADF8,0xADF8,0xADF8,0xADF8,0xADF8,
    0xADF8,0xADF8,0xADF8,0xADF8,0xADF8,0xADF8,0xADF8,0xADF8,0xADF8,0xADF8,0xADF8,0xAE18,0xAE19,0xB619,0xB639,0xB619,
    0xAE19,0xB619,0xB619,0xB619,0xB619,0xB639,0xB639,0xB639,0xB619,0xB639,0xB639,0xB639,0xB639,0xAE18,0xAE18,0xADF8,
    0xADF8,0xADF8,0xADF8,0xAE18,0xAE19,0xB639,0xB639,0xB619,0xB619,0xB619,0xB619,0xAE18,0xADF8,0xADF8,0xADF8,0xADF8,
    0xAE19,0xAE19,0xAE19,0xAE19,0xB619,0xB639,0xB619,0xAE18,0xAE18,0xADF8,0xADF8,0xADD8,0xADF8,0xADF8,0xADF8,0xADF8,
    0xADF8,0xADF8,0xADF8,0xADF8,0xAE18,0xAE19,0xADF8,0xADF8,0xADF8,0xADF8,0xADF8,0xADF8,0xADF8,0xADF8,0xADF8,0xADF8,
    0xADF8,0xB638,0xB618,0xB618,0xB638,0xB638,0xAE18,0xAE18,0xAE18,0xAE18,0xAE18,0xAE18,0xAE18,0xAE18,0xB618,0xAE18,
    0xB618,0xB638,0xB618,0xAE18,0xAE18,0xB618,0xB639,0xB639,0xB639,0xB638,0xB618,0xAE18,0xAE18,0xADF8,0xAE18,0xAE18,
    0xAE18,0xADF8,0xADD7,0xADD7,0xADF8,0xAE18,0xB618,0xB618,0xAE18,0xAE18,0xAE18,0xAE18,0xADF8,0xADF8,0xADF8,0xADF8,
    0xADF8,0xADF8,0xADF8,0xADF8,0xADF8,0xB619,0xB639,0xB639,0xB639,0xB639,0xB639,0xB619,0xB619,0xAE19,0xAE18,0xAE18,
    0xAE18,0xAE18,0xADF8,0xADF8,0xADF8,0xAE19,0xAE19,0xAE39,0xAE19,0xAE19,0xAE39,0xAE19,0xB619,0xB618,0xADB6,0xB5D7,
    0x9470,0x6AC9,0x6AA8,0x62A7,0x5A66,0x5A66,0x5205,0x5A46,0x5A26,0x5A06,0x6225,0x7AC8,0x7AA8,0x7AA8,0x82C9,0x7AA9,
    0x82EA,0x7ACA,0x6A68,0x6227,0x59E6,0x5985,0x69E6,0x7A68,0x8288,0x8267,0x8A87,0x8267,0x8287,0x7246,0x61C4,0x59A4,
    0x5184,0x51A4,0x59A4,0x6A26,0x7A67,0x7A67,0x82C7,0x7245,0x7A86,0x7AA6,0x6A24,0x8308,0x6225,0x6224,0x72A7,0x72A6,
    0x72C7,0x72E8,0x6AA7,0x72A7,0x7B08,0x8BAA,0xB511,0xCE57,0xB5F7,0xADF8,0xB5F8,0xB5F8,0xB618,0xADF8,0xADD8,0xADD8,
    0xADD8,0xADD7,0xADF8,0xADF8,0xAE18,0xADF8,0xADF8,0xADF8,0xADF8,0xADF8,0xADF8,0xADF8,0xADF8,0xADF8,0xADD8,0xADD8,
    0xADD8,0xADD8,0xADD8,0xADD8,0xADF8,0xAE18,0xADF8,0xADF8,0xADD8,0xA5D8,0xA5D8,0xADF8,0xADF8,0xAE18,0xADF8,0xADF8,
    0xADF8,0xADF8,0xADF8,0xADD8,0xA5D8,0xA5D8,0xADD8,0xADF8,0xADF8,0xADD8,0xADD8,0xADD8,0xADD8,0xADD8,0xADD8,0xADD8,
    0x9D96,0x9D97,0xA597,0xA597,0xA597,0xA5B7,0xA5B7,0xA5B7,0xA5B7,0xA597,0xA597,0xA597,0xA597,0xA597,0x9D97,0x9D97,
    0xA597,0xA5B7,0xA5B7,0xA597,0x9D96,0x9D96,0x9D96,0x9D96,0x9D76,0x9D76,0x9D96,0x9D96,0x9D96,0xA596,0xA596,0xA5B7,
    0xA5B7,0xA5B7,0xA5B7,0xA5B7,0xA5B7,0xA5B7,0xA5D7,0xA5B7,0x9D96,0x9D96,0x9D76,0x9D76,0x9D76,0x9D76,0xA5B7,0xA5B7,
    0xA5B7,0xA5D7,0xA5D7,0xA5B7,0xA5B6,0x9D96,0x9D96,0xA596,0xA5B7,0xA5B7,0xA5D7,0xADD7,0xADD7,0xA5D7,0xA5D7,0xA5D7,
    0xA5B7,0xA5B7,0xA5B7,0xA5B7,0xA596,0xA596,0xA5B7,0xA5B7,0xA5D7,0xADD7,0xA5B7,0xA5D7,0xADD7,0xADD7,0xADD7,0xADF8,
    0xADF7,0xADD7,0xADD7,0xA5D7,0xA5B7,0xA5B7,0xA5D7,0xA5D7,0xA5D7,0xA5D7,0xA5D7,0xA5B7,0xA5B7,0xA5B7,0xADD7,0xADD7,
    0xA5D7,0xA5B7,0xA5B7,0xA5B7,0xA5D7,0xA5D7,0xA5D7,0xA5D7,0xADF8,0xADF8,0xADF8,0xB618,0xB618,0xB639,0xB639,0xB639,
    0xB619,0xB619,0xB619,0xAE19,0xADF8,0xADF8,0xADF8,0xADD8,0xADD8,0xA5D8,0xADF8,0xADF8,0xADF8,0xADF8,0xADF8,0xADF8,
    0xADD8,0xA5D8,0xADD8,0xA5D8,0xA5D8,0xADD8,0xADF8,0xAE18,0xAE18,0xADF8,0xADF8,0xADF8,0xADF8,0xADF8,0xADF8,0xADF8,
    0xADF8,0xADF8,0xADF8,0xADF8,0xADF8,0xADF8,0xADF8,0xADF8,0xADF8,0xA5D8,0xA5D7,0xA5D8,0xADF8,0xAE19,0xB619,0xB639,
    0xB619,0xAE19,0xADF8,0xAE19,0xAE19,0xAE19,0xADF8,0xADF8,0xADF8,0xADF8,0xAE18,0xAE18,0xADF8,0xADF8,0xAE18,0xADF8,
    0xADF8,0xAE18,0xADF8,0xADF8,0xA5D8,0xA5D8,0xADF8,0xADF8,0xAE18,0xAE18,0xADF8,0xADF8,0xADF8,0xADF8,0xADF8,0xADF8,
    0xADF8,0xADF8,0xADF8,0xADD8,0xA5D8,0xADF8,0xADF8,0xADF8,0xADF8,0xB619,0xB619,0xB619,0xB619,0xAE19,0xB619,0xB639,
    0xB619,0xAE18,0xADF8,0xAE18,0xAE18,0xB619,0xB619,0xB619,0xB619,0xB619,0xB639,0xB639,0xAE19,0xAE18,0xAE18,0xAE19,
    0xADF8,0xADF8,0xADF8,0xADF8,0xAE18,0xAE19,0xAE18,0xAE18,0xAE18,0xB619,0xB639,0xAE19,0xAE18,0xADF8,0xADF8,0xADF8,
    0xADF8,0xADF8,0xADF8,0xADF8,0xAE18,0xB619,0xAE18,0xAE18,0xADF8,0xADF8,0xADF8,0xADF8,0xADF8,0xADF8,0xAE18,0xAE18,
    0xADF8,0xADF7,0xADF7,0xADF7,0xADF7,0xADF7,0xAE18,0xAE18,0xAE18,0xAE18,0xADF7,0xADF7,0xADF7,0xADF8,0xADF8,0xADF8,
    0xAE18,0xAE18,0xAE18,0xB638,0xAE18,0xAE18,0xAE18,0xAE18,0xADF8,0xADF8,0xAE18,0xB638,0xB638,0xB638,0xAE38,0xAE18,
    0xAE18,0xAE18,0xAE18,0xADF7,0xADF7,0xADF7,0xADF7,0xADF7,0xADF7,0xAE18,0xB638,0xB618,0xAE18,0xAE18,0xAE18,0xADF8,
    0xADF8,0xADF8,0xADF8,0xA5D7,0xA5D7,0xADD7,0xADF8,0xAE18,0xAE18,0xAE18,0xAE18,0xB618,0xB618,0xB619,0xB619,0xB619,
    0xAE19,0xAE19,0xAE18,0xAE18,0xAE19,0xAE19,0xAE19,0xAE18,0xAE18,0xAE18,0xAE18,0xAE19,0xB618,0xB5F8,0xBDF8,0xAD75,
    0x8C0F,0x6AE9,0x5A46,0x5A87,0x62A7,0x62A7,0x5A67,0x5A26,0x5A06,0x51A5,0x6226,0x7AC9,0x7AA8,0x82A9,0x7A88,0x6207,
    0x51C6,0x49A5,0x3964,0x4164,0x4164,0x51A5,0x6A07,0x7247,0x7A67,0x8288,0x8287,0x8266,0x8287,0x7A87,0x6A47,0x6206,
    0x59E6,0x5A06,0x5A06,0x7268,0x82C9,0x82C9,0x82E7,0x7A85,0x6A24,0x7AA6,0x7265,0x6A25,0x7AE8,0x6204,0x72A7,0x7AE7,
    0x7AE7,0x7B28,0x7B49,0x8369,0x9C0C,0xBCF0,0xCDD4,0xC616,0xAD96,0xADD7,0xADF8,0xADF8,0xADF8,0xADF8,0xADD8,0xADD7,
    0xADD7,0xADD7,0xA5D7,0xADD7,0xADD7,0xADD7,0xA5D7,0xADF8,0xADF7,0xADD7,0xADF8,0xADF8,0xADF8,0xADF8,0xADF8,0xADF8,
    0xADF8,0xADF8,0xADF8,0xADF8,0xADF8,0xADD8,0xA5D8,0xA5D8,0xA5D7,0xA5B7,0xA5B7,0xA5B7,0xA5D8,0xA5D8,0xA5D8,0xADF8,
    0xADF8,0xADF8,0xADF8,0xADF8,0xADF8,0xADD7,0xADD7,0xADF8,0xADF8,0xADD8,0xA5D8,0xA5D8,0xA5D8,0xA5D8,0xA5D8,0xA5D8,
    0xA5B7,0xA5B7,0xA5B7,0xA5B7,0x9D97,0xA5B7,0xA5B7,0xA5B7,0xA5D8,0xA5B8,0xA5B7,0xA597,0xA597,0x9D97,0xA597,0xA5B7,
    0xA597,0xA5B7,0xA5B7,0xA5B7,0xA5B7,0xA5B7,0x9D97,0x9D96,0x9D76,0x9D76,0x9D56,0x9555,0x9D55,0x9D76,0x9D96,0x9D96,
    0x9D96,0x9D96,0xA5B7,0xA5B7,0xA5B7,0xA5B7,0xA596,0xA5B7,0xA5D7,0xA5D7,0xA5D7,0xA5B7,0xA5B7,0x9D96,0x9D96,0x9D76,
    0x9D76,0x9D96,0x9D96,0xA596,0xA5B7,0xA5B7,0xA5B7,0x9D96,0x9D96,0xA596,0xA5B7,0xA5B7,0xA5B7,0xA5D7,0xA5D7,0xA5D7,
    0xA5D7,0xA5D7,0xA5D7,0xADD7,0xA5D7,0xADD7,0xA5D7,0xA5B7,0xA5B7,0xA5D7,0xA5B7,0xA5B7,0xA596,0xA596,0xA5B7,0xA5B7,
    0xA5B7,0xA5D7,0xADD7,0xADF8,0xADF8,0xA5D7,0xA5D7,0xA5D7,0xA5D7,0xA5D7,0xA5D7,0xA5D7,0xA5D7,0xADF8,0xADD7,0xADD7,
    0xADD7,0xADF8,0xADF8,0xA5D7,0xA5B7,0xA5B7,0xA5B7,0xA596,0x9D96,0x9D96,0xA5B7,0xA5D7,0xA5D7,0xADD7,0xADD7,0xADD8,
    0xADD8,0xADF8,0xAE19,0xADF8,0xB619,0xB619,0xB619,0xB619,0xADF8,0xADF8,0xADF8,0xADD8,0xADF8,0xADF8,0xADF8,0xADF8,
    0xADF8,0xADF8,0xADF8,0xADF8,0xA5D8,0xA5D8,0xADD8,0xADF8,0xADF8,0xADF8,0xAE18,0xAE18,0xAE18,0xADF8,0xADF8,0xADF8,
    0xADF8,0xADF8,0xADF8,0xADF8,0xAE18,0xADF8,0xAE18,0xAE19,0xB619,0xAE19,0xADF8,0xADF8,0xADD8,0xADD8,0xADF8,0xAE19,
    0xB619,0xAE19,0xAE18,0xAE18,0xADF8,0xADD8,0xADD8,0xADF8,0xADD8,0xADD8,0xADF8,0xAE18,0xADF8,0xAE18,0xAE19,0xAE19,
    0xAE18,0xB619,0xB639,0xB619,0xAE18,0xADF8,0xADF8,0xADD8,0xADD8,0xADF8,0xADF8,0xADF8,0xADF8,0xADF8,0xA5D8,0xADF8,
    0xADF8,0xADF8,0xADF8,0xAE18,0xADF8,0xADD8,0xA5D7,0xA5D7,0xA5D8,0xADD8,0xADD8,0xADD8,0xADF8,0xADD8,0xADF8,0xAE19,
    0xAE19,0xAE18,0xADD8,0xADD8,0xADF8,0xADF8,0xADF8,0xAE18,0xAE18,0xAE18,0xAE19,0xB639,0xB639,0xAE19,0xAE19,0xAE19,
    0xAE19,0xAE19,0xAE18,0xAE18,0xAE18,0xADF8,0xADF8,0xADF8,0xADF8,0xADF8,0xAE18,0xB639,0xB639,0xB619,0xB619,0xB619,
    0xAE19,0xAE18,0xADF8,0xADF8,0xADF8,0xAE18,0xB619,0xB619,0xB619,0xAE19,0xB619,0xB619,0xAE18,0xAE18,0xAE18,0xADF8,
    0xADF8,0xADF8,0xADF7,0xADF7,0xADF8,0xADF7,0xADF7,0xAE18,0xAE18,0xAE18,0xAE18,0xAE18,0xAE18,0xADF8,0xADF8,0xAE18,
    0xAE18,0xAE18,0xAE18,0xADF8,0xADF7,0xADD7,0xADF7,0xADF8,0xADF7,0xADF7,0xADF7,0xADF7,0xADF8,0xAE18,0xAE18,0xAE18,
    0xAE18,0xAE18,0xAE18,0xB638,0xB638,0xAE18,0xADF8,0xADF8,0xADF8,0xAE18,0xAE18,0xAE18,0xAE18,0xADF8,0xADF8,0xAE18,
    0xB618,0xB618,0xAE18,0xAE18,0xADF8,0xADF8,0xADF8,0xADF8,0xADF8,0xAE18,0xAE18,0xB618,0xB639,0xB639,0xB639,0xB619,
    0xAE19,0xAE19,0xB619,0xB639,0xB619,0xAE19,0xAE19,0xAE18,0xADF8,0xA5F8,0xADF8,0xAE18,0xB5F8,0xB5F8,0xBE18,0xAD75,
    0x8C2F,0x72EA,0x5A46,0x6AC8,0x62C8,0x5A87,0x4A05,0x5A26,0x4984,0x4143,0x72A8,0x82E9,0x7AA8,0x7267,0x5164,0x38C1,
    0x28A1,0x20A1,0x1860,0x1860,0x2880,0x3902,0x59A5,0x69E6,0x7226,0x8267,0x7A47,0x7225,0x7A67,0x6A26,0x5184,0x4143,
    0x30E2,0x2080,0x28A1,0x4143,0x59C5,0x7A88,0x82A7,0x82A6,0x7A86,0x7A86,0x7AA6,0x6A24,0x7286,0x7AC7,0x59E4,0x72A6,
    0x8B89,0x93CB,0x9C2C,0xCD92,0xE634,0xDE14,0xBD73,0xAD33,0xAD96,0xB5F8,0xB5F8,0xB5F8,0xB5F8,0xB5F8,0xB5F8,0xB5F8,
    0xB5F8,0xB618,0xADF8,0xADF8,0xADD7,0xADD7,0xADD7,0xADF8,0xADD7,0xADD7,0xADF8,0xADF8,0xADF8,0xADF8,0xADF8,0xADF8,
    0xADF8,0xADF8,0xADF8,0xADF8,0xADF8,0xADF8,0xADF8,0xADF8,0xADF8,0xADF8,0xADF8,0xA5D8,0xA5D7,0xA5D7,0xA5D7,0xA5D7,
    0xADF8,0xADD8,0xADD7,0xADF8,0xA5D7,0xA5D7,0xA5D7,0xA5D7,0xA5D7,0xA5D8,0xA5D8,0xADD8,0xA5D8,0xA5D8,0xA5D8,0xA5D8,
    0xA597,0x9D97,0x9D96,0x9D76,0x9D76,0x9D76,0xA597,0xA5B7,0xA5B7,0xA5B8,0xA5B7,0xA597,0xA597,0xA5B8,0xA5B8,0xA5B8,
    0xA5B8,0xA5B7,0xA5B7,0xA5B7,0xA5B7,0xA5B7,0xA5B7,0xA5B7,0xA5B7,0x9D97,0x9D97,0x9D96,0x9D76,0x9D76,0xA597,0xA597,
    0xA5B7,0xA5B7,0xA5B7,0xADD8,0xA5D7,0xA5B7,0xA5B6,0xA5B6,0xA596,0xA596,0xA5B6,0xA5B7,0xA5D7,0xA5D7,0xA5B7,0xA5B7,
    0xA597,0xA597,0xA597,0xA597,0xA597,0xA5B7,0xA5B7,0xA5B7,0xA5D7,0xA5B7,0xA596,0xA596,0xA5B7,0xA5B7,0xA5B7,0xA5D7,
    0xA5D7,0xA5D7,0xA5D8,0xADF8,0xADF8,0xADF8,0xA5F8,0xA5D7,0xA5D7,0xA5D7,0xADD7,0xADD7,0xA5D7,0xA5B7,0xA596,0xA596,
    0xA5B6,0xA5B6,0xA5B6,0xA5D7,0xADD8,0xADD8,0xADF8,0xADF8,0xADF8,0xADF8,0xADF8,0xADF8,0xADD8,0xADD8,0xADD8,0xADD8,
    0xADF8,0xADF8,0xADF8,0xADF8,0xADF8,0xADF8,0xADD7,0xA5D7,0xA5B7,0xA597,0x9D96,0x9D76,0x9D76,0x9D76,0x9D96,0xA596,
    0xA596,0xA5B7,0xADD7,0xA5B7,0xADD7,0xADF7,0xADF8,0xB618,0xB618,0xAE18,0xADF8,0xADF8,0xADD7,0xA5D7,0xADD8,0xADF8,
    0xADF8,0xAE18,0xAE18,0xADF8,0xADF8,0xADF8,0xAE18,0xADF8,0xADF8,0xADF8,0xAE18,0xAE19,0xB619,0xB619,0xB619,0xAE19,
    0xAE19,0xB619,0xAE19,0xAE19,0xADF8,0xADF8,0xADF8,0xADF8,0xADF8,0xAE18,0xAE18,0xAE18,0xADF8,0xADF8,0xADF8,0xADF8,
    0xADF8,0xB619,0xB639,0xB639,0xB619,0xAE19,0xADF8,0xAE18,0xAE18,0xAE18,0xAE18,0xAE18,0xAE18,0xAE18,0xAE18,0xAE18,
    0xAE18,0xAE18,0xAE18,0xAE18,0xB618,0xAE18,0xB618,0xAE18,0xADF8,0xADF8,0xADF8,0xADF8,0xADF8,0xAE18,0xB618,0xB618,
    0xADF8,0xADF8,0xADF8,0xAE18,0xAE18,0xAE18,0xAE18,0xAE18,0xADF8,0xADF8,0xADD7,0xA5D7,0xA5D7,0xA5D7,0xA5D7,0xA5D7,
    0xADD8,0xADF8,0xADF8,0xADF8,0xADF8,0xADD8,0xADD8,0xADF8,0xADF8,0xADF8,0xADF8,0xADF8,0xAE18,0xAE18,0xAE18,0xB618,
    0xAE18,0xAE18,0xB618,0xB618,0xB618,0xB618,0xAE18,0xADF8,0xADF8,0xADF8,0xADF8,0xB618,0xB619,0xB639,0xB619,0xB618,
    0xB618,0xB618,0xB618,0xAE18,0xAE18,0xAE18,0xAE18,0xADF8,0xAE18,0xB618,0xB618,0xAE18,0xB639,0xB639,0xB619,0xB619,
    0xB618,0xB618,0xB618,0xAE18,0xAE18,0xADF8,0xADF8,0xADF8,0xADF8,0xADF8,0xB619,0xB639,0xB619,0xAE18,0xADF8,0xADF8,
    0xAE18,0xAE18,0xB618,0xAE18,0xADF8,0xB619,0xB639,0xAE18,0xAE18,0xB618,0xAE18,0xADF8,0xADD8,0xADD8,0xADF8,0xADF8,
    0xB618,0xB618,0xADF8,0xB618,0xB618,0xB618,0xB618,0xAE18,0xADF8,0xADF8,0xADF8,0xB618,0xB618,0xB618,0xB618,0xB618,
    0xADF8,0xADD8,0xADD7,0xADF8,0xB618,0xB639,0xAE18,0xADF8,0xADF8,0xB618,0xAE18,0xAE18,0xADF8,0xADF8,0xADF8,0xADF8,
    0xADF8,0xADF8,0xADF8,0xADF8,0xADF8,0xADF8,0xB618,0xB618,0xB618,0xAE19,0xAE19,0xAE19,0xAE19,0xB618,0xB5F7,0xB5B5,
    0x8C0E,0x6AC8,0x7B4A,0x7309,0x5A46,0x49C5,0x5206,0x51C5,0x38E1,0x51A4,0x7AC9,0x82E9,0x7A88,0x6206,0x40E2,0x38C1,
    0x38C2,0x30A1,0x2881,0x2881,0x2040,0x30A1,0x4984,0x59C5,0x69C6,0x7207,0x71E6,0x69E5,0x6A27,0x4164,0x28C1,0x28E2,
    0x1880,0x18A1,0x20C1,0x20A1,0x20A0,0x4184,0x7246,0x7A87,0x82C7,0x7A66,0x7A86,0x7AA6,0x7266,0x7286,0x6205,0x51E3,
    0x6265,0x8328,0x8B89,0x93AA,0x8B49,0x7AE8,0x940D,0xB553,0xBDF7,0xB5F8,0xADF8,0xADF8,0xB5F8,0xB5F8,0xB5F8,0xB618,
    0xB619,0xB639,0xB618,0xB618,0xB618,0xB618,0xB619,0xADF8,0xADF8,0xADF8,0xADF8,0xADF8,0xADF8,0xADF8,0xADF8,0xADF8,
    0xADF8,0xADF8,0xADF8,0xADF8,0xADF8,0xADF8,0xADF8,0xADF8,0xADF8,0xADF8,0xADF8,0xADF8,0xADF8,0xADD8,0xADD8,0xA5D7,
    0xA5B7,0xA5D8,0xADD8,0xADF8,0xADD8,0xADD8,0xADD8,0xA5D8,0xA5B7,0xA5B7,0xA5B7,0xADD8,0xADF8,0xADD8,0xADD8,0xADD8,
    0xA597,0xA597,0xA597,0xA597,0xA597,0xA597,0xA597,0xA5B7,0xA5B7,0xA5B7,0xA5B7,0xA5B7,0xA5D7,0xA5B7,0xA5B7,0xA5B7,
    0xA5B7,0xA5B7,0xA5B7,0xA5B7,0xA5B7,0xA5D7,0xA5D8,0xA5D8,0xA5D8,0xA5D8,0xA5D8,0xA5B7,0xA597,0x9D76,0x9D76,0x9D56,
    0x9D76,0x9D76,0x9D97,0xA597,0xA5B7,0xA5B6,0xA5B6,0xA5B6,0xA5B6,0xA5B6,0xA5B6,0xA5D7,0xA5D7,0xADD7,0xADF8,0xADD8,
    0xADD8,0xADD8,0xA5D7,0xA5B7,0xA5B7,0xA5B7,0xA5B7,0xA5B7,0xA5B7,0xA5B7,0xA5B7,0xA5B7,0xA5B7,0xA5B7,0xA5B7,0xA5D7,
    0xADD7,0xADF8,0xADD8,0xA5D8,0xA5B7,0xA5D7,0xA5D7,0xA5D7,0xA5D7,0xA5B7,0xA5B7,0xA5B7,0xA5B7,0xA5B7,0xA5B7,0xA5B7,
    0xA5B6,0xA5B6,0xA5B6,0xA596,0xA597,0xA597,0xA5B7,0xA5B7,0xADD8,0xADD8,0xADF8,0xADF8,0xADD8,0xADF8,0xADF8,0xADF8,
    0xAE18,0xADF8,0xADF8,0xADF8,0xADD8,0xADD8,0xADF8,0xADF8,0xADF8,0xADD8,0xA5B7,0xA5B7,0xA5B7,0xA5B7,0xA597,0xA596,
    0xA596,0xA596,0xA5B6,0xA5B6,0xA5B6,0xA5B6,0xADD6,0xADD7,0xADD7,0xADF8,0xADF8,0xADF8,0xAE18,0xADF8,0xADF8,0xADF8,
    0xADF8,0xADF7,0xADF8,0xAE18,0xB619,0xADF8,0xADD8,0xADD8,0xADD8,0xADD8,0xADD8,0xADF8,0xB619,0xB619,0xAE19,0xADF8,
    0xADF8,0xADF8,0xADF8,0xAE19,0xB619,0xB618,0xADF8,0xADF8,0xADD7,0xADF8,0xAE18,0xB618,0xB618,0xAE18,0xB618,0xADF8,
    0xADF8,0xADF8,0xADD8,0xADF8,0xADF8,0xAE18,0xB619,0xB619,0xAE18,0xAE18,0xAE18,0xAE18,0xADF8,0xADF8,0xAE18,0xAE18,
    0xAE18,0xAE18,0xADF8,0xADF8,0xB618,0xB639,0xB618,0xB618,0xB618,0xB618,0xAE18,0xAE18,0xAE18,0xAE18,0xAE18,0xB618,
    0xB639,0xB618,0xAE18,0xADF8,0xAE18,0xAE18,0xB618,0xB618,0xB618,0xB618,0xAE18,0xADF8,0xAE18,0xAE18,0xADF8,0xADF8,
    0xADF8,0xADF8,0xADF8,0xAE18,0xB619,0xB619,0xADF8,0xADF8,0xADF8,0xADF8,0xADF8,0xADF8,0xADF8,0xADF8,0xADF8,0xADF8,
    0xADF8,0xADF8,0xAE18,0xAE18,0xAE18,0xAE18,0xB618,0xB618,0xB618,0xB618,0xB618,0xB618,0xB618,0xB618,0xADF8,0xADF8,
    0xB5F8,0xB618,0xB619,0xB639,0xB618,0xB618,0xAE18,0xAE18,0xB618,0xB618,0xB618,0xAE18,0xADF8,0xADF8,0xAE18,0xB619,
    0xB619,0xB619,0xB619,0xB619,0xB619,0xB619,0xB619,0xB619,0xB619,0xB619,0xB619,0xB619,0xB619,0xB619,0xB619,0xADF8,
    0xADF8,0xADF8,0xADF8,0xADF8,0xADF8,0xB619,0xB619,0xB619,0xB639,0xB619,0xB619,0xB619,0xB619,0xB619,0xB619,0xB619,
    0xB619,0xB619,0xB639,0xB619,0xB618,0xB618,0xB618,0xB618,0xADF8,0xADF8,0xB618,0xB5F8,0xB618,0xB618,0xB639,0xB639,
    0xB618,0xB5F8,0xB5F8,0xADF8,0xADF8,0xAE18,0xADF8,0xADF8,0xADF8,0xADF8,0xADF8,0xAE18,0xB618,0xB618,0xB5F8,0xB618,
    0xB618,0xB618,0xB5F8,0xADF8,0xB5F8,0xADF8,0xADF8,0xB618,0xB618,0xAE19,0xAE19,0xAE19,0xAE19,0xB618,0xB5F7,0xB5B5,
    0x8C2E,0x83AB,0x7B4A,0x5A67,0x49C4,0x4984,0x5A27,0x4143,0x30A1,0x61E6,0x82C9,0x7AA8,0x7247,0x6A27,0x61E6,0x59C5,
    0x59A5,0x59C6,0x4964,0x4923,0x4964,0x3923,0x4964,0x59C5,0x6185,0xA36C,0x9B4B,0x69E5,0x6A06,0x4985,0x3903,0x3903,
    0x3102,0x28E2,0x28C1,0x20A1,0x2081,0x3943,0x6A05,0x7266,0x7A87,0x7A87,0x7A66,0x7A87,0x7266,0x72A7,0x6246,0x6225,
    0x7B28,0x9BEB,0x8B49,0x7265,0x4981,0x4982,0x72E9,0xA4D0,0xBDD6,0xADF8,0xADD8,0xADF8,0xADF8,0xB618,0xB5F8,0xB5F8,
    0xADF8,0xADF8,0xB5F8,0xB5F8,0xB5F8,0xADF8,0xADF8,0xADF8,0xB5F8,0xB619,0xB619,0xADF8,0xADF8,0xADF8,0xADF8,0xADF8,
    0xAE19,0xAE19,0xAE19,0xAE19,0xADF8,0xADF8,0xADF8,0xADF8,0xADF8,0xADF8,0xADF8,0xADF8,0xADF8,0xADF8,0xADF8,0xADD8,
    0xA5B7,0xADD8,0xADD8,0xADD8,0xADD8,0xADF8,0xADF8,0xADF8,0xADF8,0xADD8,0xA5D8,0xADD8,0xADD8,0xADD8,0xADD8,0xADD8,
    0x9D76,0x9D96,0x9D96,0xA597,0xA5B7,0xA597,0xA597,0xA5B7,0xA5B7,0xA596,0xA596,0xA5B7,0xA5D7,0xADD7,0xADD7,0xA5B7,
    0xA5B7,0xA5B7,0xA5B7,0xA5B7,0xA5B7,0xA5B7,0xA5B7,0xA5B7,0xA5B7,0xA5D7,0xA5D8,0xA5B7,0xA5B7,0xA5B7,0xA597,0x9D76,
    0x9D76,0x9D76,0x9D56,0x9D56,0x9D75,0x9D75,0x9D76,0x9D96,0xA596,0xA5B6,0xA5B6,0xA5B7,0xA5B7,0xA5B7,0xA5D7,0xA5B7,
    0xA5D7,0xADF8,0xADF8,0xADF8,0xADF8,0xADD8,0xADD7,0xADD7,0xADD7,0xADD7,0xADD7,0xA5D7,0xA5B7,0xA5B7,0xA5D7,0xADD7,
    0xADF8,0xADF8,0xADF8,0xADF8,0xADF8,0xADF8,0xADF8,0xADF8,0xADD8,0xA5D7,0xA5B7,0xA5D7,0xA5D7,0xA5B7,0xA5B7,0xA5D7,
    0xA5D7,0xA5B7,0xA5B7,0xA5B7,0xA597,0xA597,0xA5B7,0xA5B7,0xA597,0xA5B7,0xA5B7,0xA5B7,0xA5B7,0xA5D7,0xA5D7,0xADD7,
    0xADD8,0xADD8,0xADD8,0xADF8,0xADF8,0xAE18,0xADF8,0xADF8,0xADF8,0xADF8,0xADF8,0xADF8,0xADF8,0xADD8,0xADD7,0xADD7,
    0xADD7,0xADD7,0xADB7,0xADD7,0xADD7,0xA5B6,0xA5B6,0xA5B6,0xA5B6,0xA5B7,0xA5B7,0xADD7,0xADF8,0xADF8,0xADF8,0xADF8,
    0xADF8,0xADF8,0xADD8,0xADD8,0xADF8,0xADF8,0xAE18,0xAE18,0xADF8,0xADF8,0xA5D7,0xADD8,0xADF8,0xADF8,0xADF8,0xADD8,
    0xADD8,0xADD8,0xADD8,0xADD8,0xADD8,0xADD8,0xADF8,0xADF8,0xAE18,0xADF8,0xADF8,0xAE18,0xAE18,0xAE18,0xADF8,0xADD8,
    0xADD8,0xADF8,0xADF8,0xADD8,0xADF8,0xADF8,0xADF8,0xADF8,0xADF8,0xADF8,0xADF8,0xADF8,0xADD7,0xADD7,0xADF8,0xADF8,
    0xAE18,0xB618,0xB639,0xB639,0xB639,0xAE18,0xADF8,0xAE18,0xB618,0xB639,0xB618,0xAE18,0xAE18,0xADF8,0xADF8,0xADF8,
    0xADF8,0xADF8,0xAE18,0xB618,0xB618,0xB618,0xB618,0xAE18,0xAE18,0xAE18,0xAE18,0xB618,0xB639,0xB639,0xB619,0xB618,
    0xAE18,0xADF8,0xAE18,0xADF8,0xADF8,0xADF8,0xADF8,0xAE18,0xAE18,0xAE18,0xAE18,0xADF8,0xADF8,0xADF8,0xADF8,0xADF8,
    0xADD7,0xADF8,0xADF8,0xAE18,0xAE18,0xAE18,0xAE18,0xAE18,0xAE18,0xADF8,0xADF8,0xADF8,0xADF8,0xADF8,0xADF8,0xADD8,
    0xADD8,0xADD8,0xADF8,0xAE18,0xAE18,0xAE18,0xB618,0xB618,0xB618,0xAE18,0xAE18,0xAE18,0xB618,0xB618,0xAE18,0xAE18,
    0xAE18,0xADF8,0xAE18,0xAE18,0xB618,0xB619,0xB618,0xAE18,0xAE18,0xADF8,0xB618,0xB619,0xB619,0xB619,0xB639,0xB639,
    0xB619,0xAE18,0xADF8,0xADF8,0xADF8,0xADF8,0xADF8,0xAE18,0xB639,0xB619,0xB618,0xB618,0xB619,0xB639,0xB619,0xB618,
    0xB618,0xB618,0xB618,0xB618,0xB618,0xB618,0xB618,0xB618,0xB618,0xB5F8,0xB618,0xADF8,0xADF8,0xB5F8,0xB618,0xB5F8,
    0xADF8,0xB618,0xB618,0xB618,0xB618,0xAE18,0xAE18,0xADF8,0xADF8,0xADF8,0xADF8,0xADF8,0xADF8,0xADF8,0xB5F8,0xB5F8,
    0xB5F8,0xB5F8,0xADF8,0xB5F8,0xB619,0xB618,0xB618,0xB618,0xB5F8,0xAE18,0xAE19,0xAE19,0xAE18,0xB618,0xBE17,0xB5D6,
    0x8C2E,0x7B29,0x6AA8,0x5205,0x49A4,0x51E5,0x59E6,0x38E2,0x3902,0x6A27,0x82C9,0x7A88,0x7247,0x7247,0x7248,0x7288,
    0x7268,0x7268,0x6206,0x59A5,0x59A5,0x5184,0x59C5,0x5964,0x7A48,0xDCF3,0xE533,0x8A88,0x61A5,0x59A6,0x5165,0x5164,
    0x4964,0x4985,0x51A5,0x5185,0x4964,0x5185,0x61E5,0x7226,0x7A67,0x7AA7,0x7226,0x7246,0x6A46,0x72A8,0x6A87,0x6A87,
    0x6A87,0x7AE8,0x7AE7,0x7AC7,0x72C7,0x5A25,0x6287,0x944F,0xB5B5,0xB619,0xB619,0xB618,0xB5F8,0xB618,0xB619,0xB619,
    0xB619,0xB619,0xB619,0xB618,0xADF8,0xADF8,0xADF8,0xB5F8,0xB5F8,0xB5F8,0xB5F8,0xADF8,0xADF8,0xAE19,0xAE19,0xB619,
    0xAE19,0xADF8,0xADF8,0xADF8,0xADF8,0xADF8,0xADF8,0xADF8,0xADF8,0xADD8,0xADD8,0xADF8,0xADF8,0xAE19,0xAE19,0xADF8,
    0xADF8,0xADF8,0xADF8,0xADF8,0xADF8,0xADF8,0xADF8,0xADF8,0xADD8,0xADD8,0xADD8,0xADD8,0xADF8,0xADF8,0xADF8,0xADF8,
    0x9D96,0x9D76,0x9D56,0x9D56,0x9D56,0x9D56,0x9D76,0xA597,0xA596,0x9D96,0xA5B6,0xA5B7,0xA5B7,0xA5B7,0xA5B7,0xA5B7,
    0xA5D7,0xA5D7,0xA5D8,0xA5D7,0xA5B7,0xA5D7,0xA5B7,0xA5B7,0xA5B7,0xA5D7,0xA5D8,0xA5B7,0xA5D7,0xADD8,0xADD8,0xA5D7,
    0xA5B7,0xA597,0xA597,0x9D76,0x9D76,0x9D76,0x9D76,0x9D75,0x9D75,0x9D76,0x9D96,0xA5B6,0xA5B7,0xA5B7,0xA5B7,0xA5B7,
    0xA5B7,0xA5B7,0xA5B7,0xADF8,0xADD7,0xADD7,0xADD7,0xADF8,0xADF8,0xADF8,0xADD7,0xADD7,0xADD7,0xA5D7,0xA5D7,0xADD7,
    0xADD7,0xA5D7,0xA5D7,0xA5D7,0xA5B7,0xA5D7,0xA5D7,0xA5D7,0xA5D7,0xA5B7,0xADD8,0xADF8,0xADF8,0xADF8,0xADF8,0xADF8,
    0xADD8,0xADD8,0xADD8,0xA5D7,0xA5B7,0xA5B7,0xA5B7,0xA5B7,0xA5B7,0xA5B7,0xA5B7,0xA597,0xA596,0xA596,0xA597,0xA5B7,
    0xA5B7,0xA5B7,0xA5B7,0xA5D7,0xADD7,0xADF8,0xADF8,0xADF8,0xADF8,0xADF8,0xADF8,0xADF8,0xADF8,0xADF8,0xADF8,0xADF8,
    0xADF7,0xADF7,0xADD7,0xADD7,0xADD7,0xADD7,0xADD7,0xADD7,0xADD7,0xA5B7,0xA5B7,0xA5B7,0xA5B7,0xA5B7,0xA5D7,0xADD7,
    0xADF8,0xADF8,0xADF8,0xADF8,0xADD8,0xADD8,0xADF8,0xADF8,0xADF8,0xADF8,0xAE18,0xADF8,0xADF8,0xADF8,0xADF8,0xADF8,
    0xADF8,0xAE18,0xADF8,0xADF8,0xADF8,0xADF8,0xADF8,0xADF8,0xADF8,0xADF8,0xADF8,0xADF8,0xADF8,0xADD7,0xADD8,0xADF8,
    0xADD8,0xADF8,0xADF8,0xADF8,0xADF8,0xADF8,0xADF8,0xADF8,0xADF8,0xADD7,0xADF8,0xADD7,0xA5D7,0xADD7,0xADD7,0xADF8,
    0xADF8,0xADD7,0xADF8,0xB618,0xAE18,0xADF8,0xADF8,0xADF8,0xAE18,0xB618,0xB639,0xB618,0xB618,0xAE18,0xAE18,0xADF8,
    0xADD7,0xA5D7,0xADF8,0xAE18,0xAE18,0xB618,0xB618,0xB618,0xADF8,0xADF8,0xADF8,0xADF8,0xB618,0xAE18,0xB618,0xB639,
    0xB639,0xB639,0xB618,0xAE18,0xAE18,0xB618,0xB618,0xAE18,0xAE18,0xAE18,0xAE18,0xB618,0xB618,0xB618,0xB618,0xB618,
    0xADF8,0xADF8,0xADF8,0xADF8,0xADF8,0xADF8,0xADF8,0xAE18,0xB618,0xB618,0xB618,0xB618,0xB618,0xB618,0xB618,0xB5F8,
    0xADF8,0xADD8,0xADD7,0xADD7,0xADD7,0xADF8,0xADF8,0xADF8,0xADF8,0xADF8,0xADF8,0xB618,0xB639,0xB618,0xAE18,0xADF8,
    0xADF8,0xADF8,0xADF8,0xAE18,0xB618,0xB618,0xAE18,0xB618,0xB618,0xB618,0xAE18,0xADF8,0xADF8,0xADF8,0xADF8,0xB618,
    0xB618,0xB639,0xB639,0xB639,0xB618,0xADF8,0xAE18,0xB618,0xB618,0xB618,0xB618,0xB618,0xB618,0xB618,0xB618,0xB618,
    0xB618,0xB5F8,0xADF8,0xADF8,0xADF8,0xADF8,0xB618,0xB618,0xB618,0xB618,0xB618,0xADF8,0xADF8,0xADD8,0xADD7,0xADD7,
    0xADD8,0xADF8,0xADF8,0xB5F8,0xB639,0xB639,0xB639,0xB639,0xB618,0xB618,0xB618,0xAE18,0xAE18,0xADF8,0xADF8,0xADF8,
    0xADF8,0xADD8,0xADD8,0xADF8,0xADF8,0xB618,0xB618,0xB618,0xB618,0xAE18,0xAE19,0xAE18,0xAE18,0xADF8,0xB5F7,0xB5B6,
    0x946F,0x7B2A,0x6267,0x5A26,0x59E5,0x6247,0x5184,0x38E2,0x4944,0x6A68,0x82A9,0x8288,0x7A67,0x7247,0x7247,0x7A88,
    0x7268,0x7248,0x6A07,0x7207,0x61C6,0x61E6,0x61C5,0x69E6,0xC42F,0xE533,0xED53,0xA32B,0x6985,0x61A6,0x6185,0x61A5,
    0x61A6,0x61E6,0x6A07,0x6A07,0x61C6,0x6185,0x6A06,0x7247,0x7A67,0x7A67,0x7246,0x59C4,0x4963,0x5A06,0x6AA8,0x6AA8,
    0x59E5,0x59E4,0x59C4,0x6A66,0x72E8,0x6287,0x6B09,0x8C2E,0x9D13,0xB619,0xB619,0xB618,0xADF8,0xADF8,0xADF8,0xADF8,
    0xADF8,0xB5F8,0xB5F8,0xB5F8,0xB5F8,0xB5F8,0xB5F8,0xADF8,0xADF8,0xADF8,0xADD8,0xADF8,0xADF8,0xADD8,0xADD8,0xADF8,
    0xADF8,0xADF8,0xADF8,0xADF8,0xADF8,0xAE18,0xAE18,0xAE18,0xAE18,0xAE18,0xB619,0xADF8,0xADF8,0xADD8,0xADF8,0xADF8,
    0xADF8,0xADF8,0xADF8,0xADF8,0xADF8,0xADD8,0xADD8,0xADD8,0xADD8,0xADF8,0xADF8,0xADF8,0xADF8,0xADD8,0xADD8,0xADF8,
    0xA597,0x9D96,0x9D96,0x9D96,0x9D76,0x9D56,0x9D56,0x9D76,0x9D96,0xA596,0xA5B7,0xA5B7,0xA5B6,0xA5B6,0xA5B6,0xA5B6,
    0xA5B6,0xA5B6,0xA597,0xA596,0xA597,0xA5B7,0xA5B7,0xA5B7,0xA5B7,0xA5B7,0xA5B7,0xA5B7,0xA5B7,0xA5B7,0xADD8,0xADF8,
    0xADD8,0xADD8,0xADD8,0xA5D7,0xA5D7,0xA5B7,0xA5B6,0x9D96,0x9D96,0x9D96,0xA596,0x9D96,0x9D96,0x9D76,0xA596,0xA5B7,
    0xA5D7,0xA5B7,0xA596,0xA5B7,0xA5B7,0xA5B7,0xA5B7,0xA5B7,0xA5D7,0xA5D7,0xA5D7,0xADD7,0xADF8,0xA5D7,0xA5B7,0xA5D7,
    0xA5D7,0xA5B7,0xA5D7,0xADD7,0xADD7,0xADD7,0xA5D7,0xA5B7,0xA5B7,0xA5B7,0xA5B7,0xA5B8,0xA5D8,0xADD8,0xADD8,0xADD8,
    0xADD8,0xADD8,0xADD8,0xADD8,0xADF8,0xADF8,0xADD8,0xADD8,0xADF8,0xADF8,0xADD8,0xA5D7,0xA5B7,0xA5D7,0xA5D7,0xA5D7,
    0xADD7,0xA5B7,0xA5B7,0xA5B7,0xA5B7,0xA5B7,0xA5B7,0xA5D7,0xADD7,0xADD7,0xADD7,0xADF8,0xADF8,0xADF8,0xADF8,0xADF7,
    0xADF7,0xB618,0xB618,0xB618,0xB618,0xB618,0xB618,0xB618,0xB618,0xADF8,0xADF8,0xA5D7,0xA5D7,0xA5B7,0xA5D7,0xA5D7,
    0xA5D7,0xA5D7,0xA5B7,0xA5D7,0xADF8,0xADF8,0xADF8,0xADF8,0xADF8,0xADF8,0xADF8,0xADD8,0xADD8,0xADF8,0xADF8,0xADF8,
    0xADF8,0xADF8,0xADF8,0xADF8,0xAE18,0xADF8,0xADF8,0xADF8,0xADF8,0xADF8,0xAE18,0xAE18,0xADF8,0xADF8,0xADF8,0xADF8,
    0xADD8,0xADF8,0xADF8,0xAE18,0xB619,0xB619,0xB619,0xB619,0xB618,0xB618,0xB618,0xB618,0xADF8,0xADF8,0xADD7,0xA5D7,
    0xADD7,0xADF8,0xADD7,0xADD7,0xADF8,0xADF8,0xADF8,0xADF8,0xAE18,0xAE18,0xB618,0xB639,0xB639,0xB639,0xB639,0xB639,
    0xB618,0xAE18,0xADF8,0xADD7,0xADD7,0xADF8,0xAE18,0xB618,0xB618,0xADF8,0xADF8,0xADF8,0xADF8,0xADD7,0xADF8,0xB618,
    0xB639,0xB639,0xB639,0xB618,0xADF8,0xADF8,0xAE18,0xAE18,0xADF8,0xADF8,0xADF8,0xAE18,0xB618,0xB618,0xB639,0xB639,
    0xB618,0xAE18,0xAE18,0xAE18,0xAE18,0xB618,0xB618,0xB618,0xAE18,0xB618,0xB5F8,0xB5F8,0xB618,0xB618,0xB619,0xB618,
    0xB618,0xB618,0xB639,0xB618,0xB618,0xB5F8,0xADF8,0xADF8,0xADD7,0xADD7,0xADF8,0xB5F8,0xB619,0xB618,0xB618,0xB618,
    0xB618,0xB618,0xB618,0xB5F8,0xADF8,0xADF8,0xADF8,0xB5F8,0xB618,0xB618,0xB618,0xB618,0xB618,0xB618,0xB5F8,0xB5F8,
    0xB5F8,0xB5F8,0xB618,0xB618,0xB618,0xB5F8,0xB5F8,0xADF8,0xADF8,0xB618,0xB618,0xB618,0xB618,0xB619,0xB618,0xB618,
    0xB618,0xB618,0xB618,0xB5F8,0xADF8,0xADF8,0xADF8,0xB5F8,0xB618,0xB618,0xB618,0xB619,0xB619,0xB619,0xB619,0xB618,
    0xB618,0xADF8,0xADD8,0xADF8,0xADF8,0xADF8,0xADF8,0xAE18,0xAE18,0xAE18,0xAE18,0xAE18,0xAE18,0xADF8,0xADF8,0xADF8,
    0xADF8,0xADF8,0xADF8,0xADD8,0xADD7,0xADD7,0xADD8,0xB618,0xB618,0xAE18,0xAE19,0xAE19,0xB639,0xB5F8,0xB5F7,0xB5D7,
    0x9CD1,0x940D,0x6AA8,0x6A87,0x6A88,0x6226,0x4964,0x38C2,0x4944,0x7268,0x82A8,0x82A8,0x7A88,0x7A68,0x7A68,0x7A68,
    0x7A48,0x7248,0x7227,0x69E6,0x69C6,0x69E6,0x61A5,0x9B2B,0xC40F,0xE4D2,0xED33,0xB3AD,0x8247,0x71E6,0x61A5,0x69C6,
    0x6A07,0x7248,0x7A48,0x7228,0x7228,0x7207,0x7227,0x7A67,0x7A67,0x7226,0x7A87,0x61E5,0x2860,0x2060,0x3122,0x4184,
    0x4963,0x4943,0x3901,0x51C3,0x6246,0x6287,0x7BAC,0xA512,0xA574,0xB5F8,0xB618,0xB619,0xB619,0xB618,0xADF8,0xADF8,
    0xADD8,0xADD8,0xADF8,0xADF8,0xADF8,0xADF8,0xADF8,0xADD8,0xADD8,0xADF8,0xADF8,0xB5F8,0xADF8,0xADD8,0xADD8,0xADF8,
    0xADF8,0xADF8,0xADF8,0xADF8,0xB5F8,0xB5F8,0xB5F8,0xB5F8,0xB5F8,0xB618,0xB618,0xB618,0xB618,0xB619,0xADF8,0xADF8,
    0xB5F8,0xB5F8,0xB5F8,0xADF8,0xADF8,0xADF8,0xB5F8,0xB5F8,0xB5F8,0xB618,0xB618,0xADF8,0xADF8,0xADF8,0xADF8,0xADF8,
    0xA597,0xA597,0x9D96,0x9D96,0xA597,0x9D96,0x9D96,0xA597,0xA596,0x9D96,0x9D76,0x9D76,0x9D76,0xA596,0xA5B6,0xA5B7,
    0xA5B7,0xA5B7,0xA5B7,0xA596,0x9D96,0xA5B7,0xA5B7,0xA5B7,0xA5B7,0xA5B7,0xA596,0xA596,0x9D76,0x9D96,0xA5B7,0xA5D7,
    0xADD8,0xA5D7,0xA5B7,0xA5B7,0xA5D7,0xA5D7,0xA5D7,0xA5B7,0xA5B7,0xA5B7,0xA596,0x9D96,0x9D76,0x9D76,0x9D76,0x9D76,
    0x9D76,0x9D96,0xA596,0xA5B7,0xA5D7,0xA5D7,0xA5D7,0xA5B7,0xA5B7,0xA5B7,0xA596,0xA5B7,0xA5B7,0xA5B7,0xA5B7,0xA5D7,
    0xADD7,0xA5D7,0xA5B7,0xA5B7,0xA5B7,0xADD7,0xADD7,0xADF7,0xADF8,0xADF8,0xADD8,0xA5B8,0xA5B7,0xA5B7,0xA5B7,0xADD8,
    0xADD8,0xADF8,0xADF8,0xADF8,0xADF8,0xAE18,0xADF8,0xADF8,0xADF8,0xADF8,0xADF8,0xADF8,0xADF8,0xADF7,0xADF7,0xADF7,
    0xADF8,0xADF8,0xADF7,0xADD7,0xADF7,0xADF7,0xADF7,0xADF7,0xADF7,0xADF7,0xADF8,0xADF8,0xADD7,0xA5B7,0xA5B7,0xA5B6,
    0xA5B6,0xADD7,0xADF7,0xADF7,0xADF7,0xADF7,0xADF7,0xADF7,0xADF7,0xADF8,0xADF8,0xADF8,0xADF8,0xADF8,0xADF8,0xADF8,
    0xADD8,0xADD7,0xADD8,0xADD8,0xADF8,0xADF8,0xADF8,0xADF8,0xADF8,0xADD8,0xA5D8,0xA5D7,0xA5D7,0xADD7,0xADD7,0xADF7,
    0xADD7,0xA5D7,0xA5D7,0xA5D7,0xADF8,0xB618,0xADF8,0xADF8,0xADD7,0xADD7,0xADD7,0xADF8,0xADF8,0xB618,0xB619,0xAE18,
    0xADF8,0xADD8,0xADD8,0xADD8,0xADF8,0xAE18,0xB619,0xB619,0xB618,0xB639,0xB639,0xB639,0xB618,0xB618,0xAE18,0xADF8,
    0xADF8,0xADF8,0xADF8,0xADF8,0xADF8,0xADF8,0xADF8,0xADF8,0xADF8,0xADF8,0xAE18,0xAE18,0xB618,0xB639,0xB639,0xB639,
    0xB639,0xB639,0xB618,0xADF8,0xADF8,0xADF8,0xADF8,0xADF8,0xADF8,0xADF8,0xB618,0xB618,0xB618,0xAE18,0xAE18,0xB618,
    0xB618,0xB638,0xB639,0xB638,0xB618,0xB618,0xB618,0xB639,0xB618,0xAE18,0xB618,0xAE18,0xAE18,0xB618,0xB618,0xB618,
    0xB618,0xB618,0xB618,0xB618,0xAE18,0xADF8,0xADF8,0xADF8,0xAE18,0xB618,0xB618,0xB5F8,0xB618,0xB618,0xB618,0xB618,
    0xB618,0xB618,0xB618,0xB618,0xB618,0xB5F8,0xADF8,0xADF8,0xADF8,0xADF8,0xADD8,0xADD7,0xADD7,0xADD7,0xADF7,0xADF7,
    0xADF8,0xB618,0xB618,0xB618,0xB618,0xADF8,0xADF8,0xADF8,0xADF7,0xADF7,0xADF7,0xADF8,0xB5F8,0xB618,0xB618,0xB618,
    0xB5F8,0xB5F8,0xADF8,0xADF8,0xADF8,0xADF8,0xADF8,0xADF8,0xADF8,0xADF8,0xADF8,0xADF8,0xADF8,0xB618,0xB618,0xB618,
    0xB618,0xB618,0xB619,0xB618,0xB618,0xB618,0xADF8,0xADF8,0xADF8,0xADF8,0xB5F8,0xADF8,0xB5F8,0xB618,0xB618,0xB618,
    0xB639,0xB618,0xB618,0xB618,0xAE18,0xADF8,0xADF8,0xADF8,0xADF8,0xADF8,0xADF8,0xAE18,0xAE18,0xAE18,0xADF8,0xB5F8,
    0xB618,0xB5F8,0xADF8,0xADF8,0xADF8,0xADF8,0xADD7,0xADF7,0xADF8,0xB618,0xB618,0xB638,0xB618,0xB618,0xB618,0xB5F7,
    0xB595,0xA4B0,0x83AD,0x72E9,0x6A67,0x5184,0x5164,0x40E2,0x59A5,0x7268,0x7A68,0x8288,0x8288,0x82A9,0x8268,0x7A47,
    0x7A27,0x7207,0x7207,0x7A07,0x71E6,0x69E6,0x7206,0x9B2B,0xC40F,0xE4D2,0xED12,0xB38C,0x8A68,0x7227,0x69E6,0x69E6,
    0x69E6,0x7227,0x7227,0x7A48,0x7A68,0x7A48,0x7A47,0x8267,0x7A67,0x7A67,0x7267,0x5184,0x2880,0x2080,0x20A1,0x28A1,
    0x30C1,0x2880,0x3921,0x51C4,0x5A26,0x5267,0x83ED,0xB5D6,0xB617,0xB5F8,0xB618,0xB618,0xB619,0xB619,0xB619,0xB619,
    0xB618,0xB618,0xB619,0xB619,0xB618,0xB5F8,0xADF8,0xADF8,0xADF8,0xADF8,0xADF8,0xADF8,0xADF8,0xADF8,0xADF8,0xADF8,
    0xADF8,0xADF8,0xADF8,0xADF8,0xADF8,0xADF8,0xADF8,0xADF8,0xB5F8,0xB618,0xB618,0xB5F8,0xADF8,0xB5F8,0xB618,0xB5F8,
    0xADF8,0xADF8,0xADF8,0xADF8,0xADF8,0xADF8,0xADF8,0xADF8,0xADD8,0xADD8,0xADD8,0xADD8,0xADD7,0xADD7,0xADD7,0xADD7,
    0x9D76,0xA597,0xA5B7,0xA597,0xA597,0xA597,0xA597,0xA597,0x9D96,0x9D96,0xA596,0xA596,0xA596,0x9D96,0x9D76,0x9D76,
    0x9D96,0xA596,0xA5B7,0xA5B7,0xA5B7,0xA5B7,0xA5B7,0xA5B7,0xA5B7,0xA5B7,0xADD7,0xA5D7,0xA5B7,0xA5B7,0xA5B7,0xA5B7,
    0xA5B7,0xA5B7,0xA5B7,0xA5B7,0xADD7,0xADD7,0xADD7,0xADD7,0xA5D7,0xADD7,0xADD7,0xADD7,0xA5D7,0xA5D7,0xA5B7,0xA5B7,
    0xA5B6,0xA5B6,0xA5B7,0xA5B6,0x9D96,0x9D96,0xA5B7,0xA5D7,0xA5D7,0xA5B7,0xA5B7,0xA5B7,0xA596,0xA5D7,0xADF8,0xA5D7,
    0xA5B7,0xADD7,0xA5B7,0xA5B6,0xA5B6,0xADB7,0xADD7,0xADD7,0xADD7,0xADD7,0xADD8,0xADF8,0xADF8,0xADD8,0xA5D7,0xA5B7,
    0xA597,0xA597,0xA5B7,0xA5D7,0xADD8,0xA5D7,0xADD8,0xADF8,0xAE18,0xADF8,0xADF8,0xADF8,0xADF8,0xAE18,0xADD7,0xA5B7,
    0xA5D7,0xADF7,0xADF7,0xADF7,0xADF8,0xAE18,0xAE18,0xAE18,0xAE18,0xAE18,0xAE18,0xB618,0xADF8,0xADF7,0xADF7,0xADD7,
    0xA5B6,0xA5B6,0xA5B6,0xA5B6,0xA5B6,0xA5B6,0xADD7,0xADD7,0xADD7,0xA5B7,0xADF8,0xAE18,0xAE18,0xAE18,0xAE18,0xAE18,
    0xAE18,0xAE18,0xB619,0xB619,0xADF8,0xADF8,0xADD8,0xA5B7,0xA5D7,0xADD8,0xADF8,0xADF8,0xADD7,0xADF8,0xADF8,0xADF8,
    0xADF8,0xAE18,0xAE18,0xADF8,0xADF8,0xADF8,0xADF8,0xADF8,0xADF8,0xADF8,0xADF8,0xADF8,0xAE18,0xAE18,0xB619,0xB619,
    0xB619,0xAE18,0xADF8,0xADD8,0xADD8,0xADF8,0xADF8,0xADF8,0xB619,0xB639,0xB639,0xB639,0xB618,0xB618,0xB619,0xB618,
    0xB618,0xAE18,0xAE18,0xADF8,0xADF8,0xADF8,0xAE18,0xAE18,0xAE18,0xB618,0xB618,0xAE18,0xB618,0xAE18,0xAE18,0xADF8,
    0xAE18,0xB618,0xB639,0xB639,0xB618,0xB618,0xAE18,0xAE18,0xAE18,0xB618,0xB639,0xB639,0xB639,0xB618,0xB618,0xAE18,
    0xADF8,0xADF8,0xAE18,0xAE18,0xAE18,0xAE18,0xAE18,0xB618,0xB639,0xB639,0xB639,0xB639,0xB639,0xAE18,0xAE18,0xB618,
    0xB639,0xB618,0xAE18,0xADF8,0xADF8,0xADF8,0xADF8,0xADF8,0xADD7,0xADF8,0xB5F8,0xB618,0xB618,0xB618,0xB618,0xB619,
    0xB639,0xB639,0xB639,0xB618,0xB618,0xB618,0xB619,0xB618,0xB5F8,0xB5F8,0xADF8,0xADF8,0xB5F8,0xB5F8,0xB5F8,0xB5F8,
    0xB5F8,0xB618,0xB618,0xB618,0xB618,0xB5F8,0xB5F8,0xB618,0xB618,0xB618,0xB5F8,0xADF8,0xADF8,0xB5F8,0xB5F8,0xB5F8,
    0xB618,0xB638,0xB618,0xB618,0xB5F8,0xB5F8,0xB5F8,0xB5F8,0xB618,0xB618,0xB618,0xADF8,0xADD7,0xADF7,0xADF8,0xB618,
    0xB618,0xB618,0xB618,0xB618,0xB619,0xB639,0xB639,0xB619,0xB619,0xB618,0xB618,0xB619,0xB618,0xB618,0xB618,0xB618,
    0xB618,0xB618,0xB618,0xB618,0xB618,0xB618,0xAE18,0xAE18,0xAE18,0xB618,0xAE18,0xADF8,0xAE18,0xB639,0xB619,0xB619,
    0xB619,0xB618,0xB618,0xB5F8,0xADF8,0xADF8,0xADF8,0xADF8,0xB618,0xB618,0xB618,0xB618,0xB618,0xB618,0xADF7,0xB5F8,
    0xBDF7,0xAD54,0x8C0E,0x6AC9,0x5A06,0x4963,0x5984,0x61C5,0x61A5,0x7227,0x8288,0x8288,0x8268,0x8288,0x8247,0x7A27,
    0x7A07,0x7A07,0x7A07,0x79E7,0x7207,0x7A47,0x8268,0xA34B,0xD490,0xECF2,0xED12,0xCC0E,0x92A8,0x7A27,0x7A68,0x7206,
    0x7226,0x7206,0x7227,0x7A47,0x7A47,0x8227,0x8247,0x8267,0x8267,0x8AA8,0x7A87,0x4943,0x2040,0x2880,0x20A1,0x30E2,
    0x3922,0x30C1,0x4162,0x5A05,0x5226,0x62A9,0x9D12,0xB5D6,0xB5F7,0xB618,0xB618,0xB618,0xADF8,0xB5F8,0xB618,0xB618,
    0xB619,0xB619,0xB619,0xB619,0xB619,0xB619,0xB619,0xB619,0xB619,0xB619,0xB619,0xB619,0xB619,0xB618,0xB5F8,0xB5F8,
    0xADF8,0xADD8,0xADD8,0xADD7,0xADD7,0xB5F8,0xB5F8,0xB5F8,0xB5F8,0xB5F8,0xB5F8,0xB5F8,0xB5F8,0xADF8,0xADF8,0xB5F8,
    0xB5F8,0xB5F8,0xB5F8,0xADD8,0xADD8,0xADD8,0xADD7,0xADD7,0xADD7,0xADD7,0xADD7,0xADD7,0xADB7,0xADB7,0xADB7,0xADD7,
    0xA597,0xA597,0xA597,0xA597,0xA597,0xA5B7,0xA5B7,0xA597,0xA5B7,0xA5B7,0xADD8,0xADD8,0xADD8,0xA5B7,0xA597,0x9D96,
    0xA596,0xA597,0xA596,0xA5B7,0xADB7,0xA5B6,0xA5B7,0xA5B7,0xA596,0xA596,0xA5B7,0xA5B7,0xA5B7,0xA5B7,0xA5D7,0xADD7,
    0xA5B7,0xA5B7,0xADD8,0xADF8,0xADF8,0xADF8,0xADF8,0xADF8,0xADD8,0xADD8,0xADD8,0xADD8,0xADD8,0xADF8,0xADF7,0xADD7,
    0xADD7,0xA5D7,0xA5D7,0xA5B7,0xA5B6,0xA5B6,0xA5B6,0xA5B7,0xA5D7,0xA5D7,0xADD7,0xADD7,0xADD7,0xA5D7,0xA5B7,0xA5B7,
    0xA5B7,0xADF7,0xADD7,0xADD7,0xADF7,0xADD7,0xADD7,0xA5B6,0xA5B6,0xA5B6,0xADD7,0xADF8,0xADF8,0xADF8,0xADF8,0xADF8,
    0xA5D7,0xA5B7,0xA5D7,0xA5D7,0xA5B7,0xA597,0xA597,0xA5B7,0xA5D8,0xADD8,0xADF8,0xADF8,0xADF8,0xB618,0xAE18,0xADF7,
    0xA5D7,0xA5B6,0xA5B6,0xA5B6,0xA5D7,0xADF7,0xADD7,0xADD7,0xADD7,0xADD7,0xADD7,0xADD7,0xADD7,0xADF7,0xADF7,0xAE18,
    0xB618,0xADF7,0xADF7,0xADD7,0xADD7,0xADD7,0xADD7,0xADD7,0xADD7,0xADD7,0xA5D7,0xADD7,0xADF8,0xADF8,0xADF8,0xADF8,
    0xADF8,0xADF8,0xADF8,0xADF8,0xADF8,0xAE18,0xAE18,0xADF8,0xADF8,0xADF8,0xADF8,0xADF8,0xADF7,0xADF7,0xADF7,0xADF7,
    0xADF7,0xADF8,0xAE18,0xAE18,0xAE18,0xADF8,0xADF8,0xADF8,0xADF8,0xADF8,0xADF8,0xADF8,0xADF8,0xADF8,0xADF8,0xADF8,
    0xAE18,0xADF8,0xADF8,0xADF8,0xADF8,0xADF8,0xADF8,0xADD8,0xADF8,0xB618,0xB618,0xB618,0xB5F8,0xB618,0xB618,0xB618,
    0xB5F8,0xB618,0xAE18,0xAE18,0xAE18,0xADF8,0xADF8,0xADF8,0xADF8,0xADF8,0xAE18,0xAE18,0xAE18,0xAE18,0xADF8,0xADF8,
    0xADF8,0xAE18,0xAE18,0xADF8,0xB618,0xAE18,0xAE18,0xAE18,0xAE18,0xAE18,0xAE18,0xAE18,0xAE18,0xB638,0xB618,0xB618,
    0xADF8,0xADF7,0xADF7,0xADF7,0xADF7,0xADF7,0xADF8,0xAE18,0xB618,0xB639,0xB639,0xB639,0xB639,0xAE18,0xAE18,0xB639,
    0xB618,0xAE18,0xB618,0xB618,0xB618,0xB618,0xAE18,0xAE18,0xAE18,0xADD8,0xADD7,0xADF8,0xB5F8,0xB5F8,0xB618,0xB618,
    0xB618,0xB5F8,0xB618,0xB618,0xB618,0xB619,0xB619,0xB619,0xB619,0xB619,0xB618,0xB618,0xB618,0xB618,0xB618,0xB5F8,
    0xB5F7,0xB5F7,0xB5F7,0xB5F7,0xB5F7,0xB5F8,0xB618,0xB618,0xB638,0xB638,0xB618,0xB618,0xB618,0xB618,0xB618,0xB5F8,
    0xB618,0xB638,0xB618,0xB618,0xB618,0xB618,0xB618,0xB618,0xB618,0xADF8,0xB618,0xB618,0xADF8,0xB618,0xB618,0xB618,
    0xB618,0xADF8,0xADF8,0xADF8,0xB5F8,0xB618,0xB618,0xB618,0xB618,0xADF8,0xADF8,0xADF8,0xADF8,0xB5F8,0xB618,0xB618,
    0xB618,0xB618,0xB618,0xB639,0xB639,0xB618,0xB618,0xB618,0xB618,0xB618,0xB639,0xB639,0xAE18,0xADF8,0xB618,0xB618,
    0xB618,0xB618,0xB618,0xB618,0xB618,0xB618,0xB618,0xB618,0xB618,0xB618,0xB618,0xB5F8,0xB618,0xB639,0xB618,0xAE18,
    0xB618,0xB5F7,0xB595,0x8C0E,0x6A88,0x5183,0x61E5,0x69E5,0x7227,0x7227,0x8288,0x8288,0x8267,0x8247,0x8227,0x8247,
    0x8227,0x8228,0x8227,0x8227,0x7A27,0x8288,0x8AC9,0xA34B,0xC3CD,0xDC70,0xDC70,0xBBAC,0x9AEA,0x71E6,0x7A27,0x7A47,
    0x7A27,0x7A47,0x8247,0x8247,0x8A47,0x8A47,0x8A47,0x8A47,0x8A87,0x8AC8,0x7A46,0x4901,0x2860,0x2880,0x28C1,0x3102,
    0x3922,0x3101,0x49A4,0x5A46,0x5A47,0x8C2F,0xC638,0xB5D7,0xADF8,0xADF8,0xADF8,0xADF8,0xADD8,0xADD8,0xADD8,0xADF8,
    0xADF8,0xADF8,0xADF8,0xB5F8,0xB618,0xB619,0xB619,0xADF8,0xADF8,0xB5F8,0xB618,0xB5F8,0xB5F8,0xB5F8,0xB618,0xB618,
    0xB618,0xB618,0xB5F8,0xADF7,0xADF7,0xB5F8,0xB618,0xB618,0xB5F8,0xB5F8,0xB618,0xB618,0xB618,0xB618,0xB5F8,0xB5F8,
    0xB5F8,0xB5F8,0xB5F8,0xB5F8,0xADF8,0xADF8,0xADF8,0xADD7,0xADD7,0xADD7,0xADD7,0xADD7,0xADD7,0xADD7,0xADF7,0xADF8,
    0xA5D7,0xA5B7,0xA5B7,0xA5B7,0xADD8,0xA5D7,0xA5D7,0xA5D7,0xADF8,0xADF8,0xADD8,0xADD8,0xADD8,0xADD8,0xADD8,0xADD8,
    0xA5B8,0xA5B7,0xA596,0xA5B7,0xADB7,0xADB7,0xA5B7,0xADB7,0xA5B7,0xA5B7,0xA5B6,0xA597,0xA597,0xA5B7,0xA5B7,0xA5B7,
    0xA5B7,0xA5B7,0xA5B7,0xADD8,0xADD8,0xADD8,0xA5D7,0xA5B7,0xA5B7,0xA5B7,0xA5D7,0xADD8,0xADD8,0xADF8,0xADF7,0xADD7,
    0xA5D7,0xA5B6,0xA5B6,0xA5B6,0xA5D6,0xA5B6,0xA5B6,0xA5B7,0xA5B7,0xA5D7,0xA5D7,0xADD7,0xADD7,0xA5D7,0xA5D7,0xADD7,
    0xADD7,0xADD7,0xADB7,0xADB6,0xADD7,0xADB7,0xADB7,0xADD7,0xADD7,0xADD7,0xA5D7,0xADD7,0xADF7,0xADF8,0xADF8,0xADF8,
    0xADF7,0xADF7,0xADF7,0xADD8,0xADD8,0xADD8,0xADD8,0xA5D7,0xA5B7,0xA5B7,0xA5B7,0xA5B7,0xA5B7,0xA5B6,0xADF7,0xAE18,
    0xAE18,0xADF7,0xADD7,0xA5D7,0xA5B6,0xA5B6,0xA5D7,0xA5D7,0xA5D7,0xA5D7,0xA5D7,0xA5D7,0xA5D7,0xADD7,0xADF7,0xADD7,
    0xADF7,0xADF7,0xADF7,0xADF7,0xADF7,0xADF7,0xADD7,0xADD7,0xADD7,0xADF8,0xADF8,0xADF8,0xADF8,0xADF8,0xADF8,0xADF8,
    0xADD7,0xA5D7,0xADD8,0xADD8,0xADF8,0xADF8,0xADF8,0xAE18,0xAE18,0xAE18,0xAE18,0xAE18,0xAE18,0xADF8,0xADF8,0xADF7,
    0xADF7,0xA5D7,0xADD7,0xADF7,0xADF8,0xB618,0xB618,0xB618,0xAE18,0xADF8,0xADF8,0xADF8,0xADD7,0xADD7,0xADF8,0xADF8,
    0xADF8,0xADF8,0xAE18,0xADF8,0xADF8,0xADF8,0xADF8,0xADF8,0xB5F8,0xB618,0xB618,0xB618,0xB5F8,0xB5F8,0xB618,0xB618,
    0xB618,0xAE18,0xAE18,0xB618,0xB618,0xB618,0xAE18,0xADF8,0xADF8,0xADF8,0xADF8,0xADF8,0xAE18,0xAE18,0xB618,0xB618,
    0xB619,0xB639,0xB618,0xB618,0xB618,0xB618,0xAE18,0xAE18,0xADF8,0xADF8,0xADF8,0xADF8,0xADF8,0xAE18,0xB618,0xB618,
    0xB638,0xB638,0xAE18,0xADF7,0xADF7,0xADF7,0xADF7,0xAE18,0xAE18,0xAE18,0xB618,0xB639,0xB639,0xB639,0xB639,0xB639,
    0xB639,0xB639,0xB639,0xB639,0xB639,0xB618,0xB618,0xB618,0xB619,0xB619,0xB618,0xB618,0xB618,0xB619,0xB618,0xB5F8,
    0xADF8,0xADF8,0xADF8,0xADD8,0xB5D8,0xB5F8,0xB5F8,0xB5F8,0xB5F8,0xB5F8,0xB5F8,0xB5F8,0xB618,0xB618,0xB618,0xB618,
    0xB618,0xB618,0xB618,0xB618,0xB618,0xB618,0xB618,0xB5F8,0xB5F8,0xB5F8,0xB618,0xB618,0xB618,0xB618,0xB618,0xB618,
    0xB618,0xB618,0xB618,0xB618,0xB618,0xB618,0xB618,0xB618,0xB618,0xB618,0xB638,0xB638,0xB638,0xB638,0xB638,0xB618,
    0xB618,0xB618,0xB618,0xB5F8,0xB5F8,0xADF8,0xB618,0xB618,0xB618,0xB619,0xB618,0xB618,0xB618,0xB619,0xB639,0xB639,
    0xB619,0xB618,0xB618,0xB639,0xB639,0xB639,0xB618,0xAE18,0xB618,0xAE18,0xAE18,0xB618,0xB618,0xB618,0xB618,0xB639,
    0xB639,0xB639,0xB639,0xB639,0xB639,0xB619,0xB618,0xB618,0xB618,0xB618,0xB5F7,0xB5F7,0xADF7,0xADF8,0xB638,0xB639,
    0xB638,0xB618,0xBE38,0xA4D1,0x72E9,0x51A3,0x59A4,0x61A4,0x7226,0x7206,0x8288,0x8A88,0x8A68,0x8A88,0x8248,0x8248,
    0x8A48,0x8A48,0x8A48,0x8248,0x7A27,0x82A8,0x82A8,0x92A9,0x9AC9,0xB34B,0xD42F,0xCC0E,0xC42E,0xA30A,0x79E6,0x8247,
    0x8A47,0x8A67,0x8A48,0x8A47,0x9247,0x9247,0x8A47,0x8A67,0x92A8,0x92A8,0x71E5,0x4922,0x4102,0x28A0,0x30E2,0x4163,
    0x4163,0x4163,0x5A26,0x6287,0x732B,0xB595,0xBDF8,0xB5F8,0xB619,0xB5F8,0xB618,0xB618,0xB618,0xB5F8,0xADF8,0xADF8,
    0xADF8,0xADF8,0xADF8,0xADF8,0xB5F8,0xB5F8,0xB618,0xB619,0xB618,0xADF8,0xADF8,0xADF8,0xB5F7,0xB5F8,0xB5F8,0xB5F8,
    0xB618,0xB618,0xB618,0xB5F8,0xB5F8,0xB618,0xB618,0xB618,0xB5F8,0xADD7,0xADD7,0xADB7,0xADD7,0xB5F8,0xB618,0xB5F8,
    0xB5F8,0xB5F8,0xB5F8,0xB5F8,0xB5F8,0xB5F8,0xB5F8,0xB5F8,0xADD7,0xADD7,0xADD7,0xADF7,0xADD7,0xADD7,0xADD7,0xADD7,
    0xA597,0xA597,0xA5B7,0xA5B7,0xA5B7,0xA5B7,0xA5B7,0xADD7,0xADD7,0xADD7,0xA5B7,0xA5B7,0xADD7,0xADD7,0xADD8,0xADF8,
    0xADD7,0xA5B7,0xA5B7,0xA5B7,0xA5B7,0xA5B7,0xA5B7,0xA5B7,0xADD7,0xADD7,0xADD7,0xADB7,0xADD7,0xADD7,0xADD7,0xADD7,
    0xA5B7,0xA5B7,0xA5B7,0xA597,0xA5B7,0xA5B7,0xA5B7,0xA5B7,0xA5B7,0xA596,0xA596,0xA596,0xA596,0xA5B7,0xADD7,0xADD7,
    0xADD7,0xADD7,0xADD7,0xADD7,0xA5D7,0xA5B7,0xA5B7,0xA596,0xA596,0xA596,0xA596,0xA596,0xA596,0xA596,0xA5B7,0xADD7,
    0xADD7,0xADD7,0xADD7,0xADD7,0xADD7,0xADD7,0xADD7,0xADD7,0xADB6,0xA5B6,0xA5B7,0xA5B6,0xA5B6,0xADD7,0xADD7,0xADD7,
    0xADD7,0xADD7,0xADD7,0xADD7,0xADD7,0xADF8,0xADF8,0xADF8,0xADF8,0xADF8,0xADF7,0xADD7,0xA5B7,0xA5B6,0xA596,0xA5B6,
    0xADD7,0xADF7,0xAE18,0xADF8,0xAE18,0xB618,0xADF8,0xADF8,0xADF8,0xADF8,0xADF8,0xADD7,0xADD7,0xADD7,0xADD7,0xADD7,
    0xADF8,0xADF8,0xADF8,0xADF8,0xADF8,0xADF8,0xADF8,0xADF8,0xADF8,0xADF7,0xADF7,0xB618,0xADF7,0xADF7,0xAE18,0xADF7,
    0xADF7,0xADF7,0xADF8,0xADF8,0xADD8,0xADD8,0xADD8,0xADF8,0xADF8,0xADF8,0xADF8,0xB618,0xB618,0xB618,0xB618,0xB618,
    0xB618,0xB618,0xADF8,0xADF8,0xADF8,0xADF8,0xADF8,0xB618,0xB618,0xB618,0xB5F8,0xB5F8,0xADF8,0xADD8,0xADD7,0xADD7,
    0xADD7,0xADF8,0xB5F8,0xADF8,0xADF8,0xADF8,0xB5F8,0xB618,0xADF8,0xADF7,0xADF7,0xADF8,0xB618,0xB618,0xB618,0xB618,
    0xB618,0xB618,0xB618,0xB618,0xB618,0xB618,0xB638,0xB618,0xB618,0xB618,0xB618,0xB618,0xB618,0xB639,0xB618,0xB618,
    0xB618,0xB618,0xB618,0xB618,0xB618,0xB618,0xB618,0xB618,0xB638,0xB618,0xB618,0xAE18,0xB618,0xADF7,0xADD7,0xADD7,
    0xADF7,0xADF8,0xB618,0xB618,0xB618,0xB618,0xB618,0xB618,0xADF8,0xADF8,0xADF8,0xADF8,0xAE18,0xB618,0xB618,0xB618,
    0xB639,0xB639,0xB639,0xB618,0xB618,0xB618,0xB618,0xB618,0xB618,0xB618,0xB618,0xB618,0xB618,0xB618,0xB639,0xB618,
    0xB618,0xB618,0xB618,0xB5F8,0xB5F8,0xB5F8,0xB5F8,0xADD7,0xADD7,0xADD7,0xADD7,0xADD7,0xADF7,0xADD7,0xADD7,0xB5F7,
    0xB5F8,0xB618,0xB618,0xB618,0xB618,0xB618,0xB618,0xB618,0xB618,0xB618,0xB5F8,0xB5F7,0xB5F7,0xB5F7,0xB5F7,0xB618,
    0xB5F7,0xB5F7,0xB5F7,0xB618,0xB618,0xB618,0xB5F8,0xB5F7,0xADF7,0xADF7,0xB5F7,0xB5F7,0xB5F7,0xB618,0xB618,0xB618,
    0xB618,0xB618,0xB639,0xB618,0xB618,0xB638,0xB618,0xB5F8,0xB5F8,0xB5F8,0xB618,0xB619,0xB618,0xB618,0xB618,0xB618,
    0xB618,0xB639,0xB639,0xB639,0xB618,0xB618,0xB618,0xB618,0xB618,0xB618,0xB618,0xADF8,0xADF8,0xADF8,0xADF7,0xB5F8,
    0xB618,0xB638,0xB638,0xB638,0xB618,0xB638,0xB638,0xB638,0xB618,0xB618,0xADF7,0xADF7,0xADF7,0xADD7,0xADF7,0xADF8,
    0xADF8,0xADD7,0xBE18,0xAD34,0x7B4B,0x59E5,0x5142,0x59A4,0x7A88,0x7248,0x82A9,0x8A88,0x8A68,0x9268,0x8A67,0x8A47,
    0x8A68,0x8A88,0x8A68,0x8227,0x7A47,0x8AC9,0x8AC9,0x9B0A,0x8A47,0x8A27,0xAB0A,0xAB2A,0xAB6B,0xCC6F,0x9288,0x8226,
    0x9288,0x9288,0x9267,0x9247,0x9247,0x9247,0x8A67,0x9287,0x92A8,0x92A8,0x71E5,0x61A4,0x59A4,0x2880,0x30E2,0x49A3,
    0x51C3,0x5A05,0x6287,0x62C9,0x8C0F,0xC618,0xBDF8,0xB5D9,0xADF9,0xADF8,0xB5F8,0xB618,0xB619,0xB619,0xB619,0xB619,
    0xB618,0xB5F8,0xB618,0xB618,0xB618,0xADF8,0xADF8,0xADF8,0xB5F8,0xB618,0xB618,0xB618,0xB5F8,0xB5F8,0xB5F8,0xB5F8,
    0xB5F8,0xB5F8,0xB5F8,0xB5F8,0xB5F8,0xADD8,0xB5F8,0xB618,0xB5F8,0xB5F8,0xB5F8,0xADD7,0xADF8,0xB618,0xB618,0xB5F8,
    0xADF8,0xADD8,0xADD8,0xADF8,0xADF8,0xADF8,0xADD8,0xADF8,0xB5F8,0xB5F8,0xB5F8,0xADF8,0xADF8,0xADF8,0xADF8,0xADD8,
    0xA597,0xA596,0xA596,0xA576,0xA576,0xA576,0x9D76,0x9D76,0xA596,0xA5B6,0xA5B6,0xA5B6,0xA596,0xA596,0xA5B6,0xADD7,
    0xADD7,0xADD7,0xADF8,0xADF8,0xADF8,0xADD7,0xADD7,0xADD8,0xADD7,0xA5D7,0xA5B7,0xA5B7,0xADB7,0xA5B7,0xADB7,0xADB7,
    0xADD7,0xADD7,0xADD7,0xA5B7,0xA5B6,0xA5B6,0xA5B6,0xA5B6,0xA5B6,0xA596,0xA596,0xA596,0xA5B6,0xADB7,0xADD7,0xADD8,
    0xADD8,0xADD8,0xADD8,0xADD8,0xADD8,0xADD8,0xADD7,0xADB7,0xADB6,0xADB6,0xA5B6,0xA5B6,0xA596,0xA596,0xA596,0xA596,
    0xA596,0xA5B6,0xADD7,0xADD7,0xADD7,0xADD7,0xADF7,0xADF7,0xADF7,0xADF7,0xADD7,0xADD7,0xADB6,0xA5B6,0xA5B6,0xA5B6,
    0xADB7,0xADD7,0xADD7,0xADD7,0xADB6,0xADB7,0xADB7,0xADB7,0xADD7,0xADF7,0xB5F7,0xB5F8,0xB5F8,0xADF8,0xADD7,0xADD7,
    0xADF8,0xADD8,0xADD8,0xADF8,0xADF8,0xADF8,0xB5F8,0xB619,0xB619,0xB619,0xB5F8,0xADF8,0xADF8,0xADF8,0xADF8,0xADF8,
    0xADF8,0xADF8,0xADF8,0xADF8,0xADF8,0xADF8,0xADF8,0xADF8,0xADF8,0xADF7,0xADD6,0xADD7,0xADD6,0xA5B6,0xADD7,0xADF7,
    0xADF7,0xB618,0xB618,0xB618,0xB618,0xB5F8,0xB5F8,0xADF8,0xADD8,0xADD8,0xADF8,0xADF8,0xADF8,0xB5F8,0xB618,0xB618,
    0xB618,0xB618,0xB618,0xB618,0xB5F8,0xB618,0xB5F8,0xB5F8,0xB5F8,0xB5F8,0xB618,0xB619,0xB619,0xB618,0xB5F8,0xADF7,
    0xADF7,0xADF7,0xADD7,0xB5F7,0xB5F7,0xADF7,0xB5F7,0xB618,0xADF7,0xADF7,0xADF7,0xADF7,0xADF7,0xADF7,0xADF7,0xB618,
    0xB618,0xB638,0xB638,0xB618,0xB618,0xADF7,0xB617,0xB617,0xB617,0xB617,0xB618,0xB618,0xB618,0xB618,0xB5F8,0xB5F8,
    0xB5F8,0xB5F8,0xB5F8,0xB618,0xB618,0xB618,0xB618,0xB5F8,0xB618,0xB618,0xB618,0xB618,0xB5F8,0xB618,0xB5F8,0xB5F8,
    0xB5F8,0xB618,0xB5F8,0xB618,0xB618,0xB618,0xB618,0xB618,0xB5F8,0xB5F8,0xADF8,0xADF7,0xADF7,0xADF8,0xB5F8,0xB618,
    0xB5F8,0xB5F8,0xB618,0xB618,0xB638,0xBE39,0xB639,0xB638,0xB618,0xB618,0xB618,0xB618,0xB618,0xB618,0xADF8,0xB5F8,
    0xB618,0xB618,0xB618,0xB618,0xB618,0xB618,0xB618,0xB618,0xB618,0xB618,0xB618,0xB618,0xB618,0xB5F7,0xADF7,0xADF7,
    0xADF7,0xADF7,0xADF7,0xB5F7,0xB5F8,0xB5F7,0xADF7,0xB5F7,0xB618,0xB618,0xB618,0xB618,0xB618,0xB5F7,0xB5F7,0xADF7,
    0xADF7,0xADD7,0xADF7,0xADF7,0xADF7,0xB617,0xB618,0xB618,0xB618,0xB617,0xB5F7,0xB5F7,0xB5F7,0xB617,0xB5F7,0xB617,
    0xB617,0xB5F7,0xB5F8,0xB5F8,0xB5F8,0xB618,0xB618,0xB618,0xB618,0xB618,0xB618,0xB5F8,0xADF8,0xADF7,0xADF8,0xADF8,
    0xADF7,0xADF8,0xB5F8,0xB5F8,0xB618,0xB638,0xB638,0xB638,0xB618,0xB638,0xB638,0xB638,0xB638,0xB618,0xB638,0xB638,
    0xB618,0xB618,0xB618,0xB618,0xB618,0xB5F8,0xB5F7,0xB5F7,0xB618,0xB618,0xB618,0xB618,0xB618,0xB618,0xB5F7,0xB5F7,
    0xB5F7,0xB5F7,0xB618,0xB5B6,0x8C0F,0x72C9,0x5183,0x40E2,0x4985,0x5185,0x7A88,0x8AA9,0x8A68,0x9268,0x9288,0x8A87,
    0x8A87,0x8A88,0x8247,0x8246,0x7A26,0x8226,0x71A5,0x7A06,0x8A88,0x8A68,0x8A67,0x79E5,0x6963,0x8A87,0x8226,0x8226,
    0x8A67,0x9287,0x9287,0x9287,0x9267,0x9287,0x8A67,0x9288,0x92A8,0x8A87,0x71C5,0x6184,0x5143,0x30C1,0x3943,0x51C4,
    0x6225,0x6266,0x62A8,0x7B8D,0xAD55,0xBDF8,0xBDF9,0xBE19,0xB5F9,0xB5F8,0xB618,0xB618,0xB619,0xB619,0xB619,0xB619,
    0xB619,0xB619,0xB639,0xB619,0xB618,0xADF8,0xADF8,0xADD8,0xB5F8,0xB618,0xB618,0xB5F8,0xADF8,0xADF8,0xADF8,0xADF8,
    0xADF8,0xADF8,0xADF8,0xADF8,0xADF8,0xADD7,0xADD8,0xADF8,0xB5F8,0xB618,0xB618,0xB619,0xB618,0xB618,0xB618,0xB618,
    0xB5F8,0xADF8,0xB5F8,0xADF8,0xADF8,0xADF8,0xADF8,0xADF8,0xADD7,0xADD7,0xADD7,0xADD7,0xADF8,0xADF8,0xADF8,0xADF8,
    0xA5B7,0xA5B7,0xA5B7,0xA5B7,0xA576,0x9D76,0x9D76,0x9D55,0x9D75,0xA596,0xA5B6,0xA5B6,0xA5B6,0xA596,0xA596,0xA596,
    0xA5B6,0xA5B7,0xA5D7,0xADF8,0xADF8,0xADF8,0xADF8,0xADD7,0xA5D7,0xADD7,0xADF8,0xADD8,0xADD8,0xADD7,0xADD7,0xADD7,
    0xADD7,0xADD8,0xADF8,0xADF8,0xADD7,0xADD7,0xADD7,0xADD7,0xADD7,0xADD7,0xADD7,0xADD7,0xA5B6,0xA596,0xADD7,0xADD8,
    0xADD8,0xADD7,0xADD7,0xADD8,0xADD8,0xADD8,0xADD8,0xADD7,0xADD7,0xADD7,0xADD7,0xADD7,0xADD7,0xADB6,0xA5B6,0xA596,
    0xA596,0xADB7,0xADD7,0xADD7,0xADD7,0xADD7,0xADD7,0xADD7,0xADF7,0xB5F7,0xB5F7,0xB5F8,0xB618,0xADF7,0xADD7,0xADD7,
    0xADD7,0xADD7,0xADD7,0xADB7,0xADB7,0xADB6,0xA5B6,0xA5B6,0xADD7,0xADB7,0xADD7,0xADF7,0xB5F8,0xADF8,0xADF8,0xADD8,
    0xADF8,0xADF8,0xADF8,0xADF8,0xADF8,0xADF8,0xADF8,0xADF8,0xB5F8,0xADF8,0xADF8,0xB618,0xB618,0xB619,0xB619,0xB619,
    0xB619,0xB619,0xAE18,0xAE18,0xB619,0xB619,0xAE18,0xADF8,0xADF8,0xADF7,0xADD7,0xADD7,0xADD7,0xA5B6,0xADD7,0xADD7,
    0xADD7,0xADD7,0xADF8,0xB5F8,0xB618,0xB619,0xB619,0xADF8,0xADF8,0xADF8,0xADF8,0xADF8,0xB5F8,0xB618,0xB618,0xB618,
    0xB618,0xB5F8,0xB618,0xB618,0xB618,0xB5F8,0xB5F8,0xADF8,0xADF8,0xADD8,0xB5F8,0xB5F8,0xB618,0xB618,0xB618,0xB618,
    0xB5F7,0xADF7,0xADD7,0xADF7,0xADD7,0xADD7,0xADF7,0xB5F8,0xB618,0xB617,0xADF7,0xADF7,0xADF7,0xADF7,0xADF7,0xB617,
    0xB617,0xB617,0xB617,0xB618,0xB618,0xB638,0xB618,0xB618,0xADF7,0xADF7,0xB5F7,0xB618,0xB618,0xB618,0xB618,0xB5F8,
    0xB5F8,0xB618,0xB618,0xB618,0xADF8,0xADF8,0xADF8,0xADF8,0xADF8,0xADF8,0xB5F8,0xB5F8,0xB5F8,0xB618,0xB618,0xB638,
    0xB638,0xB618,0xB618,0xB618,0xB5F8,0xADF8,0xADF8,0xB5F8,0xB618,0xB618,0xB618,0xB5F8,0xB5F8,0xB5F8,0xB5F8,0xB618,
    0xB618,0xB618,0xB618,0xB618,0xB618,0xADF8,0xB5F8,0xB618,0xB618,0xB639,0xB639,0xB638,0xB638,0xB638,0xB638,0xB638,
    0xB618,0xB618,0xB618,0xB618,0xB618,0xB618,0xB618,0xB618,0xB618,0xB618,0xB618,0xB618,0xB618,0xB618,0xB638,0xB618,
    0xB618,0xB5F8,0xB5F7,0xADF7,0xADF7,0xADF7,0xADF7,0xADF7,0xADF7,0xADF7,0xB5F7,0xB618,0xB618,0xB618,0xB618,0xB617,
    0xB618,0xB618,0xB617,0xB5F7,0xADF7,0xADD6,0xADD7,0xADF7,0xB617,0xB617,0xB5F7,0xB617,0xB618,0xB617,0xB617,0xB617,
    0xB617,0xB617,0xB5F7,0xB5F7,0xB5F7,0xB5F7,0xB5F7,0xB618,0xB618,0xB618,0xB5F7,0xB618,0xB618,0xB618,0xB618,0xB618,
    0xB618,0xADF7,0xADF7,0xB618,0xB618,0xB618,0xB618,0xB5F8,0xADF7,0xB5F8,0xB5F8,0xB5F7,0xB5F7,0xADF7,0xADF7,0xB5F7,
    0xB618,0xB618,0xB638,0xB638,0xB638,0xB618,0xB618,0xB5F7,0xB5F7,0xB618,0xB618,0xB618,0xB638,0xB618,0xB618,0xB618,
    0xB618,0xB5F8,0xB618,0xB5D7,0xAD13,0x9C2E,0x59C5,0x4102,0x1800,0x2881,0x7268,0x8AC9,0x9288,0x9268,0x9288,0x92A8,
    0x8A88,0x8247,0x8227,0x8247,0x7A26,0x7A27,0x7A06,0x7A06,0x8A68,0x9B0A,0x92A8,0x7A06,0x71C5,0x7A26,0x7A26,0x8226,
    0x8226,0x9287,0x9287,0x92A7,0x9287,0x9287,0x9267,0x9287,0x92A8,0x8268,0x61A5,0x5985,0x5184,0x38E1,0x51C4,0x6266,
    0x6A86,0x6AA8,0x734B,0x9CD2,0xBDD7,0xB5B7,0xB5D8,0xBE19,0xB5F8,0xB618,0xB5F8,0xB5F8,0xB5F8,0xB5F8,0xB5F8,0xB5F8,
    0xB619,0xB619,0xB639,0xB639,0xB618,0xB618,0xB619,0xB618,0xB619,0xB639,0xB639,0xB639,0xB639,0xB639,0xB639,0xB639,
    0xB618,0xB618,0xB618,0xB618,0xB618,0xB618,0xB618,0xB618,0xB618,0xB618,0xB618,0xB618,0xB618,0xB618,0xB619,0xB619,
    0xB618,0xB618,0xB618,0xB618,0xB618,0xB618,0xB618,0xB618,0xB5F8,0xB5F8,0xADF8,0xADF8,0xADF8,0xADF8,0xADF8,0xADF8,
    0xA576,0xA576,0xA596,0xA576,0x9D76,0xA576,0xA596,0xA596,0x9D76,0xA596,0xA596,0xA596,0xA596,0xA5B6,0xA596,0x9D75,
    0x9D75,0x9D76,0xA596,0xA5B7,0xA5B7,0xA5B7,0xA5B7,0xA5B7,0xA596,0xA596,0xA5B7,0xA5B7,0xA5B7,0xA5B7,0xA5B7,0xA5B7,
    0xA5B7,0xADB7,0xADD7,0xADD7,0xADD7,0xADF7,0xADF7,0xADD7,0xADF7,0xADF7,0xADF7,0xADF7,0xADD7,0xA5B7,0xA596,0xA5B7,
    0xA5B7,0xADB7,0xADD7,0xADD7,0xADD7,0xADD7,0xADD7,0xADB7,0xADB6,0xADB7,0xADD7,0xADD7,0xADD7,0xADD7,0xADD7,0xADB7,
    0xADB7,0xADB7,0xADB6,0xADB7,0xADD7,0xADD7,0xADD7,0xADD7,0xADB6,0xA5B6,0xADB7,0xADD7,0xADF7,0xADF7,0xADF7,0xB5F7,
    0xADF7,0xB5F7,0xB5F7,0xB5F7,0xADF7,0xADF7,0xADF7,0xADD7,0xADD7,0xADD7,0xADB6,0xADB6,0xADD7,0xB5F8,0xADD7,0xADD7,
    0xA5B7,0xADB7,0xADD7,0xADD7,0xADF7,0xADF8,0xADF8,0xADF8,0xADF8,0xADF8,0xADF8,0xADD8,0xADF8,0xADF8,0xADF8,0xB618,
    0xB618,0xB618,0xB618,0xB618,0xB639,0xB639,0xB618,0xB618,0xB618,0xB618,0xB618,0xB618,0xB618,0xADD7,0xADD7,0xADD7,
    0xADD7,0xADF7,0xADD7,0xADD7,0xADD7,0xADD8,0xADF8,0xB5F8,0xB5F8,0xADF8,0xADD7,0xADD7,0xADF7,0xADF7,0xADF7,0xADF8,
    0xADD7,0xADD7,0xADD7,0xADF7,0xADF8,0xB5F8,0xB5F8,0xB5F8,0xB5F8,0xADD8,0xADD8,0xADD8,0xADD8,0xB5F8,0xB618,0xB618,
    0xB618,0xB618,0xB618,0xB5F7,0xADF7,0xADF7,0xB5F7,0xB618,0xB618,0xB618,0xB618,0xB617,0xADF7,0xADF7,0xADF7,0xADF7,
    0xADF7,0xADF7,0xADF7,0xADF7,0xADF7,0xB5F7,0xB618,0xB617,0xB5F7,0xADF7,0xB5F7,0xB5F7,0xADF7,0xB618,0xB618,0xB618,
    0xB618,0xB618,0xB618,0xB618,0xB618,0xB618,0xB618,0xB618,0xB618,0xB618,0xB618,0xB618,0xB618,0xB618,0xB618,0xB638,
    0xB638,0xB618,0xB618,0xB638,0xB618,0xB618,0xB618,0xB618,0xB618,0xB618,0xB618,0xB618,0xADF7,0xADF7,0xADF7,0xADF7,
    0xB618,0xB618,0xB618,0xB618,0xB618,0xB5F8,0xADF7,0xADF7,0xADD7,0xADF7,0xADF7,0xADF7,0xB618,0xB618,0xB638,0xB638,
    0xB638,0xB638,0xB638,0xB618,0xB618,0xB618,0xB5F7,0xB618,0xB618,0xB618,0xB618,0xB618,0xB618,0xB618,0xB638,0xB638,
    0xB618,0xB618,0xB618,0xB618,0xB618,0xB618,0xB618,0xB618,0xB5F8,0xB5F8,0xADF7,0xADF7,0xB5F7,0xB5F8,0xB618,0xB618,
    0xB638,0xB638,0xB618,0xB618,0xB618,0xB5F7,0xADF7,0xB5F7,0xADF7,0xADD7,0xADD7,0xB5F7,0xB617,0xB617,0xB617,0xB617,
    0xB617,0xB618,0xB618,0xB618,0xB618,0xBE38,0xB617,0xB617,0xB618,0xB618,0xB617,0xB617,0xB617,0xB617,0xB617,0xB618,
    0xB618,0xB617,0xADF7,0xB617,0xADF7,0xADF7,0xB5F7,0xB618,0xB618,0xB618,0xB5F8,0xB5F8,0xB5F7,0xADF7,0xADD7,0xADF7,
    0xADD7,0xADD7,0xADF7,0xADF7,0xB5F7,0xB618,0xB618,0xB618,0xB618,0xB618,0xB618,0xB618,0xB5F8,0xB5F8,0xB5F8,0xB618,
    0xB618,0xB618,0xB618,0xB5D7,0xB574,0xA490,0x51C4,0x4963,0x2080,0x2081,0x7268,0x8AC9,0x8A68,0x9268,0x9288,0x8A87,
    0x8267,0x8247,0x8247,0x8267,0x7206,0x71C5,0x71C6,0x71C5,0x79E6,0x8248,0x71C5,0x71A5,0x71C5,0x71C5,0x7A06,0x7A26,
    0x8226,0x8A46,0x8A87,0x92A7,0x9287,0x9286,0x9286,0x9266,0x8AA9,0x7227,0x59A6,0x51A5,0x3902,0x38E1,0x5A05,0x6246,
    0x6287,0x732A,0x9C90,0xBDF6,0xBE18,0xBE18,0xB618,0xB619,0xB619,0xB618,0xB618,0xB5F8,0xB5F8,0xB5D8,0xADD7,0xADD8,
    0xB5D8,0xB5F8,0xB618,0xB618,0xB618,0xB619,0xB619,0xB618,0xB618,0xB618,0xB618,0xB618,0xB618,0xB618,0xB619,0xB619,
    0xB639,0xB639,0xB639,0xB639,0xB639,0xB619,0xB619,0xB618,0xB618,0xB618,0xB618,0xB618,0xB618,0xB618,0xB5F8,0xADF8,
    0xADD8,0xADD8,0xADF8,0xADF8,0xADF8,0xADF8,0xADF8,0xADF8,0xB5F8,0xADF8,0xADF8,0xADF8,0xADF8,0xADF8,0xADF8,0xADF8,
    0xA597,0xA597,0xA5B7,0xA597,0xA596,0xA597,0xA597,0xA597,0xA596,0xA596,0x9D75,0xA596,0xA5B6,0xADD7,0xADD7,0xA5B6,
    0xA5B6,0xA596,0xA596,0x9D76,0x9D76,0xA596,0xA5B7,0xA597,0xA5B7,0xA596,0xA596,0xA596,0xA596,0xA597,0xA597,0xA597,
    0xA5B7,0xA5B7,0xA5B7,0xA5B7,0xA5B7,0xA5B6,0xA5B6,0xA5B6,0xA5B6,0xA5B6,0xA5B6,0xA5B6,0xADD7,0xADF7,0xADD7,0xA5B7,
    0xA5B7,0xADD7,0xADD8,0xADD8,0xADD7,0xADD7,0xADB7,0xADD7,0xADD7,0xADD7,0xADD7,0xADD7,0xADD7,0xADD7,0xADD7,0xADF7,
    0xADD7,0xADD7,0xADB7,0xADB7,0xADD7,0xADD7,0xADD7,0xADB6,0xA5B6,0xA596,0xA5B6,0xA596,0xA596,0xA5B6,0xADB6,0xADB7,
    0xADD7,0xADD7,0xADF7,0xADF7,0xADF7,0xB5F7,0xB5F7,0xB618,0xADF7,0xADF7,0xADF7,0xADD7,0xADD7,0xADF7,0xADF7,0xADF8,
    0xADF7,0xADF7,0xADF7,0xADD7,0xADD7,0xADD7,0xADD7,0xADD7,0xADD7,0xADD7,0xADB7,0xA5B7,0xA5B7,0xADD7,0xADD7,0xADD8,
    0xADF8,0xADF8,0xB5F8,0xB618,0xB5F8,0xB5F8,0xB618,0xB618,0xB618,0xB618,0xB5F8,0xB618,0xB619,0xB618,0xB618,0xB618,
    0xADF8,0xADF8,0xADF8,0xADD8,0xADD7,0xADD7,0xADD7,0xADD8,0xADF8,0xB5F8,0xB5F8,0xB5F8,0xB5F8,0xB5F8,0xB5F8,0xB5F8,
    0xB5F8,0xB5F8,0xB5F8,0xB5F8,0xB5F8,0xB5F8,0xB5F8,0xB618,0xB619,0xB619,0xB618,0xB5F8,0xADF8,0xB5F8,0xB5F8,0xB5F7,
    0xB5F7,0xB5F7,0xB5F7,0xB618,0xB618,0xB5F8,0xB618,0xB618,0xB618,0xB618,0xB638,0xB618,0xB618,0xB5F7,0xB5F7,0xADF7,
    0xADF7,0xADF7,0xADF7,0xADF7,0xADF7,0xADF7,0xADD7,0xADF7,0xB5F7,0xB618,0xB618,0xB5F8,0xADF7,0xB5F7,0xB5F7,0xB5F7,
    0xB5F7,0xADF7,0xADF7,0xADF7,0xB618,0xB618,0xB618,0xB618,0xB618,0xB618,0xB618,0xB618,0xB5F8,0xB618,0xB5F8,0xB5F7,
    0xB5F8,0xB618,0xB618,0xB618,0xB638,0xB638,0xB618,0xB618,0xB618,0xB618,0xB618,0xB638,0xB618,0xB618,0xB618,0xB5F8,
    0xB5F7,0xB5F8,0xB618,0xB618,0xB618,0xB618,0xB618,0xB618,0xB618,0xB618,0xB5F8,0xB5F8,0xB5F8,0xB5F7,0xB5F7,0xB618,
    0xB618,0xB638,0xBE39,0xBE59,0xBE39,0xB638,0xB638,0xB618,0xB618,0xB618,0xB618,0xB618,0xB618,0xB618,0xB5F8,0xB5F8,
    0xB618,0xB618,0xB618,0xB618,0xB618,0xB618,0xB618,0xB5F8,0xB5F7,0xB5F7,0xADF7,0xADF7,0xB5F7,0xB5F7,0xB5F7,0xB5F7,
    0xADF7,0xADF7,0xB5F7,0xB618,0xB618,0xB618,0xB618,0xB618,0xB618,0xB618,0xB5F7,0xB5F7,0xB5F7,0xB5F7,0xB5F7,0xB5F7,
    0xB5F7,0xB5F7,0xADD6,0xB5F7,0xB5F7,0xB617,0xB617,0xB617,0xB617,0xB617,0xBE38,0xB638,0xB617,0xB617,0xB5F7,0xB5F7,
    0xB617,0xB617,0xB617,0xB617,0xB617,0xB618,0xB5F7,0xB618,0xB638,0xB638,0xB638,0xB618,0xB618,0xB638,0xBE38,0xB638,
    0xB618,0xB618,0xB5F8,0xB5F7,0xB5F8,0xB618,0xB618,0xB618,0xB618,0xB638,0xB638,0xB618,0xB618,0xB618,0xB5F8,0xB618,
    0xB618,0xAE18,0xADF7,0xADD7,0xBDF6,0xACF1,0x5A26,0x4984,0x3123,0x28C2,0x6227,0x82C9,0x8AA9,0x8A68,0x8A88,0x8267,
    0x7A26,0x8247,0x8227,0x7A06,0x7206,0x69A5,0x69A5,0x69A5,0x71E7,0x71C6,0x6964,0x71C5,0x71C5,0x69C5,0x7206,0x7A26,
    0x7A46,0x7A26,0x8266,0x8AA7,0x8A86,0x8A66,0x9265,0x8A66,0x8AE9,0x5185,0x2061,0x2061,0x1820,0x3922,0x6A66,0x6287,
    0x734B,0x83EE,0xB5B5,0xBE17,0xB5F8,0xB618,0xB618,0xB5F8,0xB618,0xBE19,0xB619,0xB619,0xB619,0xB618,0xB618,0xB5F8,
    0xB5F8,0xADD8,0xADF8,0xB5F8,0xB618,0xB618,0xB5F8,0xB5F8,0xADF8,0xADD8,0xB5F8,0xADF8,0xADD8,0xADF8,0xB5F8,0xB5F8,
    0xB5F8,0xB5F8,0xB5F8,0xB5F8,0xB5F8,0xB5F8,0xB5F8,0xB5F8,0xB5F8,0xB5F8,0xB5F8,0xB5F8,0xB5F8,0xB5F8,0xB5F8,0xADF8,
    0xADD8,0xADD8,0xADD8,0xADD8,0xADD8,0xADD8,0xADD8,0xADD8,0xADD8,0xADD7,0xADD7,0xADD7,0xADB7,0xADB7,0xADD7,0xADD7,
    0xA596,0xA5B7,0xA5B7,0xA5B7,0xA5B7,0xA5B7,0xA5B7,0xA597,0xA5B6,0xA5B6,0xA596,0xA596,0xA596,0xA596,0xA596,0xA5B6,
    0xA5B6,0xA5B7,0xA5B7,0xA5B7,0xA596,0xA5B7,0xA596,0xA597,0xADD7,0xADD7,0xADD7,0xA5B7,0xA5B7,0xA597,0xA596,0xA596,
    0xA596,0xA596,0xA596,0xA597,0xA5B6,0xA5B6,0xA5B6,0xA596,0xA5B6,0xA596,0xA596,0xA596,0xA5B6,0xADD7,0xADD7,0xADD7,
    0xADB7,0xA5B7,0xADD7,0xADD7,0xADD7,0xADD7,0xADD7,0xADD7,0xADB7,0xADB6,0xA5B6,0xA596,0xA596,0xA5B6,0xADB6,0xADB7,
    0xADD7,0xADD7,0xADD7,0xADD7,0xADD7,0xADD7,0xADD7,0xADB7,0xADB7,0xADD7,0xADB7,0xADB6,0xA5B6,0xA5B6,0xADB6,0xADB6,
    0xA5B6,0xA5B6,0xADB7,0xADD7,0xADD7,0xADF7,0xADF7,0xADD7,0xADF7,0xADF7,0xADF7,0xADF7,0xADF7,0xB5D7,0xB5F7,0xB5F7,
    0xB5F7,0xB5F8,0xB618,0xB618,0xB618,0xB5F8,0xADF8,0xADF8,0xADF8,0xADF8,0xADF8,0xADF8,0xADF8,0xADF7,0xADF8,0xADD7,
    0xADD7,0xADD7,0xADD7,0xADD7,0xADD7,0xADD7,0xADD7,0xADF7,0xADF8,0xADF8,0xADF8,0xB5F8,0xB618,0xB618,0xB639,0xB639,
    0xB619,0xB618,0xB618,0xB618,0xB5F8,0xADF8,0xADF8,0xADD7,0xADF7,0xADF8,0xADF7,0xADF7,0xB5F7,0xB5F7,0xB5F7,0xB5F8,
    0xB5F8,0xB5F8,0xB618,0xB618,0xB618,0xB5F8,0xB5F8,0xB5F8,0xB5F8,0xB5F8,0xB5F8,0xADF8,0xADF8,0xADF8,0xB5F8,0xB5F8,
    0xADF7,0xADD7,0xADD7,0xADF7,0xADF7,0xADF7,0xADF7,0xADF7,0xB5F7,0xB5F7,0xB618,0xB618,0xB618,0xB5F7,0xB5F7,0xB5F7,
    0xB618,0xB5F7,0xB5F7,0xADD7,0xB5F7,0xB5F7,0xB5F7,0xB5F7,0xB618,0xB618,0xB618,0xB618,0xB618,0xB618,0xB618,0xB618,
    0xB618,0xB618,0xB618,0xB5F8,0xB5F7,0xB5F7,0xB5F7,0xB5F7,0xB618,0xB618,0xB618,0xB618,0xB618,0xB618,0xB618,0xB5F8,
    0xB5F7,0xB5F7,0xB618,0xB5F7,0xB5F7,0xB618,0xB618,0xB618,0xB618,0xB618,0xB618,0xB618,0xB618,0xB618,0xB618,0xB618,
    0xB618,0xB618,0xB618,0xB5F8,0xB5F7,0xB5F7,0xB618,0xB618,0xB638,0xBE38,0xBE38,0xB618,0xB618,0xB618,0xB618,0xB618,
    0xB618,0xB5F8,0xB618,0xB618,0xB618,0xB618,0xB618,0xB638,0xBE38,0xB638,0xB638,0xB638,0xB638,0xB618,0xB618,0xB618,
    0xB618,0xB618,0xB618,0xB618,0xB638,0xB618,0xB618,0xB618,0xB618,0xB618,0xB618,0xB618,0xB618,0xB618,0xB5F8,0xB618,
    0xB5F8,0xB5F7,0xB5F8,0xB618,0xB618,0xB618,0xB618,0xB618,0xB618,0xBE18,0xB618,0xB5F8,0xB5F7,0xB5D7,0xB5D7,0xB5D7,
    0xB5D7,0xADD7,0xADD6,0xADD6,0xADD6,0xADD6,0xADD7,0xADF7,0xB5F7,0xB5F7,0xB5F7,0xB617,0xB617,0xB617,0xB617,0xB617,
    0xB617,0xB617,0xB617,0xB5F7,0xB618,0xB618,0xB618,0xB618,0xB638,0xB618,0xB618,0xB618,0xB618,0xB618,0xB618,0xB618,
    0xB618,0xB638,0xBE38,0xBE38,0xB638,0xB618,0xB618,0xB618,0xB5F8,0xB5F8,0xB618,0xB618,0xB638,0xB638,0xB618,0xB618,
    0xB618,0xB617,0xADF8,0xADF7,0xBDF7,0xAD33,0x6288,0x49A4,0x4184,0x20C1,0x51A4,0x82E9,0x8AA9,0x8A88,0x8A88,0x8287,
    0x7A47,0x7A26,0x8247,0x7A27,0x7206,0x69E6,0x71C6,0x69C6,0x6986,0x6165,0x6985,0x71C5,0x71E6,0x69E6,0x71E6,0x7A47,
    0x7A67,0x7A25,0x7A05,0x8A87,0x8A86,0x8245,0x9266,0x8A87,0x82A8,0x3903,0x1020,0x1861,0x1880,0x49A4,0x6A87,0x7B4A,
    0x8C2F,0xAD54,0xBE17,0xB5F7,0xB618,0xB618,0xB5F8,0xB5F8,0xB5F8,0xB5F8,0xB618,0xB618,0xBE19,0xBE19,0xBE19,0xB618,
    0xB5F8,0xB5F8,0xB5F8,0xB5F8,0xB618,0xB618,0xB618,0xB618,0xB618,0xB618,0xB5F8,0xB5F8,0xB5F8,0xB5F8,0xB5F8,0xB5F8,
    0xB5F8,0xB5F8,0xB5F8,0xB5F8,0xB5F8,0xB5F8,0xB5F8,0xB5F8,0xB5F8,0xB5F8,0xB5D8,0xB5D8,0xB5D8,0xB5D8,0xB5F8,0xB5F8,
    0xB5F8,0xB5F8,0xB5F8,0xB5F8,0xB5D8,0xADD7,0xADD7,0xADD7,0xADD8,0xADD8,0xADD8,0xADD8,0xADD8,0xADD7,0xADB7,0xADD7,
    0xA5B7,0xA597,0xA596,0xA576,0xA596,0xA596,0xA596,0xA596,0xA596,0xA5B6,0xA5B6,0xA596,0xA596,0xA5B6,0xA5B6,0xA5B6,
    0xA5B6,0xADD7,0xADD7,0xADD7,0xADD7,0xA5B7,0xA5B7,0xA597,0xA596,0xA597,0xADD7,0xADD7,0xADD7,0xADD7,0xADD7,0xADB7,
    0xA5B7,0xA5B7,0xA5B7,0xA5B7,0xADB7,0xA5B6,0xA5B6,0xA5B6,0xA5B6,0xADD7,0xADD7,0xADD7,0xADD7,0xADD7,0xADD7,0xADD7,
    0xADD7,0xADD7,0xADD7,0xADD7,0xADD7,0xADD7,0xADD7,0xADF7,0xADF7,0xADD7,0xADD7,0xADD7,0xADB7,0xADB7,0xADB7,0xADB7,
    0xADB7,0xADD7,0xADD7,0xADD7,0xADD7,0xADF7,0xADF7,0xADF7,0xADD7,0xADD7,0xADD7,0xADD7,0xADD7,0xADD7,0xADD7,0xADD7,
    0xADD7,0xADD7,0xADD7,0xADD7,0xADD7,0xADD7,0xADD7,0xADD7,0xADD7,0xADD7,0xADD7,0xADD7,0xADD7,0xADD7,0xADD7,0xADD7,
    0xADD7,0xADB7,0xADB7,0xADD7,0xADD7,0xB5F7,0xADD7,0xADF7,0xADF8,0xADF8,0xADF7,0xADF8,0xADF8,0xADF8,0xADF7,0xADF8,
    0xB618,0xB5F8,0xADF8,0xADF8,0xADF7,0xADF8,0xADF8,0xADF8,0xB5F8,0xB5F8,0xB5F8,0xB5F8,0xADF8,0xADF8,0xADF8,0xB5F8,
    0xB5F8,0xB618,0xB5F8,0xB618,0xB618,0xB618,0xB618,0xB618,0xB618,0xB618,0xB618,0xB618,0xB5F7,0xB5F7,0xB5D7,0xADD7,
    0xADD7,0xADD7,0xADD7,0xADD7,0xADD7,0xB618,0xB618,0xB5F8,0xB5F8,0xB5F8,0xB5F8,0xB5F8,0xB5F8,0xB5F8,0xB5F8,0xB5F8,
    0xB5F7,0xB5F7,0xADF7,0xADF7,0xADD7,0xADD7,0xADD7,0xADD7,0xB5F7,0xB5F7,0xB618,0xB618,0xB618,0xB5F7,0xB5F7,0xB5F7,
    0xB618,0xB618,0xB5F7,0xB5F7,0xADD7,0xB5F7,0xB5F7,0xB5F7,0xB5F7,0xB618,0xB5F7,0xADF7,0xADF7,0xADF7,0xADF7,0xB5F7,
    0xB617,0xB617,0xB618,0xB618,0xB618,0xB618,0xB617,0xB5F7,0xB5F7,0xB5F7,0xB5F7,0xB617,0xB618,0xB618,0xB617,0xB618,
    0xB618,0xB618,0xB5F7,0xADD7,0xADD6,0xADD6,0xADD7,0xADD7,0xB5F7,0xB5F7,0xB617,0xB617,0xB618,0xBE38,0xBE38,0xBE38,
    0xB638,0xB618,0xB617,0xB617,0xB617,0xB617,0xB617,0xB618,0xB618,0xB618,0xB618,0xB618,0xB617,0xB617,0xB617,0xB5F7,
    0xB5F7,0xB5F7,0xB5F7,0xB5F8,0xB618,0xB618,0xB618,0xB618,0xB618,0xB618,0xB618,0xB618,0xB618,0xB638,0xB638,0xB618,
    0xB618,0xB618,0xB618,0xB638,0xB638,0xB638,0xB638,0xB638,0xB638,0xB638,0xB639,0xB639,0xB639,0xB639,0xB639,0xB618,
    0xB618,0xB618,0xB618,0xB618,0xB618,0xB618,0xB618,0xB638,0xBE38,0xBE38,0xBE18,0xBE18,0xBE18,0xB618,0xB618,0xB618,
    0xB618,0xB618,0xB618,0xB5F7,0xB5F7,0xB5F7,0xADD7,0xADD7,0xB5F7,0xB5F7,0xB5F7,0xB5F7,0xB5F7,0xB5F7,0xB5F7,0xB5F7,
    0xB5F7,0xB5F7,0xB5F7,0xB5F7,0xB5F7,0xADF7,0xADF7,0xADF7,0xADF7,0xB618,0xB618,0xB618,0xB618,0xB618,0xB618,0xB618,
    0xB618,0xB618,0xB618,0xB618,0xB618,0xB618,0xB618,0xB618,0xB618,0xB618,0xB618,0xB618,0xB618,0xB618,0xB618,0xB618,
    0xB618,0xB618,0xB618,0xB5F8,0xB5F7,0xAD53,0x62A8,0x49E5,0x41A4,0x28E1,0x4184,0x830A,0x8AC9,0x8A88,0x8AA8,0x8288,
    0x7A67,0x7206,0x71C6,0x69C5,0x69C6,0x69C6,0x6186,0x6185,0x6986,0x69A6,0x6985,0x69A5,0x69C6,0x7206,0x7A68,0x7A47,
    0x7A47,0x8287,0x7A25,0x8266,0x8A86,0x8A86,0x92A7,0x92C8,0x7AA8,0x28A1,0x1060,0x1081,0x20A1,0x5A67,0x836A,0x83CE,
    0xA514,0xBE17,0xB5F7,0xB5F8,0xB5F8,0xB5F8,0xADF8,0xB5F8,0xB5F8,0xB5F8,0xB618,0xBE19,0xBE19,0xBE19,0xBE19,0xBE19,
    0xB618,0xBE19,0xB618,0xB618,0xB618,0xB618,0xB618,0xB5F8,0xB5F8,0xB618,0xB618,0xB618,0xB618,0xB618,0xB618,0xB618,
    0xBE19,0xBE39,0xBE19,0xBE19,0xBE19,0xB618,0xB618,0xB5F8,0xB618,0xB618,0xB5F8,0xB5F8,0xB5F8,0xB5F8,0xB5F8,0xB5F8,
    0xB5F8,0xB5F8,0xB5F8,0xB5F8,0xB5F8,0xB5F8,0xB5F8,0xB5F8,0xB5F8,0xB5F8,0xB5F8,0xB5F8,0xB5F8,0xB5F8,0xADD8,0xB5F8,
    0xA5B7,0xA5B7,0xA596,0xA596,0xA596,0xA597,0xA5B7,0xA5B7,0xA5B7,0xA5B7,0xADD7,0xADD7,0xADD7,0xA5B6,0xA5B6,0xA5B6,
    0xA5B6,0xA596,0xA597,0xADD7,0xADD8,0xADD7,0xADB7,0xADB7,0xA596,0xA596,0xADB7,0xA5B7,0xA5B7,0xADB7,0xADD7,0xADD7,
    0xADD7,0xADD7,0xADD7,0xADD7,0xADB7,0xA5B6,0xA5B6,0xA5B6,0xADD7,0xADD7,0xADD7,0xADD7,0xADD7,0xA5B6,0xA596,0xA596,
    0xA5B7,0xADD7,0xADD7,0xADD7,0xADD7,0xADD7,0xADF7,0xADD7,0xADD7,0xADD7,0xADD7,0xADD7,0xADF7,0xADD7,0xADD7,0xADD7,
    0xADD7,0xADD7,0xADD7,0xADD7,0xADD7,0xADD7,0xB5F7,0xB618,0xB618,0xB5F8,0xADF7,0xADD7,0xADD7,0xADD7,0xADD7,0xADD7,
    0xADD7,0xADD7,0xADF7,0xB5F7,0xADD7,0xADD7,0xADD7,0xADF7,0xADF7,0xADF7,0xADF7,0xADF7,0xADF7,0xADD7,0xADD7,0xADD7,
    0xADD7,0xADD7,0xADB6,0xADB6,0xADB6,0xADD7,0xADD7,0xADD7,0xADF8,0xADF8,0xADF7,0xADD7,0xADD7,0xADD7,0xADD7,0xADD7,
    0xADD7,0xADD7,0xADD7,0xADD7,0xADD7,0xADD7,0xADD7,0xADD7,0xADD7,0xADF7,0xADF7,0xB5F8,0xB618,0xB618,0xB618,0xB618,
    0xADF8,0xADF7,0xADF8,0xB5F8,0xADF8,0xADF7,0xADD7,0xADF8,0xADF8,0xB618,0xB618,0xB618,0xB618,0xB618,0xB5F8,0xB5F8,
    0xB5F8,0xB5F7,0xB5F7,0xB5F7,0xADD7,0xADD7,0xADD8,0xB5F8,0xB618,0xB619,0xB618,0xB618,0xB618,0xB618,0xB618,0xB618,
    0xB618,0xB618,0xB618,0xB618,0xB618,0xB5F8,0xB5F8,0xB5F7,0xB5F7,0xB5F7,0xB5F7,0xB5F7,0xB618,0xB618,0xBE38,0xBE18,
    0xB618,0xBE18,0xB618,0xB618,0xB5F7,0xB5F7,0xB5F7,0xB5F7,0xB5F7,0xB5F8,0xB617,0xB617,0xB617,0xB617,0xB617,0xB5F7,
    0xB617,0xB617,0xB617,0xB618,0xB618,0xB618,0xB618,0xB618,0xBE18,0xBE18,0xB617,0xB617,0xB618,0xB617,0xB617,0xB617,
    0xB617,0xB617,0xB617,0xB5F7,0xB5F7,0xB5F7,0xB5F7,0xADD6,0xADD7,0xB5F7,0xB5F7,0xB5F7,0xB5F7,0xB5F7,0xB618,0xB618,
    0xB617,0xB617,0xB638,0xB638,0xB638,0xB617,0xB617,0xB617,0xB5F7,0xB5F7,0xB5F7,0xB5F7,0xB5D7,0xB5D7,0xB617,0xB618,
    0xB617,0xB617,0xB617,0xB5F8,0xB618,0xB618,0xB618,0xB618,0xB618,0xB618,0xB618,0xB618,0xB618,0xB638,0xB638,0xADF7,
    0xADD7,0xADF7,0xADF7,0xB5F7,0xB5F7,0xB618,0xB618,0xB618,0xB618,0xB618,0xB618,0xB618,0xB618,0xB639,0xB639,0xBE39,
    0xBE39,0xBE39,0xBE39,0xBE39,0xB638,0xB618,0xB618,0xBE39,0xBE39,0xBE39,0xBE39,0xBE39,0xBE39,0xBE39,0xBE39,0xBE39,
    0xBE39,0xBE39,0xBE39,0xBE39,0xBE38,0xBE18,0xB618,0xB618,0xB618,0xBE18,0xBE18,0xB618,0xB618,0xB618,0xB618,0xB618,
    0xB618,0xB618,0xB618,0xB618,0xB618,0xB618,0xB5F8,0xADF7,0xADF7,0xADD7,0xADD7,0xADF7,0xADF7,0xB5F8,0xB618,0xB618,
    0xB618,0xB618,0xB618,0xB5F8,0xB618,0xB618,0xB618,0xB618,0xB618,0xB618,0xB618,0xB618,0xB618,0xB618,0xB638,0xB618,
    0xB618,0xB618,0xB638,0xB618,0xBE18,0xB574,0x732A,0x5A46,0x41C5,0x3123,0x49C5,0x830A,0x8AEA,0x8288,0x8AA8,0x8AC8,
    0x7A47,0x7206,0x71C6,0x48C2,0x4903,0x7207,0x82AA,0x7A69,0x828A,0x7A49,0x7A28,0x8289,0x7A27,0x69E6,0x69A5,0x5943,
    0x69C5,0x8267,0x7A26,0x8A86,0x8A86,0x8AA7,0x92C8,0x8AC9,0x6226,0x2060,0x1881,0x18A1,0x41E6,0x6AEA,0x942E,0xA513,
    0xBDF8,0xBE18,0xB5F8,0xB618,0xB5F8,0xB5F8,0xB5F8,0xB5F8,0xB618,0xB5F8,0xBE19,0xBE19,0xBE19,0xBE19,0xBE19,0xBE19,
    0xBE19,0xBE19,0xBE19,0xBE19,0xB619,0xB618,0xB5F8,0xB5F8,0xB5F8,0xB5F8,0xB5F8,0xB5F8,0xB618,0xB618,0xB618,0xB618,
    0xB618,0xB5F8,0xB5F8,0xB5F8,0xB618,0xBE19,0xB619,0xB619,0xBE19,0xBE19,0xBE19,0xB619,0xB618,0xB618,0xB5F8,0xB618,
    0xB618,0xB618,0xB618,0xB5F8,0xB5F8,0xB5F8,0xB5F8,0xB5F8,0xB5F8,0xB5F8,0xB5F8,0xB5F8,0xB5F8,0xB5F8,0xB5D8,0xB5F8,
    0xADD7,0xADD7,0xADD7,0xADD7,0xADD7,0xADB7,0xA5B7,0xA596,0xA596,0xA596,0xA5B6,0xADD7,0xADD7,0xA5B6,0xA5B6,0xA5B6,
    0xA5B6,0xA596,0xA576,0xADB7,0xADB7,0xADD7,0xADD7,0xADD8,0xADD8,0xADD8,0xADD8,0xADD7,0xADD7,0xADD7,0xADD8,0xADD8,
    0xADD7,0xADB7,0xA5B7,0xA5B7,0xA596,0xA596,0xA596,0xA596,0xA596,0xA5B6,0xADD7,0xADD7,0xADD7,0xA5B6,0xA596,0xA5B6,
    0xA596,0xA596,0xA596,0xA596,0xA5B6,0xADD7,0xADD7,0xADD7,0xADF7,0xADF7,0xB5F7,0xB5F7,0xADF7,0xADD7,0xADD7,0xADD7,
    0xADD7,0xADD7,0xADD7,0xADD7,0xADD7,0xADD7,0xADD7,0xADD7,0xADD7,0xADF7,0xB5F7,0xADF7,0xADD7,0xADD7,0xADB7,0xADB6,
    0xADB6,0xADB7,0xADD7,0xADD7,0xADD7,0xADD7,0xADD7,0xADD7,0xADF7,0xADF7,0xADD7,0xADD7,0xB5F7,0xB5F7,0xB5F7,0xB5F7,
    0xB5D7,0xB5F8,0xB618,0xB5F7,0xB5F7,0xB5F7,0xADD7,0xADF7,0xADF7,0xADF7,0xADF7,0xADF7,0xADF7,0xADF7,0xADF7,0xADF7,
    0xB5F7,0xB5F7,0xB5F7,0xB5F7,0xB5F7,0xB5F7,0xADF7,0xADD7,0xADD7,0xADD7,0xADD7,0xADD7,0xADF7,0xADF7,0xADF7,0xADF7,
    0xB617,0xB617,0xADF7,0xADF7,0xADF7,0xB618,0xB618,0xB618,0xADF7,0xADF7,0xADD7,0xADD7,0xB5F7,0xB5F7,0xB5F7,0xB5F7,
    0xB618,0xBE18,0xB618,0xB618,0xB618,0xB618,0xB5F8,0xB5F8,0xB5F8,0xB5F8,0xB5F8,0xB5F8,0xB5F8,0xB5F8,0xB5F8,0xB618,
    0xB618,0xB5F8,0xB5F7,0xB618,0xB638,0xB638,0xB638,0xB638,0xBE18,0xB618,0xB5F7,0xB5F7,0xB5D7,0xADD7,0xB5D7,0xB5F8,
    0xBE18,0xBE18,0xBE18,0xBE18,0xBE18,0xB618,0xB5F7,0xB5F7,0xB5D7,0xADD7,0xB5F7,0xB617,0xB617,0xB617,0xB617,0xB617,
    0xB617,0xB617,0xB617,0xB617,0xB5F7,0xB5F7,0xB617,0xB618,0xB617,0xB5F7,0xB5F7,0xB5F7,0xB618,0xBE18,0xBE18,0xBE18,
    0xBE18,0xBE18,0xBE18,0xBE18,0xB617,0xB5F7,0xB5F7,0xB5D7,0xB5D7,0xB5D7,0xADD7,0xB5D7,0xB5D7,0xB5D7,0xB5F7,0xB5F7,
    0xB618,0xB618,0xB617,0xB617,0xB617,0xB617,0xB617,0xB617,0xB618,0xB617,0xB5F7,0xB5F7,0xB5F7,0xB5F7,0xB5F7,0xB5F7,
    0xB5F7,0xB5F7,0xB5F7,0xB5F8,0xB618,0xB618,0xB618,0xB5F8,0xB5F7,0xB5F8,0xB618,0xB618,0xB618,0xB618,0xBE38,0xBE38,
    0xB638,0xB618,0xB618,0xB638,0xB638,0xB618,0xB619,0xB619,0xB619,0xB619,0xB618,0xB5F8,0xB618,0xB618,0xB618,0xB618,
    0xB618,0xB618,0xB618,0xB618,0xB618,0xB5F8,0xADF8,0xB5F8,0xB618,0xB618,0xBE18,0xBE19,0xBE19,0xBE18,0xBE19,0xBE19,
    0xBE19,0xBE39,0xBE39,0xBE39,0xBE39,0xBE39,0xBE39,0xBE39,0xBE39,0xBE19,0xBE19,0xBE18,0xBE18,0xBE18,0xBE18,0xBE18,
    0xBE18,0xBE18,0xBE18,0xBE18,0xB618,0xB638,0xB638,0xB638,0xB638,0xB618,0xB618,0xB618,0xB618,0xB618,0xB5F8,0xB5F8,
    0xB618,0xB618,0xB618,0xB618,0xB618,0xB618,0xB618,0xB5F8,0xB618,0xB618,0xB618,0xB618,0xB618,0xB618,0xB618,0xB638,
    0xBE18,0xBE18,0xBE18,0xB619,0xBE18,0xBDB5,0x8BCD,0x6267,0x5226,0x41A4,0x5226,0x7AE9,0x82C9,0x8288,0x8288,0x8AC9,
    0x7247,0x7226,0x7A27,0x6185,0x48C2,0x48E3,0x69C7,0x7208,0x826A,0x828A,0x828A,0x7A08,0x5924,0x48A2,0x4081,0x5103,
    0x71E6,0x7A26,0x7A25,0x8AA7,0x8A86,0x8AA7,0x82A8,0x8B0A,0x59C5,0x2880,0x28C1,0x39A4,0x6B2B,0x8C2E,0xAD33,0xBDF7,
    0xBDF8,0xB5D8,0xB5F9,0xB5F9,0xB619,0xB619,0xB618,0xBE18,0xBE18,0xB5F8,0xBDF8,0xBDF8,0xBDF9,0xBDF8,0xB5F8,0xBDF8,
    0xBE19,0xBE19,0xBE19,0xBE19,0xBE19,0xBE19,0xBE19,0xBE19,0xBE19,0xBE19,0xB618,0xB5F8,0xB5F8,0xB5F8,0xB5F8,0xB5F8,
    0xB5F8,0xB5F8,0xB5F8,0xB5F8,0xB5F8,0xBE19,0xB618,0xB618,0xBE19,0xBE19,0xBE19,0xB618,0xB5F8,0xB5F8,0xB618,0xBE18,
    0xBE18,0xBE18,0xBE18,0xB618,0xB618,0xBE18,0xBE18,0xB618,0xB5F8,0xB5F8,0xB5F8,0xB5F8,0xB5F8,0xB5D8,0xB5F8,0xB5D8,
    0xA596,0xA596,0xA596,0xA596,0xA596,0xA596,0xA5B7,0xA5B7,0xADB7,0xADD7,0xADD7,0xA5B6,0xA5B6,0xA5B6,0xA5B6,0xA5B6,
    0xA5B6,0xA5B6,0xA596,0xA596,0xA596,0xAD97,0xADB7,0xADB7,0xADB7,0xADB7,0xADB7,0xADD7,0xADD7,0xADD7,0xADD7,0xADD8,
    0xADF8,0xADF8,0xADF8,0xADD8,0xADF7,0xADF7,0xADD7,0xADD7,0xADD7,0xADF7,0xADF7,0xADF7,0xADD7,0xADD7,0xADD7,0xADD7,
    0xA5B7,0xA5B6,0xA5B6,0xA5B7,0xA5B6,0xA5B6,0xA596,0xA596,0xA5B6,0xA5B6,0xADB6,0xADB7,0xADD7,0xADD7,0xADD7,0xADD7,
    0xADF7,0xB5F8,0xADF7,0xADD7,0xADD7,0xADF7,0xADF7,0xADD7,0xADD7,0xADD7,0xADD7,0xADF7,0xB5F7,0xB618,0xB618,0xB5F8,
    0xADD7,0xADD7,0xADB7,0xADD7,0xADD7,0xADF7,0xADF7,0xADD7,0xADD7,0xADD7,0xADD7,0xADD7,0xADD7,0xADD7,0xADD7,0xADD7,
    0xADD7,0xADD7,0xB5F7,0xB5F7,0xB5F7,0xB5D7,0xADF7,0xADF7,0xADF7,0xADD7,0xADD7,0xADD7,0xADD7,0xADD7,0xADD7,0xADD7,
    0xB5F7,0xB5F7,0xB5F7,0xB5F7,0xB5F7,0xB5F7,0xB5F7,0xB5F7,0xB5F7,0xB617,0xB5F7,0xADF7,0xADD6,0xADD7,0xADF7,0xADF7,
    0xB5F7,0xADF7,0xADD7,0xADF7,0xADF7,0xADF7,0xADF7,0xB618,0xB618,0xB618,0xB618,0xB618,0xB5F8,0xB5F7,0xB5F7,0xB5F7,
    0xB5F7,0xB5F7,0xB618,0xB618,0xB618,0xB618,0xB618,0xB618,0xB618,0xB618,0xB618,0xB5F8,0xB5F8,0xB5F8,0xB5F8,0xB5F8,
    0xB5F7,0xB5F7,0xADF7,0xB5F7,0xB5F8,0xB618,0xB618,0xB618,0xBE18,0xBE18,0xBE18,0xB618,0xB618,0xB5F7,0xB5D7,0xADD7,
    0xB5D7,0xB5F7,0xB618,0xBE18,0xBE18,0xB618,0xBE38,0xBE18,0xB5F8,0xB5F7,0xB5F7,0xB5F7,0xB5F7,0xB5F7,0xB5F7,0xB618,
    0xB618,0xB5F7,0xADF7,0xADF7,0xB5F7,0xB5F7,0xB5F7,0xB5F7,0xB5F7,0xB5F7,0xB5F7,0xB5F7,0xB5F7,0xB5F7,0xB5D7,0xB5F7,
    0xB5F7,0xB617,0xB5F7,0xB5F7,0xB617,0xB617,0xB617,0xB617,0xB617,0xB5F7,0xB617,0xB5F7,0xB5F7,0xB5F7,0xB5F7,0xB5F7,
    0xB5F7,0xB5F7,0xB617,0xB618,0xB618,0xB5F7,0xB5F7,0xB617,0xB617,0xB617,0xB618,0xB5F7,0xB5F7,0xB5F7,0xB618,0xB617,
    0xB5F7,0xB5F7,0xB5F7,0xB618,0xB618,0xB618,0xB638,0xB618,0xB618,0xB618,0xB638,0xBE38,0xB618,0xB618,0xB5F8,0xB5F8,
    0xB618,0xB618,0xB618,0xB618,0xB638,0xB618,0xB618,0xB618,0xB618,0xB618,0xB639,0xB639,0xB638,0xB618,0xB618,0xB618,
    0xB618,0xB618,0xB618,0xB618,0xB618,0xB618,0xB618,0xB5F8,0xB5F8,0xB5F8,0xB5F8,0xB5F8,0xB5F8,0xB5F8,0xB5F8,0xB5F8,
    0xB5F8,0xB5F8,0xB619,0xBE19,0xBE39,0xBE39,0xBE39,0xBE39,0xBE39,0xBE19,0xBE19,0xBE18,0xBE38,0xBE18,0xBE39,0xBE39,
    0xBE18,0xBE18,0xBE18,0xBE18,0xB618,0xB618,0xB618,0xB638,0xB638,0xBE38,0xBE38,0xB638,0xB638,0xB638,0xBE38,0xB638,
    0xB618,0xB638,0xB618,0xB618,0xB618,0xB618,0xB618,0xB618,0xB618,0xB618,0xB5F8,0xB5F7,0xB5F7,0xB5F7,0xB5F8,0xB5F8,
    0xB5F8,0xB5F8,0xB618,0xB619,0xBE18,0xC5F7,0x9C90,0x62A9,0x6288,0x4A06,0x5247,0x6A88,0x82C9,0x8AC9,0x8267,0x82A8,
    0x7A47,0x7206,0x7A27,0x7227,0x69E7,0x6185,0x5944,0x5945,0x5945,0x5944,0x5924,0x6144,0x6165,0x5944,0x6985,0x8247,
    0x8247,0x7A26,0x8246,0x8AA7,0x8A86,0x8A87,0x82C8,0x7AC8,0x4142,0x3922,0x5246,0x736C,0x9470,0xB5B5,0xBDF7,0xBDF7,
    0xBDF8,0xB5F8,0xB619,0xB619,0xB619,0xB5F9,0xB5F8,0xB5F7,0xBDF8,0xBDF8,0xB5F8,0xB5F8,0xB5F8,0xB5D7,0xB5D8,0xB5D8,
    0xB5F8,0xB5F8,0xB5F8,0xB5F8,0xB5F8,0xBE18,0xB5F8,0xB5F8,0xB5F8,0xB5F8,0xB5F8,0xB5F8,0xBE18,0xB618,0xBE18,0xBE19,
    0xB5F8,0xBE18,0xBE19,0xBE19,0xB5F8,0xB5F8,0xB5F8,0xB5F8,0xB5F8,0xB5F8,0xB5F8,0xB5F8,0xB5F8,0xB5F8,0xB5F8,0xB5F8,
    0xB5F8,0xB5F8,0xB5F8,0xB5F8,0xB5F8,0xB5F8,0xB5F8,0xB5F8,0xB5D8,0xB5D8,0xB5D7,0xB5D7,0xB5D8,0xB5F8,0xB5F8,0xB5F8,
    0xA596,0xA596,0xA596,0xA596,0xA596,0xA596,0xA596,0xA596,0xA5B6,0xA5B7,0xA5B7,0xADB7,0xADD7,0xADD7,0xADD7,0xADD7,
    0xADD7,0xADD7,0xADD7,0xADB7,0xADB6,0xA596,0xAD96,0xADB7,0xADB7,0xADB6,0xAD96,0xADB6,0xADB6,0xAD96,0xA596,0xA596,
    0xADB6,0xADD7,0xADD7,0xADD7,0xADD7,0xADF7,0xB5F8,0xADF7,0xADD7,0xA5B6,0xA5B6,0xADB7,0xADD7,0xADD7,0xADD7,0xADD8,
    0xB5D8,0xADD8,0xADD7,0xADD7,0xADD8,0xADD7,0xADB7,0xADB7,0xADB6,0xADB6,0xADB6,0xAD96,0xADB6,0xADB7,0xADD7,0xADD7,
    0xADD7,0xADF7,0xADD7,0xADD7,0xADF8,0xB5F8,0xB5F8,0xB5F8,0xADF8,0xADD7,0xADD7,0xADD7,0xADD7,0xADD7,0xADD7,0xADD7,
    0xADD7,0xADD7,0xADD7,0xADD7,0xADD7,0xADB7,0xADD7,0xB5F8,0xADF7,0xADD7,0xADD7,0xADD7,0xADD7,0xADD6,0xADD6,0xADD6,
    0xADD6,0xADD6,0xADB6,0xADD6,0xADD6,0xADF7,0xB618,0xB5F7,0xADD7,0xADD7,0xB5F8,0xB5F8,0xB5F7,0xB5F7,0xADF7,0xADF7,
    0xADD6,0xADD6,0xADD6,0xADD6,0xADF7,0xADF7,0xADF7,0xB5F7,0xB617,0xB618,0xB638,0xB618,0xB618,0xB618,0xB618,0xB618,
    0xB618,0xB618,0xB618,0xB618,0xB618,0xB5F7,0xB5F7,0xADF7,0xADF7,0xADD7,0xADD7,0xB5F7,0xB5F7,0xBE17,0xBE18,0xBE18,
    0xBE18,0xB617,0xB617,0xB5F7,0xB5F7,0xB5F8,0xB5F8,0xB618,0xB618,0xB618,0xB638,0xB618,0xB638,0xB618,0xB618,0xB618,
    0xB5F7,0xB5F7,0xB5F7,0xB5F7,0xB618,0xB618,0xB618,0xB5F7,0xB618,0xB618,0xB618,0xB618,0xBE18,0xBE38,0xB618,0xB618,
    0xB5F8,0xB5F7,0xB618,0xB638,0xB618,0xB618,0xB638,0xB638,0xB638,0xB638,0xB618,0xB618,0xB618,0xB618,0xB618,0xB618,
    0xB618,0xB5F8,0xB618,0xB618,0xB617,0xB5F7,0xB5F7,0xB5F7,0xB5F7,0xB5F7,0xB5F7,0xB5F7,0xB5F7,0xB5F7,0xB5F7,0xB5F7,
    0xB5F7,0xBE18,0xBE18,0xBE38,0xBE38,0xBE38,0xBE38,0xB618,0xB618,0xB618,0xB618,0xB618,0xB618,0xB618,0xB618,0xB618,
    0xB5F7,0xB5F7,0xB5F7,0xB618,0xBE38,0xB618,0xB618,0xB618,0xB618,0xB618,0xB618,0xB5F7,0xB618,0xB618,0xBE38,0xB618,
    0xB618,0xB618,0xB5F7,0xB5F7,0xB5F7,0xB618,0xB618,0xB618,0xB618,0xB618,0xB618,0xB618,0xB638,0xB638,0xBE38,0xBE38,
    0xB638,0xB618,0xB618,0xB618,0xB618,0xB618,0xB618,0xB5F8,0xB5F7,0xB5F7,0xB618,0xB618,0xB638,0xB638,0xB638,0xBE39,
    0xBE39,0xB639,0xB619,0xB619,0xB619,0xB619,0xB619,0xB619,0xB638,0xB618,0xB618,0xB618,0xB5F7,0xB5F7,0xB5F7,0xADF7,
    0xADF7,0xB5F7,0xB5F7,0xB5F8,0xB5F8,0xBE18,0xBE18,0xBE18,0xBE18,0xBE18,0xBE18,0xBE38,0xB618,0xB618,0xB618,0xB618,
    0xBE18,0xBE38,0xBE38,0xBE38,0xBE38,0xBE38,0xBE38,0xBE38,0xBE38,0xBE38,0xBE38,0xB618,0xB618,0xBE38,0xBE39,0xBE39,
    0xBE39,0xBE39,0xBE18,0xBE18,0xBE19,0xBE18,0xBE18,0xBE19,0xBE19,0xBE18,0xB618,0xB618,0xB5F8,0xB5F8,0xADF8,0xADF7,
    0xADF8,0xADF8,0xADF8,0xB5F8,0xBE18,0xBDF7,0xB575,0x6B0B,0x62CA,0x5A68,0x62A9,0x730A,0x7288,0x82E9,0x7A67,0x8288,
    0x7A47,0x7227,0x7A48,0x7A48,0x8248,0x7A27,0x79E6,0x7A06,0x79E6,0x7A07,0x7A07,0x79E6,0x7A27,0x8268,0x8A88,0x8267,
    0x8226,0x8225,0x8266,0x8AA7,0x8A87,0x8A87,0x8AC8,0x6A25,0x3101,0x4205,0x8C6F,0xAD75,0xBDD7,0xBDD8,0xBDF8,0xBDF8,
    0xB5F8,0xB5F8,0xB619,0xB619,0xB619,0xB619,0xB618,0xBDF8,0xBE18,0xB619,0xB5F8,0xB618,0xB5F7,0xB5F7,0xB5F7,0xBDF7,
    0xB5F8,0xBDD8,0xB5F7,0xB5F7,0xBDF8,0xBDF8,0xBE18,0xBE18,0xBDF8,0xB5F8,0xB5D8,0xB5D8,0xBDF8,0xBDF8,0xB5F8,0xBE18,
    0xBDF8,0xBDF8,0xBDF8,0xBE18,0xBDF8,0xBDF8,0xBDF8,0xBDF8,0xB5F8,0xB5F8,0xB5F8,0xBDF8,0xBDF8,0xB5F8,0xB5F8,0xB5F8,
    0xB5F8,0xB5F8,0xB5F8,0xB5F8,0xB5F8,0xB5F8,0xB5D8,0xB5F7,0xB5F8,0xB5F7,0xB5D7,0xB5D7,0xADD7,0xADD7,0xADD7,0xADD7,
    0xADD7,0xADB7,0xADB7,0xADB7,0xADB7,0xADB6,0xA5B6,0xA596,0xA576,0xA596,0xA596,0xADB7,0xADD7,0xADD7,0xADB7,0xA5B7,
    0xA596,0xA5B6,0xADB6,0xADB6,0xADB6,0xADD7,0xADD7,0xADD7,0xADD7,0xADD7,0xADD7,0xADB6,0xADB6,0xADB6,0xADB6,0xADB6,
    0xADB6,0xADB6,0xADB6,0xADB6,0xADB6,0xADD7,0xADB6,0xADD7,0xADD7,0xADB6,0xADB6,0xADB6,0xADB6,0xADB6,0xADB7,0xADD8,
    0xB5F8,0xB5F8,0xB5D8,0xB5F8,0xADD8,0xADD8,0xB5F8,0xADD7,0xADD7,0xADD7,0xADD7,0xADD7,0xADD7,0xADD7,0xADD7,0xB5F7,
    0xB5F7,0xADF8,0xADF8,0xADF8,0xADF8,0xB5F8,0xADF8,0xADF8,0xB5F8,0xB618,0xB5F8,0xB5F8,0xADF7,0xADD7,0xADD7,0xADD7,
    0xADF7,0xADF8,0xB5F8,0xB5F8,0xB5F8,0xADD7,0xADD7,0xADD7,0xADF8,0xADF8,0xADD7,0xADD7,0xADD7,0xADF7,0xADD7,0xADD7,
    0xADD6,0xADD6,0xADD7,0xADD7,0xADF7,0xB618,0xB5F8,0xB5F7,0xADF7,0xADF7,0xADF7,0xB5F7,0xB5F7,0xB5F7,0xB5F7,0xB617,
    0xB617,0xB5F7,0xADF7,0xADF7,0xADD7,0xADD7,0xADF7,0xADF7,0xADF7,0xB5D7,0xB5F7,0xADD7,0xADD7,0xB5F7,0xB618,0xB618,
    0xB618,0xB618,0xB618,0xB618,0xB618,0xB618,0xB618,0xB618,0xB618,0xB5F7,0xB5F7,0xB5F7,0xB5D7,0xB5F7,0xB5F7,0xB5D7,
    0xB5F7,0xB5F7,0xB5F7,0xB5F7,0xB618,0xB618,0xB618,0xB618,0xB618,0xB618,0xB5F8,0xB618,0xB618,0xB618,0xB618,0xB618,
    0xB618,0xB5F7,0xB5F7,0xB5F7,0xB5F7,0xB5F7,0xB5F7,0xB618,0xB618,0xB618,0xB618,0xB618,0xB618,0xBE18,0xB618,0xB618,
    0xB618,0xB618,0xB5F7,0xADF7,0xB5F7,0xB618,0xB638,0xB618,0xB618,0xB618,0xB618,0xB618,0xB618,0xB618,0xB638,0xB618,
    0xB638,0xB638,0xB638,0xB618,0xB618,0xB618,0xB618,0xB618,0xB618,0xB617,0xB5F7,0xB5F7,0xB5F7,0xB5F7,0xB617,0xB5F7,
    0xB5F7,0xB5F7,0xB617,0xB617,0xB5F7,0xB5F7,0xB5F7,0xB618,0xB618,0xB638,0xB618,0xB618,0xB618,0xB618,0xB618,0xB618,
    0xB618,0xB5F7,0xB5F7,0xB5F7,0xB5F7,0xB5F7,0xB618,0xB618,0xB618,0xB618,0xB5F7,0xB618,0xB618,0xB618,0xBE38,0xBE38,
    0xBE38,0xBE38,0xBE38,0xB618,0xB618,0xB5F7,0xB5F7,0xB5F7,0xB5F7,0xB5F7,0xB5F7,0xB5F7,0xADF7,0xB618,0xB618,0xBE38,
    0xBE59,0xBE38,0xBE38,0xB638,0xB638,0xB638,0xB638,0xB638,0xB638,0xB618,0xB638,0xB638,0xB638,0xB638,0xB638,0xB639,
    0xB639,0xB619,0xB619,0xB639,0xBE39,0xBE39,0xBE39,0xBE39,0xBE39,0xB638,0xB638,0xB638,0xB638,0xBE38,0xBE38,0xB638,
    0xB638,0xB638,0xB5F8,0xB5F8,0xB5F7,0xB5F7,0xB5F7,0xB5F8,0xB5F8,0xB5F8,0xB5F8,0xBE18,0xBE38,0xBE38,0xB638,0xB618,
    0xB618,0xBE38,0xBE38,0xBE59,0xBE38,0xBE38,0xBE38,0xBE38,0xBE38,0xBE59,0xBE38,0xBE38,0xBE38,0xBE38,0xBE39,0xBE39,
    0xBE39,0xBE39,0xBE39,0xBE39,0xBE39,0xBE39,0xBE19,0xBE39,0xBE39,0xBE39,0xBE19,0xBE39,0xBE39,0xB639,0xB639,0xB638,
    0xB618,0xAE18,0xB618,0xB5F8,0xB5F8,0xBDD7,0xBDF7,0x7BCE,0x7BCE,0x6B0B,0x6B4C,0xACF2,0x834B,0x7AA8,0x8288,0x8288,
    0x7A47,0x7227,0x7A48,0x7A27,0x8247,0x8A68,0x8268,0x8A68,0x8A68,0x8A68,0x8A68,0x8268,0x8A88,0x8AA8,0x8A87,0x8246,
    0x8225,0x8246,0x8A86,0x8AA7,0x8AA7,0x8AA8,0x82A8,0x4963,0x3963,0x4A88,0xA554,0xBE18,0xBE18,0xB5D8,0xBDF8,0xBDF8,
    0xBDF8,0xB5F8,0xB618,0xB619,0xB619,0xB619,0xB618,0xBDF8,0xBDF8,0xB5F8,0xB618,0xB618,0xB617,0xBE17,0xBE17,0xBE18,
    0xBE18,0xBDF8,0xB5F7,0xB5F7,0xB5F8,0xB5F8,0xB5F8,0xB5F8,0xBE18,0xBE19,0xBDF8,0xBDF8,0xBE19,0xBE18,0xBDF8,0xBDF8,
    0xBE18,0xBDF8,0xBDF8,0xBDF8,0xBDF8,0xBDF8,0xBDF8,0xBDF8,0xBDF8,0xBDF8,0xB5F8,0xB5F8,0xB5F8,0xB5F8,0xB5F8,0xB5F8,
    0xB5F8,0xB5F8,0xB5F8,0xB5F8,0xB5F8,0xB5F8,0xB5F8,0xB5F8,0xB5F7,0xB5F7,0xB5F7,0xB5F7,0xB5F7,0xB5D7,0xADD7,0xADB6,
    0xAD96,0xADB6,0xADB6,0xA596,0xA596,0xADB7,0xADD7,0xADB7,0xADB7,0xADB7,0xADB6,0xAD96,0xAD96,0xADB7,0xADB6,0xA596,
    0xA596,0xA596,0xAD96,0xAD96,0xADB6,0xADB6,0xADB6,0xADB6,0xADB6,0xADB7,0xADD7,0xADB7,0xADB6,0xADB6,0xADB7,0xADB6,
    0xADD7,0xADD7,0xADD7,0xADD7,0xADD7,0xADB6,0xADB6,0xADD7,0xADD7,0xADD7,0xADD7,0xADD7,0xADB6,0xADB7,0xADB7,0xADB7,
    0xAD97,0xAD97,0xADB7,0xADB7,0xADB7,0xADB7,0xB5D8,0xB5F7,0xB5F7,0xB5F7,0xB5F7,0xB5F7,0xB5F7,0xB5D7,0xADB7,0xADB6,
    0xADB6,0xADD7,0xB5D7,0xB5F7,0xB5F7,0xADD7,0xADD7,0xADB7,0xADD7,0xADD7,0xADD7,0xB5D7,0xB5F7,0xB5F8,0xB618,0xB618,
    0xB618,0xB5F8,0xB5F7,0xB5F7,0xB5F8,0xB5F8,0xB5F8,0xB5F8,0xB618,0xB618,0xB618,0xB5F8,0xB5F8,0xB618,0xB5F8,0xB5F7,
    0xB5D7,0xADD7,0xADD7,0xADD7,0xADD7,0xADD7,0xB5F7,0xB5F7,0xB5F7,0xADD7,0xADD7,0xADD7,0xADD7,0xADD7,0xADD7,0xB5F7,
    0xB5F8,0xB618,0xB618,0xB618,0xB618,0xB618,0xB5F7,0xB5F7,0xADD7,0xB5F7,0xB5F7,0xADB6,0xADB6,0xADD7,0xADD7,0xADD7,
    0xB5F7,0xB5F7,0xB5F7,0xB5F7,0xB5F7,0xB5F7,0xB5F7,0xB5F7,0xB5F7,0xB5F7,0xB5F7,0xB5F7,0xB5F7,0xB5F7,0xB5F7,0xB5D7,
    0xB5D7,0xB5D7,0xB5D7,0xB5F7,0xB5F7,0xB618,0xB618,0xB618,0xB5F8,0xB5F8,0xB5F8,0xB5F8,0xB5F8,0xB5F7,0xB5F7,0xB618,
    0xB618,0xB618,0xB618,0xB618,0xB5F7,0xB5F7,0xB5F7,0xB5F7,0xB617,0xB617,0xB618,0xB618,0xB618,0xB618,0xB618,0xB618,
    0xB618,0xB618,0xB618,0xB618,0xB618,0xB5F7,0xB5F7,0xB618,0xB618,0xBE38,0xBE38,0xBE18,0xBE38,0xBE38,0xBE38,0xB618,
    0xBE18,0xBE38,0xBE18,0xB618,0xB618,0xB618,0xBE38,0xBE38,0xBE38,0xB618,0xB618,0xBE18,0xBE38,0xBE18,0xBE18,0xB617,
    0xB5F7,0xB5F7,0xB5F7,0xB5F7,0xB5F7,0xB5D7,0xADD7,0xADD7,0xB5F8,0xB618,0xB618,0xB618,0xB618,0xB618,0xB618,0xB618,
    0xB618,0xB618,0xB618,0xB618,0xB618,0xBE38,0xBE38,0xBE38,0xBE38,0xBE38,0xBE38,0xB618,0xB618,0xB5F7,0xB618,0xB618,
    0xB618,0xB618,0xB618,0xBE38,0xBE38,0xBE38,0xBE38,0xBE38,0xBE38,0xB618,0xB618,0xB618,0xB618,0xB618,0xB618,0xB618,
    0xB618,0xBE38,0xBE38,0xBE38,0xBE38,0xBE38,0xB638,0xB618,0xB618,0xB618,0xB618,0xB618,0xB618,0xB618,0xB618,0xB618,
    0xB618,0xBE18,0xBE18,0xBE19,0xBE19,0xBE19,0xBE19,0xBE18,0xBE38,0xBE38,0xBE38,0xBE38,0xBE38,0xBE38,0xBE38,0xBE38,
    0xB638,0xB618,0xBE18,0xBE18,0xBE18,0xBE18,0xBE18,0xBE18,0xBE18,0xBE18,0xBE18,0xB618,0xBE18,0xBE38,0xBE38,0xB618,
    0xB5F8,0xB618,0xBE18,0xBE38,0xBE38,0xBE38,0xBE38,0xBE38,0xBE38,0xBE18,0xBE18,0xBE38,0xBE38,0xBE38,0xBE18,0xBE18,
    0xBE18,0xBE18,0xBE38,0xBE38,0xBE39,0xBE39,0xBE38,0xB638,0xBE38,0xBE39,0xBE38,0xBE39,0xBE59,0xBE59,0xBE39,0xBE39,
    0xBE39,0xB639,0xB638,0xB618,0xBE18,0xBE18,0xBE18,0xB5B6,0xB575,0x9CD3,0x9491,0xC5F6,0xACB1,0x72A8,0x82A8,0x82A8,
    0x8267,0x7A47,0x7A67,0x7A27,0x8227,0x8247,0x8247,0x8267,0x8227,0x8247,0x8247,0x8247,0x8267,0x8247,0x8246,0x7A26,
    0x8246,0x8266,0x8A87,0x8A87,0x8AA8,0x8AA8,0x6A27,0x6268,0x62EA,0x6B8D,0x9D75,0xB5D7,0xB5F8,0xB5F8,0xB619,0xBDF8,
    0xBDF7,0xBDF8,0xB5F8,0xB618,0xB5F8,0xB5F8,0xB5F8,0xBDF8,0xB5F8,0xB5F8,0xB618,0xB618,0xB618,0xB618,0xB618,0xB618,
    0xB618,0xB618,0xB618,0xB618,0xB618,0xB618,0xB618,0xB5F8,0xBE18,0xBE19,0xBDF9,0xBDF8,0xBE18,0xBE18,0xBDF8,0xBE18,
    0xBDF8,0xBDF8,0xBE18,0xBE18,0xBE18,0xBDF8,0xBDF8,0xBDF8,0xB5F8,0xB5F8,0xB5F8,0xB5F8,0xB5F8,0xB5F8,0xB5F8,0xB5F7,
    0xB5D7,0xB5D7,0xB5D7,0xB5F8,0xB5F7,0xB5D7,0xB5D7,0xB5D7,0xB5F7,0xB5F7,0xB5F8,0xB5F8,0xBE18,0xBE18,0xB618,0xB5F8,
    0xADB7,0xADB7,0xADB7,0xADB7,0xADB7,0xADB7,0xADB7,0xADB7,0xADB7,0xADB7,0xADB7,0xADB7,0xADB7,0xADB7,0xADB7,0xADB7,
    0xADB7,0xADB7,0xADB6,0xADB6,0xADB6,0xAD96,0xADB6,0xADB6,0xADB6,0xADB6,0xADB6,0xADD6,0xADB6,0xADB6,0xAD96,0xA596,
    0xA596,0xA596,0xAD96,0xADB6,0xADD7,0xB5F7,0xB5F7,0xB5F7,0xADD7,0xB5F7,0xB5F7,0xB5F7,0xB5F7,0xB5F7,0xADB7,0xADB6,
    0xAD96,0xADB7,0xADB7,0xADB7,0xADB7,0xADB7,0xADB7,0xADB7,0xADD7,0xADD7,0xADD7,0xADD7,0xADB6,0xADB6,0xADB6,0xADB6,
    0xADB6,0xAD96,0xAD96,0xADB7,0xADD7,0xB5D7,0xB5D7,0xADD7,0xADD7,0xADB7,0xADD7,0xADB7,0xADB7,0xADB7,0xADB7,0xADD7,
    0xB5D7,0xB5D7,0xADD7,0xADD7,0xB5D7,0xB5F7,0xB5F8,0xB5F7,0xB5F7,0xB5F7,0xB5F8,0xB618,0xB618,0xB618,0xB618,0xB618,
    0xB618,0xB618,0xB618,0xB5F7,0xB5F7,0xB5F7,0xB5F7,0xB5F7,0xB5F7,0xB5F7,0xB617,0xB617,0xB5F7,0xB5F7,0xADD7,0xADD7,
    0xADD7,0xB5D7,0xB5F8,0xB5F8,0xB618,0xB618,0xB5F8,0xB5F8,0xB5F7,0xADD7,0xB5F7,0xADD7,0xADD7,0xADD7,0xADB6,0xADD7,
    0xADD7,0xADD7,0xB5F7,0xB618,0xB618,0xB618,0xB618,0xB618,0xB618,0xB618,0xBE38,0xBE38,0xBE18,0xBE18,0xB5F7,0xB5D7,
    0xB5D7,0xB5D7,0xB5D7,0xB5D7,0xB5D7,0xB5F7,0xB5F7,0xB5F8,0xB5F8,0xB5F8,0xB618,0xB618,0xB618,0xB5F8,0xB618,0xBE38,
    0xB618,0xB618,0xB618,0xB618,0xB618,0xB5F7,0xB5F7,0xB5F7,0xB617,0xB617,0xB617,0xB617,0xB617,0xB618,0xB618,0xB618,
    0xB638,0xB618,0xB618,0xBE38,0xB618,0xB618,0xB5F7,0xB5F7,0xB618,0xB618,0xB618,0xB618,0xBE18,0xBE18,0xBE38,0xBE38,
    0xBE38,0xBE38,0xBE38,0xBE38,0xBE18,0xBE38,0xBE39,0xBE39,0xBE18,0xB618,0xBE18,0xBE38,0xBE39,0xBE38,0xBE38,0xBE39,
    0xBE38,0xBE18,0xBE18,0xBE38,0xBE38,0xBE18,0xBE18,0xB618,0xB618,0xB618,0xB618,0xB618,0xBE18,0xBE38,0xBE38,0xBE38,
    0xBE59,0xBE59,0xBE38,0xBE38,0xB618,0xB5F7,0xB5F7,0xB618,0xB618,0xB618,0xBE38,0xBE38,0xBE38,0xBE38,0xBE38,0xB618,
    0xB618,0xB618,0xB618,0xB618,0xB618,0xBE38,0xBE38,0xBE38,0xBE38,0xBE38,0xBE38,0xBE38,0xBE38,0xBE38,0xBE38,0xBE38,
    0xBE38,0xB618,0xB618,0xBE38,0xBE38,0xBE38,0xB618,0xB618,0xB5F7,0xB5F7,0xB618,0xB618,0xB618,0xB618,0xB618,0xB618,
    0xB618,0xB618,0xBE18,0xBE18,0xB618,0xB618,0xB618,0xB618,0xB618,0xB618,0xBE38,0xBE38,0xBE38,0xBE38,0xBE38,0xBE38,
    0xB618,0xBE18,0xBE18,0xBE18,0xBE18,0xBE18,0xBE18,0xBE18,0xBE18,0xBE18,0xBE18,0xB618,0xB618,0xB5F7,0xB5F7,0xB5F7,
    0xB5F7,0xB5F7,0xB5F7,0xB5F7,0xB618,0xB618,0xB618,0xB618,0xB618,0xBE18,0xBE38,0xBE18,0xB5F8,0xB5F7,0xBE18,0xBE18,
    0xB618,0xB618,0xB618,0xB618,0xB618,0xB618,0xB618,0xB638,0xB638,0xB638,0xB638,0xBE39,0xB638,0xBE18,0xBE18,0xBE18,
    0xBE38,0xBE38,0xBE38,0xBE38,0xBE18,0xBE18,0xBE18,0xBE38,0xBE18,0xB5F8,0xBE18,0xBDF7,0xC5B5,0x832B,0x7267,0x82A8,
    0x8287,0x7A47,0x7A47,0x7A26,0x7A47,0x8267,0x7A47,0x7206,0x71E5,0x7206,0x7A06,0x7A26,0x7A27,0x8227,0x8246,0x8226,
    0x8266,0x8266,0x8A87,0x8287,0x8AA8,0x7A47,0x6228,0x9410,0x9CD3,0xA575,0xADD7,0xB5D8,0xB5F8,0xB5F8,0xB619,0xB5F8,
    0xBDF8,0xB5F8,0xB5F8,0xB5F8,0xB618,0xB618,0xB618,0xB618,0xBDF8,0xBDF8,0xB5F8,0xB5F8,0xB618,0xB618,0xB618,0xB618,
    0xB618,0xB618,0xB618,0xB617,0xB618,0xB618,0xB618,0xB618,0xBE18,0xBE18,0xBDF8,0xBDF8,0xBE18,0xBDF8,0xBDF8,0xBE18,
    0xBDF8,0xBDF8,0xBE18,0xBE18,0xBE18,0xBE18,0xBE18,0xBE18,0xBDF8,0xBDF8,0xBDF8,0xBDF8,0xBDF8,0xBDF8,0xB5F8,0xB5F8,
    0xB5F7,0xB5F7,0xB5D7,0xB5D7,0xB5D7,0xB5D7,0xB5D7,0xB5D7,0xB5D7,0xB5F7,0xB5F7,0xB5F7,0xB5F7,0xB5F7,0xB5F7,0xB5F8,
    0xADB7,0xADB7,0xADB7,0xADB7,0xADB7,0xAD97,0xA596,0xAD97,0xADB6,0xADB6,0xADB6,0xADB6,0xADB6,0xADB6,0xADB6,0xADB7,
    0xADD7,0xADD7,0xB5D7,0xB5D7,0xADB6,0xA596,0xAD96,0xADB6,0xADB6,0xADB6,0xADB6,0xADB6,0xADB6,0xADD6,0xADD7,0xADD7,
    0xADB6,0xADB6,0xADB6,0xADB6,0xADB6,0xADB6,0xADD7,0xADD6,0xADB6,0xADB6,0xADD6,0xADD7,0xADD7,0xB5D7,0xB5D7,0xADD7,
    0xADB7,0xADB7,0xADB6,0xAD96,0xADB6,0xADB7,0xADD7,0xAD96,0xAD96,0xADB6,0xADB6,0xB5D7,0xB5F7,0xB5F7,0xB5F7,0xB5F7,
    0xB5D7,0xADD7,0xADB6,0xAD96,0xAD96,0xAD96,0xADB7,0xB5F7,0xB5F8,0xB618,0xB5F7,0xB5F7,0xB5F7,0xB5F7,0xB5F7,0xADD7,
    0xB5D7,0xB5D7,0xADD7,0xADD7,0xADB7,0xADD7,0xADD7,0xADD7,0xADB7,0xADD7,0xADD7,0xB5D7,0xB5F7,0xB5F8,0xB5F8,0xB5F8,
    0xB5F8,0xB618,0xB618,0xB5F8,0xB5F8,0xB618,0xB618,0xB617,0xB617,0xB617,0xB617,0xB618,0xB618,0xB5F7,0xB5F7,0xB5F7,
    0xB5F8,0xB5F8,0xB5D8,0xADD7,0xB5D7,0xB5F8,0xB618,0xB618,0xB618,0xB618,0xB618,0xB5F7,0xB5F7,0xB5F7,0xB5F7,0xB5F7,
    0xB5F7,0xB5F7,0xB5F7,0xB5F7,0xB5F7,0xB5F7,0xB5F7,0xB618,0xB618,0xB618,0xB618,0xB618,0xBE18,0xBE18,0xBE18,0xB617,
    0xBE18,0xB617,0xB5F7,0xB5F7,0xB5F7,0xB5F7,0xB5F8,0xB5F8,0xB5F7,0xB5F7,0xB5F7,0xB5F7,0xB5F7,0xB618,0xB618,0xB618,
    0xB618,0xB618,0xB618,0xB618,0xB618,0xB618,0xB618,0xB5F7,0xB5F7,0xB5F7,0xB5F7,0xB5F7,0xB5F7,0xB617,0xB617,0xB5F7,
    0xB5F7,0xB5F7,0xB5F8,0xB5F8,0xB618,0xB618,0xBE18,0xBE18,0xB618,0xB5F7,0xB5F7,0xB5F8,0xB5F8,0xB5F8,0xB5F8,0xB618,
    0xB618,0xB618,0xB618,0xBE18,0xBE39,0xBE39,0xBE39,0xBE39,0xBE39,0xB618,0xB5F8,0xB5F8,0xB5F8,0xB618,0xBE18,0xBE18,
    0xBE18,0xBE38,0xBE18,0xBE38,0xBE38,0xBE38,0xBE38,0xBE39,0xBE38,0xBE38,0xBE39,0xBE38,0xBE18,0xBE18,0xBE18,0xBE18,
    0xB618,0xB618,0xBE38,0xBE38,0xBE38,0xBE38,0xBE38,0xB618,0xB618,0xB5F7,0xB5F7,0xB618,0xB618,0xB618,0xBE38,0xBE59,
    0xBE59,0xBE38,0xBE38,0xBE38,0xB618,0xB618,0xB618,0xB618,0xB618,0xB618,0xBE38,0xBE38,0xBE38,0xBE18,0xBE18,0xB618,
    0xB618,0xBE18,0xBE38,0xBE38,0xBE38,0xBE38,0xBE38,0xBE38,0xBE38,0xBE38,0xBE38,0xBE38,0xBE38,0xBE38,0xBE38,0xB618,
    0xB618,0xB618,0xB618,0xBE18,0xBE18,0xBE18,0xBE38,0xBE38,0xB618,0xB618,0xB618,0xB618,0xB618,0xBE38,0xBE18,0xBE38,
    0xBE38,0xBE38,0xBE38,0xBE18,0xBE18,0xB5F8,0xBE18,0xBE18,0xBE18,0xBE18,0xBE18,0xBE18,0xBE18,0xBE18,0xBE38,0xBE38,
    0xBE18,0xBE18,0xBE18,0xBE18,0xB618,0xB618,0xB5F7,0xB5F7,0xB5F7,0xB5F8,0xBE18,0xBE18,0xBE18,0xB618,0xB5F8,0xB5F8,
    0xB618,0xB618,0xB5F8,0xB5F8,0xB618,0xB618,0xB618,0xADF7,0xB618,0xB618,0xB5F7,0xB5F7,0xB5F8,0xB5F8,0xB618,0xB5F8,
    0xB5F7,0xB5F7,0xB617,0xB617,0xB618,0xBE18,0xBE18,0xB5F8,0xBE18,0xB618,0xBE18,0xBDF7,0xCE17,0x93CD,0x6A26,0x8287,
    0x8287,0x8287,0x7A46,0x7A46,0x7A26,0x7A26,0x7A26,0x7A26,0x7A26,0x7A26,0x7A26,0x71E6,0x71E5,0x7A06,0x8226,0x8246,
    0x8266,0x8266,0x8AA7,0x8267,0x8246,0x7206,0x7AEC,0xBD97,0xBDF8,0xB5F8,0xADD8,0xB5F8,0xB5D8,0xB5F9,0xB639,0xB5F8,
    0xBDF8,0xBE19,0xB5F8,0xBE19,0xBE19,0xBE19,0xBE19,0xBE19,0xBDF8,0xC5F8,0xBDF8,0xBDF8,0xBDF7,0xB618,0xB618,0xB618,
    0xB618,0xBE18,0xB618,0xB658,0xB638,0xBE38,0xBE38,0xBE18,0xBE18,0xBE18,0xBE18,0xBDF8,0xBDF8,0xBDF8,0xB5D7,0xB5D7,
    0xBDF8,0xBDF8,0xBDF8,0xBDF8,0xB5F8,0xB5F8,0xB5F7,0xB5F8,0xB5D7,0xBDF8,0xBDF8,0xBE18,0xBE18,0xBDF8,0xBE18,0xBE18,
    0xBDF8,0xBDF8,0xB5F8,0xB5F8,0xB5F8,0xB5D7,0xB5D7,0xB5D7,0xB5D7,0xB5D7,0xB5D7,0xB5D7,0xB5F7,0xB5F7,0xB5F7,0xB5D7,
    0xA576,0xA576,0xA596,0xAD96,0xADB7,0xAD96,0xAD96,0xAD96,0xA576,0xA575,0xA575,0xA576,0xA576,0xA575,0xA575,0xA596,
    0xAD96,0xADB6,0xADB6,0xADD6,0xADB6,0xAD96,0xAD96,0xAD96,0xAD96,0xAD96,0xADB6,0xADB6,0xADB6,0xADB6,0xADB6,0xADD6,
    0xADD6,0xADB6,0xADB6,0xADB6,0xAD96,0xA595,0xA596,0xAD96,0xADB6,0xADB6,0xADB6,0xADB6,0xADD7,0xB5D7,0xB5D7,0xADB6,
    0xADB6,0xB5D7,0xB5D7,0xADB6,0xADB6,0xADB6,0xADB6,0xB5D7,0xADB6,0xADB6,0xADB6,0xADD6,0xADB6,0xB5D7,0xB5F7,0xB5F7,
    0xB5F7,0xB5F7,0xB5F7,0xB5D7,0xB5D7,0xADD7,0xADD7,0xADD7,0xADD7,0xADD7,0xB5D7,0xB5D7,0xB5D7,0xB5D7,0xB5D7,0xB5F7,
    0xB5F7,0xB5F7,0xB5F7,0xB5F7,0xB5F7,0xB5D7,0xADD7,0xB5D7,0xB5D7,0xADD7,0xADB7,0xADD7,0xB5D7,0xB5D7,0xB5D7,0xB5D7,
    0xB5D7,0xB5D7,0xB5D7,0xB5D7,0xB5D7,0xB5D7,0xB5D7,0xB5D7,0xB5D7,0xB5D7,0xB5D7,0xB5D7,0xB5F7,0xB618,0xBE18,0xBE18,
    0xBE18,0xBE18,0xB5F8,0xB5F8,0xB5D7,0xB5D7,0xB5F8,0xB5F8,0xB618,0xB618,0xB618,0xB618,0xB618,0xB5F7,0xB5F7,0xB5F7,
    0xB618,0xB618,0xB618,0xB5F7,0xB5F7,0xB5F7,0xB5F7,0xB5F7,0xB5F7,0xB5F7,0xB618,0xB618,0xB5F7,0xB5F7,0xB617,0xBE38,
    0xBE38,0xBE38,0xBE18,0xBE18,0xBE18,0xBE18,0xBE38,0xBE38,0xBE18,0xBE18,0xBE18,0xB5F7,0xB5F7,0xB5F7,0xB618,0xB5F7,
    0xB5F7,0xB5F7,0xB618,0xB618,0xB618,0xBE38,0xB618,0xB618,0xB617,0xB617,0xB5F7,0xB5F7,0xB5F7,0xB5F7,0xB5F7,0xB5F7,
    0xB617,0xB618,0xB618,0xB5F8,0xB5F8,0xB5F8,0xB618,0xBE18,0xBE38,0xBE38,0xBE18,0xBE18,0xB618,0xB618,0xB618,0xB618,
    0xBE18,0xBE38,0xBE18,0xBE18,0xBE38,0xBE38,0xBE38,0xBE38,0xBE39,0xBE18,0xB618,0xB5F8,0xB618,0xB5F8,0xB5F8,0xB5F8,
    0xBE18,0xBE39,0xBE18,0xBE18,0xBE18,0xBE18,0xBE18,0xBE38,0xBE38,0xBE38,0xBE38,0xBE38,0xBE39,0xBE38,0xBE18,0xBE18,
    0xB618,0xB618,0xB618,0xB5F7,0xB618,0xB618,0xBE38,0xBE38,0xB618,0xB618,0xB618,0xB618,0xB618,0xB618,0xB618,0xBE38,
    0xBE38,0xBE38,0xBE38,0xBE38,0xBE38,0xBE38,0xBE38,0xB618,0xB618,0xB618,0xB618,0xBE38,0xBE18,0xBE38,0xBE38,0xBE38,
    0xBE18,0xBE18,0xBE38,0xBE38,0xBE18,0xBE38,0xBE38,0xBE38,0xBE38,0xBE39,0xBE38,0xBE38,0xBE38,0xBE38,0xBE38,0xBE39,
    0xBE39,0xBE39,0xBE39,0xBE38,0xBE38,0xBE38,0xBE38,0xBE38,0xBE39,0xBE38,0xBE38,0xBE18,0xBE18,0xB618,0xB618,0xBE18,
    0xBE38,0xBE38,0xBE38,0xBE38,0xBE38,0xBE38,0xBE18,0xBE38,0xBE38,0xBE38,0xBE38,0xBE39,0xBE38,0xBE18,0xBE18,0xBE18,
    0xBE18,0xBE18,0xBE18,0xBE38,0xBE38,0xBE18,0xBE18,0xB5F8,0xB5F8,0xB5F8,0xB5F8,0xB5F8,0xB5F8,0xB5F8,0xBE18,0xBE18,
    0xBE18,0xBE18,0xBE18,0xBE18,0xBE18,0xBE18,0xBE18,0xBE18,0xBE18,0xBE18,0xBE18,0xB618,0xB618,0xB618,0xB5F7,0xB618,
    0xB618,0xB5F7,0xB5F7,0xB617,0xB618,0xB5F8,0xB5F8,0xB618,0xB618,0xB5F8,0xB5F8,0xBDD7,0xCE17,0x93CD,0x6A26,0x7A47,
    0x7A46,0x8267,0x8267,0x8247,0x7A26,0x7A26,0x7A26,0x7A26,0x7A06,0x8247,0x8247,0x7A26,0x7A06,0x8226,0x8267,0x8A87,
    0x8287,0x8266,0x8266,0x7A46,0x7206,0x69E6,0x6A6A,0x9C72,0xB597,0xB5F8,0xC65A,0xCE5A,0xC63A,0xC619,0xBE18,0xB5F8,
    0xBDD9,0xBDF9,0xBDF8,0xBDF8,0xC618,0xC5F8,0xC618,0xC618,0xC5F7,0xCDF7,0xCDF7,0xCE17,0xC618,0xC638,0xC618,0xBDF8,
    0xBDF7,0xBDF7,0xB617,0xBE38,0xBE38,0xBE38,0xBE18,0xBE18,0xBE18,0xBE18,0xBE18,0xBE18,0xBE18,0xBE18,0xBDF8,0xB5F7,
    0xB5F7,0xBDF7,0xBDF8,0xBDF8,0xBDF7,0xBDF8,0xBDF8,0xBDF8,0xBDF7,0xBDF7,0xBDF7,0xBDF8,0xBDF8,0xBDF8,0xB5F7,0xBDF7,
    0xBDF8,0xBE18,0xBE18,0xBDF8,0xBDF8,0xBDF8,0xBDF8,0xBDF8,0xBDF8,0xB5D7,0xB5D7,0xB5D7,0xB5D7,0xBDF7,0xB5D7,0xB5D7,
    0xA575,0xA595,0xA596,0xA596,0xAD96,0xADB6,0xADB6,0xADD7,0xADB6,0xADB6,0xADB6,0xADB6,0xADB6,0xA596,0xA595,0xA595,
    0xA596,0xAD96,0xAD95,0xAD96,0xADB6,0xADD6,0xADD6,0xADD6,0xADB6,0xADB6,0xADB6,0xADB6,0xADB6,0xAD96,0xADB6,0xADB6,
    0xADB6,0xADB6,0xADB6,0xADD6,0xADD6,0xADD6,0xADB6,0xADB6,0xADB6,0xADB6,0xADB6,0xADB6,0xADD6,0xADD6,0xADB6,0xB5D6,
    0xB5D7,0xB5D7,0xB5D6,0xADD6,0xADB6,0xADB6,0xADB6,0xADD6,0xB5D6,0xB5D6,0xB5D6,0xADB6,0xADB6,0xADB6,0xADB6,0xADB6,
    0xB5D6,0xB5F7,0xB5F7,0xB5F7,0xB5F7,0xB5F7,0xB5F7,0xB5F7,0xB5F7,0xB5F7,0xB5F7,0xB5F7,0xB5F7,0xB5F7,0xB5F7,0xB5D7,
    0xB5D7,0xB5D7,0xB5F7,0xADD7,0xB5D7,0xB5F7,0xB5F7,0xB5F7,0xB5F7,0xB5F7,0xB5F7,0xB5D7,0xB5D7,0xB5D7,0xB5D7,0xB5D7,
    0xB5D7,0xB5D7,0xB5F7,0xB5D7,0xB5D7,0xB5F7,0xADD6,0xADD6,0xADD6,0xADD6,0xADD6,0xB5F7,0xB5D6,0xB5F6,0xB5F7,0xB618,
    0xBE18,0xBE18,0xBE18,0xBE18,0xBE18,0xB618,0xB5F7,0xB5F7,0xB5F8,0xB618,0xB618,0xB618,0xB618,0xB618,0xB618,0xB618,
    0xB5F7,0xB5F7,0xB5F7,0xB5F7,0xB5F7,0xB5F7,0xB5F7,0xB618,0xB5F7,0xB5F7,0xB5F7,0xB618,0xB617,0xB5D7,0xB5D7,0xB5D7,
    0xB5D7,0xB5F7,0xB617,0xB617,0xB5F7,0xB5F7,0xB5F7,0xB5F7,0xB5F7,0xBE18,0xBE38,0xBE18,0xBE18,0xBE18,0xB618,0xB618,
    0xB5F7,0xB5F7,0xB5F7,0xB5F7,0xB618,0xB618,0xB618,0xB618,0xBE38,0xB618,0xB618,0xB618,0xB618,0xB618,0xB618,0xB618,
    0xB618,0xBE38,0xBE18,0xB618,0xB618,0xB5F7,0xB5D7,0xB5F7,0xB618,0xB618,0xBE18,0xBE18,0xBE38,0xBE18,0xBE18,0xB617,
    0xBE18,0xBE38,0xBE38,0xBE38,0xBE38,0xBE38,0xBE38,0xBE38,0xBE38,0xBE38,0xBE38,0xBE38,0xBE18,0xBE18,0xBE18,0xBE18,
    0xBE18,0xBE18,0xBE18,0xBE18,0xBE18,0xBE18,0xBE18,0xBE18,0xBE18,0xBE18,0xBE18,0xBE38,0xBE38,0xBE38,0xBE18,0xBE18,
    0xBE38,0xBE38,0xB618,0xB618,0xB618,0xB618,0xBE38,0xBE38,0xB618,0xBE38,0xBE38,0xBE38,0xBE38,0xBE38,0xBE38,0xB618,
    0xB5F7,0xB618,0xBE38,0xBE38,0xBE38,0xBE38,0xBE38,0xBE38,0xBE38,0xBE38,0xB618,0xB618,0xBE18,0xBE18,0xBE18,0xBE18,
    0xBE18,0xBE18,0xBE38,0xBE38,0xBE18,0xBE18,0xBE18,0xBE18,0xBE18,0xBE18,0xBE38,0xBE38,0xBE38,0xBE38,0xBE38,0xBE38,
    0xBE38,0xBE39,0xBE39,0xBE39,0xBE39,0xBE38,0xBE38,0xBE38,0xBE38,0xBE39,0xBE59,0xBE59,0xBE59,0xBE38,0xBE38,0xBE38,
    0xBE38,0xBE38,0xBE38,0xBE18,0xBE38,0xBE39,0xC659,0xC659,0xBE39,0xBE39,0xBE38,0xBE38,0xBE38,0xBE38,0xBE39,0xBE38,
    0xBE18,0xBE38,0xBE38,0xBE39,0xBE18,0xBE38,0xC659,0xC639,0xBE39,0xBE38,0xBE38,0xBE18,0xBE18,0xBE18,0xBE18,0xBE18,
    0xBE18,0xBE18,0xBE18,0xBE18,0xBDF7,0xBDF7,0xBDF8,0xC618,0xBE18,0xBE18,0xBE18,0xBE18,0xBE38,0xBE38,0xBE38,0xBE18,
    0xBE38,0xBE18,0xBE18,0xBE18,0xBDF8,0xBE18,0xBE18,0xB5F8,0xB5F8,0xBE18,0xB5D7,0xBDD7,0xDE79,0xA42F,0x6A06,0x7A26,
    0x71E5,0x7A26,0x8247,0x8267,0x8247,0x8247,0x8226,0x7A26,0x7A06,0x7A06,0x8226,0x8246,0x8247,0x8A67,0x8A87,0x8A87,
    0x8266,0x7A46,0x7205,0x7206,0x7206,0x61C5,0x4145,0x20A2,0x39A6,0x4229,0x5ACC,0x7BAF,0x9CB3,0xB555,0xBDF7,0xC619,
    0xCE19,0xCE19,0xD618,0xCDD7,0xCDD7,0xCDB6,0xC595,0xC575,0xC554,0xCD33,0xC534,0xC554,0xBD54,0xBD95,0xC5D6,0xCE17,
    0xCDF7,0xC5F6,0xBDF7,0xBDF7,0xBDF7,0xBE38,0xBE18,0xBE18,0xBE18,0xBE18,0xBE18,0xBE18,0xBE18,0xBE18,0xBE18,0xBE18,
    0xBE18,0xBDF7,0xB5F7,0xBDF7,0xBE18,0xBE18,0xBE18,0xBDF7,0xBDF7,0xB5F7,0xB5F7,0xB5D7,0xB5D7,0xB5F7,0xBDF8,0xBDF8,
    0xBDF8,0xBDF7,0xB5D7,0xB5D7,0xB5D7,0xBDF8,0xBE18,0xBE18,0xBE18,0xBE18,0xBE18,0xBDF8,0xBDF8,0xBDF8,0xBDF7,0xB5D7,
    0xAD96,0xA595,0xA575,0xA575,0xA575,0xA595,0xAD95,0xADB6,0xADB6,0xADB6,0xADB6,0xADB6,0xADB6,0xADB6,0xAD96,0xAD96,
    0xAD96,0xAD96,0xAD96,0xAD95,0xAD96,0xAD96,0xADB6,0xB5B6,0xADB6,0xADB6,0xAD96,0xADB6,0xB5B6,0xB5D6,0xB5B6,0xAD96,
    0xADB6,0xADB6,0xB5B6,0xB5D6,0xB5D6,0xADB6,0xADB6,0xAD96,0xAD96,0xAD95,0xAD95,0xAD95,0xAD96,0xAD96,0xAD95,0xADB6,
    0xB5D6,0xB5B6,0xB5D6,0xB5D7,0xB5D7,0xB5D6,0xB5D6,0xB5B6,0xB5B6,0xB5D6,0xB5D6,0xB5D7,0xB5D7,0xB5D6,0xB5B6,0xB5B6,
    0xADB6,0xADB6,0xADD6,0xB5D7,0xB5D7,0xB5D7,0xB5D7,0xB5D7,0xB5F7,0xB5F7,0xB5F7,0xB5F7,0xB617,0xBE18,0xBE18,0xB5F7,
    0xB5F7,0xB5D7,0xB5D7,0xADB6,0xADB6,0xB5D7,0xB5D7,0xADB6,0xB5F7,0xB5F7,0xB5D7,0xB5D7,0xB5D6,0xB5F7,0xB5F6,0xB5F6,
    0xB5F7,0xB5F6,0xB5D6,0xB5D6,0xB5D6,0xB5F6,0xB5F7,0xB5D7,0xB5D7,0xB5D6,0xB5D6,0xB5F7,0xB5D6,0xADD6,0xB5D6,0xB5D7,
    0xB5D7,0xB5F7,0xB5F7,0xB5F7,0xB5F7,0xBE18,0xBE38,0xBE18,0xBE18,0xB618,0xB5F7,0xB5F7,0xB618,0xB618,0xB618,0xB618,
    0xB617,0xB5F7,0xB618,0xB618,0xB5F7,0xB618,0xB618,0xB5F7,0xB618,0xB618,0xB618,0xB5F7,0xB5D7,0xB5F7,0xB5F7,0xB5D7,
    0xB5D7,0xB5F7,0xB617,0xB617,0xB5F7,0xB5F7,0xB5F7,0xB5D7,0xB5F7,0xB5F7,0xB5F7,0xB617,0xBE18,0xBE18,0xBE18,0xBE38,
    0xBE38,0xB618,0xB618,0xB618,0xB618,0xB5F7,0xB5F7,0xB5F7,0xBE18,0xB618,0xB618,0xB618,0xB618,0xB618,0xB618,0xB618,
    0xB618,0xBE38,0xBE38,0xBE18,0xBE18,0xBE18,0xBE18,0xB5F8,0xB5F7,0xB5F8,0xB5F7,0xB617,0xB617,0xB5F7,0xB5F7,0xB5F7,
    0xB5F7,0xB5F7,0xB5F7,0xB5F7,0xB617,0xB618,0xB618,0xBE38,0xBE38,0xBE38,0xBE38,0xBE38,0xB638,0xBE38,0xBE19,0xBE19,
    0xBE18,0xBE18,0xBE18,0xBE18,0xBE18,0xBE18,0xBE18,0xBE18,0xBE18,0xBE18,0xBE18,0xBE18,0xBE18,0xBE18,0xBE18,0xB618,
    0xB618,0xB618,0xB618,0xBE38,0xBE38,0xBE38,0xBE38,0xBE38,0xBE38,0xBE38,0xBE38,0xBE38,0xBE38,0xBE38,0xB618,0xB618,
    0xB618,0xB618,0xB618,0xB618,0xB618,0xB618,0xB618,0xBE38,0xBE38,0xBE38,0xB618,0xB618,0xB618,0xBE18,0xBE18,0xBE18,
    0xB5F8,0xBE18,0xBE18,0xBE18,0xBE18,0xB5F8,0xB5F8,0xBE18,0xBE18,0xB5F7,0xBE18,0xBE18,0xBE38,0xBE18,0xBE18,0xBE18,
    0xBE18,0xBE18,0xBE18,0xBE38,0xBE39,0xBE39,0xBE38,0xBE38,0xBE18,0xBE18,0xBE38,0xBE39,0xBE39,0xC659,0xBE39,0xBE39,
    0xBE39,0xBE39,0xBE18,0xBE18,0xBE18,0xBE38,0xBE39,0xBE39,0xBE38,0xBE38,0xBE38,0xBDF8,0xBE18,0xBE18,0xBE38,0xBE38,
    0xBE38,0xBE38,0xC639,0xC639,0xBE18,0xBE18,0xC639,0xC639,0xC639,0xC659,0xC659,0xC639,0xC639,0xBE38,0xBE38,0xBE38,
    0xBE38,0xC618,0xC618,0xC618,0xCE18,0xCE18,0xCE19,0xCE18,0xCE18,0xCE39,0xCE39,0xCE59,0xC659,0xBE17,0xBE18,0xB618,
    0xB618,0xBE18,0xBE18,0xB5F8,0xBDF8,0xBE18,0xBE18,0xBE18,0xC639,0xC639,0xC639,0xBDD7,0x9C30,0x7AA9,0x7206,0x71E6,
    0x79E6,0x7A26,0x7A27,0x8A47,0x8A67,0x8A67,0x8A67,0x8A67,0x8A47,0x8A67,0x8A67,0x9288,0x8A88,0x8A67,0x8A67,0x8246,
    0x7A05,0x7205,0x7205,0x7206,0x69C5,0x5984,0x38E3,0x28C2,0x20A1,0x20C2,0x20C3,0x30E4,0x3104,0x3965,0x5248,0x62AA,
    0x72EC,0x72CB,0x8B4C,0xAC0E,0xB42F,0xB42E,0xB40E,0xB40E,0xBC2E,0xC46F,0xC490,0xC512,0xD595,0xCDD6,0xC5B5,0xC595,
    0xCDB5,0xD5F6,0xC5F7,0xC5F7,0xBDD7,0xC5F8,0xBDD7,0xBDF8,0xBE18,0xBE18,0xBE18,0xBE18,0xBE18,0xBE18,0xBE18,0xBE18,
    0xBE18,0xBE18,0xBE18,0xBE18,0xBE18,0xBE18,0xBE18,0xBDF7,0xBDF7,0xBDF7,0xBDF7,0xB5F7,0xB5F7,0xB5F7,0xBDF8,0xBE18,
    0xBDF8,0xBDF7,0xBDF7,0xB5D7,0xB5D7,0xBDF8,0xBE18,0xBE18,0xBE18,0xBE18,0xBDF8,0xBDF8,0xBE18,0xBE18,0xBE18,0xBDF8,
    0xADB5,0xADB5,0xADB6,0xADB5,0xAD95,0xAD95,0xAD95,0xAD95,0xAD96,0xADB6,0xADB6,0xB5D7,0xB5D7,0xB5D7,0xADB6,0xADB6,
    0xADB6,0xAD96,0xAD96,0xAD95,0xAD75,0xAD95,0xAD96,0xADB6,0xADB6,0xB5B6,0xB5B6,0xADB6,0xADB6,0xB5B6,0xADB6,0xADB6,
    0xADB6,0xADB6,0xADB6,0xADB6,0xB5B6,0xB5D6,0xB5D6,0xADB6,0xADB6,0xAD96,0xAD96,0xAD96,0xADB6,0xAD96,0xAD95,0xAD95,
    0xADB6,0xADB6,0xB5B6,0xB5B6,0xB5D6,0xB5D6,0xB5D6,0xB5D6,0xB5B6,0xADB6,0xB5B6,0xB5D7,0xB5D6,0xB5D7,0xB5F7,0xBDF7,
    0xB5D7,0xADD6,0xADD6,0xADD6,0xB5D7,0xADD6,0xADD6,0xADD6,0xB5D6,0xB5D7,0xADB6,0xADB6,0xB5D7,0xB5D7,0xB5D7,0xB5F7,
    0xB5F7,0xB5F7,0xB5F7,0xB5F7,0xB5F7,0xB5D7,0xADD6,0xADD6,0xB5D7,0xB5F7,0xB5F7,0xB5F7,0xB5D7,0xB5F6,0xB5D6,0xB5D6,
    0xB5D6,0xB5F6,0xB5F6,0xB5F6,0xB5F6,0xB5F7,0xB5F7,0xB5F7,0xB5F7,0xB5D6,0xB5D6,0xADD6,0xB5D6,0xB5D7,0xB5D6,0xB5D6,
    0xB5D6,0xB5D7,0xB5D7,0xB5D6,0xADD6,0xB5D6,0xB5D7,0xB5F7,0xB5F7,0xB5D7,0xB5F7,0xB5F7,0xB5F7,0xB5F7,0xB5F7,0xB5F8,
    0xB618,0xB618,0xB618,0xB618,0xB618,0xB618,0xB618,0xB618,0xB618,0xB618,0xB618,0xB618,0xB617,0xBE18,0xBE18,0xBE18,
    0xB5F7,0xB5D7,0xB5D7,0xB5D7,0xB5F7,0xB5D7,0xB5F7,0xBE17,0xBE18,0xB5F7,0xB5F7,0xB5F7,0xB617,0xB5F7,0xB618,0xBE38,
    0xBE38,0xBE38,0xBE38,0xBE38,0xBE38,0xB618,0xBE38,0xBE38,0xBE38,0xBE39,0xBE18,0xB618,0xB618,0xB618,0xB618,0xB618,
    0xB618,0xBE38,0xBE38,0xBE38,0xBE18,0xBE38,0xBE38,0xBE18,0xBE18,0xBE18,0xBE18,0xBE18,0xBE38,0xBE18,0xB5F7,0xB5F7,
    0xB5F7,0xB5F7,0xB5D7,0xB5D7,0xB5F7,0xB5F7,0xB617,0xB617,0xB618,0xBE38,0xBE38,0xBE38,0xBE38,0xBE18,0xBE19,0xBE39,
    0xBE39,0xBE39,0xBE19,0xBE19,0xBE19,0xBE19,0xBE18,0xBE18,0xBE18,0xBE18,0xBE18,0xBE39,0xBE39,0xBE39,0xBE39,0xBE39,
    0xBE38,0xBE38,0xBE38,0xBE38,0xBE38,0xBE38,0xB618,0xB618,0xBE38,0xBE38,0xBE38,0xBE38,0xBE38,0xBE38,0xBE38,0xBE38,
    0xBE38,0xBE38,0xB618,0xB618,0xB618,0xB618,0xB618,0xB618,0xBE38,0xBE38,0xBE38,0xBE38,0xBE18,0xBE38,0xBE38,0xBE38,
    0xBE18,0xBE18,0xBE18,0xBE18,0xBE18,0xBE18,0xBE18,0xBE38,0xBE18,0xB5F8,0xB5F8,0xBE18,0xBE18,0xBE18,0xB5F8,0xBE18,
    0xBE18,0xBE18,0xBE18,0xBE18,0xBE18,0xBE18,0xBE38,0xBE38,0xBE18,0xBE18,0xBE18,0xBE18,0xBE18,0xBE38,0xBE38,0xBE38,
    0xBE39,0xBE39,0xBE38,0xBE39,0xBE38,0xBE18,0xBE18,0xBE18,0xBE18,0xBE18,0xBE18,0xBE18,0xBE18,0xBE18,0xBDF8,0xBDF8,
    0xBDF8,0xBDF8,0xBE18,0xBE18,0xBE18,0xBE18,0xBE18,0xBE18,0xBE18,0xBE38,0xBE18,0xBE18,0xBE18,0xBE38,0xBE38,0xBE38,
    0xC638,0xC618,0xC618,0xCE18,0xCDD8,0xC576,0xB535,0xACF4,0xA4B3,0x9C72,0x9C93,0x9CF3,0xB596,0xC638,0xC659,0xC659,
    0xC67A,0xC65A,0xC65A,0xC65A,0xCE5A,0xCE5A,0xC639,0xC619,0xB576,0x8C72,0x6B4D,0x49E8,0x3924,0x61C6,0x7227,0x71E6,
    0x79E6,0x7A06,0x7A27,0x8206,0x8206,0x8A27,0x8A67,0x9268,0x8A67,0x8A67,0x8A67,0x8A67,0x8A47,0x8226,0x8246,0x7A26,
    0x7205,0x71E5,0x69E5,0x69E5,0x61A5,0x5143,0x38A1,0x28A1,0x20A1,0x28C2,0x3103,0x3904,0x3904,0x3904,0x3123,0x38E3,
    0x4104,0x4903,0x7A68,0xB3AC,0xBBCC,0xC3EC,0xC40C,0xCC0C,0xCC2D,0xCC4E,0xCCB0,0xE5B5,0xFEFA,0xFF9C,0xFF1A,0xE637,
    0xD594,0xCD74,0xC5B6,0xCDF8,0xC5F7,0xC5F8,0xBDF7,0xB5D7,0xB5F7,0xB5F8,0xB618,0xBE18,0xBE18,0xBE18,0xBE18,0xBE18,
    0xBE18,0xBE18,0xBE18,0xBE18,0xBE18,0xBE38,0xBE38,0xBE18,0xBE38,0xBE18,0xBE18,0xBE18,0xBE18,0xBE18,0xBDF7,0xBE18,
    0xBE18,0xBE18,0xBE18,0xBE18,0xBE18,0xBDF8,0xBDF7,0xBDF7,0xBDF8,0xBDF8,0xBE18,0xBE18,0xBE18,0xBE18,0xBE18,0xBDF8,
    0xADB5,0xAD95,0xAD95,0xAD95,0xAD95,0xAD95,0xAD95,0xAD95,0xAD95,0xAD95,0xAD75,0xAD95,0xADB6,0xB5D6,0xB5D6,0xB5D6,
    0xB5D6,0xB5B6,0xAD95,0xAD95,0xADB6,0xB5B6,0xAD95,0xAD95,0xADB6,0xB5B6,0xADB6,0xADB6,0xADD6,0xADB6,0xAD95,0xA595,
    0xAD95,0xADB5,0xADB5,0xADB6,0xADB6,0xAD96,0xAD95,0xAD96,0xB5B6,0xB5B6,0xB5B6,0xB5B6,0xB5B6,0xB5B6,0xADB6,0xB5B6,
    0xADB6,0xAD96,0xADB6,0xAD96,0xADB6,0xADB6,0xB5B6,0xB5D6,0xB5D6,0xB5D6,0xB5D6,0xB5D6,0xB5B6,0xB5D6,0xB5D6,0xB5D6,
    0xB5D6,0xB5D6,0xB5F6,0xB5F6,0xB5F6,0xB5D6,0xB5D6,0xB5D6,0xB5D6,0xB5D6,0xB5D6,0xB5B6,0xADB6,0xB5D6,0xB5B6,0xADB6,
    0xADB6,0xB5D6,0xB5F7,0xB5F7,0xB5F7,0xB5D7,0xB5D6,0xB5F7,0xB5F7,0xB5F7,0xB5F7,0xB5D6,0xB5D6,0xB5D6,0xB5D6,0xB5F7,
    0xB5F7,0xB5D6,0xB5D6,0xB5D6,0xB5D6,0xB5D7,0xB5F7,0xB5F7,0xB5F7,0xB5F7,0xB5F7,0xB5F7,0xB5F7,0xB5F7,0xB5D6,0xB5D6,
    0xB5F7,0xB5F7,0xB5D7,0xB5D6,0xB5F7,0xB5F7,0xB5D6,0xADB6,0xB5D7,0xB5D7,0xB5D7,0xB5D7,0xB5D7,0xB5D7,0xB5D7,0xB5D7,
    0xB5F7,0xB5F7,0xBDF7,0xBDF7,0xBE17,0xBDF7,0xB5F7,0xBE18,0xB617,0xB617,0xBE18,0xBE38,0xBE17,0xBE17,0xB617,0xB617,
    0xB5F7,0xB5F7,0xBE17,0xBE17,0xB617,0xB5F7,0xB5F7,0xB5F7,0xB617,0xB5F7,0xB5F7,0xB617,0xB617,0xB5F7,0xBE17,0xBE18,
    0xBE18,0xBE17,0xBE17,0xBE17,0xBE17,0xBE17,0xBE17,0xBE18,0xBE18,0xBE18,0xBE18,0xBE18,0xBE18,0xBE38,0xBE18,0xBE18,
    0xBE18,0xBE38,0xBE18,0xBE18,0xBE18,0xBE18,0xBE18,0xBE18,0xBE18,0xBE18,0xBE38,0xBE38,0xBE38,0xBE38,0xBE18,0xB5F8,
    0xB5F7,0xB5F7,0xB5D7,0xB5D7,0xB5D7,0xB5D7,0xB5D7,0xB5D7,0xB5D7,0xB5D7,0xB5F7,0xBE18,0xBE18,0xBE18,0xBE18,0xBE18,
    0xBE18,0xBE18,0xBE18,0xBE18,0xBE18,0xBE18,0xBE18,0xBE38,0xBE39,0xBE39,0xBE39,0xBE38,0xBE38,0xBE38,0xBE38,0xBE38,
    0xBE59,0xBE39,0xBE38,0xBE18,0xBE38,0xBE38,0xBE38,0xBE18,0xBE18,0xBE38,0xBE38,0xBE38,0xBE18,0xBE18,0xBE39,0xBE38,
    0xBE38,0xBE38,0xBE38,0xBE58,0xBE38,0xBE18,0xBE18,0xBE18,0xBE18,0xBE18,0xBE18,0xBE18,0xBE18,0xBE18,0xBE39,0xBE39,
    0xBE18,0xBE19,0xBE18,0xBE18,0xBE18,0xBE18,0xBE18,0xBE18,0xBE38,0xBE38,0xBE18,0xBE18,0xBE18,0xBE18,0xBE18,0xBE18,
    0xBE18,0xBE18,0xBE18,0xBDF8,0xBDF8,0xBDF8,0xBE18,0xBE18,0xBE18,0xBE18,0xC639,0xBE18,0xBE18,0xBE38,0xBE18,0xBE18,
    0xBE18,0xBE18,0xBE39,0xBE18,0xBE18,0xBE18,0xBE18,0xBE18,0xBE18,0xBE18,0xBDF8,0xBE18,0xBE18,0xBE18,0xBE18,0xBE18,
    0xBDF8,0xBE18,0xBE18,0xBE18,0xBE18,0xBE18,0xBE18,0xBE18,0xBE18,0xBE19,0xBE19,0xBE18,0xBE18,0xBE38,0xBE39,0xBE18,
    0xC5F7,0xD637,0xD5B6,0xBCD2,0xB491,0xAC31,0x9BCF,0x8B8E,0x7B0D,0x6A8B,0x626A,0x626A,0x6AEC,0x838E,0x83CF,0x8C31,
    0x9C92,0xA4D3,0xAD14,0xAD15,0xACF4,0x9C72,0x838F,0x6ACC,0x5209,0x4166,0x4165,0x3904,0x38E3,0x61C6,0x7227,0x71E6,
    0x71E6,0x71E6,0x71E6,0x7A06,0x79E5,0x8206,0x8226,0x8A47,0x8227,0x8227,0x8226,0x8206,0x8226,0x7A26,0x7A26,0x7A26,
    0x7A05,0x71E5,0x69C5,0x69E6,0x61A5,0x4923,0x30A1,0x2881,0x30C2,0x28A2,0x30C2,0x38E3,0x38E3,0x3903,0x3903,0x38E2,
    0x4923,0x6184,0x92E9,0xBBAB,0xCC0C,0xD42D,0xCC0C,0xCBEC,0xC3EC,0xCC4E,0xD4D0,0xE594,0xFEDA,0xFF9C,0xFF9C,0xFEFA,
    0xE5F5,0xD572,0xCD12,0xCD33,0xDDB6,0xD5F8,0xC5F8,0xB5F7,0xB618,0xBE38,0xBE17,0xBE17,0xBE38,0xBE38,0xBE38,0xBE18,
    0xBE17,0xBE38,0xBE18,0xBE38,0xBE17,0xBE18,0xBE18,0xBE18,0xBE18,0xBE18,0xBE18,0xBE18,0xBDF8,0xBE18,0xBE18,0xBE38,
    0xBE18,0xBE18,0xBE38,0xBE18,0xBE18,0xBE18,0xBE18,0xBE17,0xBDF7,0xBE18,0xBE18,0xBE18,0xBE18,0xBDF8,0xBDF7,0xBDF7,
    0xAD74,0xAD74,0xAD74,0xAD74,0xAD95,0xAD95,0xAD95,0xB595,0xAD95,0xAD95,0xAD95,0xAD95,0xADB6,0xB5B6,0xB5B6,0xB5B6,
    0xB5D6,0xB5D6,0xB5B6,0xB5B6,0xB5B6,0xB5B6,0xB5B6,0xB5D6,0xB5D6,0xB5B6,0xAD95,0xADB5,0xADD6,0xADD6,0xADB5,0xADB5,
    0xADB5,0xADB6,0xADB6,0xADB5,0xADB6,0xB5B6,0xB5B6,0xB5B6,0xB5B6,0xB5B6,0xB596,0xB596,0xB5B6,0xB5B6,0xB5D6,0xB5D6,
    0xB5B6,0xB5D6,0xB5D6,0xB5B6,0xB5B6,0xB5B6,0xB5D6,0xB5D6,0xB5D6,0xB5D6,0xB5B6,0xADB5,0xB5D6,0xB5D6,0xB5D6,0xB5D6,
    0xB5D6,0xB5D6,0xB5F6,0xB5F6,0xB5D6,0xB5D6,0xB5D6,0xB5D6,0xB5D6,0xB5D6,0xB5F6,0xB5F6,0xB5D6,0xB5D6,0xB5D6,0xB5D6,
    0xB5D6,0xB5D6,0xB5D6,0xB5D6,0xBDF7,0xB5D6,0xB5D6,0xBDF7,0xB5F7,0xB5D6,0xB5D6,0xB5D6,0xB5D6,0xBDF7,0xB5D6,0xB5D7,
    0xBDF7,0xB5F7,0xB5D6,0xB5D7,0xB5F7,0xB5F7,0xB5F7,0xB5F7,0xB5F7,0xB5F7,0xB5F7,0xB5D6,0xB5D6,0xB5D6,0xB5D6,0xB5D6,
    0xB5F7,0xB5D6,0xB5D6,0xB5D6,0xB5F7,0xB5F7,0xB5F7,0xB5D6,0xB617,0xBE18,0xBDF7,0xB5D7,0xB5D7,0xB5B6,0xB5B6,0xB5D7,
    0xB5D7,0xB5D7,0xBDF7,0xBDD6,0xBDD6,0xBE17,0xBE17,0xB5F7,0xB5F7,0xB5F7,0xB617,0xBE17,0xBE17,0xBE17,0xBE17,0xB617,
    0xB617,0xB617,0xBE17,0xBE17,0xBE17,0xBE17,0xBE17,0xB617,0xB5F7,0xB5F7,0xB5F7,0xB5F7,0xB5F7,0xB5F7,0xBE17,0xBDF7,
    0xBDF7,0xB5D6,0xB5D6,0xBDF7,0xBDF7,0xBDF7,0xBDF7,0xBE17,0xBE17,0xBDF7,0xBE17,0xBE18,0xBE18,0xBE18,0xBE18,0xBE18,
    0xBE18,0xBE18,0xBE18,0xBE18,0xBE18,0xBE18,0xBE18,0xBE18,0xBE18,0xBE18,0xBE18,0xBE18,0xBE38,0xBE38,0xBE39,0xBE38,
    0xBE38,0xBE38,0xBE38,0xBE18,0xBDF8,0xBDF8,0xBDF8,0xB5D7,0xB5D7,0xB5D7,0xB5D7,0xBDF7,0xBDF8,0xBE18,0xBDF7,0xBDF7,
    0xB5D7,0xBDF7,0xBE18,0xBE17,0xBE17,0xBE17,0xBE18,0xBE18,0xBE18,0xBE18,0xBE18,0xBE18,0xBE18,0xBE18,0xBE18,0xBE18,
    0xBE39,0xBE38,0xBE18,0xBE18,0xBE38,0xBE38,0xBE38,0xBE38,0xBE38,0xBE39,0xBE39,0xBE38,0xBE38,0xBE18,0xBE18,0xBE18,
    0xBE38,0xBE39,0xBE39,0xBE58,0xBE38,0xBE38,0xBE38,0xBE38,0xBE17,0xBE17,0xBE17,0xBE18,0xBE18,0xBE18,0xBE39,0xBE38,
    0xBE39,0xBE39,0xBE39,0xBE39,0xBE39,0xBE39,0xBE38,0xBE38,0xBE38,0xBE38,0xBE38,0xBE38,0xBE18,0xBE38,0xBE38,0xC638,
    0xBE18,0xC639,0xC639,0xBE18,0xBE18,0xBE18,0xBE18,0xBDF8,0xBE18,0xBE18,0xC638,0xBDF8,0xBDF8,0xBE18,0xBE18,0xBE18,
    0xC638,0xBE18,0xBE18,0xBE38,0xBE18,0xBE18,0xBE18,0xBE18,0xBE18,0xBE18,0xBE18,0xBE18,0xBE18,0xBE18,0xBE18,0xBE18,
    0xBE18,0xBE38,0xBE38,0xBE18,0xBE38,0xBE38,0xC638,0xC639,0xBE19,0xBE19,0xBE19,0xBE18,0xBE38,0xBE18,0xBDF8,0xC5F7,
    0xD5F7,0xC533,0xAC0F,0xABEE,0xA3AD,0x936D,0x82EB,0x728A,0x726A,0x6A6A,0x6A6A,0x6A6A,0x6229,0x5A09,0x5208,0x5A08,
    0x5A29,0x5A49,0x5A29,0x5208,0x51E8,0x51C8,0x4967,0x4966,0x4986,0x4165,0x4145,0x38E3,0x4903,0x69E6,0x7227,0x7A27,
    0x7A06,0x71E6,0x7A06,0x7A06,0x79C5,0x7A06,0x7A06,0x8206,0x7A06,0x8206,0x7A06,0x8206,0x8226,0x7A46,0x7A26,0x7A05,
    0x79E5,0x71E5,0x69A5,0x69C6,0x5965,0x4903,0x30A2,0x2881,0x30A2,0x30A2,0x30E2,0x38E3,0x38E2,0x38C2,0x38C2,0x40E2,
    0x4922,0x7206,0xA329,0xB38A,0xC3EB,0xCBEC,0xCBEC,0xC3CC,0xC3CC,0xCC2D,0xCC6F,0xD4D1,0xEDD5,0xF678,0xFEFA,0xFF1A,
    0xF636,0xDD52,0xDD10,0xD4B0,0xD512,0xDDB6,0xD639,0xBE38,0xBE59,0xC658,0xBE16,0xC617,0xBE38,0xBE17,0xBE17,0xC638,
    0xBE38,0xC658,0xBE38,0xC658,0xC638,0xBE18,0xBE18,0xBE18,0xBE18,0xBDF8,0xBDF7,0xBDF8,0xBDF8,0xBDF8,0xBE18,0xBE38,
    0xBE18,0xB5F7,0xBE18,0xBE18,0xBE18,0xBE18,0xBE18,0xBE18,0xBE17,0xBDF7,0xBDF7,0xBDF7,0xBDF7,0xBDF7,0xBDF7,0xBDF7,
    0xAD95,0xAD95,0xAD95,0xAD95,0xAD74,0xAD95,0xAD95,0xB5B5,0xAD95,0xAD95,0xAD95,0xAD95,0xAD95,0xAD95,0xAD95,0xADB6,
    0xB5B6,0xB5B6,0xB5D6,0xB5D6,0xB5B6,0xB5B6,0xB5B6,0xB5B6,0xB5B6,0xB5B6,0xB5B6,0xB5B6,0xB5D6,0xB5D6,0xB5D6,0xB5D6,
    0xB5D6,0xB5D6,0xB5B6,0xAD95,0xB5B6,0xB5D6,0xB5D6,0xB5B6,0xB5B6,0xB5B6,0xB5B6,0xB5B6,0xB5B6,0xB5B6,0xB5D6,0xB5D6,
    0xB5D6,0xB5D6,0xB5D6,0xB5B6,0xB5B6,0xB5B6,0xB5D6,0xB5D6,0xB5D6,0xB5D6,0xB5D6,0xB5D6,0xB5D6,0xB5D6,0xB5D6,0xB5B6,
    0xB5D6,0xB5D6,0xB5F6,0xB5F6,0xB5D6,0xB5D6,0xB5F6,0xB5F6,0xB5D6,0xB5D6,0xB5D6,0xB5D6,0xB5F6,0xB5D6,0xB5D6,0xB5D6,
    0xB5D6,0xB5D6,0xB5D6,0xB5D6,0xB5F7,0xB5D6,0xB5D6,0xB5F7,0xB5D6,0xB5D6,0xB5D6,0xB5D6,0xB5F7,0xB5D6,0xB5B6,0xB5D6,
    0xB5D6,0xB5D6,0xB5F6,0xB5F6,0xB5F6,0xB5F6,0xB5F7,0xB5F7,0xB5F7,0xB5F6,0xB5D6,0xB5F6,0xB5F6,0xB5F6,0xB5F6,0xB5F7,
    0xB5F6,0xB5D6,0xB5F6,0xB5F6,0xB5F6,0xB5F6,0xB5F6,0xB5F6,0xB5F6,0xB5F6,0xBDF7,0xBDF7,0xBE17,0xBE17,0xBDF7,0xBDF7,
    0xBDF7,0xB5F7,0xB5D6,0xB5D6,0xB5D6,0xB5D6,0xBDF7,0xBDF7,0xBE17,0xBE17,0xB617,0xB5F7,0xB5F7,0xB5F7,0xB5F7,0xB5F7,
    0xBE17,0xBE17,0xB5F7,0xBE17,0xBE37,0xBE17,0xBE17,0xBE17,0xBE17,0xB5F7,0xB5F7,0xB5F7,0xB5F7,0xB5F7,0xBDF7,0xB5F7,
    0xBDF7,0xB5D6,0xB5F7,0xBDF7,0xBDF7,0xB5F7,0xBDF7,0xBDF7,0xBE17,0xBDF7,0xBDF7,0xBE17,0xBDF7,0xBDF7,0xBDF7,0xBDF7,
    0xBDF7,0xBE17,0xBE17,0xBE17,0xBE18,0xBE18,0xBE17,0xBE17,0xBE17,0xBE18,0xBE18,0xBE18,0xBE18,0xBE18,0xBE18,0xBE38,
    0xBE38,0xBE38,0xBE38,0xBE18,0xBE18,0xBE18,0xBE18,0xBDF8,0xBE18,0xBE18,0xBE18,0xBE18,0xBE18,0xBE18,0xBE18,0xBDF7,
    0xBDF7,0xBDF7,0xBDF7,0xBDF7,0xBDF7,0xBDF7,0xBE18,0xBE18,0xB5F7,0xB5F7,0xBE17,0xBE18,0xBE18,0xBE18,0xBE18,0xBE18,
    0xBE38,0xBE38,0xBE38,0xBE38,0xBE18,0xBE38,0xBE38,0xBE38,0xBE38,0xBE38,0xBE38,0xBE38,0xBE38,0xBE38,0xBE39,0xBE38,
    0xBE18,0xBE18,0xBE18,0xBE38,0xBE38,0xBE38,0xBE38,0xBE38,0xBE38,0xBE38,0xBE38,0xC638,0xBE38,0xBE38,0xBE38,0xBE38,
    0xBE38,0xBE38,0xBE38,0xBE38,0xBE38,0xBE38,0xBE39,0xBE39,0xC639,0xC639,0xBE38,0xBE38,0xBE38,0xBE38,0xC638,0xC638,
    0xBE18,0xC638,0xC638,0xBE18,0xC638,0xBE18,0xBE18,0xBDF8,0xBE18,0xBE18,0xBE18,0xBDF7,0xBDF7,0xB5D7,0xB5D7,0xBE18,
    0xBE18,0xC638,0xC638,0xBE18,0xBE18,0xC639,0xC659,0xC639,0xC638,0xC638,0xBE18,0xBE38,0xBE38,0xBE38,0xBE38,0xBE38,
    0xBE38,0xBE39,0xBE38,0xBE18,0xBE38,0xBE58,0xBE58,0xC639,0xC639,0xBE18,0xBE18,0xBE18,0xBE38,0xBE17,0xCDF7,0xCDD6,
    0xAC91,0xA3CE,0xAC0E,0x9B6C,0x7A89,0x7268,0x7269,0x7289,0x6A69,0x6A69,0x6228,0x5A08,0x5A08,0x5A08,0x6229,0x6229,
    0x5A28,0x5A28,0x5208,0x51E8,0x51C8,0x49A7,0x4986,0x4966,0x4145,0x4124,0x4124,0x38E3,0x4103,0x61C6,0x69E6,0x7206,
    0x7A06,0x71C6,0x71E6,0x79E6,0x79C5,0x8206,0x8206,0x8206,0x8226,0x8226,0x8206,0x8206,0x8226,0x7A26,0x7A26,0x7A05,
    0x71E5,0x71C5,0x69A5,0x61A5,0x5964,0x40E3,0x30A2,0x2881,0x30A2,0x30A2,0x30C2,0x38C2,0x38C2,0x30A1,0x38E2,0x4943,
    0x5963,0x8267,0x9B08,0xAB29,0xBB8A,0xC3AA,0xC3CB,0xC3AB,0xC3CC,0xC40C,0xCC6E,0xD4B0,0xD4F1,0xDD33,0xE573,0xED94,
    0xED93,0xED52,0xE510,0xD4AF,0xCC90,0xCD13,0xCDD6,0xBE17,0xBE17,0xBE17,0xBDF6,0xBDF6,0xBDF6,0xBDF6,0xBDF7,0xBE17,
    0xBE17,0xBE17,0xBE17,0xBE17,0xBE17,0xC638,0xC638,0xC638,0xC638,0xC638,0xBE17,0xBE17,0xC638,0xC638,0xBE18,0xBE18,
    0xC638,0xC638,0xBE18,0xBE17,0xBDF7,0xBDF7,0xBDF7,0xBDF7,0xBDF7,0xBDF7,0xBE17,0xC638,0xBE18,0xBDF7,0xBDF7,0xBDF7,
    0xB5B5,0xB595,0xAD95,0xAD95,0xAD75,0xAD95,0xAD95,0xB595,0xAD95,0xAD95,0xAD95,0xAD75,0xAD75,0xAD95,0xAD95,0xAD95,
    0xAD95,0xAD95,0xB5B6,0xB5D6,0xADB5,0xB5B6,0xB5D6,0xB5D6,0xB5B6,0xAD95,0xAD95,0xB5B6,0xB5D6,0xB5D6,0xB5B6,0xB5B6,
    0xB5B6,0xB5B6,0xB5B6,0xB595,0xB5B6,0xB5D6,0xB5B5,0xB5B5,0xB5B5,0xB5D6,0xB5D6,0xB5D6,0xB5D6,0xB5D6,0xB5B6,0xB5D6,
    0xB5B5,0xB5D6,0xB5D6,0xB5D6,0xB5B6,0xB5B6,0xB5D6,0xB5B6,0xB5B6,0xB5D6,0xB5D6,0xB5D6,0xB5D6,0xB5D6,0xB5D6,0xB5D6,
    0xB5D6,0xB5B5,0xB5B6,0xB5D6,0xB5D6,0xB5D6,0xB5D6,0xB5D6,0xB5D6,0xB5D6,0xB5D6,0xB5D6,0xB5D6,0xB5D6,0xB5D6,0xB5D6,
    0xB5D6,0xB5D6,0xB5D6,0xBDF7,0xB5F7,0xB5D6,0xBDF7,0xBDF7,0xBDF7,0xB5D6,0xB5D6,0xB5D6,0xB5D6,0xB5D6,0xB5D6,0xBDF6,
    0xB5D6,0xB5D6,0xBDF6,0xB5F6,0xB5D6,0xB5D6,0xB5D6,0xB5F6,0xBDF7,0xB5F6,0xB5D6,0xB5F6,0xB5F6,0xB5F6,0xBDF6,0xBDF6,
    0xB5D6,0xB5F6,0xBE17,0xB5F6,0xBDF6,0xBDF7,0xBDF6,0xBDF7,0xB5F6,0xB5D6,0xB5F6,0xBDF6,0xBE17,0xBE17,0xBE17,0xBE17,
    0xBE37,0xC638,0xBE17,0xBE17,0xBE17,0xBDF7,0xB5D6,0xBDF7,0xBDF7,0xBDF7,0xB5F7,0xB5F7,0xBE17,0xBE17,0xBE17,0xBE17,
    0xBE17,0xBDF7,0xBDF7,0xBE17,0xBE17,0xBE38,0xBE17,0xBE17,0xBDF7,0xBDF7,0xBDF7,0xBE17,0xBE17,0xBDF7,0xBE17,0xBDF7,
    0xBE17,0xBDF7,0xBE17,0xBDF7,0xBDF7,0xBDF7,0xBDF7,0xBDF7,0xBE17,0xBDF7,0xBDF7,0xBDF7,0xBDF7,0xBDF7,0xBDF7,0xBDF7,
    0xBDF7,0xBE17,0xBE17,0xBE17,0xBE17,0xBE17,0xBE17,0xBE17,0xBE17,0xBE17,0xBE17,0xBE18,0xBE18,0xBE18,0xBE18,0xBE18,
    0xBE18,0xBE18,0xBE18,0xBE18,0xBE18,0xBE18,0xBE18,0xBE18,0xBE18,0xBE18,0xBDF8,0xBDF8,0xBDF7,0xBE18,0xBE18,0xBE18,
    0xBE18,0xBE17,0xBDF7,0xBDF7,0xBDF7,0xBDF7,0xBE17,0xBE18,0xBE18,0xBE18,0xBE18,0xBE18,0xBE18,0xBE18,0xBE18,0xBE18,
    0xBE18,0xBE38,0xBE38,0xBE38,0xBE18,0xBE18,0xBE17,0xBDF7,0xBDF7,0xBE18,0xBE18,0xBE18,0xBE18,0xBE18,0xBE18,0xBE18,
    0xBE18,0xBE18,0xBE18,0xBE17,0xBE18,0xBE38,0xBE38,0xC638,0xBE38,0xBE38,0xC638,0xC638,0xC638,0xBE38,0xBE38,0xC638,
    0xC638,0xBE38,0xBE18,0xBE17,0xBDF7,0xBDF7,0xBE17,0xBE18,0xBE38,0xBE38,0xC638,0xC638,0xC638,0xC638,0xC638,0xC638,
    0xBE18,0xC638,0xC638,0xC638,0xC659,0xC659,0xC638,0xC638,0xC638,0xBE18,0xC638,0xBE18,0xBE18,0xBE18,0xBE18,0xBE18,
    0xBE18,0xBE18,0xBE18,0xBDF7,0xBDF7,0xBE18,0xC638,0xC638,0xC638,0xC659,0xC659,0xC659,0xC658,0xC638,0xBE38,0xC638,
    0xC638,0xC638,0xC638,0xC638,0xBE38,0xBE58,0xBE58,0xBE38,0xC659,0xC639,0xC638,0xC638,0xC638,0xD638,0xDDF6,0xB470,
    0xA3AD,0xABCD,0xABCD,0x7A47,0x7227,0x7248,0x7289,0x7289,0x6A69,0x6A68,0x6228,0x5A07,0x5A07,0x59C7,0x59E7,0x59E7,
    0x59E7,0x5A27,0x5A08,0x59E7,0x51A6,0x4966,0x4965,0x4945,0x4944,0x4144,0x3904,0x38C3,0x40E3,0x61C6,0x69E6,0x71E6,
    0x7A07,0x71E6,0x71E6,0x79E6,0x71A4,0x79E5,0x79E6,0x7A06,0x8206,0x8206,0x79E6,0x7A06,0x8206,0x7A26,0x7A26,0x7A05,
    0x71C5,0x69C5,0x69C5,0x5985,0x5144,0x38C2,0x30A2,0x2881,0x30A2,0x30A2,0x30C2,0x30C2,0x30A1,0x30C2,0x4103,0x5143,
    0x6183,0x8267,0x92A7,0xA308,0xB328,0xBB69,0xBB8A,0xBB8B,0xC3CB,0xCC2C,0xD46E,0xD48F,0xCC6F,0xCC6F,0xCC6F,0xD48F,
    0xD48F,0xD46E,0xD46D,0xD46E,0xCC6F,0xC491,0xC534,0xBDB6,0xB5D6,0xB5F7,0xBDF6,0xBDF6,0xBDF6,0xC617,0xC617,0xC617,
    0xBE17,0xC617,0xC637,0xC617,0xBDF7,0xBE17,0xBDF7,0xBDF7,0xBDF7,0xBE17,0xBE17,0xBE17,0xC637,0xC638,0xBE17,0xBDF7,
    0xC617,0xC638,0xC617,0xC617,0xC638,0xC617,0xC618,0xC638,0xC638,0xC638,0xC618,0xC618,0xC618,0xBE18,0xBE17,0xBE18,
    0xB5B5,0xB5B5,0xB5B5,0xB5B5,0xB5B5,0xB5B5,0xB5B5,0xB5B5,0xB595,0xB595,0xB5B6,0xB5D6,0xB5B6,0xB5B5,0xB5B5,0xB595,
    0xB595,0xB595,0xB595,0xB5B6,0xB595,0xB5B5,0xB5B6,0xB595,0xB595,0xAD95,0xAD95,0xB595,0xB595,0xB595,0xB5B6,0xBDB6,
    0xB5B6,0xB5B6,0xBDD6,0xBDD6,0xB5B6,0xB5B5,0xBDD6,0xB5D6,0xB5B5,0xB5D5,0xB5B5,0xB5B5,0xB5B5,0xB5B5,0xB5D6,0xBDD6,
    0xB5D5,0xB5B5,0xB5D5,0xB5B5,0xB5B5,0xB5B5,0xB5D6,0xBDD6,0xBDD6,0xBDD6,0xB5D6,0xB5B6,0xB5D6,0xB5D6,0xBDD6,0xBDD6,
    0xBDF6,0xBDF6,0xBDD6,0xB5D6,0xBDD6,0xB5B6,0xB5B5,0xB5D6,0xBDD6,0xBDF6,0xBDF7,0xBDF7,0xBDD6,0xBDD6,0xBDD6,0xBDD6,
    0xBDD6,0xBDD6,0xBDF6,0xBDF7,0xBDD6,0xBDD6,0xBDF7,0xBDD6,0xBDF6,0xBDF7,0xBDF7,0xB5D6,0xBDF6,0xC658,0xBE17,0xBDF6,
    0xBDD6,0xBDD6,0xBDF6,0xBDD6,0xB5D6,0xB5D6,0xB5D6,0xB5D6,0xBDF7,0xBDF6,0xBDF6,0xBDF7,0xBDF7,0xBE17,0xBE17,0xBE17,
    0xBE17,0xC637,0xC658,0xBE17,0xBDF6,0xBDF6,0xC637,0xC637,0xBDF6,0xBDF6,0xBDF6,0xBDF6,0xBE16,0xBDF6,0xBDF6,0xBDF6,
    0xBE17,0xC637,0xC617,0xBE17,0xBDF7,0xBDF7,0xBDF7,0xBE17,0xBDF7,0xBDF7,0xBE17,0xBE17,0xBE17,0xBE17,0xBE17,0xBE17,
    0xBDF7,0xBDF7,0xBE17,0xBE17,0xBE17,0xBE17,0xBE17,0xBE17,0xBE17,0xBE17,0xBE17,0xBE17,0xBE17,0xBE17,0xBE17,0xBE17,
    0xBE17,0xBE17,0xBE17,0xBE17,0xBE17,0xBE17,0xBE17,0xBE17,0xBDF7,0xBDF7,0xBDF7,0xBDF7,0xBDF7,0xBE17,0xBDF7,0xBDF7,
    0xBDF7,0xBE17,0xBE17,0xBE17,0xBE17,0xBDF7,0xBE17,0xBE17,0xBE17,0xBE17,0xBDF7,0xB5F7,0xBDF7,0xBE17,0xBE17,0xBE17,
    0xBE17,0xBE18,0xBE18,0xBE18,0xBE18,0xBE18,0xBE18,0xBE18,0xBE18,0xBE18,0xBE18,0xBE17,0xBE18,0xBDF7,0xBE17,0xC638,
    0xC638,0xBE17,0xBE38,0xBE17,0xBE17,0xBE37,0xBE17,0xBE17,0xBE18,0xBE18,0xBE18,0xBE17,0xBE17,0xBE17,0xBE17,0xBE17,
    0xBE18,0xBE38,0xBE38,0xBE38,0xBE38,0xC638,0xBE18,0xBE17,0xBDF7,0xBDF7,0xBE17,0xBE18,0xBE18,0xBE18,0xBE18,0xBE18,
    0xBE18,0xBE18,0xBE18,0xBE17,0xBE38,0xC638,0xBE17,0xBE38,0xC638,0xBE38,0xBE38,0xC638,0xC658,0xC638,0xC638,0xC658,
    0xC658,0xC637,0xC637,0xBE37,0xBE38,0xBE38,0xBE38,0xBE38,0xBE38,0xBE18,0xBE38,0xBE38,0xBE38,0xBE38,0xC638,0xC638,
    0xC638,0xC638,0xC658,0xC638,0xC638,0xC638,0xC638,0xC638,0xC638,0xC638,0xC638,0xC638,0xC638,0xC638,0xC638,0xC638,
    0xC638,0xC638,0xC638,0xC638,0xC638,0xC618,0xBE17,0xBE17,0xBE17,0xC618,0xC638,0xBE18,0xC638,0xC638,0xC638,0xC638,
    0xC638,0xC638,0xC658,0xC638,0xC658,0xBE58,0xBE38,0xBE38,0xC658,0xC638,0xC638,0xC638,0xCE38,0xD5F6,0xBC70,0x9B4B,
    0x9B4B,0xA32B,0x92C9,0x7A27,0x6A07,0x6A28,0x7269,0x6A88,0x6A68,0x6A48,0x6A48,0x6227,0x61E7,0x59C6,0x59C6,0x61E7,
    0x6207,0x5A07,0x59E7,0x51A6,0x5186,0x4965,0x5185,0x4965,0x4944,0x4123,0x4124,0x38E3,0x4904,0x61C6,0x69C6,0x69C6,
    0x71C6,0x69A5,0x7A07,0x79E6,0x71A4,0x79E6,0x8206,0x8226,0x8226,0x8226,0x7A06,0x79E5,0x7A06,0x7A26,0x7A26,0x7A05,
    0x71C5,0x69A4,0x61A5,0x5164,0x4923,0x38A2,0x30A2,0x2881,0x30A2,0x30A2,0x30C2,0x30A1,0x30A1,0x40E3,0x4944,0x5123,
    0x71C4,0x8A87,0x9266,0x9AC7,0xA2E7,0xAB08,0xB349,0xB36A,0xBBAB,0xC40C,0xC3EC,0xBBCC,0xBBCC,0xB3AC,0xBBCC,0xC3CC,
    0xCBCC,0xCBEC,0xCC0C,0xCC0C,0xC40D,0xBC0E,0xC4F2,0xCDF6,0xBE17,0xBE17,0xC617,0xC617,0xC5F7,0xBDF6,0xC5F6,0xC617,
    0xC5F6,0xC617,0xCE58,0xC617,0xBDF6,0xBE17,0xBE17,0xBE17,0xBE17,0xBE17,0xBE17,0xC617,0xBE17,0xBE17,0xCE58,0xC638,
    0xC617,0xC617,0xBDF7,0xBDF7,0xC617,0xC617,0xC617,0xC638,0xC638,0xC638,0xC638,0xC618,0xC618,0xC618,0xC618,0xC618,
    0xB5B5,0xB595,0xAD75,0xAD75,0xAD95,0xAD95,0xAD95,0xB595,0xB5B6,0xB5B5,0xB595,0xB5B5,0xB5B5,0xB5B5,0xB5B6,0xB5D6,
    0xB5D6,0xB5D6,0xB5B5,0xB5B5,0xB5B5,0xB5B5,0xB5B6,0xB5B6,0xB5B6,0xB5B6,0xB5D6,0xB5B5,0xB595,0xB595,0xB595,0xB595,
    0xAD75,0xB595,0xB5B6,0xB5B6,0xB595,0xB5B5,0xB5D5,0xB5D6,0xB5D6,0xB5B5,0xB5B5,0xB5D6,0xB5D6,0xB5D6,0xB5D6,0xB5D6,
    0xB5D6,0xB5D6,0xB5D6,0xB5B5,0xB5B5,0xB5D6,0xB5D6,0xB5D6,0xB5D6,0xB5D6,0xB5D6,0xB5D6,0xBDD6,0xBDD6,0xBDD6,0xBDD6,
    0xBDD6,0xBDF6,0xBDF6,0xBDD6,0xB5D6,0xBDD6,0xBDD6,0xB5D6,0xBDD6,0xBDD6,0xB5D6,0xBDF7,0xBDD6,0xBDD6,0xBDF7,0xB5D6,
    0xB5D6,0xB5D6,0xB5D6,0xBDF6,0xBDF6,0xBDF6,0xB5D6,0xB5D6,0xB5D6,0xBDD6,0xBDF6,0xBDF6,0xBDF6,0xBE17,0xBDF6,0xBDF6,
    0xBDF6,0xBDF6,0xB5D6,0xB5D6,0xBDF6,0xBDF6,0xBDF6,0xBE16,0xBDF6,0xBDF6,0xBDF6,0xBDF6,0xBDF6,0xBDD6,0xBDF6,0xBDF6,
    0xBDF6,0xBDF6,0xBDF6,0xBE17,0xBDF6,0xC657,0xE71B,0xC657,0xBDD6,0xBDF6,0xBDF6,0xBE16,0xBDF6,0xBDF5,0xB5D5,0xBDF5,
    0xBDF6,0xBDF6,0xBE16,0xC617,0xBDF6,0xBDF6,0xC617,0xBE17,0xBE17,0xBDF7,0xBDF7,0xBDF7,0xBDF7,0xBDF7,0xBDF7,0xBDF7,
    0xBE17,0xBE17,0xBDF7,0xBDF7,0xBE17,0xBE17,0xBE17,0xBE17,0xBE17,0xBE17,0xBE17,0xBDF7,0xBDF7,0xBDF7,0xBE17,0xBE17,
    0xBDF7,0xBE17,0xBE17,0xBE17,0xBE38,0xC638,0xBE17,0xBE17,0xBE18,0xBE18,0xBE17,0xBDF7,0xBE17,0xBE17,0xBDF7,0xBDF7,
    0xBDF7,0xBDF7,0xBE17,0xBE17,0xBE17,0xBE17,0xBE17,0xBE17,0xBE17,0xBE17,0xBE17,0xBDF7,0xBDF7,0xBDF7,0xBDF7,0xBDF7,
    0xBE17,0xBE17,0xBE18,0xBE18,0xBE18,0xBDF7,0xBDF7,0xBE18,0xC638,0xC638,0xBE18,0xBE18,0xBE18,0xBE17,0xBE17,0xBE38,
    0xBE38,0xBE38,0xC638,0xC638,0xBE38,0xBE38,0xBE18,0xBDF7,0xBDF7,0xBDF7,0xBE18,0xBDF7,0xBDF7,0xBE17,0xBE18,0xC638,
    0xBE18,0xBE18,0xBE17,0xBE17,0xBE18,0xC638,0xBE18,0xBE18,0xBE18,0xBE17,0xBE18,0xBE18,0xBE17,0xC638,0xC638,0xC638,
    0xC638,0xC658,0xC658,0xBE17,0xBE38,0xC638,0xC638,0xC638,0xC638,0xBE38,0xBE17,0xBE17,0xBE37,0xC637,0xC678,0xC658,
    0xC678,0xC658,0xBE37,0xC637,0xC637,0xBE17,0xC638,0xC638,0xBE17,0xBE17,0xC638,0xBE37,0xC638,0xC658,0xC638,0xC638,
    0xC638,0xC638,0xC638,0xC617,0xC638,0xC638,0xC638,0xC638,0xC617,0xC638,0xC617,0xC617,0xC638,0xC617,0xC617,0xBE17,
    0xC637,0xC617,0xC637,0xC638,0xC638,0xC637,0xC638,0xC638,0xC617,0xC617,0xC617,0xC617,0xC638,0xC617,0xC617,0xC638,
    0xC617,0xC617,0xC617,0xC617,0xC637,0xBE17,0xBE17,0xBE17,0xBE17,0xBE17,0xC617,0xCE17,0xD658,0xB4D1,0x930A,0x92E9,
    0x92C9,0x8A88,0x7A27,0x7206,0x7227,0x6A47,0x6A48,0x6A47,0x6A47,0x6A47,0x6A27,0x6207,0x61E7,0x61E6,0x61E7,0x61C6,
    0x59C6,0x59C6,0x59A6,0x5186,0x4965,0x4945,0x4965,0x5165,0x4944,0x4944,0x3904,0x38C3,0x5165,0x61C6,0x69C5,0x71E6,
    0x71C5,0x71C6,0x71E6,0x79C5,0x7184,0x79C5,0x7A06,0x79E5,0x79E5,0x79E6,0x7A06,0x79E5,0x79E6,0x7A26,0x7A26,0x71E5,
    0x69A4,0x69A5,0x5964,0x5123,0x4103,0x30A2,0x28A2,0x2881,0x30A2,0x30A2,0x30A1,0x3081,0x38C2,0x4944,0x5164,0x5122,
    0x8246,0x8A87,0x8A66,0x9286,0x9AA7,0xA2C7,0xAB08,0xAB09,0xB36A,0xAB69,0xAB49,0xA329,0xA329,0xAB29,0xAB2A,0xB32A,
    0xB34A,0xBB6A,0xBB6A,0xBB8A,0xB36B,0xAB8C,0xAC2E,0xCDD5,0xC617,0xBE17,0xBE17,0xC638,0xC617,0xC5F7,0xC617,0xC617,
    0xC5F7,0xC5F6,0xBDD6,0xBDB6,0xB5B5,0xB5D6,0xBE17,0xBE17,0xBDF7,0xBDD6,0xBDF6,0xBDF7,0xBDF6,0xC637,0xCE79,0xCE58,
    0xC638,0xC617,0xBDF7,0xBDD6,0xBDF7,0xBDF7,0xBDF7,0xBDF7,0xC618,0xC638,0xC618,0xC618,0xC638,0xC638,0xC618,0xBDF7,
    0xB595,0xAD95,0xAD75,0xAD75,0xB595,0xB5B6,0xB5B6,0xB5B6,0xB5B5,0xB595,0xAD95,0xB5B5,0xB5B6,0xB595,0xB5B5,0xB5D6,
    0xB5B5,0xB595,0xB5B5,0xB5B5,0xB5B5,0xB5B5,0xB5B6,0xB5D6,0xB5B5,0xB5B5,0xB5D6,0xB5B6,0xBDD6,0xB5B6,0xB595,0xB595,
    0xAD75,0xB595,0xB5B6,0xB5B6,0xB5B6,0xB5D6,0xB5B6,0xB5D6,0xB5B6,0xB5D6,0xB5D6,0xB5D6,0xB5D6,0xB5B6,0xB5B6,0xBDD6,
    0xB5D6,0xB5D6,0xBDD6,0xB5B6,0xB5B5,0xB5B6,0xB5B6,0xB5B6,0xB5B6,0xB5B6,0xBDD6,0xBDD6,0xBDD6,0xBDD6,0xBDD6,0xBDD6,
    0xB5D6,0xB5B6,0xB5B5,0xB5D6,0xBDF6,0xBDF6,0xBDF6,0xBDF6,0xBDD6,0xBDD6,0xB5D6,0xBDF7,0xBDD6,0xBDD6,0xBDF6,0xBDD6,
    0xBDD6,0xBDD6,0xBDD6,0xB5B6,0xB5B6,0xBDD6,0xB5D6,0xB5B6,0xB5B6,0xB5B6,0xBDD6,0xBDF6,0xBDF6,0xBDD5,0xBDF6,0xBDD6,
    0xB5D5,0xBDD6,0xBDF6,0xBDD6,0xBDF6,0xBDF6,0xBDD6,0xBDF6,0xBDF6,0xBDF6,0xBDF6,0xBDF6,0xBDF6,0xBDF6,0xBDF6,0xBDF6,
    0xBDD6,0xBDF6,0xBDF6,0xBDF6,0xBDF6,0xC616,0xBDF6,0xBDD6,0xBDF6,0xBDF6,0xBDF6,0xBE16,0xBDF6,0xBE16,0xBE16,0xBE16,
    0xBE16,0xBE16,0xC637,0xC637,0xC617,0xBDF7,0xC617,0xBE17,0xC617,0xBE37,0xBE17,0xBDF7,0xBE17,0xBDF7,0xBDF7,0xBDD6,
    0xBDD6,0xBE17,0xC617,0xBDF7,0xBDF7,0xBE17,0xBE17,0xBDF7,0xBE17,0xBE17,0xBE17,0xBE17,0xBE17,0xBE17,0xBE17,0xBE17,
    0xBDF7,0xBDF7,0xB5F7,0xBDF7,0xBDF7,0xBE17,0xBE17,0xBE38,0xBE18,0xBE18,0xBE18,0xBE18,0xBE17,0xBDF7,0xBDF7,0xBDF7,
    0xBE18,0xBE17,0xBE17,0xC617,0xC617,0xC617,0xBE17,0xBE17,0xBE17,0xBDF7,0xBE17,0xC638,0xC618,0xBDF7,0xBDF7,0xBE17,
    0xC618,0xC618,0xC618,0xC617,0xC638,0xBE17,0xBE17,0xBE17,0xBE17,0xBE17,0xBE38,0xBE38,0xBE17,0xBE17,0xBE37,0xBE37,
    0xBE17,0xBE17,0xBE17,0xBE17,0xBE17,0xBE37,0xC637,0xC618,0xC618,0xC618,0xC617,0xBE17,0xBE17,0xBE17,0xBE17,0xBE17,
    0xBE17,0xBDF7,0xBDF7,0xBDF7,0xBDF7,0xBE17,0xC638,0xC658,0xC638,0xC638,0xC638,0xC638,0xC637,0xC638,0xC637,0xC658,
    0xC658,0xC638,0xC638,0xC638,0xC637,0xC638,0xCE58,0xC638,0xC617,0xC637,0xC637,0xC637,0xC658,0xC657,0xC658,0xC637,
    0xC658,0xC657,0xBE17,0xC637,0xC637,0xBE17,0xBE17,0xC637,0xC637,0xBE17,0xBE17,0xBE17,0xBE17,0xC637,0xC617,0xBE17,
    0xC617,0xC637,0xC658,0xC617,0xC638,0xC638,0xC638,0xCE58,0xC638,0xC638,0xC637,0xC617,0xC617,0xC617,0xBDF7,0xBDF7,
    0xBE17,0xBDD6,0xC617,0xC617,0xC617,0xC617,0xC617,0xBE17,0xBE17,0xBDF7,0xBDF7,0xC5F7,0xC617,0xC637,0xC617,0xC617,
    0xC5F7,0xC5F7,0xC5F7,0xBDF7,0xC637,0xC637,0xBE17,0xBE17,0xBDF7,0xBDF6,0xC5D6,0xCDF6,0xBD33,0x8B2B,0x82A8,0x8267,
    0x8247,0x7A26,0x7A06,0x7206,0x6A06,0x6A06,0x6A27,0x6A27,0x6A26,0x6A06,0x6A06,0x6A07,0x6A07,0x61E7,0x6207,0x61E7,
    0x61C6,0x59C6,0x59A6,0x5186,0x5165,0x4945,0x4965,0x4965,0x4964,0x4944,0x3903,0x4124,0x5185,0x61A6,0x61A5,0x71C6,
    0x71C6,0x69A5,0x71C6,0x71C5,0x6964,0x71A4,0x79E5,0x79C5,0x71A4,0x79C5,0x79E5,0x79E5,0x79E5,0x79E6,0x7A06,0x71C5,
    0x69A4,0x69A5,0x5964,0x4923,0x40E2,0x30A2,0x28A2,0x2881,0x30A2,0x2881,0x2861,0x30A1,0x4103,0x4924,0x5144,0x6163,
    0x92A8,0x9AE9,0x92A7,0x9287,0x92A7,0x92A7,0x9AC7,0x9AC8,0x9AE8,0x92C7,0x92A7,0x92A7,0x9287,0x9287,0x9287,0x9AA8,
    0x9AC8,0xA2C8,0x9AC8,0xA2E8,0xA2E8,0xA30A,0x9B8B,0xBD32,0xCE37,0xBDF6,0xBDF7,0xC5F7,0xC5F7,0xC5F7,0xC5F7,0xBDF6,
    0xBDD6,0xBDD6,0xB5B5,0xBDB6,0xBDB6,0xB5B6,0xB5D6,0xBDD6,0xBDD6,0xB5D6,0xBDD6,0xBDF7,0xBDF6,0xC617,0xC617,0xBDF7,
    0xC617,0xC618,0xC617,0xC617,0xC5F7,0xBDF7,0xBDF7,0xBDF7,0xC5F8,0xC618,0xC5F8,0xC5F8,0xC618,0xC618,0xC638,0xC638,
    0xB5B6,0xB596,0xAD95,0xB595,0xB596,0xAD95,0xB595,0xAD95,0xB5B6,0xB5B5,0xAD95,0xB595,0xB595,0xB5B5,0xB5B5,0xB595,
    0xB595,0xB5B5,0xB5B5,0xB5B5,0xB5B5,0xB5B5,0xB5B5,0xB5B5,0xB5D6,0xB5B6,0xB5B5,0xB5B5,0xB5D6,0xBDD6,0xB5B6,0xB5D6,
    0xB5D6,0xB5B6,0xB5B6,0xB595,0xB5B6,0xBDD6,0xB5D6,0xB5D6,0xB5D6,0xB5B6,0xB5B6,0xB5B6,0xB5B6,0xB5B6,0xBDD6,0xBDD6,
    0xB5D6,0xB5B6,0xBDD6,0xBDD6,0xBDD6,0xBDD6,0xBDF6,0xBDF6,0xBDD6,0xBDD6,0xBDD6,0xBDD6,0xBDD6,0xBDD6,0xBDD6,0xBDD6,
    0xBDD6,0xBDD6,0xBDD6,0xBDD6,0xB5B5,0xB5B6,0xBDD6,0xBDD6,0xBDF6,0xBDF6,0xBDD6,0xBDD6,0xBDD6,0xBDD6,0xBDD6,0xBDD6,
    0xBDD6,0xBDD6,0xBDD6,0xB5D6,0xB5B6,0xBDD6,0xBDD6,0xBDD6,0xBDF6,0xBDD6,0xB5D6,0xBDD6,0xBDD6,0xBDD5,0xBDF6,0xBDF6,
    0xBDD5,0xBDD5,0xBDD5,0xBDD5,0xBDD5,0xBDD5,0xBDF6,0xBDF6,0xBDF6,0xC5F6,0xC616,0xBDF6,0xC5F6,0xBDF6,0xC5F6,0xBDF6,
    0xBDD5,0xBDD6,0xBDD6,0xBDD5,0xBDD6,0xC637,0xBDD5,0xBDD6,0xBDF6,0xBDF6,0xBDF6,0xC616,0xBDF6,0xBE16,0xBDF6,0xBE16,
    0xBE16,0xC637,0xC616,0xC5F6,0xBDF6,0xBDF6,0xBDF6,0xB5B6,0xBDF6,0xBE17,0xBE17,0xBE17,0xBE17,0xC617,0xC617,0xC638,
    0xBDD7,0xBDF7,0xC618,0xBDF7,0xBDD7,0xBDF7,0xBDF7,0xBDF7,0xC617,0xC617,0xBE17,0xC617,0xC617,0xBE17,0xBE17,0xBE17,
    0xBE17,0xBE17,0xBE17,0xBDF7,0xB5F7,0xBDF7,0xBE17,0xC638,0xBE18,0xBE18,0xBE18,0xC638,0xC638,0xBE18,0xBE18,0xBE18,
    0xBE18,0xC618,0xC618,0xC638,0xC638,0xC618,0xBE18,0xBE18,0xBDF7,0xBDF7,0xBDF7,0xC617,0xC617,0xBDF7,0xC617,0xC618,
    0xC618,0xC618,0xC617,0xBE17,0xC638,0xBE17,0xBE17,0xBE17,0xBE17,0xBE17,0xBE18,0xBE17,0xBE17,0xBE17,0xBE17,0xBE17,
    0xBE17,0xBE17,0xBE17,0xBE17,0xBE17,0xC637,0xBE17,0xBDF7,0xC618,0xC638,0xC638,0xC618,0xC618,0xC617,0xC617,0xC617,
    0xC618,0xC618,0xC638,0xC638,0xC638,0xC638,0xC618,0xBE17,0xBE17,0xBE17,0xC617,0xC637,0xC637,0xC638,0xC638,0xC638,
    0xC617,0xBE17,0xC637,0xC638,0xC638,0xC637,0xC617,0xC617,0xC638,0xC638,0xC638,0xC658,0xC658,0xC637,0xC658,0xC658,
    0xC658,0xC658,0xC658,0xC637,0xC658,0xC658,0xBE17,0xC637,0xC657,0xC617,0xBE17,0xBE17,0xC637,0xC637,0xC637,0xC617,
    0xC617,0xC637,0xCE58,0xC637,0xC637,0xC637,0xC617,0xC617,0xC617,0xC638,0xC637,0xC617,0xC617,0xC637,0xC617,0xC617,
    0xC637,0xBDF6,0xC617,0xC637,0xC617,0xC637,0xC617,0xC617,0xC617,0xC617,0xC617,0xC617,0xC5F7,0xC617,0xC617,0xC637,
    0xC617,0xC617,0xC617,0xC617,0xC617,0xC617,0xC637,0xC637,0xC617,0xC5D6,0xCDF6,0xC554,0x8B4B,0x7268,0x7A67,0x7246,
    0x7A26,0x7226,0x7206,0x7206,0x6A06,0x6A06,0x6A06,0x6A06,0x69E6,0x69E6,0x69E6,0x6A07,0x6207,0x61E6,0x61E6,0x61E6,
    0x59C6,0x59A6,0x59A6,0x51A6,0x5186,0x4965,0x4945,0x4965,0x4144,0x3903,0x4124,0x4985,0x59A6,0x61A5,0x61A5,0x71E6,
    0x79E6,0x71A5,0x71E6,0x71C5,0x6964,0x71A5,0x79E5,0x79E5,0x79C5,0x79E5,0x79E5,0x79C5,0x71C5,0x79E6,0x79E6,0x71C5,
    0x69A5,0x6164,0x5123,0x4903,0x38E2,0x30A2,0x28A2,0x28A1,0x2881,0x2861,0x3081,0x40E3,0x4924,0x5124,0x5144,0x69A4,
    0x9AC8,0x9AE9,0x8A87,0x8246,0x8A87,0x8A87,0x8A66,0x8A67,0x8A66,0x8266,0x8246,0x7A25,0x7A05,0x7A05,0x8226,0x8247,
    0x8A67,0x8A47,0x8A67,0x9287,0x9287,0x92A8,0x9309,0xAC6F,0xD657,0xC617,0xC638,0xC618,0xC617,0xC638,0xCE38,0xC617,
    0xC5F7,0xC617,0xC638,0xC638,0xC638,0xC617,0xC617,0xC617,0xC617,0xC617,0xC637,0xC658,0xC638,0xC638,0xC638,0xC618,
    0xC618,0xC638,0xC638,0xC638,0xC618,0xC618,0xC618,0xC618,0xC5F7,0xC618,0xC618,0xC5F7,0xC618,0xCE38,0xCE59,0xC638,
    0xB5B6,0xB5B6,0xB5B6,0xB5B6,0xB5B6,0xAD95,0xB5B6,0xB5B6,0xAD75,0xAD74,0xAD95,0xB5B5,0xB595,0xB5B5,0xB595,0xAD74,
    0xAD74,0xB595,0xB5B5,0xB5B5,0xB5B5,0xB5B5,0xB595,0xB595,0xB5B5,0xB5B5,0xAD95,0xB5B5,0xB5D6,0xB5D6,0xB5D6,0xB5D6,
    0xB5D6,0xB5B6,0xB5D6,0xB5D6,0xB5D6,0xB5D6,0xB5B6,0xB5B6,0xBDD7,0xB5D7,0xBDD7,0xB5D6,0xB5B6,0xB5B6,0xB5B6,0xBDD7,
    0xBDD6,0xBDD7,0xBDD7,0xBDD7,0xB5B6,0xB596,0xB596,0xBDD6,0xBDD6,0xB5D6,0xB5B6,0xBDD6,0xBDD6,0xBDD6,0xBDD6,0xBDD6,
    0xBDD6,0xBDF6,0xBDF7,0xBDF7,0xB5B6,0xBDD6,0xBDD6,0xB5B6,0xB5D6,0xBDF6,0xBDD6,0xB5D6,0xBDD6,0xBDD6,0xBDD6,0xBDD6,
    0xBDD6,0xBDD6,0xBDD6,0xBDD6,0xBDD6,0xBDD6,0xBDD6,0xBDF6,0xBDD6,0xBDD6,0xBDD6,0xBDD6,0xBDD6,0xBDD5,0xBDD5,0xBDF5,
    0xBDF6,0xBDD5,0xBDF5,0xBDF6,0xBDD5,0xBDF5,0xBDF6,0xBDD5,0xBDD5,0xBDD5,0xBDD5,0xBDD5,0xBDD5,0xBDB5,0xBDD5,0xC5F6,
    0xC616,0xC5F6,0xC5F6,0xBDF6,0xBDD5,0xC5F6,0xC616,0xBDF6,0xBDF6,0xBDF6,0xBDF6,0xC617,0xBE16,0xBE16,0xBE16,0xC616,
    0xBE16,0xBDF6,0xBDF6,0xBDD6,0xBDF6,0xC616,0xBDF6,0xBDD6,0xBDF6,0xBDF7,0xBDF7,0xBDF7,0xBDF7,0xBE17,0xBE17,0xC618,
    0xBE17,0xBE17,0xBE17,0xBDF7,0xBDF7,0xC617,0xBE17,0xBDF7,0xBDF7,0xBDF7,0xBDF7,0xBE17,0xBE17,0xBDF7,0xBDF7,0xBE17,
    0xBE17,0xC638,0xBE17,0xBE17,0xBDF7,0xBDF7,0xBE17,0xBE17,0xBDF7,0xBE17,0xBE17,0xBE18,0xBE17,0xBDF7,0xBDF7,0xBDF7,
    0xBE17,0xC618,0xC618,0xC638,0xC638,0xC618,0xC618,0xC618,0xC618,0xC618,0xBE18,0xBE17,0xBE17,0xC617,0xC617,0xC617,
    0xBE17,0xBDF7,0xBDF7,0xBE17,0xBDF7,0xBE17,0xBE17,0xBE17,0xBE17,0xBE17,0xBE17,0xBDF7,0xBDF7,0xBE17,0xBE17,0xBE17,
    0xBE37,0xC637,0xC637,0xBE37,0xBE17,0xBE37,0xBE17,0xBDF7,0xBE17,0xBE17,0xBE17,0xBE17,0xBE17,0xC617,0xC638,0xC638,
    0xC617,0xC617,0xC617,0xC638,0xC638,0xC617,0xC617,0xC617,0xC617,0xBE17,0xC617,0xBE17,0xBE17,0xBE17,0xC638,0xC658,
    0xC637,0xC637,0xC638,0xC617,0xC638,0xC638,0xC637,0xC637,0xC637,0xC637,0xC637,0xC637,0xC617,0xC617,0xC638,0xBE17,
    0xBE17,0xC637,0xC617,0xC637,0xC658,0xC637,0xC637,0xC658,0xC657,0xC637,0xC657,0xC637,0xC637,0xC657,0xC637,0xC657,
    0xC617,0xC617,0xC637,0xC617,0xC617,0xC617,0xC617,0xC617,0xBDF6,0xC617,0xC637,0xC637,0xC617,0xC637,0xCE78,0xCE58,
    0xCE78,0xCE58,0xC637,0xC637,0xCE78,0xCE58,0xC617,0xC637,0xC657,0xC637,0xC637,0xCE37,0xC5F7,0xCE37,0xBDF6,0xC617,
    0xCE38,0xCE38,0xCE38,0xCE38,0xCE58,0xCE58,0xCE78,0xCE58,0xCE37,0xCE37,0xD617,0x93AD,0x7AA9,0x7247,0x6A26,0x6A26,
    0x6A06,0x7206,0x7226,0x7226,0x7206,0x6A06,0x6A06,0x69E6,0x69E6,0x69E6,0x69E7,0x69E7,0x61E6,0x61C6,0x61E6,0x61E6,
    0x59C6,0x59A6,0x51A6,0x51A6,0x59A6,0x4965,0x4144,0x4964,0x4964,0x4144,0x4985,0x51A6,0x5986,0x5985,0x61A5,0x69C5,
    0x71E6,0x71C6,0x71E6,0x71C5,0x6963,0x71A4,0x71A5,0x71A4,0x71A4,0x71A4,0x71A4,0x71C5,0x71C5,0x71C6,0x71C6,0x6984,
    0x6984,0x5943,0x5103,0x40E3,0x30C2,0x30A2,0x2881,0x2881,0x2881,0x2881,0x38C2,0x4904,0x5164,0x5965,0x5965,0x69A5,
    0x92A8,0x8A87,0x8246,0x7A26,0x8246,0x8226,0x7A26,0x8226,0x71E5,0x69E5,0x69E4,0x69C4,0x69C5,0x71E5,0x71E5,0x71E6,
    0x7206,0x7206,0x7A26,0x8247,0x8A26,0x8A67,0x8AC8,0x93AC,0xC5B5,0xC637,0xCE38,0xC638,0xC638,0xC638,0xCE59,0xCE59,
    0xCE38,0xCE58,0xCE59,0xCE58,0xC638,0xC658,0xC638,0xC638,0xC638,0xC638,0xC638,0xC638,0xCE58,0xC638,0xC659,0xC639,
    0xC639,0xC659,0xC639,0xC639,0xC639,0xC639,0xC639,0xC638,0xC618,0xC618,0xC638,0xC618,0xC618,0xCE38,0xC618,0xC618,
    0xAD95,0xB5B6,0xADB6,0xADB6,0xB5B6,0xB5B6,0xB5D6,0xB5B6,0xAD95,0xB595,0xB5B5,0xB5D6,0xB5D6,0xB595,0xB5B5,0xB5B6,
    0xB5B6,0xB5B5,0xB5B5,0xB5B6,0xB5B6,0xB5B6,0xB5B5,0xB5B5,0xB595,0xB595,0xB5B5,0xB5B6,0xB5B5,0xB5B5,0xB5D6,0xBDF6,
    0xB5D6,0xB5D6,0xB5D6,0xBDF6,0xB5D6,0xB5B6,0xB5B6,0xB5B6,0xBDD6,0xB5B6,0xB5B6,0xBDD6,0xB5D6,0xB5D6,0xBDD7,0xBDD7,
    0xBDD7,0xBDD6,0xBDD6,0xBDD7,0xBDF7,0xBDD7,0xBDF7,0xBDD6,0xBDF6,0xBDF6,0xBDF7,0xBDF6,0xBDD6,0xBDD6,0xBDD6,0xBDF6,
    0xBDF6,0xBDD6,0xBDD6,0xBDF6,0xBDF6,0xBDF6,0xBDD6,0xB5B5,0xB5B5,0xBDD6,0xB5D6,0xB5D6,0xB5D6,0xBDD6,0xBDF6,0xBDF6,
    0xBDF7,0xBDF7,0xBDF6,0xBDF6,0xBDF6,0xB5D6,0xBDD6,0xBDF6,0xB5D6,0xBDD6,0xBDF6,0xBDF6,0xBDF6,0xBDD6,0xBDD6,0xB5D5,
    0xBDF6,0xBDF6,0xBDF6,0xBDF6,0xBDD6,0xBDD6,0xBDF6,0xBDD5,0xB5B5,0xBDD5,0xBDD5,0xBDF6,0xBDF6,0xBDF6,0xBDF6,0xBDF6,
    0xBDD6,0xBDD6,0xBDD6,0xBDD6,0xBDF6,0xBDB5,0xBDD6,0xBDD6,0xC616,0xBDF6,0xBDF6,0xC617,0xBDF6,0xBDF6,0xBDF6,0xBDF6,
    0xBDF6,0xB5B5,0xB5D6,0xBDD6,0xBDF6,0xBE17,0xBDF6,0xBDF7,0xBDF7,0xBDF7,0xBDF7,0xBDF7,0xBDF7,0xBDF7,0xBE17,0xBE17,
    0xBE17,0xC617,0xBDF7,0xBDF7,0xC617,0xC618,0xC618,0xC618,0xC638,0xC618,0xC617,0xC617,0xC638,0xC618,0xBE17,0xBE17,
    0xBE17,0xBE17,0xBE17,0xBE38,0xBE38,0xBE17,0xBE17,0xBE17,0xBDF7,0xBDF7,0xBE18,0xBE17,0xBE18,0xC638,0xBE17,0xBE17,
    0xBDF7,0xBDF7,0xBE18,0xBE18,0xBE18,0xC618,0xC618,0xBE18,0xBE18,0xBE18,0xC638,0xC638,0xC637,0xC638,0xBE17,0xC638,
    0xBE17,0xBDF7,0xBE17,0xC638,0xBE17,0xC638,0xC638,0xC638,0xC638,0xBE17,0xBE17,0xBE17,0xBE17,0xBE17,0xBE17,0xBE17,
    0xC637,0xC638,0xC638,0xC637,0xC637,0xC637,0xC637,0xC637,0xBE17,0xBE17,0xC617,0xBE17,0xBE17,0xC617,0xC637,0xC637,
    0xC638,0xC637,0xC617,0xC617,0xC617,0xBE17,0xC617,0xC637,0xC637,0xC638,0xC658,0xC637,0xBE17,0xBE17,0xC617,0xC637,
    0xC638,0xC637,0xC637,0xC637,0xBE17,0xC637,0xC658,0xC638,0xC637,0xC638,0xC637,0xC617,0xC637,0xC637,0xC638,0xC617,
    0xC617,0xC638,0xBE17,0xC638,0xC638,0xC617,0xC637,0xC637,0xC637,0xC658,0xC658,0xC637,0xC637,0xC637,0xC617,0xC617,
    0xBE17,0xBDF7,0xC637,0xC637,0xC637,0xC638,0xC637,0xC658,0xC637,0xCE78,0xD699,0xCE78,0xCE78,0xD6D9,0xDED9,0xCE78,
    0xC657,0xCE78,0xCE38,0xC637,0xCE78,0xCE58,0xC617,0xC637,0xC638,0xCE58,0xCE38,0xC617,0xCE38,0xD699,0xCE78,0xCE58,
    0xC638,0xCE38,0xCE38,0xC637,0xC637,0xCE38,0xCE17,0xCE37,0xCDF7,0xDE37,0xAC90,0x7AC9,0x7247,0x7246,0x6A26,0x6A26,
    0x6A06,0x6A06,0x7227,0x7226,0x7206,0x6A06,0x6A06,0x69E6,0x71E6,0x7206,0x69E6,0x69E6,0x61E6,0x61C6,0x61E6,0x61C6,
    0x59C6,0x59A6,0x59A6,0x59C6,0x59C7,0x51A6,0x4124,0x4124,0x4985,0x51A6,0x51A6,0x5186,0x5185,0x5985,0x61A5,0x69C5,
    0x71C5,0x71E6,0x71E6,0x71A4,0x6963,0x71A4,0x71A5,0x71A5,0x71A5,0x7184,0x7184,0x71C5,0x71C5,0x71A5,0x71A5,0x6984,
    0x5943,0x5123,0x4923,0x4103,0x30A2,0x28A1,0x30A2,0x2881,0x2881,0x30A2,0x4104,0x5144,0x5965,0x5985,0x5985,0x71C5,
    0x92A8,0x8246,0x7A26,0x7A26,0x7A06,0x7205,0x71E5,0x71E5,0x69C4,0x69C5,0x69C5,0x69C4,0x69C4,0x69C5,0x71E5,0x71E5,
    0x7205,0x7206,0x7A06,0x7A26,0x7A26,0x8246,0x82A8,0x8B2A,0xB512,0xCE37,0xC638,0xC659,0xC638,0xC638,0xC659,0xC659,
    0xC638,0xC638,0xC638,0xC659,0xCE59,0xC638,0xC638,0xC638,0xC638,0xC638,0xC638,0xC638,0xC638,0xC638,0xC638,0xC638,
    0xC638,0xC638,0xC638,0xC659,0xC639,0xC638,0xBE18,0xC618,0xCE39,0xC638,0xCE39,0xC618,0xC618,0xC638,0xC618,0xC618,
    0xADB6,0xAD95,0xADB6,0xB5B6,0xADB6,0xB5B6,0xB5B6,0xB5B6,0xB5D6,0xB5D6,0xB5D6,0xB5B6,0xB5B6,0xB5B6,0xB5D6,0xB5D6,
    0xB5B6,0xB5B6,0xB5D6,0xB5B6,0xB5B6,0xB596,0xB5D6,0xBDD7,0xB5D6,0xB5D6,0xB5D7,0xBDF7,0xB5D6,0xB5B6,0xB5B6,0xB5B6,
    0xB595,0xB5B6,0xB5B6,0xBDD6,0xBDD6,0xB5D6,0xB5D6,0xB5D6,0xB5D6,0xBDD6,0xB5B6,0xB5D6,0xB5D6,0xBDF6,0xBDF6,0xBDF6,
    0xBDF6,0xBDD6,0xB5D6,0xBDD6,0xBDF7,0xBDF7,0xBDF6,0xBDD6,0xBDF6,0xBE17,0xBDF6,0xBDD6,0xBDF6,0xBDD6,0xB5D6,0xBDD6,
    0xBDF6,0xBDD6,0xB5B5,0xB5B5,0xB5D5,0xBDD6,0xBDD6,0xBDD6,0xBDD6,0xBDD6,0xB5B5,0xB5D6,0xB5B5,0xB5B6,0xBDF6,0xBDF6,
    0xBDF6,0xBDF6,0xBDF6,0xBDF6,0xBDF6,0xBDF6,0xBDF7,0xBDF7,0xBDF7,0xBDF7,0xBDF7,0xBDF6,0xBDD6,0xB5D6,0xB5D6,0xB5D6,
    0xB5D6,0xBDF6,0xBDF6,0xBDF6,0xBDD6,0xB5D6,0xBDF6,0xBDF6,0xBDF6,0xBDF6,0xBDF6,0xBDF6,0xBE16,0xBE16,0xBE16,0xBDF6,
    0xB5D6,0xBDD6,0xB5D6,0xBDD6,0xB5D6,0xB5B6,0xB5B5,0xB5D6,0xBDD6,0xBDF6,0xBDF6,0xBDF6,0xBDF6,0xBDD6,0xBDD6,0xBDD6,
    0xBDF6,0xBDD6,0xBDF6,0xBDF7,0xBDF7,0xBE17,0xBDF7,0xBDF7,0xBE17,0xBDF7,0xBDF7,0xBDF7,0xBDF7,0xBDD6,0xBDF7,0xBDD6,
    0xBDD6,0xC617,0xBDF7,0xBDF6,0xC617,0xBDF7,0xBDF7,0xC617,0xC618,0xC617,0xBDF7,0xC617,0xC617,0xC618,0xC638,0xBE38,
    0xBE17,0xBE17,0xBE17,0xBE17,0xBE38,0xC638,0xBE38,0xBE38,0xBE18,0xBE38,0xBE38,0xBE18,0xBE18,0xBE18,0xBE18,0xBE38,
    0xBE18,0xBE17,0xBDF7,0xBDF7,0xBDF7,0xBE17,0xBE38,0xBDF7,0xBDF7,0xC638,0xC638,0xC638,0xBE38,0xC638,0xC658,0xC638,
    0xC638,0xC638,0xC638,0xC638,0xC638,0xC638,0xC638,0xC658,0xC638,0xC638,0xC638,0xC638,0xC658,0xC638,0xC617,0xBE17,
    0xBE17,0xC617,0xC617,0xC637,0xC637,0xC637,0xC638,0xC637,0xC637,0xC637,0xC638,0xC637,0xC637,0xC637,0xC637,0xC637,
    0xC617,0xBDF6,0xBDF6,0xBE17,0xBE17,0xC617,0xC617,0xC617,0xC637,0xC617,0xC637,0xC637,0xC617,0xC658,0xC637,0xC637,
    0xC638,0xC638,0xC658,0xC637,0xC617,0xC637,0xCE58,0xC637,0xC617,0xC658,0xC637,0xC637,0xC617,0xC617,0xC637,0xC638,
    0xC637,0xC638,0xC638,0xC637,0xC637,0xC638,0xC637,0xC617,0xC637,0xCE58,0xC638,0xC637,0xC637,0xC617,0xC617,0xC638,
    0xC638,0xC617,0xC617,0xC637,0xC637,0xC638,0xC617,0xC637,0xC637,0xCE78,0xCE78,0xC637,0xC657,0xD698,0xCE78,0xC637,
    0xC636,0xC657,0xC617,0xC617,0xCE38,0xCE58,0xCE38,0xC617,0xC617,0xC617,0xC617,0xC617,0xC638,0xC638,0xC638,0xC617,
    0xC617,0xC638,0xC638,0xC617,0xC617,0xC638,0xCE38,0xCE18,0xDE58,0xC533,0x7AEA,0x6A67,0x6A46,0x6A26,0x6A26,0x6A26,
    0x6A06,0x6A06,0x6A07,0x7207,0x7207,0x6A07,0x6A07,0x6A06,0x7206,0x6A06,0x69E6,0x61E5,0x61C5,0x61C6,0x61E6,0x61E6,
    0x61C6,0x61C7,0x61E7,0x6207,0x61E7,0x59C6,0x4944,0x4103,0x4944,0x5185,0x4965,0x4945,0x5165,0x5985,0x61A5,0x61A5,
    0x69C5,0x71E5,0x71E5,0x69A5,0x6984,0x71A5,0x71A5,0x79A5,0x79A5,0x7184,0x71C5,0x71C5,0x71A4,0x7184,0x6984,0x6985,
    0x5144,0x4923,0x4123,0x38E3,0x30A2,0x30A1,0x3081,0x2861,0x30A2,0x4104,0x5145,0x5985,0x5985,0x61A5,0x59A4,0x69E5,
    0x8A87,0x7A26,0x7A25,0x7A26,0x7205,0x71E5,0x69E5,0x69C5,0x69C5,0x69C4,0x69C5,0x69C5,0x71E5,0x71E5,0x71E5,0x7205,
    0x7A05,0x7A25,0x8226,0x8246,0x7A46,0x7A46,0x7A67,0x8AC9,0xB471,0xDE38,0xC638,0xC659,0xC659,0xC659,0xC659,0xC659,
    0xC638,0xC638,0xC639,0xC659,0xC639,0xC638,0xC638,0xC638,0xC638,0xC638,0xC638,0xC638,0xC638,0xC638,0xC658,0xC658,
    0xC638,0xC658,0xC658,0xC658,0xC658,0xC638,0xC638,0xC638,0xC639,0xC639,0xC639,0xC639,0xC619,0xC619,0xC619,0xC619,
    0xB5D6,0xB5D6,0xB5D6,0xB5B6,0xADB6,0xB5B6,0xB5B6,0xB5B6,0xB5B6,0xB5B6,0xB5D6,0xB5D6,0xB5B6,0xB5B6,0xB5B6,0xB5D6,
    0xBDD6,0xBDD6,0xB5B6,0xB5B6,0xB5B6,0xB5B6,0xB5B6,0xB5B6,0xB5D6,0xB5D6,0xB5B6,0xB5B6,0xB5D6,0xB5D6,0xB5B6,0xB5B6,
    0xB5B6,0xB5D6,0xB5D6,0xBDF7,0xBDD6,0xBDF7,0xBDF7,0xB5B6,0xBDD6,0xBE17,0xBDD6,0xB5D6,0xB5D6,0xBDF7,0xBDD6,0xBDD7,
    0xBDD7,0xB5D6,0xBDD7,0xBDF7,0xB5D6,0xB5D6,0xBDD7,0xBDD6,0xB5D6,0xB5B6,0xB5D6,0xB5D6,0xBDF6,0xB5D6,0xB5D6,0xB5B6,
    0xB5D6,0xBDD6,0xB5B6,0xB5D6,0xBDD6,0xBDD6,0xBDD6,0xBDF6,0xBDF7,0xBDF7,0xB5D6,0xBDF6,0xBDF6,0xBDD6,0xBDD6,0xB5D6,
    0xB5B6,0xB5B6,0xB5D6,0xB5D6,0xB5D6,0xBDD7,0xBDF7,0xBDD6,0xBDD6,0xB5D6,0xB5B6,0xB5B6,0xB5B6,0xB5D6,0xB5D6,0xBDD6,
    0xB5D6,0xBDD6,0xBDD6,0xBDD6,0xBDD6,0xB5D6,0xBDF6,0xBDF6,0xBDF6,0xBDF6,0xBDF6,0xBDF6,0xBDF6,0xBDF6,0xBDF6,0xBDF6,
    0xBDF7,0xBDF7,0xBDF7,0xBDF7,0xBE17,0xBE17,0xBE17,0xBDF7,0xBDF6,0xBDF7,0xBDF7,0xBDF7,0xBDF6,0xBDF6,0xBDF6,0xBDF6,
    0xBDF6,0xBDF6,0xBDF7,0xBDD7,0xBDD7,0xBDF7,0xBDF7,0xBDF7,0xBE17,0xBDF7,0xBE17,0xC638,0xBDF7,0xBDF7,0xBDF7,0xBDF7,
    0xBDD7,0xBDF7,0xBDF7,0xBDF7,0xBDF7,0xBDF7,0xBDF7,0xBDF7,0xC617,0xBDF7,0xBE17,0xC617,0xBDF7,0xC617,0xC638,0xC637,
    0xBE37,0xBE17,0xBE17,0xBE17,0xBE17,0xBE17,0xC637,0xC638,0xBE18,0xC658,0xC638,0xBE18,0xC638,0xC618,0xC638,0xC658,
    0xC638,0xC638,0xC617,0xC617,0xC617,0xC617,0xC617,0xC617,0xC637,0xC638,0xC637,0xBE17,0xC637,0xC658,0xCE78,0xBE17,
    0xBE17,0xBE17,0xBE17,0xBDF7,0xBE17,0xBE17,0xBE17,0xBE17,0xBE17,0xBE17,0xBE17,0xBE17,0xC617,0xC637,0xC638,0xC638,
    0xC638,0xC617,0xC617,0xC617,0xC617,0xC637,0xC637,0xC617,0xC617,0xC617,0xC617,0xC617,0xC617,0xBE17,0xC617,0xC617,
    0xC638,0xC617,0xC638,0xC638,0xC638,0xC638,0xC638,0xC638,0xC617,0xC617,0xC617,0xC638,0xC658,0xCE58,0xC658,0xC658,
    0xC638,0xC638,0xC638,0xC637,0xC637,0xC637,0xC617,0xC617,0xC617,0xC617,0xC637,0xC658,0xC638,0xC637,0xC638,0xCE58,
    0xC638,0xC638,0xC638,0xC658,0xCE58,0xC658,0xC658,0xC658,0xC638,0xC638,0xC637,0xC637,0xC617,0xC617,0xC617,0xC617,
    0xC638,0xC637,0xC617,0xC617,0xC638,0xCE58,0xCE58,0xCE58,0xC637,0xC617,0xBE16,0xC617,0xC617,0xC637,0xCE78,0xCE58,
    0xC637,0xC638,0xCE38,0xC638,0xCE58,0xCE58,0xCE38,0xC638,0xCE38,0xCE38,0xCE38,0xC638,0xC638,0xC638,0xC638,0xC638,
    0xC638,0xC638,0xC638,0xCE58,0xCE79,0xC638,0xCE58,0xD638,0xD5F7,0x8B8D,0x7288,0x7247,0x6A26,0x6A26,0x6A06,0x6A06,
    0x6A06,0x6A06,0x7206,0x7206,0x7206,0x7206,0x71E6,0x6A06,0x6A06,0x6A06,0x6A06,0x69E6,0x61E6,0x61C6,0x61E6,0x6207,
    0x61E7,0x61E7,0x6207,0x6207,0x61E7,0x59C6,0x5185,0x4124,0x4103,0x4924,0x4924,0x4944,0x5165,0x5985,0x5985,0x6185,
    0x69C5,0x69C5,0x69C5,0x69A5,0x6984,0x6984,0x71A5,0x71A5,0x71A5,0x71C5,0x71C5,0x69A5,0x69A4,0x71A4,0x6984,0x6164,
    0x5123,0x4103,0x4103,0x38C2,0x30A1,0x2881,0x2860,0x3081,0x4103,0x4944,0x5165,0x59A6,0x5985,0x59A5,0x61A4,0x7205,
    0x8267,0x7A05,0x7A26,0x7205,0x71E5,0x71E5,0x69E5,0x69C5,0x69C5,0x69E4,0x69C4,0x71E5,0x71E5,0x7205,0x7A05,0x7A25,
    0x7A25,0x7A26,0x8246,0x8246,0x7A46,0x7A46,0x7A67,0x8AA9,0xAC0F,0xD5F7,0xCE59,0xC639,0xC659,0xC659,0xC659,0xC659,
    0xC639,0xC659,0xC659,0xC659,0xC659,0xC659,0xC659,0xC659,0xC659,0xC659,0xC638,0xC638,0xC638,0xC638,0xC659,0xC638,
    0xC638,0xC638,0xC659,0xC659,0xC638,0xC638,0xC638,0xC638,0xC639,0xC639,0xC639,0xC639,0xC618,0xC618,0xC618,0xC618,
    0xB5B6,0xB5B6,0xB5D6,0xB5B6,0xAD95,0xADB6,0xB5B6,0xB5B6,0xAD95,0xAD95,0xAD95,0xB5B6,0xB5D6,0xB5D6,0xB5D6,0xB5D6,
    0xBDF7,0xBDF7,0xB5D7,0xB5D7,0xB5D6,0xB5D6,0xB5B6,0xB5B6,0xB5D6,0xB5D6,0xB5B6,0xB5B6,0xBDD6,0xBDD7,0xB5B6,0xB5D6,
    0xB5D6,0xBDD6,0xB5B6,0xB5B6,0xB5D6,0xBDF6,0xBDF6,0xB5B6,0xB5D6,0xBDD6,0xB5D6,0xBDF6,0xB5B6,0xB5B6,0xB5D6,0xBDD6,
    0xBDD7,0xBDD6,0xBDD6,0xBDD6,0xB5B6,0xB5B6,0xB5D6,0xBDD6,0xB5D6,0xB5B6,0xB5D6,0xBDD6,0xB5D6,0xB5D6,0xBDD6,0xBDD6,
    0xBDF7,0xBDF7,0xBDF7,0xBDF7,0xBDF7,0xBDF7,0xBDF7,0xBDF7,0xBDF7,0xBDF7,0xBDF7,0xBDF7,0xBDF7,0xBDF6,0xBDF6,0xBE17,
    0xBDF6,0xBDF6,0xBDF7,0xBDF7,0xBDF7,0xBDF7,0xBDF7,0xBDF7,0xBDF7,0xBDF7,0xBDF7,0xBDF7,0xC617,0xBE17,0xBDF7,0xC617,
    0xBE17,0xBE17,0xC617,0xBE17,0xBE17,0xC617,0xC617,0xBE17,0xBDF7,0xBE17,0xC617,0xC617,0xBE17,0xBDF7,0xC617,0xC617,
    0xBE17,0xBE17,0xBE17,0xBE17,0xBDF7,0xBE17,0xC637,0xC617,0xC617,0xC617,0xC617,0xC617,0xC617,0xC617,0xC617,0xC617,
    0xC617,0xC617,0xC617,0xBDF7,0xBDF7,0xC617,0xC617,0xBE17,0xBE17,0xBDF7,0xBE17,0xC638,0xC618,0xC617,0xC617,0xBDF7,
    0xBDF7,0xBDF7,0xBDF7,0xBDF7,0xC617,0xBDF7,0xBDF7,0xBDF7,0xBDF7,0xBDF7,0xBDF6,0xBDD6,0xB5B5,0xBDF7,0xC637,0xC617,
    0xC617,0xC617,0xC617,0xC638,0xC637,0xC617,0xC617,0xC617,0xBDF7,0xC638,0xBE17,0xBDF7,0xC658,0xC617,0xBE17,0xC637,
    0xC638,0xC638,0xC617,0xC617,0xC617,0xC637,0xC617,0xC617,0xC637,0xC637,0xC637,0xC617,0xC617,0xC617,0xBDF7,0xC637,
    0xC617,0xBDF7,0xBE17,0xC617,0xC617,0xC617,0xBE17,0xBE17,0xBE17,0xBE17,0xC617,0xC637,0xC637,0xBE17,0xC617,0xC638,
    0xC638,0xC617,0xC617,0xC617,0xC637,0xC637,0xC617,0xBE17,0xC617,0xC617,0xBE17,0xC617,0xC637,0xC617,0xC637,0xC638,
    0xC637,0xC617,0xC638,0xC637,0xC617,0xC637,0xBE17,0xC617,0xC638,0xC638,0xC638,0xC658,0xC658,0xC638,0xC617,0xC638,
    0xCE78,0xC658,0xC638,0xC658,0xC658,0xCE58,0xC637,0xC638,0xC638,0xC617,0xC617,0xC637,0xC617,0xC617,0xC637,0xC638,
    0xC638,0xC638,0xC638,0xC638,0xC617,0xC638,0xC658,0xC658,0xC638,0xC638,0xC637,0xC637,0xC638,0xC638,0xC638,0xC637,
    0xC658,0xC638,0xC638,0xC638,0xC638,0xC658,0xCE58,0xCE58,0xCE78,0xCE58,0xCE79,0xCE79,0xCE58,0xCE58,0xCE79,0xCE79,
    0xCE58,0xCE58,0xCE58,0xCE58,0xCE58,0xCE79,0xCE58,0xCE58,0xCE58,0xCE58,0xCE58,0xCE58,0xC638,0xC638,0xCE79,0xCE79,
    0xCE58,0xCE58,0xCE59,0xCE79,0xCE79,0xC638,0xC617,0xDE78,0xAC91,0x7289,0x7268,0x7226,0x6A06,0x6A05,0x69E5,0x6A05,
    0x7206,0x7206,0x7206,0x7206,0x7206,0x7206,0x7206,0x6A06,0x6A06,0x6A06,0x6A06,0x6A06,0x6A06,0x61E6,0x6A07,0x6A07,
    0x6207,0x6207,0x61E7,0x6207,0x6207,0x59E7,0x59A6,0x4944,0x4103,0x4103,0x40E3,0x5145,0x5985,0x5965,0x5144,0x5984,
    0x61A5,0x61A5,0x69C5,0x69A5,0x6184,0x6964,0x6985,0x69A5,0x71C5,0x71A5,0x6984,0x69A5,0x69A5,0x69A4,0x6163,0x5123,
    0x4903,0x4103,0x38E3,0x30A2,0x2881,0x2881,0x38C2,0x4123,0x5165,0x5165,0x5985,0x59A5,0x5985,0x5984,0x6184,0x7A26,
    0x8AA7,0x8246,0x7A26,0x71E5,0x71E4,0x69C5,0x69E5,0x69E5,0x69E5,0x71E5,0x71E5,0x7205,0x7205,0x7A25,0x7A25,0x7A25,
    0x7A25,0x8245,0x7A25,0x7A05,0x7A25,0x7A25,0x7A46,0x82A9,0x938D,0xC596,0xCE59,0xC639,0xC659,0xC659,0xC659,0xC659,
    0xC659,0xC659,0xC659,0xC659,0xC659,0xC638,0xC639,0xC639,0xC639,0xC639,0xC639,0xC639,0xC639,0xC639,0xC639,0xC639,
    0xC639,0xC639,0xC659,0xC639,0xC639,0xC639,0xC639,0xC639,0xC639,0xC639,0xC639,0xC639,0xC638,0xBE38,0xC638,0xC638,
    0xB596,0xAD75,0xB5B6,0xB5D6,0xB5B6,0xB5B6,0xB5B6,0xB5D6,0xB5D6,0xB5D6,0xB5D6,0xBDD6,0xBDD7,0xBDD6,0xB5B6,0xB5B6,
    0xB5B6,0xBDD7,0xBDF7,0xBDD7,0xB5D7,0xB5D6,0xB5B6,0xB5B6,0xB5B6,0xB5B6,0xB5D7,0xBDF7,0xBDD7,0xBDD7,0xBDD7,0xB5B6,
    0xBDF7,0xBDF7,0xBDF7,0xBDF7,0xBDF7,0xB5D6,0xBDD6,0xBDD6,0xBDD7,0xB5B6,0xB5B6,0xBDF7,0xB5D6,0xB5B6,0xB5B6,0xB5D6,
    0xBDD7,0xBDD7,0xB5D7,0xBDD7,0xBDF7,0xBDF7,0xBDF7,0xBDF7,0xBDF7,0xBDF7,0xBDF7,0xBDF7,0xBDF7,0xBDF7,0xBDF7,0xBDF7,
    0xBDF7,0xBE18,0xBDF8,0xBDF7,0xBDD7,0xBDD7,0xBDF7,0xBDF7,0xBDF7,0xBDF7,0xBE17,0xBDF7,0xBDF7,0xBDF7,0xBDF7,0xBE17,
    0xBE17,0xBE17,0xBE17,0xC618,0xC618,0xC618,0xC638,0xC638,0xC618,0xBE17,0xBDF7,0xBDF7,0xC638,0xC638,0xBDF7,0xC617,
    0xC638,0xC638,0xC638,0xC618,0xC638,0xC638,0xC638,0xC618,0xC618,0xC618,0xC618,0xBE17,0xC638,0xC638,0xC638,0xC638,
    0xC617,0xC617,0xC617,0xC617,0xC617,0xC618,0xC638,0xC638,0xC638,0xC638,0xC618,0xC617,0xC638,0xC638,0xC638,0xC638,
    0xC617,0xC638,0xC638,0xC618,0xC638,0xC638,0xC638,0xC618,0xC638,0xBE18,0xBDF7,0xBE18,0xBE17,0xBDF7,0xBE17,0xBDF7,
    0xBDF7,0xBDF7,0xBDF7,0xBE17,0xBDF7,0xBE17,0xBE17,0xBE17,0xBE17,0xBE17,0xBE17,0xBE17,0xC617,0xC637,0xC617,0xC617,
    0xC617,0xC617,0xC5F7,0xC617,0xC617,0xC617,0xC617,0xC617,0xBDF6,0xC5F7,0xC617,0xC617,0xC638,0xC617,0xC638,0xC617,
    0xC617,0xCE38,0xCE38,0xC617,0xC5F7,0xC5F7,0xC5F7,0xBDF7,0xC5F7,0xC617,0xC617,0xC637,0xC638,0xC617,0xC617,0xC617,
    0xC617,0xC617,0xBDF7,0xBDF7,0xBDF7,0xBDF7,0xBDF7,0xBDF6,0xBE17,0xC617,0xC617,0xC617,0xC637,0xC617,0xC617,0xC638,
    0xC638,0xC638,0xC617,0xC618,0xC638,0xC638,0xC638,0xC638,0xC658,0xC658,0xC638,0xC638,0xC638,0xC638,0xC638,0xC658,
    0xC638,0xC638,0xCE58,0xCE58,0xC638,0xC638,0xC638,0xC618,0xC638,0xC638,0xC638,0xC638,0xC658,0xC617,0xC617,0xC618,
    0xC638,0xC638,0xC638,0xC637,0xC637,0xC658,0xC658,0xCE58,0xCE58,0xC658,0xC658,0xC658,0xCE58,0xC638,0xC638,0xCE59,
    0xCE58,0xCE58,0xCE79,0xC638,0xC638,0xCE59,0xCE58,0xCE58,0xC658,0xCE58,0xC638,0xC638,0xC638,0xC638,0xC638,0xCE58,
    0xCE58,0xC658,0xCE58,0xCE79,0xCE79,0xCE58,0xCE79,0xCE79,0xCE79,0xCE79,0xCE79,0xCE59,0xCE59,0xCE59,0xC658,0xCE59,
    0xCE59,0xCE58,0xCE58,0xC638,0xCE58,0xCE58,0xCE58,0xCE58,0xCE58,0xCE58,0xCE38,0xCE59,0xC659,0xC658,0xC658,0xCE59,
    0xC638,0xC638,0xCE99,0xCE59,0xC658,0xC638,0xCE58,0xCDB5,0x832B,0x7268,0x7247,0x7206,0x7226,0x7206,0x7205,0x7205,
    0x7206,0x7226,0x7206,0x7206,0x7206,0x7206,0x7206,0x6A06,0x6A06,0x69E6,0x6A07,0x6A27,0x6A27,0x6A27,0x6A27,0x6207,
    0x6207,0x61E7,0x59A6,0x59C6,0x61E7,0x61C7,0x59A6,0x5985,0x5145,0x4903,0x40E3,0x4924,0x5145,0x5144,0x5144,0x5985,
    0x61A5,0x61A5,0x69C5,0x69A5,0x6184,0x6144,0x6984,0x6984,0x6984,0x69A5,0x6984,0x6184,0x6984,0x6164,0x5943,0x4902,
    0x40E3,0x40E3,0x30A2,0x2881,0x3081,0x38C2,0x4944,0x5165,0x5165,0x5985,0x59A6,0x5985,0x6185,0x61A5,0x61A4,0x7A46,
    0x92E9,0x8266,0x7A05,0x71C4,0x71C4,0x71E5,0x71E5,0x71E5,0x71E5,0x7205,0x7205,0x7205,0x7A05,0x7A25,0x7A25,0x7A25,
    0x7A45,0x7A45,0x8225,0x7A05,0x7204,0x7205,0x7A26,0x8288,0x82EA,0xBD54,0xCE59,0xC639,0xC659,0xC659,0xC659,0xC659,
    0xC659,0xC659,0xC659,0xC659,0xC659,0xC659,0xC659,0xC659,0xC659,0xC639,0xC639,0xC639,0xC639,0xC639,0xC639,0xC639,
    0xC639,0xC639,0xC639,0xC659,0xC639,0xC639,0xC659,0xC659,0xC659,0xC659,0xC659,0xC659,0xC639,0xC639,0xC639,0xC639,
    0xBDD6,0xBDD6,0xB5D6,0xB5B6,0xB5B6,0xB5B6,0xB5B6,0xB5B6,0xB5D6,0xBDF7,0xBDF7,0xBDD6,0xB5B6,0xB5B6,0xB5B6,0xB5B6,
    0xB5B6,0xB5D6,0xB5B6,0xB5B6,0xB5B6,0xB5B6,0xB5B6,0xB5B6,0xB5B6,0xB5B6,0xB5D6,0xB5D7,0xBDF7,0xB5D6,0xB5B6,0xB5D6,
    0xB5B6,0xB5D6,0xBDF7,0xBDF7,0xBDF7,0xBDF7,0xBDF7,0xBDF7,0xBDF7,0xBDD6,0xB5D6,0xBDD7,0xBDD6,0xBDD7,0xBDF7,0xBDD7,
    0xBDF7,0xBDD7,0xBDD7,0xBDF7,0xBDF7,0xBE17,0xBE17,0xBE17,0xBE18,0xBE18,0xBDF7,0xBDF7,0xBE18,0xBDF7,0xBDF7,0xBDF7,
    0xBDF7,0xBDF8,0xC618,0xBE18,0xBDF8,0xBDF8,0xBDF8,0xBDF8,0xBDF8,0xBDF8,0xC618,0xC618,0xC618,0xC618,0xC618,0xBE18,
    0xC618,0xBE18,0xBDF7,0xC638,0xC618,0xBDF7,0xBDF7,0xC618,0xBDF7,0xBDF7,0xBE18,0xC638,0xC638,0xC617,0xBDF7,0xBDF7,
    0xBDF7,0xBDF7,0xBE17,0xC617,0xC617,0xBE17,0xBDF7,0xBDF8,0xBE18,0xC618,0xC618,0xBDF8,0xBE18,0xBE18,0xC618,0xC618,
    0xC638,0xC638,0xC638,0xC638,0xC638,0xC638,0xC638,0xC638,0xC638,0xC618,0xC618,0xC618,0xC638,0xC638,0xC618,0xC638,
    0xC618,0xC618,0xC618,0xC638,0xC638,0xC638,0xC638,0xC638,0xC638,0xC638,0xC638,0xC618,0xC618,0xC618,0xC618,0xC638,
    0xC618,0xBE17,0xC618,0xC618,0xBE17,0xC617,0xC617,0xC617,0xC617,0xBE17,0xBE17,0xC637,0xC637,0xBE17,0xC617,0xC617,
    0xC617,0xC617,0xC617,0xC617,0xC617,0xC617,0xC637,0xC637,0xC637,0xCE38,0xCE58,0xC638,0xC638,0xC637,0xCE38,0xCE58,
    0xC638,0xCE79,0xCE58,0xCE38,0xC5F7,0xC617,0xCE38,0xC617,0xC5F7,0xC5F7,0xBDF7,0xBDF7,0xC617,0xC617,0xC617,0xC5F7,
    0xC617,0xC617,0xC617,0xC637,0xC638,0xC638,0xC637,0xC637,0xC637,0xC637,0xC637,0xC658,0xC658,0xC638,0xC638,0xC658,
    0xC658,0xC658,0xC658,0xCE58,0xC658,0xC638,0xC638,0xC658,0xC658,0xC658,0xC658,0xC658,0xC638,0xC638,0xC638,0xC658,
    0xCE58,0xCE58,0xCE58,0xCE58,0xCE58,0xC638,0xCE38,0xC638,0xC638,0xCE58,0xCE58,0xCE58,0xCE59,0xCE58,0xCE79,0xC638,
    0xC618,0xC638,0xCE58,0xCE58,0xC638,0xCE78,0xCE58,0xC658,0xCE58,0xCE78,0xCE58,0xCE58,0xCE79,0xCE58,0xC638,0xC638,
    0xC638,0xC638,0xCE58,0xC638,0xCE58,0xCE59,0xC638,0xC638,0xCE58,0xCE58,0xC638,0xC638,0xC638,0xCE58,0xCE59,0xCE58,
    0xCE58,0xC638,0xCE58,0xCE58,0xC638,0xC618,0xC638,0xC638,0xC638,0xC639,0xC638,0xC639,0xC659,0xCE59,0xC638,0xC618,
    0xC638,0xCE59,0xCE59,0xC638,0xC638,0xC638,0xC638,0xC638,0xC638,0xCE58,0xCE59,0xCE59,0xCE79,0xCE79,0xCE79,0xCE79,
    0xCE59,0xCE59,0xCE79,0xCE79,0xCE79,0xC637,0xDE99,0xA44F,0x7268,0x7247,0x7206,0x71E6,0x71E6,0x71E6,0x71E5,0x7205,
    0x7206,0x7206,0x7206,0x7206,0x7206,0x7206,0x7206,0x6A27,0x6A27,0x6A27,0x6A07,0x6A27,0x6A27,0x6A27,0x6227,0x61E7,
    0x61E7,0x61E7,0x59C6,0x59C6,0x61E7,0x61E7,0x59C6,0x5986,0x5165,0x5144,0x4904,0x4904,0x4904,0x5124,0x5124,0x5944,
    0x6185,0x6185,0x61A5,0x6185,0x5944,0x5923,0x6164,0x6164,0x6164,0x6185,0x6164,0x6164,0x6184,0x6184,0x5123,0x48E2,
    0x38C2,0x3081,0x3081,0x30A2,0x38C2,0x4123,0x4944,0x5165,0x5985,0x5965,0x5965,0x5985,0x6185,0x69A5,0x69C5,0x8267,
    0x92E8,0x8AA7,0x7A46,0x71E4,0x71C4,0x71E5,0x7205,0x7205,0x7205,0x7205,0x7225,0x7A25,0x7A25,0x7A25,0x7A25,0x7A25,
    0x7A25,0x8225,0x8225,0x7A05,0x7204,0x7204,0x7205,0x8288,0x82CA,0xACD2,0xCE59,0xC639,0xC659,0xC659,0xC659,0xC659,
    0xC659,0xC659,0xC659,0xC639,0xC639,0xC65A,0xC65A,0xC65A,0xC65A,0xC65A,0xC65A,0xC65A,0xC65A,0xC65A,0xC65A,0xC63A,
    0xC63A,0xC63A,0xC65A,0xC65A,0xC65A,0xC65A,0xC65A,0xC659,0xC659,0xC659,0xC659,0xC659,0xBE59,0xBE39,0xBE59,0xBE39,
    0xB5B6,0xB5B6,0xB5D6,0xBDD7,0xB5B6,0xB5B6,0xBDD6,0xBDD6,0xB5B6,0xB5B6,0xB5B6,0xB5B6,0xB5B6,0xB5D6,0xBDD7,0xBDD7,
    0xBDD6,0xBDD6,0xBDD7,0xBDD7,0xBDD7,0xBDD7,0xBDD7,0xB5D7,0xBDD7,0xBDD7,0xB5D7,0xB5B6,0xBDD7,0xBDD7,0xBDD7,0xBDF7,
    0xB5B7,0xB5B7,0xBDD7,0xBDD7,0xBDD7,0xBDF7,0xBDF7,0xBDF7,0xBDF7,0xBDF7,0xBDF7,0xBDF7,0xBDF7,0xBE17,0xC618,0xBDF8,
    0xC618,0xC618,0xBDF7,0xBDF7,0xBDF7,0xBE18,0xBE18,0xBDF8,0xBDF8,0xBE18,0xBDF8,0xBDF8,0xBE18,0xBDF8,0xBDF8,0xBE18,
    0xBDF8,0xBDF8,0xBDF8,0xBE18,0xC619,0xC619,0xC619,0xBE18,0xBDF8,0xBDD8,0xBE18,0xC618,0xC618,0xBE18,0xC618,0xC618,
    0xC618,0xBE18,0xBDF7,0xBDF8,0xBDF7,0xBDF7,0xBDF8,0xBDD7,0xB5D7,0xB5D7,0xBDF7,0xBE18,0xBE17,0xC618,0xC638,0xC618,
    0xBDF7,0xBDF7,0xBE17,0xC638,0xC638,0xC638,0xC638,0xC638,0xC638,0xC638,0xC638,0xC638,0xC618,0xC618,0xC638,0xC638,
    0xC638,0xC638,0xC638,0xC638,0xC638,0xC638,0xC638,0xC638,0xC638,0xC639,0xC639,0xC639,0xC639,0xC639,0xC639,0xC659,
    0xC659,0xC638,0xC638,0xC659,0xC659,0xC659,0xC638,0xC659,0xC638,0xC638,0xC618,0xC638,0xC659,0xC659,0xC659,0xC659,
    0xC659,0xC659,0xC659,0xC659,0xC638,0xC638,0xC658,0xC638,0xC638,0xC638,0xC658,0xC658,0xC638,0xC637,0xC617,0xC617,
    0xC617,0xC638,0xC637,0xC617,0xC617,0xC617,0xC638,0xC637,0xC617,0xC637,0xC638,0xC617,0xC617,0xC617,0xC617,0xC638,
    0xC638,0xC638,0xC617,0xC638,0xC617,0xC638,0xC618,0xC618,0xC638,0xC638,0xC618,0xC617,0xC638,0xC638,0xC638,0xC638,
    0xC638,0xC638,0xCE58,0xCE58,0xC658,0xC658,0xC658,0xC638,0xC638,0xC638,0xC638,0xC638,0xC638,0xC658,0xCE59,0xCE79,
    0xCE79,0xCE79,0xCE99,0xC638,0xCE59,0xCE79,0xC658,0xC658,0xC658,0xC658,0xC658,0xCE59,0xCE59,0xCE59,0xCE59,0xCE59,
    0xCE59,0xCE59,0xC638,0xC638,0xC638,0xC638,0xCE59,0xCE59,0xC638,0xC638,0xC638,0xC638,0xC638,0xCE58,0xCE59,0xC638,
    0xCE58,0xCE59,0xCE58,0xCE58,0xC658,0xCE79,0xCE58,0xC638,0xCE58,0xCE79,0xC638,0xC638,0xC638,0xCE59,0xCE79,0xCE59,
    0xC638,0xCE58,0xC638,0xCE58,0xC638,0xCE58,0xC618,0xC638,0xC638,0xCE58,0xC638,0xCE58,0xCE59,0xCE59,0xCE59,0xCE59,
    0xCE58,0xCE59,0xCE58,0xCE58,0xCE58,0xCE59,0xCE58,0xCE58,0xCE59,0xCE59,0xCE59,0xCE59,0xCE59,0xC659,0xCE59,0xC639,
    0xC659,0xCE59,0xCE59,0xCE59,0xCE59,0xCE79,0xCE79,0xCE59,0xC658,0xCE58,0xCE59,0xCE59,0xC659,0xC659,0xC659,0xCE59,
    0xCE79,0xCE79,0xC659,0xC659,0xCE58,0xD678,0xCDF6,0x832B,0x7267,0x7226,0x7206,0x71E6,0x71E6,0x71E6,0x71E5,0x7205,
    0x7206,0x7206,0x7206,0x7206,0x6A06,0x6A26,0x6A26,0x6A27,0x6A27,0x6A27,0x6A27,0x6A27,0x6A28,0x6228,0x6207,0x59E7,
    0x59E7,0x59E7,0x59E6,0x59C6,0x61C6,0x61E7,0x61C7,0x61A6,0x5985,0x5965,0x5145,0x4924,0x4904,0x4904,0x48E3,0x5123,
    0x5124,0x5944,0x6185,0x6185,0x5923,0x5103,0x5964,0x5964,0x5964,0x5964,0x5944,0x5944,0x6185,0x5984,0x4903,0x40C2,
    0x3061,0x3061,0x38C2,0x40E3,0x4924,0x5164,0x5985,0x5985,0x5985,0x5965,0x5965,0x6165,0x6184,0x69A5,0x69C5,0x8AA7,
    0x92E8,0x92C8,0x8A67,0x7A25,0x71E4,0x71E4,0x71E5,0x71E5,0x71E5,0x7204,0x7205,0x7A04,0x7A25,0x7A25,0x7A25,0x7A25,
    0x8225,0x8225,0x7A05,0x7A04,0x7204,0x7204,0x7205,0x7A47,0x7AA9,0xA471,0xD679,0xC659,0xC659,0xC659,0xC659,0xC659,
    0xC659,0xC659,0xC659,0xC659,0xC659,0xC65A,0xC65A,0xC65A,0xC65A,0xC65A,0xC65A,0xC65A,0xC65A,0xC65A,0xC65A,0xC65A,
    0xC65A,0xC65A,0xC65A,0xC639,0xC65A,0xC65A,0xC65A,0xC639,0xC639,0xC639,0xC639,0xC639,0xC639,0xC639,0xC639,0xC639,
    0xBDD6,0xBDD7,0xBDF7,0xBDF7,0xB5B6,0xB5B6,0xBDF7,0xBDD7,0xB5B6,0xB5D6,0xBDD6,0xBDD7,0xBDF7,0xB5D6,0xB5D6,0xBDD7,
    0xB5D6,0xB5B6,0xBDD7,0xBDF7,0xBDF7,0xBDD7,0xBDF7,0xBDF7,0xBDF7,0xBDF7,0xBDF7,0xBDF7,0xBDD7,0xBDD7,0xBDD7,0xBDD7,
    0xBDF7,0xBDD7,0xBDF7,0xBDD7,0xBDD7,0xBDF7,0xBDF7,0xBDF7,0xBDF7,0xBDF7,0xBDF7,0xBDF7,0xBDF7,0xBDF7,0xBDD7,0xBDD7,
    0xBDF8,0xBE18,0xBDF8,0xBDF8,0xBDF8,0xBE18,0xBE18,0xBDF8,0xBDF8,0xBDF8,0xBDF8,0xBDF8,0xBDF8,0xBDF8,0xBE18,0xC618,
    0xC639,0xC639,0xBE18,0xBDF8,0xBDF8,0xBE18,0xBE18,0xBE18,0xBE18,0xBDF8,0xC618,0xC618,0xC618,0xC618,0xC618,0xC618,
    0xC618,0xC618,0xC618,0xBE18,0xC618,0xC638,0xC618,0xBDF8,0xBDF8,0xBE18,0xC618,0xC618,0xC618,0xC638,0xC638,0xC618,
    0xC618,0xC618,0xC618,0xC638,0xC638,0xC638,0xC638,0xC639,0xC638,0xC638,0xC638,0xC638,0xC638,0xC638,0xC638,0xC638,
    0xC639,0xC639,0xC639,0xC639,0xC639,0xC639,0xC659,0xC659,0xC659,0xC659,0xC659,0xC659,0xC639,0xC639,0xC659,0xC659,
    0xC659,0xC659,0xC639,0xC639,0xC639,0xC639,0xC638,0xC639,0xC638,0xC659,0xC639,0xC639,0xC679,0xC659,0xC659,0xC659,
    0xCE79,0xC659,0xC639,0xC659,0xC659,0xC659,0xC659,0xC659,0xC659,0xC659,0xC659,0xC659,0xC659,0xC658,0xC659,0xC659,
    0xC658,0xC659,0xC638,0xC638,0xC638,0xC638,0xC638,0xC638,0xC618,0xC638,0xC638,0xC658,0xCE58,0xC658,0xC638,0xC658,
    0xC658,0xC638,0xC638,0xC638,0xC638,0xCE59,0xC638,0xC638,0xC638,0xC638,0xC638,0xC638,0xC638,0xC658,0xC638,0xCE59,
    0xCE59,0xCE59,0xCE59,0xCE59,0xCE79,0xCE59,0xCE59,0xCE59,0xCE59,0xCE79,0xCE59,0xCE59,0xC659,0xC659,0xCE59,0xCE79,
    0xCE79,0xCE79,0xCE79,0xC659,0xCE59,0xCE79,0xCE59,0xC659,0xC659,0xC659,0xC659,0xCE59,0xCE59,0xCE59,0xCE59,0xCE59,
    0xCE59,0xCE59,0xCE59,0xCE79,0xCE79,0xCE59,0xCE59,0xCE59,0xCE59,0xCE59,0xC638,0xCE59,0xCE79,0xCE79,0xCE59,0xCE59,
    0xCE59,0xCE59,0xC638,0xC638,0xC638,0xCE58,0xC638,0xC638,0xCE59,0xCE58,0xCE58,0xCE58,0xCE58,0xCE59,0xCE59,0xC638,
    0xC638,0xCE59,0xCE59,0xCE59,0xC638,0xCE79,0xCE79,0xCE59,0xCE59,0xCE59,0xC638,0xCE59,0xCE59,0xCE59,0xC638,0xC638,
    0xCE59,0xCE59,0xCE59,0xCE59,0xCE59,0xCE79,0xCE79,0xCE59,0xCE59,0xCE79,0xC659,0xC659,0xC659,0xC659,0xCE79,0xCE79,
    0xC659,0xCE79,0xCE9A,0xCE79,0xCE79,0xCE79,0xCE79,0xCE79,0xCE79,0xCE59,0xCE59,0xC659,0xC659,0xC659,0xC659,0xC659,
    0xC659,0xC659,0xCE79,0xCE79,0xCE38,0xDE99,0xAC90,0x7268,0x7A47,0x7205,0x71E5,0x71E5,0x69E6,0x7206,0x7206,0x7206,
    0x7206,0x6A06,0x6A06,0x6A06,0x6A26,0x6A26,0x6A27,0x6A27,0x6A27,0x6A28,0x6A28,0x6A48,0x6228,0x6207,0x59E7,0x59E7,
    0x59E7,0x59E7,0x59E6,0x59C6,0x59C6,0x61A6,0x61A6,0x61A6,0x6186,0x5965,0x5165,0x5165,0x5145,0x5124,0x4903,0x4903,
    0x5103,0x5124,0x5985,0x6185,0x5103,0x48E2,0x5123,0x5964,0x5144,0x5144,0x5124,0x6165,0x6185,0x5123,0x40A2,0x3881,
    0x38A2,0x40E3,0x4904,0x4924,0x5124,0x5164,0x5985,0x5965,0x5964,0x5965,0x5965,0x6185,0x6184,0x69A5,0x71E5,0x8A87,
    0x92C8,0x92C7,0x8A87,0x8266,0x7A05,0x71E4,0x71C4,0x71E4,0x71E5,0x7205,0x7A05,0x7A05,0x7A05,0x7A25,0x7A25,0x8225,
    0x8225,0x8225,0x8205,0x79E4,0x7204,0x7204,0x7A05,0x7A47,0x7268,0x9C0F,0xD679,0xCE59,0xC659,0xC659,0xC659,0xC659,
    0xC659,0xC659,0xC659,0xC659,0xC659,0xC659,0xC659,0xC659,0xC659,0xC659,0xC659,0xC659,0xC659,0xC659,0xC659,0xC659,
    0xC659,0xC659,0xC659,0xC639,0xC659,0xC659,0xC659,0xC639,0xC659,0xC639,0xC639,0xC659,0xC639,0xC639,0xC639,0xC639,
    0xB5B6,0xBDD7,0xB5D6,0xB5B6,0xB596,0xB596,0xBDD6,0xB5B6,0xB5B6,0xB5D6,0xB5D6,0xB5D6,0xBDD6,0xBDD7,0xB5B6,0xBDD7,
    0xBDF7,0xBDD7,0xBDD7,0xBDD7,0xBDD7,0xBDD7,0xB5D6,0xB5D6,0xBDD7,0xBDD7,0xBDD7,0xBDD7,0xBDD7,0xBDF7,0xBDF8,0xBE18,
    0xBE18,0xBDF8,0xBE18,0xBDF8,0xBDF7,0xBDF7,0xBDF7,0xBDF7,0xBDF7,0xBDF7,0xBDF7,0xBDF7,0xBDF7,0xBDF7,0xBDF7,0xBDD7,
    0xBDF8,0xBDF8,0xBDF7,0xBDF8,0xBDF8,0xBDF8,0xBDF8,0xC618,0xC618,0xBDF8,0xBDF8,0xBDF8,0xBDF8,0xBDF8,0xBDF8,0xC618,
    0xBE18,0xBE18,0xC638,0xC639,0xC638,0xBE18,0xBE18,0xBE18,0xC638,0xC639,0xC639,0xC639,0xC639,0xC639,0xC639,0xC619,
    0xC639,0xC639,0xC619,0xC618,0xC618,0xC618,0xBE18,0xC618,0xC618,0xC638,0xC618,0xC618,0xC638,0xC658,0xC638,0xC638,
    0xC638,0xC638,0xC638,0xC638,0xC618,0xC618,0xC638,0xC638,0xC638,0xC659,0xC659,0xC638,0xC659,0xC659,0xC638,0xC639,
    0xC639,0xC639,0xC639,0xC639,0xC639,0xC639,0xC639,0xC639,0xC659,0xC659,0xC639,0xC639,0xC639,0xC639,0xC639,0xC639,
    0xC639,0xC639,0xC639,0xC638,0xC639,0xC638,0xC638,0xC638,0xC639,0xCE59,0xCE79,0xC659,0xC659,0xC659,0xC659,0xC659,
    0xC659,0xC638,0xC638,0xC659,0xC639,0xC659,0xC659,0xC659,0xC659,0xC659,0xC659,0xC659,0xC659,0xC659,0xC659,0xC659,
    0xC659,0xC659,0xC639,0xC659,0xC659,0xC659,0xCE59,0xC659,0xC658,0xC658,0xC659,0xC679,0xCE79,0xC659,0xC659,0xC659,
    0xC659,0xCE79,0xCE79,0xC659,0xCE59,0xC659,0xC639,0xC659,0xCE59,0xCE79,0xCE59,0xC659,0xCE59,0xCE59,0xC659,0xC659,
    0xC659,0xC659,0xC659,0xC659,0xCE59,0xCE59,0xC659,0xC639,0xCE59,0xCE79,0xCE59,0xCE59,0xCE59,0xCE59,0xCE79,0xCE79,
    0xCE79,0xCE79,0xCE59,0xCE79,0xCE79,0xCE59,0xCE59,0xC658,0xC658,0xC658,0xC658,0xC659,0xC659,0xC659,0xC659,0xC659,
    0xCE59,0xCE59,0xCE59,0xCE59,0xCE59,0xCE79,0xC638,0xC638,0xCE79,0xCE79,0xCE59,0xCE79,0xCE79,0xCE79,0xCE79,0xCE79,
    0xCE79,0xCE79,0xCE59,0xCE79,0xCE79,0xCE79,0xCE79,0xCE79,0xCE58,0xC638,0xCE58,0xCE59,0xCE79,0xCE59,0xCE59,0xCE79,
    0xD69A,0xCE59,0xCE59,0xCE59,0xCE59,0xCE79,0xCE59,0xCE59,0xCE59,0xCE59,0xCE59,0xCE59,0xCE79,0xCE79,0xCE59,0xCE59,
    0xCE59,0xCE59,0xCE59,0xCE59,0xCE79,0xCE79,0xCE79,0xCE79,0xCE79,0xCE79,0xCE79,0xCE79,0xCE79,0xC659,0xCE7A,0xCE79,
    0xCE79,0xCE59,0xCE59,0xCE79,0xCE79,0xCE79,0xCE79,0xCE79,0xCE79,0xCE79,0xCE59,0xCE79,0xCE79,0xCE79,0xCE79,0xCE79,
    0xCE7A,0xCE79,0xCE79,0xC659,0xD679,0xD5F7,0x832B,0x7247,0x7A26,0x71E5,0x71E5,0x71E5,0x6A06,0x6A06,0x7206,0x7206,
    0x7206,0x6A26,0x6A26,0x6A47,0x6A47,0x6A47,0x6A47,0x6A27,0x6A28,0x6A48,0x6A48,0x6A28,0x6228,0x6207,0x59E7,0x59E7,
    0x59E7,0x59E7,0x59E7,0x59C6,0x59A6,0x5986,0x5986,0x6186,0x5965,0x5965,0x5965,0x5965,0x5965,0x5965,0x5144,0x5104,
    0x5124,0x5123,0x5944,0x6185,0x5103,0x48E2,0x4923,0x5144,0x5144,0x5123,0x5144,0x6165,0x5965,0x5103,0x40A2,0x40A2,
    0x48E3,0x4924,0x5124,0x5124,0x5124,0x5124,0x5144,0x5964,0x5965,0x5965,0x5965,0x6185,0x6185,0x69A5,0x7206,0x8AA7,
    0x92A7,0x92A7,0x8A87,0x8A66,0x7A25,0x71E5,0x71C4,0x71C4,0x71E5,0x71E5,0x7205,0x7A05,0x7A05,0x7A25,0x7A25,0x7A25,
    0x7A05,0x7A05,0x7A04,0x79E4,0x71E4,0x71E4,0x7A05,0x7A47,0x7268,0x8BAE,0xD659,0xC659,0xC65A,0xC65A,0xC65A,0xC65A,
    0xC65A,0xC65A,0xC65A,0xC65A,0xC65A,0xC659,0xC659,0xC659,0xC659,0xC659,0xC659,0xC659,0xC659,0xC659,0xC659,0xC659,
    0xC659,0xC659,0xC659,0xC639,0xC659,0xC659,0xC659,0xC659,0xC659,0xC659,0xC659,0xC659,0xC639,0xC639,0xC639,0xC639,
    0xAD75,0xB596,0xB5B6,0xB596,0xB596,0xB5B6,0xB5B6,0xB596,0xB5B6,0xB5D6,0xB5B6,0xB5B6,0xB5B6,0xB5D6,0xAD95,0xB5B6,
    0xBDD7,0xBDF7,0xBDF7,0xBE17,0xBE17,0xBE17,0xBDD7,0xB5B6,0xB5D6,0xBDF7,0xBDF7,0xBDD7,0xBDF8,0xBDF8,0xBDF8,0xC618,
    0xBDF8,0xBDF8,0xBDF8,0xBDF8,0xBDF7,0xBDF7,0xBDF7,0xBDF7,0xBDF7,0xBDF7,0xBE17,0xBDF7,0xBDF7,0xBDF8,0xBDF8,0xBDD7,
    0xBDF8,0xBDD7,0xBDD7,0xC618,0xBE18,0xC618,0xC618,0xBDF8,0xBDF8,0xBDF8,0xBE18,0xC619,0xBDF8,0xBDF8,0xBDF8,0xBE18,
    0xBDF8,0xBE18,0xC638,0xC639,0xBE18,0xBE38,0xBE38,0xBE18,0xBE38,0xC638,0xC618,0xC618,0xC618,0xC618,0xC618,0xBE18,
    0xC618,0xC618,0xBE18,0xBDF8,0xC639,0xC639,0xC618,0xC618,0xC639,0xC659,0xC639,0xC639,0xC639,0xC618,0xC638,0xC638,
    0xC638,0xC638,0xC638,0xC638,0xC638,0xC659,0xC638,0xC638,0xC658,0xC659,0xC658,0xC638,0xC659,0xC659,0xC638,0xC638,
    0xC639,0xC639,0xC639,0xC639,0xC659,0xC659,0xC659,0xC659,0xC639,0xC639,0xC639,0xC639,0xC659,0xC659,0xC659,0xC639,
    0xC639,0xC639,0xC639,0xC639,0xC659,0xC659,0xC639,0xC639,0xC639,0xC639,0xC639,0xC639,0xC659,0xC659,0xC659,0xC659,
    0xC659,0xC659,0xC659,0xC679,0xC659,0xC659,0xC659,0xC659,0xC659,0xC659,0xC659,0xC659,0xC659,0xC659,0xC659,0xC659,
    0xC659,0xC659,0xC659,0xC639,0xC639,0xC659,0xC659,0xC659,0xC659,0xC659,0xC659,0xC659,0xC659,0xC659,0xC659,0xC679,
    0xC679,0xC659,0xCE79,0xC659,0xCE79,0xC659,0xCE79,0xC679,0xCE79,0xC679,0xC659,0xC659,0xC659,0xC659,0xC659,0xC659,
    0xC659,0xC659,0xC679,0xC679,0xC659,0xC659,0xC659,0xC639,0xC659,0xC659,0xC659,0xC659,0xC659,0xC659,0xCE59,0xCE59,
    0xCE59,0xCE59,0xCE79,0xC638,0xCE59,0xCE79,0xCE59,0xCE59,0xCE59,0xCE59,0xCE59,0xCE79,0xCE79,0xCE79,0xCE79,0xCE79,
    0xCE59,0xCE59,0xCE59,0xCE59,0xCE59,0xCE59,0xC638,0xCE59,0xCE79,0xCE59,0xCE59,0xCE59,0xC658,0xC638,0xC658,0xC638,
    0xC638,0xCE59,0xCE79,0xCE79,0xCE59,0xCE59,0xCE79,0xCE79,0xCE79,0xD699,0xD69A,0xCE79,0xCE59,0xCE59,0xCE59,0xCE59,
    0xCE59,0xCE59,0xCE59,0xCE79,0xCE59,0xCE79,0xCE59,0xCE59,0xCE79,0xCE79,0xCE59,0xCE79,0xCE79,0xCE79,0xCE59,0xCE59,
    0xCE59,0xCE59,0xCE59,0xCE59,0xCE59,0xCE59,0xCE59,0xCE79,0xCE79,0xCE79,0xCE79,0xCE99,0xCE99,0xC679,0xCE79,0xC679,
    0xC679,0xCE79,0xC659,0xCE79,0xCE79,0xC659,0xC659,0xC659,0xCE79,0xCE59,0xC659,0xC659,0xC659,0xC659,0xC659,0xC659,
    0xC659,0xCE79,0xC679,0xC659,0xDE79,0xC554,0x7289,0x7227,0x7206,0x71E5,0x71E5,0x71E5,0x6A06,0x6A06,0x6A06,0x7206,
    0x6A26,0x6A27,0x6A47,0x6A47,0x6A47,0x6A48,0x6A48,0x6A48,0x6A48,0x6A48,0x6228,0x6228,0x6228,0x6228,0x6228,0x5A07,
    0x59E7,0x59E7,0x59E7,0x59C6,0x59A6,0x5985,0x5965,0x5965,0x5965,0x5965,0x5965,0x5145,0x5144,0x5145,0x5145,0x5124,
    0x5124,0x4903,0x5104,0x5965,0x5103,0x48E3,0x4923,0x4944,0x4923,0x4903,0x5144,0x5944,0x5123,0x48C2,0x48C2,0x48E3,
    0x4904,0x4924,0x5145,0x5944,0x5944,0x5965,0x5985,0x5965,0x5965,0x5965,0x5965,0x6185,0x69A5,0x69A5,0x7A06,0x92A8,
    0x92A7,0x92A7,0x92A7,0x8A87,0x8225,0x7A05,0x71E5,0x71E4,0x71C4,0x69C4,0x71E4,0x71C4,0x71E4,0x7A05,0x7A05,0x7A05,
    0x7A04,0x7A04,0x7A04,0x79E4,0x71E4,0x71E4,0x7A05,0x7A26,0x7268,0x8BAD,0xD679,0xCE59,0xC659,0xC659,0xC659,0xC659,
    0xCE5A,0xCE5A,0xCE59,0xC659,0xC659,0xC659,0xC659,0xC659,0xC659,0xC659,0xC659,0xC659,0xC659,0xC659,0xC659,0xC659,
    0xC659,0xC659,0xC659,0xC659,0xC659,0xC659,0xC659,0xC639,0xCE39,0xCE39,0xCE39,0xCE39,0xCE39,0xCE39,0xCE39,0xCE39,
    0xB5D6,0xB5D6,0xB5D7,0xB5D7,0xB5D7,0xB5D7,0xBDD7,0xBDD7,0xBDF7,0xBDF6,0xBDF6,0xBDD6,0xB5D6,0xB5B6,0xB5B6,0xB5B5,
    0xB595,0xB595,0xB595,0xB5B6,0xBDD6,0xB5D6,0xB5B6,0xB5B6,0xB595,0xB5B6,0xB5D6,0xBDD7,0xBDF8,0xBDF8,0xBDF8,0xBE18,
    0xBDF8,0xBDD7,0xBDD7,0xBDF8,0xBDF8,0xBDF8,0xBDF8,0xBDF8,0xBDF8,0xBDF8,0xBDF8,0xBDF8,0xBE18,0xC618,0xBE18,0xC618,
    0xC618,0xC618,0xBE18,0xBE18,0xBE18,0xC618,0xBE18,0xC618,0xC639,0xC618,0xC618,0xC639,0xC618,0xC618,0xC618,0xC618,
    0xC618,0xC639,0xC639,0xC639,0xBE18,0xC618,0xC618,0xC618,0xC618,0xC618,0xC618,0xC618,0xC619,0xC618,0xC618,0xC618,
    0xC639,0xC639,0xC618,0xC618,0xC639,0xC639,0xC639,0xC659,0xC639,0xC639,0xC618,0xC618,0xC639,0xC639,0xC639,0xC639,
    0xC639,0xC639,0xC639,0xC639,0xC639,0xC639,0xC639,0xC639,0xC639,0xC639,0xC639,0xC639,0xC639,0xC639,0xC659,0xC659,
    0xC639,0xC639,0xC639,0xC639,0xC659,0xCE59,0xC659,0xC659,0xC639,0xC639,0xC639,0xC639,0xC639,0xC639,0xC639,0xC639,
    0xC639,0xC659,0xC659,0xC659,0xC659,0xC659,0xC659,0xC659,0xC659,0xC659,0xC639,0xC639,0xC659,0xC659,0xC659,0xC659,
    0xC659,0xC659,0xC659,0xC659,0xC659,0xC659,0xC659,0xC659,0xC659,0xC659,0xC659,0xC659,0xC659,0xC659,0xC659,0xC659,
    0xC659,0xC659,0xC659,0xC659,0xC659,0xC659,0xCE79,0xC679,0xC659,0xC659,0xC659,0xCE7A,0xC679,0xC659,0xC659,0xC659,
    0xC659,0xC659,0xC659,0xC659,0xC659,0xC659,0xC679,0xC659,0xC659,0xC659,0xC659,0xC659,0xC659,0xC659,0xC659,0xC679,
    0xC659,0xC659,0xC659,0xC659,0xC659,0xC659,0xC659,0xC659,0xC659,0xC679,0xC659,0xC659,0xC659,0xC659,0xC659,0xC679,
    0xCE79,0xC659,0xCE79,0xC659,0xCE79,0xCE79,0xCE79,0xCE78,0xCE79,0xCE79,0xCE79,0xCE79,0xCE79,0xCE79,0xCE79,0xCE79,
    0xC659,0xCE79,0xCE59,0xCE79,0xCE79,0xCE79,0xCE79,0xCE79,0xCE79,0xCE79,0xCE79,0xCE79,0xCE79,0xCE79,0xCE79,0xCE79,
    0xCE59,0xC659,0xCE59,0xCE59,0xCE59,0xCE59,0xCE59,0xCE79,0xCE59,0xCE59,0xCE59,0xCE79,0xCE5A,0xCE59,0xCE59,0xCE59,
    0xCE59,0xC638,0xC658,0xC658,0xC658,0xCE79,0xCE79,0xCE59,0xC659,0xC659,0xC659,0xC659,0xC659,0xC659,0xCE79,0xCE79,
    0xCE59,0xCE79,0xCE59,0xCE59,0xCE59,0xCE59,0xCE59,0xCE59,0xCE59,0xCE59,0xCE59,0xCE59,0xCE59,0xCE79,0xCE59,0xCE59,
    0xCE79,0xCE79,0xCE59,0xCE59,0xCE59,0xCE59,0xCE59,0xCE59,0xCE59,0xCE59,0xCE59,0xCE78,0xCE78,0xCE79,0xCE59,0xCE59,
    0xCE59,0xCE79,0xCE79,0xCE78,0xE678,0xAC2F,0x6A28,0x6A07,0x6A06,0x69E5,0x69E5,0x69E5,0x7205,0x7225,0x7225,0x6A26,
    0x6A27,0x6A27,0x6A48,0x6A48,0x6A48,0x6A68,0x6A68,0x6A48,0x6A48,0x6A48,0x6A48,0x6A48,0x6A48,0x6A48,0x6A48,0x6227,
    0x6207,0x61E7,0x59C6,0x59A6,0x59A6,0x5985,0x5985,0x5985,0x5965,0x5965,0x5945,0x5944,0x5144,0x5944,0x5944,0x5124,
    0x5124,0x5104,0x48E3,0x5124,0x4903,0x48E3,0x4903,0x4903,0x48E3,0x4903,0x5144,0x5144,0x48E3,0x48E3,0x5103,0x5123,
    0x5123,0x5123,0x5944,0x5964,0x5964,0x5964,0x5985,0x5985,0x5985,0x5965,0x5985,0x6185,0x69A5,0x71C5,0x8226,0x9287,
    0x92C7,0x92A7,0x92A7,0x8AA7,0x8266,0x7A25,0x71E4,0x69E4,0x69E4,0x69C5,0x69C4,0x69E4,0x7205,0x7A05,0x7A05,0x7A04,
    0x79E4,0x79E4,0x7A05,0x7A04,0x79E4,0x79E4,0x7A05,0x7A46,0x7268,0x8BAD,0xD658,0xD659,0xCE79,0xCE58,0xCE79,0xCE79,
    0xCE79,0xCE79,0xCE79,0xCE79,0xCE79,0xCE58,0xCE78,0xCE58,0xCE78,0xCE58,0xCE58,0xCE58,0xCE58,0xCE58,0xCE58,0xCE58,
    0xCE58,0xCE38,0xCE58,0xC638,0xCE38,0xCE38,0xC637,0xC617,0xCE17,0xCE37,0xCE38,0xCE38,0xCE38,0xC617,0xC617,0xC617,
    0xBDF7,0xBDF7,0xBDF7,0xBDF7,0xBDF7,0xBDF7,0xBDF7,0xBDF7,0xBDF7,0xBDF7,0xBDD7,0xB5D6,0xB5B6,0xBDF7,0xBDF7,0xBDF7,
    0xBDD7,0xBDF7,0xB5D6,0xB596,0xB5B6,0xB5B6,0xBDD7,0xBDF7,0xBDD6,0xBDD6,0xBDF7,0xBDF8,0xBDF8,0xBE18,0xC618,0xC618,
    0xBE18,0xBE18,0xBE18,0xBE18,0xBE18,0xBE18,0xC618,0xC618,0xC618,0xC618,0xC618,0xC618,0xC618,0xC618,0xC618,0xC618,
    0xC639,0xC639,0xC618,0xC618,0xC618,0xC618,0xC618,0xC618,0xC618,0xC618,0xC639,0xC618,0xC618,0xC639,0xC639,0xC639,
    0xC639,0xC618,0xC618,0xC618,0xC618,0xC639,0xC639,0xC639,0xC639,0xC639,0xC639,0xC618,0xC618,0xC639,0xC639,0xC618,
    0xC618,0xC618,0xC639,0xC639,0xC618,0xC618,0xC618,0xC639,0xC639,0xC639,0xC618,0xC618,0xC639,0xC639,0xC639,0xC639,
    0xC639,0xC639,0xC639,0xC639,0xC639,0xC639,0xC639,0xC639,0xC639,0xC639,0xC639,0xC639,0xC639,0xC639,0xC639,0xC659,
    0xC659,0xC659,0xC659,0xC659,0xC639,0xC639,0xC639,0xC639,0xCE59,0xC659,0xC659,0xC639,0xC639,0xC639,0xC639,0xC639,
    0xC639,0xC639,0xC659,0xC659,0xCE59,0xC679,0xC659,0xC659,0xC659,0xC659,0xC659,0xC659,0xC659,0xC659,0xC659,0xC639,
    0xC639,0xC659,0xC659,0xC659,0xC639,0xC639,0xC639,0xC639,0xC639,0xC659,0xC659,0xC659,0xC659,0xC659,0xC659,0xC659,
    0xC659,0xC659,0xC659,0xC659,0xC659,0xC659,0xC659,0xC659,0xC639,0xC639,0xC639,0xC659,0xC659,0xC659,0xC659,0xC659,
    0xCE79,0xC659,0xC659,0xC659,0xC659,0xC659,0xC659,0xC659,0xCE79,0xC679,0xC659,0xC659,0xC659,0xC659,0xC659,0xCE79,
    0xCE79,0xCE79,0xC659,0xC659,0xCE79,0xCE79,0xCE79,0xCE79,0xCE79,0xCE79,0xCE79,0xC659,0xC659,0xCE79,0xCE79,0xCE7A,
    0xCE79,0xCE59,0xCE79,0xCE79,0xCE79,0xCE79,0xCE59,0xC658,0xCE58,0xCE59,0xCE59,0xCE58,0xCE58,0xCE58,0xCE58,0xCE59,
    0xCE59,0xCE59,0xC659,0xCE79,0xCE59,0xCE79,0xCE79,0xCE79,0xCE79,0xCE59,0xCE59,0xCE59,0xCE79,0xCE79,0xCE79,0xCE79,
    0xCE79,0xCE59,0xCE59,0xCE59,0xCE59,0xCE59,0xCE59,0xCE79,0xCE59,0xCE59,0xCE59,0xCE79,0xCE5A,0xCE5A,0xCE59,0xCE79,
    0xCE79,0xCE59,0xC658,0xCE58,0xC658,0xCE59,0xCE79,0xCE79,0xCE79,0xCE79,0xCE59,0xCE59,0xCE79,0xCE79,0xCE79,0xCE79,
    0xCE59,0xCE59,0xCE59,0xCE59,0xCE59,0xCE79,0xCE79,0xCE59,0xCE59,0xCE79,0xCE79,0xCE79,0xCE79,0xCE59,0xCE79,0xCE79,
    0xCE79,0xCE59,0xCE59,0xCE59,0xCE59,0xCE59,0xCE59,0xCE59,0xCE79,0xCE79,0xCE79,0xCE58,0xCE79,0xD6BA,0xCE79,0xCE59,
    0xD679,0xCE79,0xD699,0xCE78,0xD616,0x8B0B,0x6A07,0x6A06,0x61C5,0x61C5,0x61C4,0x69C4,0x7205,0x7226,0x7246,0x7246,
    0x7247,0x7268,0x6A68,0x6A69,0x6A69,0x6A89,0x6A89,0x6A89,0x6A89,0x6A89,0x6A69,0x6A69,0x7289,0x6A68,0x6A48,0x6227,
    0x6207,0x6207,0x61E7,0x59C6,0x59A6,0x5985,0x5985,0x5985,0x5965,0x5965,0x5965,0x5945,0x5944,0x5945,0x5944,0x5124,
    0x5124,0x5124,0x5103,0x48E3,0x48E3,0x48E3,0x48C3,0x40C2,0x48E3,0x5144,0x5965,0x4903,0x48E3,0x5124,0x5124,0x5124,
    0x5944,0x5944,0x5944,0x5964,0x5964,0x5964,0x6185,0x6185,0x6185,0x5985,0x61A5,0x69C5,0x69E5,0x71E5,0x8246,0x9287,
    0x92A7,0x92A7,0x92A7,0x8AA7,0x8A86,0x7A46,0x7205,0x69E4,0x69C4,0x69C4,0x69C4,0x69C4,0x71E5,0x7204,0x7A04,0x7A04,
    0x79E4,0x79E4,0x7A05,0x7205,0x79E4,0x79E4,0x7A05,0x7246,0x7288,0x8BAE,0xDE79,0xD679,0xCE58,0xD679,0xD679,0xCE78,
    0xCE58,0xCE58,0xCE58,0xCE58,0xCE58,0xCE38,0xCE38,0xCE38,0xCE38,0xCE38,0xCE58,0xCE58,0xCE38,0xCE58,0xCE58,0xCE58,
    0xCE58,0xCE38,0xCE58,0xCE58,0xCE58,0xCE58,0xCE58,0xCE58,0xCE38,0xCE38,0xCE38,0xCE38,0xCE38,0xCE38,0xCE37,0xCE37,
    0xBDF7,0xBDF7,0xBDF7,0xBDF7,0xBDD7,0xBDD7,0xBDD7,0xBDD7,0xBDF7,0xBDF7,0xBDF7,0xBDF7,0xBDF7,0xBDF7,0xBDF7,0xBDF7,
    0xBDF7,0xBDF7,0xBE18,0xBDF7,0xBDF7,0xBE18,0xC618,0xC618,0xBE18,0xBE18,0xC618,0xC618,0xBDF8,0xBDF8,0xBDF8,0xBDF8,
    0xBDF8,0xBE18,0xC618,0xBDF8,0xBDF8,0xBDF8,0xBDF8,0xBE18,0xC618,0xC618,0xC618,0xC618,0xBE18,0xBE18,0xBE18,0xC618,
    0xC618,0xC618,0xC618,0xC618,0xC618,0xC618,0xC618,0xC639,0xC618,0xC618,0xC639,0xC618,0xC618,0xC618,0xC618,0xC639,
    0xC618,0xC618,0xBE18,0xC618,0xC639,0xC639,0xC639,0xC639,0xC639,0xC639,0xC639,0xC618,0xC618,0xC639,0xC639,0xC639,
    0xC618,0xC618,0xC618,0xC639,0xC639,0xC618,0xBE18,0xBDF8,0xC639,0xC618,0xC618,0xC639,0xC639,0xC618,0xC639,0xC639,
    0xC639,0xC639,0xC639,0xC639,0xC639,0xC639,0xC639,0xC639,0xC639,0xC639,0xC639,0xCE59,0xC639,0xC639,0xC659,0xC659,
    0xC659,0xC659,0xC659,0xC659,0xC639,0xC639,0xC618,0xC639,0xCE59,0xCE59,0xCE59,0xC659,0xC639,0xC639,0xC659,0xC659,
    0xC659,0xC659,0xC659,0xC659,0xC659,0xC659,0xC639,0xC639,0xC639,0xC659,0xC659,0xC659,0xC659,0xC659,0xC659,0xC659,
    0xC659,0xC659,0xC659,0xC659,0xC659,0xC659,0xC659,0xC659,0xC659,0xC659,0xC659,0xC659,0xC659,0xC659,0xC659,0xC659,
    0xC659,0xC659,0xC659,0xCE79,0xC659,0xC659,0xC659,0xC659,0xCE79,0xC659,0xC659,0xC638,0xC659,0xCE79,0xCE79,0xC659,
    0xC659,0xC659,0xC659,0xC659,0xCE79,0xCE79,0xCE79,0xCE79,0xCE79,0xC659,0xC659,0xC659,0xC659,0xCE79,0xCE79,0xCE79,
    0xCE79,0xCE79,0xCE79,0xCE79,0xCE79,0xCE79,0xC679,0xCE79,0xCE79,0xCE79,0xCE79,0xC659,0xC659,0xCE59,0xCE79,0xCE79,
    0xCE59,0xC659,0xCE59,0xCE59,0xCE59,0xCE59,0xCE59,0xCE59,0xCE59,0xCE59,0xCE79,0xCE59,0xCE59,0xCE59,0xCE59,0xCE59,
    0xCE59,0xCE59,0xCE79,0xCE99,0xCE79,0xCE79,0xCE79,0xCE79,0xCE79,0xCE79,0xCE79,0xCE79,0xCE79,0xCE79,0xCE79,0xCE79,
    0xCE79,0xCE59,0xCE59,0xCE59,0xCE59,0xCE59,0xCE59,0xCE59,0xCE59,0xCE59,0xCE59,0xCE59,0xCE79,0xCE79,0xCE79,0xCE79,
    0xCE79,0xCE79,0xCE59,0xCE99,0xD699,0xCE79,0xCE79,0xCE79,0xCE79,0xCE79,0xCE79,0xCE79,0xCE79,0xCE79,0xCE79,0xCE59,
    0xCE59,0xCE79,0xCE79,0xD69A,0xCE79,0xCE59,0xCE59,0xCE79,0xCE79,0xCE59,0xCE59,0xCE79,0xCE79,0xCE58,0xCE59,0xCE79,
    0xCE59,0xCE59,0xCE79,0xCE79,0xCE79,0xCE79,0xCE79,0xCE79,0xCE79,0xCE59,0xCE59,0xCE78,0xCE58,0xCE79,0xD679,0xCE59,
    0xD679,0xCE79,0xCE58,0xDEB9,0xC553,0x7227,0x6A06,0x69E6,0x61A4,0x6184,0x5984,0x61A4,0x7226,0x7A67,0x7267,0x7288,
    0x7288,0x7289,0x7289,0x7289,0x72AA,0x72CA,0x72CA,0x72CA,0x72CA,0x72AA,0x72AA,0x7289,0x6A69,0x6A48,0x6A48,0x6A47,
    0x6227,0x6207,0x6207,0x61C6,0x59A6,0x5985,0x5985,0x5965,0x5965,0x5965,0x5944,0x5144,0x5124,0x5144,0x5144,0x5144,
    0x5144,0x5124,0x5124,0x4903,0x5124,0x4903,0x48E3,0x48E3,0x4903,0x5965,0x5124,0x48E3,0x5103,0x5124,0x5103,0x5124,
    0x5944,0x5144,0x5944,0x5964,0x5964,0x5964,0x5964,0x5965,0x5985,0x6185,0x61A5,0x69C5,0x71E5,0x7A05,0x8246,0x9287,
    0x92A7,0x92A7,0x8A87,0x8A87,0x8A87,0x8266,0x7A25,0x7205,0x69E4,0x69C4,0x69C4,0x69C4,0x71E4,0x71E4,0x79E4,0x79E4,
    0x79E4,0x79E4,0x7204,0x71E4,0x79E4,0x79E4,0x7A05,0x7A46,0x7268,0x8BCE,0xD638,0xCE38,0xCE58,0xD678,0xCE58,0xCE58,
    0xCE38,0xCE38,0xCE38,0xCE38,0xCE38,0xCE58,0xCE58,0xCE58,0xCE58,0xCE58,0xCE58,0xCE58,0xCE58,0xCE58,0xCE58,0xCE58,
    0xCE58,0xCE58,0xCE58,0xCE58,0xCE37,0xCE37,0xCE58,0xD678,0xCE58,0xCE58,0xCE58,0xCE37,0xCE58,0xCE58,0xCE58,0xCE58,
    0xBDF7,0xBDF7,0xBDF7,0xBDF7,0xBDF7,0xBDF7,0xBDF7,0xBDF7,0xBDF7,0xBDF8,0xBDF8,0xBE18,0xBE18,0xBE18,0xBE18,0xBDF8,
    0xBDF8,0xBDF8,0xBDF8,0xC618,0xBE18,0xBDF8,0xBDF8,0xBDF8,0xBDF8,0xBDF8,0xBDF8,0xBDF8,0xBDF8,0xBE18,0xC618,0xC618,
    0xBE18,0xBDF8,0xBDF8,0xBDF8,0xBDF8,0xBDF8,0xBDF8,0xC618,0xC618,0xC618,0xBE18,0xC618,0xC618,0xC618,0xC639,0xC618,
    0xBE18,0xC618,0xC618,0xC618,0xC618,0xC618,0xC618,0xC618,0xC618,0xC618,0xC618,0xC618,0xC618,0xC618,0xC618,0xC639,
    0xC639,0xC639,0xC639,0xC639,0xC639,0xC618,0xC618,0xC618,0xC618,0xC618,0xC618,0xC618,0xC618,0xC618,0xC618,0xC639,
    0xC639,0xC618,0xC618,0xC639,0xC639,0xC639,0xC639,0xCE59,0xC639,0xC618,0xC618,0xC639,0xC639,0xC639,0xC639,0xC638,
    0xC618,0xC638,0xC639,0xC639,0xC639,0xC639,0xC638,0xC639,0xC639,0xC618,0xC639,0xC659,0xC639,0xC639,0xC639,0xC639,
    0xC639,0xC639,0xC639,0xC639,0xC659,0xC639,0xC639,0xC639,0xC659,0xC639,0xC639,0xC639,0xC639,0xC639,0xC639,0xC639,
    0xC639,0xC638,0xC639,0xC659,0xC659,0xC638,0xC638,0xC659,0xC659,0xC659,0xC659,0xC659,0xC659,0xC659,0xC659,0xCE59,
    0xC659,0xC659,0xC659,0xC659,0xC659,0xCE59,0xC659,0xC659,0xC659,0xC659,0xC659,0xC659,0xC659,0xC659,0xCE59,0xCE59,
    0xC659,0xCE59,0xCE59,0xCE59,0xC659,0xC659,0xC659,0xC659,0xC659,0xCE79,0xCE79,0xCE79,0xCE59,0xCE59,0xCE59,0xC638,
    0xC659,0xC659,0xC659,0xC659,0xC659,0xC659,0xC638,0xC659,0xC659,0xCE59,0xCE59,0xC659,0xCE59,0xCE59,0xCE79,0xCE79,
    0xCE79,0xCE79,0xC659,0xC659,0xCE59,0xCE59,0xC659,0xC659,0xC659,0xCE79,0xC659,0xC659,0xC659,0xC659,0xCE59,0xCE59,
    0xCE59,0xC639,0xCE59,0xCE59,0xCE59,0xCE59,0xCE59,0xCE59,0xCE59,0xCE59,0xCE59,0xCE59,0xCE59,0xCE59,0xCE59,0xCE59,
    0xCE59,0xC658,0xC638,0xC638,0xC618,0xD699,0xCE79,0xCE79,0xCE79,0xCE79,0xCE79,0xCE79,0xCE59,0xCE59,0xCE79,0xCE79,
    0xCE79,0xCE59,0xCE59,0xCE79,0xCE79,0xCE79,0xCE79,0xCE79,0xCE59,0xCE59,0xCE59,0xCE59,0xCE99,0xCE79,0xCE79,0xCE79,
    0xCE79,0xCE58,0xCE58,0xCE79,0xCE79,0xCE79,0xCE79,0xCE79,0xCE79,0xCE79,0xCE79,0xCE79,0xCE59,0xCE59,0xCE59,0xCE79,
    0xD69A,0xCE79,0xCE59,0xD69A,0xD6BA,0xCE79,0xCE79,0xD6BA,0xCE79,0xCE58,0xCE59,0xCE79,0xCE79,0xCE79,0xCE79,0xCE79,
    0xCE79,0xCE79,0xCE79,0xCE79,0xCE79,0xCE79,0xCE59,0xCE59,0xCE79,0xCE79,0xCE79,0xCE79,0xCE58,0xCE79,0xD699,0xD679,
    0xCE59,0xD679,0xD657,0xDEB9,0x9BED,0x6A06,0x6A06,0x61C5,0x61A4,0x5963,0x5943,0x61A5,0x7A47,0x7A88,0x7AA9,0x7AA9,
    0x7AA9,0x7AAA,0x7ACA,0x7ACA,0x72CA,0x72EA,0x72EA,0x72EB,0x72CB,0x72CA,0x72AA,0x728A,0x6A69,0x6A48,0x6A47,0x6A47,
    0x6A27,0x6207,0x61E6,0x59C6,0x59C6,0x5985,0x5165,0x5144,0x5144,0x5965,0x5144,0x5124,0x5124,0x5124,0x5144,0x5144,
    0x5945,0x5144,0x5144,0x5124,0x5945,0x5945,0x5124,0x4903,0x5124,0x5144,0x5124,0x5124,0x5144,0x5124,0x5124,0x5944,
    0x5944,0x5944,0x5964,0x5964,0x5964,0x5964,0x5964,0x5964,0x5965,0x61A5,0x61A5,0x69C5,0x7206,0x7A25,0x8246,0x92A7,
    0x92C7,0x92A7,0x8AA7,0x8A86,0x8A86,0x8286,0x8266,0x7A25,0x71E4,0x69C4,0x69C4,0x69C4,0x71E4,0x71E4,0x71E4,0x79E4,
    0x79E4,0x7A04,0x7204,0x71E4,0x79E4,0x7A04,0x7A05,0x7A67,0x7268,0x9C2F,0xD658,0xCE38,0xD658,0xD658,0xCE38,0xCE58,
    0xD678,0xCE58,0xCE58,0xCE58,0xD658,0xD658,0xD658,0xD658,0xD658,0xCE58,0xCE58,0xD658,0xCE58,0xD678,0xD678,0xCE58,
    0xCE78,0xD678,0xCE58,0xCE57,0xCE58,0xCE58,0xCE57,0xCE58,0xCE58,0xCE58,0xCE58,0xCE58,0xCE57,0xCE37,0xCE57,0xCE58,
    0xBDF7,0xBDF8,0xBDF7,0xBDD7,0xBDF7,0xBDD7,0xBDF7,0xBDF7,0xBDF8,0xBDF8,0xBDF8,0xBDF8,0xBDF8,0xBDF8,0xBDF8,0xBDF8,
    0xBDF8,0xBDF8,0xBE18,0xC618,0xBDF8,0xBDF8,0xBDF8,0xBDF8,0xBDF8,0xBDF8,0xBDF8,0xC618,0xBE18,0xBE18,0xBE18,0xC618,
    0xBE18,0xBDF8,0xBDF8,0xC618,0xC618,0xBE18,0xC618,0xC618,0xC618,0xC618,0xC618,0xC618,0xC639,0xC639,0xC639,0xC618,
    0xC618,0xC618,0xC618,0xC618,0xC618,0xC618,0xC618,0xC618,0xC639,0xC639,0xC618,0xC639,0xC618,0xC618,0xC618,0xC618,
    0xC639,0xC639,0xC639,0xC639,0xC618,0xC618,0xC639,0xC639,0xC639,0xC639,0xC618,0xC639,0xC639,0xC618,0xC618,0xC618,
    0xC639,0xC639,0xC639,0xC639,0xC639,0xC618,0xC618,0xC639,0xC639,0xC639,0xC639,0xC639,0xC639,0xC618,0xC638,0xC639,
    0xC639,0xC639,0xC639,0xC639,0xC639,0xC639,0xC638,0xC639,0xC659,0xC639,0xC638,0xC638,0xC638,0xC638,0xC618,0xC638,
    0xC639,0xC639,0xC638,0xC638,0xC659,0xC659,0xC659,0xC659,0xC639,0xC639,0xC639,0xC639,0xC639,0xC659,0xCE59,0xC659,
    0xC659,0xC659,0xCE59,0xCE59,0xCE59,0xC659,0xC658,0xCE59,0xCE59,0xCE59,0xC658,0xC658,0xCE59,0xC658,0xC638,0xC638,
    0xC658,0xC658,0xC638,0xC638,0xC659,0xC639,0xC639,0xC659,0xC639,0xC639,0xC659,0xC639,0xC639,0xC659,0xCE59,0xCE59,
    0xC659,0xCE59,0xCE59,0xCE59,0xCE59,0xCE59,0xCE59,0xCE59,0xCE79,0xCE79,0xCE79,0xCE59,0xC638,0xC638,0xC658,0xC638,
    0xC659,0xCE59,0xCE59,0xCE59,0xC659,0xC659,0xCE59,0xC658,0xC638,0xC658,0xC638,0xC638,0xC638,0xC638,0xC659,0xCE59,
    0xCE59,0xC658,0xC658,0xCE59,0xCE59,0xCE59,0xCE59,0xCE59,0xCE59,0xCE59,0xC659,0xC658,0xC659,0xC638,0xCE39,0xCE59,
    0xCE59,0xCE59,0xCE59,0xCE59,0xCE59,0xCE59,0xCE59,0xCE59,0xCE59,0xCE59,0xCE59,0xCE59,0xCE59,0xCE59,0xCE59,0xCE59,
    0xCE59,0xCE59,0xCE79,0xD699,0xCE59,0xCE59,0xCE58,0xCE58,0xCE58,0xCE59,0xCE79,0xCE59,0xCE59,0xCE58,0xCE79,0xCE59,
    0xCE59,0xCE58,0xCE59,0xCE79,0xCE59,0xCE59,0xCE59,0xCE59,0xCE79,0xCE59,0xCE59,0xCE59,0xCE79,0xCE99,0xCE79,0xCE79,
    0xCE79,0xCE79,0xD699,0xCE79,0xCE79,0xCE79,0xCE59,0xCE59,0xCE59,0xCE59,0xCE79,0xCE79,0xCE79,0xCE79,0xCE79,0xCE79,
    0xD69A,0xD699,0xCE79,0xCE79,0xCE79,0xCE59,0xCE59,0xCE79,0xCE79,0xCE79,0xCE79,0xD679,0xD699,0xD699,0xCE79,0xCE79,
    0xD679,0xD699,0xD679,0xD679,0xD679,0xD679,0xD679,0xD699,0xD679,0xCE79,0xCE79,0xD679,0xCE79,0xD699,0xD699,0xD699,
    0xD679,0xD678,0xDE78,0xD616,0x72A8,0x6A05,0x61E5,0x61A4,0x6184,0x5964,0x5143,0x61C5,0x7A48,0x82CA,0x7AEA,0x7AC9,
    0x7AA9,0x72A9,0x72A9,0x72A9,0x72CA,0x72CA,0x72CA,0x72CB,0x72CB,0x72AA,0x72AA,0x72AA,0x7289,0x6A48,0x6A47,0x6227,
    0x6207,0x61E6,0x61C6,0x59C6,0x61C6,0x5985,0x5165,0x5144,0x5144,0x5164,0x5144,0x5144,0x5124,0x5124,0x5144,0x5144,
    0x5145,0x5144,0x5144,0x5124,0x5144,0x5144,0x5124,0x5124,0x5124,0x5144,0x5144,0x5144,0x5144,0x5124,0x5944,0x5944,
    0x5144,0x5944,0x5964,0x5964,0x5964,0x5964,0x6164,0x5964,0x6185,0x61A5,0x69C5,0x69E5,0x7A26,0x8226,0x8A87,0x92A7,
    0x92C7,0x92A7,0x92A7,0x8A86,0x8A86,0x8A86,0x8266,0x7A45,0x7A05,0x69C4,0x69C4,0x69C4,0x71E4,0x71E4,0x71E4,0x71E4,
    0x71E4,0x79E4,0x71E5,0x71E4,0x79E4,0x7A04,0x7A25,0x7A67,0x7288,0xACB1,0xDE99,0xCE58,0xD658,0xCE58,0xCE37,0xCE58,
    0xD658,0xD658,0xD658,0xD658,0xCE58,0xD658,0xD658,0xCE58,0xD658,0xCE58,0xCE58,0xD658,0xCE58,0xCE58,0xD678,0xCE58,
    0xD678,0xD678,0xD678,0xCE58,0xCE58,0xD658,0xCE58,0xCE37,0xCE57,0xCE58,0xCE58,0xCE57,0xD658,0xCE58,0xCE58,0xD658,
    0xBDF7,0xBDF8,0xBDF7,0xBDD7,0xBDD7,0xBDF7,0xBDF8,0xBDF8,0xBDF8,0xBDF8,0xBDF8,0xBDF8,0xBDD8,0xBDF8,0xBDF8,0xBDF8,
    0xBDF8,0xBDF8,0xBDF8,0xBDF8,0xBDF8,0xBDF8,0xBE18,0xBE18,0xBE18,0xBE18,0xBE18,0xBE18,0xBE18,0xBE18,0xBE18,0xBE18,
    0xBE18,0xBDF8,0xBDF8,0xC618,0xC618,0xBE18,0xC618,0xBE18,0xBDF8,0xC618,0xC618,0xC618,0xC618,0xC618,0xC618,0xC618,
    0xC618,0xC618,0xC618,0xC618,0xC639,0xC618,0xC618,0xC618,0xC618,0xC618,0xC618,0xC618,0xC618,0xC639,0xC618,0xC618,
    0xC639,0xC618,0xC618,0xC618,0xC618,0xC618,0xC639,0xC639,0xC639,0xC618,0xC639,0xC639,0xC639,0xC618,0xC639,0xC639,
    0xC618,0xC618,0xC639,0xC639,0xC618,0xC618,0xC618,0xC618,0xC639,0xC639,0xC639,0xC639,0xC618,0xC618,0xC638,0xC638,
    0xC639,0xC639,0xC639,0xC638,0xC638,0xC638,0xC639,0xC638,0xC639,0xCE59,0xC639,0xC639,0xC659,0xCE59,0xC659,0xC639,
    0xC659,0xC639,0xC638,0xC638,0xC638,0xC638,0xC638,0xC639,0xC639,0xC639,0xC639,0xC639,0xC639,0xC639,0xC639,0xC639,
    0xC659,0xC659,0xC659,0xC659,0xC658,0xC638,0xC638,0xC638,0xC658,0xC658,0xC638,0xC638,0xC638,0xC638,0xC638,0xC638,
    0xC638,0xC638,0xC638,0xC638,0xC638,0xC638,0xC639,0xC639,0xC639,0xC638,0xC638,0xC618,0xC618,0xC638,0xC639,0xC639,
    0xC639,0xC639,0xC639,0xCE59,0xC639,0xC638,0xC638,0xC638,0xC638,0xC638,0xC638,0xC638,0xC638,0xC659,0xC659,0xC659,
    0xC659,0xC658,0xC638,0xC638,0xC638,0xC658,0xC658,0xC658,0xC638,0xC638,0xC638,0xC638,0xC638,0xC638,0xC638,0xCE59,
    0xCE59,0xC659,0xCE59,0xCE59,0xC658,0xC638,0xC658,0xCE59,0xCE59,0xCE59,0xC658,0xC658,0xCE59,0xCE59,0xCE59,0xCE59,
    0xCE59,0xCE59,0xC638,0xCE58,0xCE59,0xCE59,0xCE79,0xCE79,0xCE59,0xCE59,0xCE59,0xCE59,0xCE59,0xCE39,0xCE59,0xCE79,
    0xCE59,0xCE58,0xCE58,0xCE59,0xCE58,0xCE59,0xCE58,0xCE58,0xCE59,0xCE58,0xCE58,0xCE59,0xCE59,0xCE59,0xCE79,0xCE79,
    0xCE59,0xCE58,0xCE59,0xCE79,0xCE59,0xCE59,0xCE58,0xCE59,0xCE59,0xCE59,0xCE59,0xCE58,0xCE58,0xCE58,0xCE78,0xD679,
    0xCE78,0xCE78,0xD679,0xD679,0xCE58,0xCE58,0xCE79,0xCE79,0xCE79,0xCE79,0xCE79,0xCE79,0xCE79,0xCE79,0xCE79,0xCE79,
    0xCE79,0xCE79,0xCE79,0xCE79,0xCE79,0xCE79,0xCE79,0xCE79,0xD679,0xCE79,0xCE79,0xCE79,0xD679,0xD699,0xCE79,0xCE79,
    0xCE79,0xCE79,0xCE79,0xCE79,0xCE79,0xCE79,0xCE79,0xD679,0xD679,0xD679,0xD699,0xD699,0xD699,0xD679,0xD699,0xD679,
    0xD658,0xD637,0xE678,0x9C2F,0x6A06,0x69C4,0x61A4,0x61A4,0x5984,0x5964,0x5964,0x5964,0x82A9,0x8AEA,0x7268,0x7A88,
    0x82E9,0x934B,0x9BAC,0x9BAD,0x938C,0x8B2B,0x7ACA,0x72CA,0x72CB,0x72AA,0x72AA,0x72AA,0x7289,0x6A48,0x6227,0x6207,
    0x6207,0x61E6,0x61C6,0x61C6,0x59C6,0x59A5,0x5985,0x5965,0x5164,0x5144,0x5144,0x5144,0x5124,0x5144,0x5124,0x5144,
    0x5145,0x5965,0x5144,0x5945,0x5124,0x5124,0x5945,0x5965,0x5965,0x5965,0x5144,0x5144,0x5144,0x5944,0x5944,0x5944,
    0x5944,0x5964,0x5964,0x5964,0x5964,0x5964,0x6164,0x6184,0x61A5,0x69C5,0x69C5,0x7206,0x7A26,0x8226,0x92A7,0x92A7,
    0x92A6,0x92A6,0x92A6,0x8A86,0x8A86,0x8AA7,0x8A86,0x8266,0x7A25,0x71E4,0x69C4,0x69C4,0x71E4,0x71E4,0x71E4,0x71E4,
    0x71E4,0x71E4,0x71E4,0x79E5,0x7A04,0x7A05,0x7A25,0x7A67,0x72A9,0xB553,0xD699,0xCE58,0xD678,0xD658,0xD658,0xD658,
    0xD658,0xD678,0xD678,0xD678,0xD658,0xD678,0xD658,0xD658,0xD678,0xD658,0xD658,0xD658,0xCE58,0xD658,0xD658,0xD678,
    0xD658,0xD657,0xD678,0xCE57,0xCE37,0xD658,0xD658,0xCE57,0xCE57,0xCE58,0xCE57,0xCE57,0xCE57,0xCE57,0xCE37,0xCE37,
    0xBDD7,0xBDD7,0xBE18,0xC618,0xBDF8,0xBDF8,0xBDF8,0xBDF8,0xBDF8,0xBE18,0xBE18,0xBDF8,0xBDF8,0xBDF8,0xBDF8,0xBDF8,
    0xBDF8,0xBDF8,0xBDF8,0xBDF8,0xBDF8,0xBDF8,0xBE18,0xBE18,0xBDF8,0xBDF8,0xBDF8,0xBDF8,0xBDF8,0xBDF8,0xBDF8,0xBE18,
    0xC618,0xC618,0xBE18,0xBE18,0xBDF8,0xBDF8,0xBE18,0xC618,0xC618,0xC618,0xC618,0xC618,0xC618,0xC618,0xC618,0xC618,
    0xC618,0xBDF8,0xBE18,0xC618,0xC618,0xC618,0xC639,0xC618,0xC618,0xC618,0xC618,0xC618,0xC618,0xC639,0xC618,0xC618,
    0xC618,0xC618,0xC618,0xC618,0xC618,0xC618,0xC618,0xC618,0xC618,0xC618,0xC618,0xC618,0xC618,0xC618,0xC618,0xC639,
    0xC618,0xC618,0xC639,0xC639,0xC639,0xC639,0xC639,0xC639,0xC639,0xC639,0xC618,0xC618,0xC638,0xC659,0xC638,0xC638,
    0xC618,0xC638,0xC638,0xC638,0xC638,0xC638,0xC638,0xBE18,0xBE18,0xC638,0xC638,0xC638,0xC638,0xC638,0xC638,0xC638,
    0xC638,0xC638,0xC618,0xC638,0xC638,0xC618,0xC618,0xC638,0xC638,0xC618,0xC618,0xC638,0xC638,0xC638,0xC638,0xC618,
    0xC618,0xBE18,0xC618,0xC618,0xC618,0xC618,0xC618,0xC618,0xC638,0xC638,0xC638,0xC638,0xC638,0xC638,0xC638,0xC638,
    0xC638,0xC638,0xC638,0xC638,0xC638,0xCE59,0xC638,0xC638,0xCE59,0xCE59,0xC638,0xC638,0xC638,0xC638,0xC638,0xC638,
    0xC639,0xC639,0xC618,0xC618,0xC638,0xC639,0xC639,0xC638,0xC638,0xC638,0xC638,0xC638,0xC638,0xC638,0xC638,0xC638,
    0xC638,0xCE58,0xC638,0xC618,0xC638,0xC638,0xC638,0xC638,0xC638,0xC638,0xC638,0xC638,0xCE58,0xC638,0xC618,0xC638,
    0xC638,0xCE58,0xCE59,0xCE58,0xC638,0xCE58,0xCE58,0xCE58,0xCE58,0xCE59,0xCE58,0xCE58,0xCE58,0xCE59,0xCE58,0xC638,
    0xC638,0xCE58,0xCE59,0xCE59,0xCE58,0xCE58,0xCE58,0xCE59,0xCE58,0xCE58,0xCE58,0xCE58,0xCE79,0xCE79,0xCE79,0xCE59,
    0xCE58,0xCE58,0xCE58,0xCE58,0xCE58,0xCE58,0xCE79,0xCE79,0xCE58,0xCE58,0xCE58,0xCE79,0xD679,0xD699,0xD679,0xD679,
    0xCE79,0xCE79,0xCE79,0xD679,0xD679,0xD679,0xD679,0xCE58,0xCE58,0xCE58,0xCE58,0xCE79,0xD678,0xD658,0xD658,0xD678,
    0xCE58,0xD658,0xD658,0xD658,0xD679,0xCE79,0xCE79,0xCE79,0xCE79,0xCE79,0xD679,0xCE79,0xCE79,0xCE79,0xCE79,0xD659,
    0xCE59,0xCE59,0xD679,0xD679,0xD679,0xD679,0xD679,0xD679,0xD699,0xD679,0xD679,0xD679,0xD699,0xD699,0xD699,0xD679,
    0xD679,0xD679,0xD679,0xD679,0xD679,0xD679,0xD679,0xD699,0xD699,0xD679,0xD699,0xD679,0xD679,0xD699,0xD679,0xD679,
    0xD638,0xE678,0xCD94,0x7288,0x69E5,0x61A4,0x61A4,0x61A4,0x5984,0x5984,0x5964,0x61C5,0x7A88,0x7A88,0x9B8C,0xBC6F,
    0xCCF1,0xD531,0xD552,0xDD72,0xCCF1,0xC490,0x934B,0x7ACA,0x7AEA,0x72A9,0x72A9,0x72A9,0x7269,0x6A48,0x6227,0x6207,
    0x6207,0x61E6,0x59C6,0x59C5,0x59A5,0x5985,0x5985,0x5164,0x5144,0x5144,0x5145,0x5144,0x5144,0x5144,0x5144,0x5144,
    0x5965,0x5965,0x5965,0x5965,0x5144,0x5144,0x5965,0x5965,0x5945,0x5965,0x5965,0x5965,0x5965,0x5944,0x5944,0x5944,
    0x5964,0x5964,0x5964,0x5984,0x6184,0x6184,0x6184,0x61A5,0x69C6,0x69E6,0x69C5,0x7206,0x7A06,0x8246,0x92A7,0x92A7,
    0x92A6,0x92A6,0x92A6,0x8A86,0x8A86,0x92A7,0x92A7,0x8A87,0x8266,0x7A05,0x71C4,0x71E4,0x71E4,0x71E4,0x71E4,0x71E4,
    0x7205,0x7205,0x7A05,0x7A05,0x7A05,0x7A25,0x7A25,0x7A87,0x7AE9,0xC5D6,0xD699,0xCE78,0xD658,0xD658,0xD658,0xD658,
    0xD658,0xD658,0xD678,0xD678,0xD678,0xD678,0xD678,0xD678,0xD678,0xD678,0xD658,0xD678,0xD658,0xD658,0xD678,0xD678,
    0xD657,0xCE57,0xD658,0xCE57,0xCE57,0xD658,0xD657,0xCE57,0xCE57,0xCE57,0xCE57,0xD678,0xD678,0xCE58,0xCE57,0xCE57,
    0xBDF8,0xBDF8,0xBDF8,0xBDF8,0xBDF8,0xBDF8,0xBDF8,0xBDF8,0xBDF8,0xBDF8,0xBE18,0xBE18,0xBDF8,0xBDF8,0xBDF8,0xBDF8,
    0xBDF8,0xBDF8,0xBDF8,0xBDF8,0xBDF8,0xBDF8,0xC618,0xC618,0xC618,0xBE18,0xBE18,0xBDF8,0xBDF8,0xBDF8,0xBDF8,0xBDF8,
    0xBE18,0xBE18,0xBDF8,0xBDF8,0xBDF8,0xBDF8,0xBE18,0xC618,0xC618,0xBE18,0xBE18,0xC618,0xC618,0xC618,0xC618,0xC618,
    0xC618,0xBE18,0xC618,0xC618,0xBE18,0xC618,0xC639,0xC639,0xC639,0xC639,0xC639,0xC639,0xC639,0xC639,0xC639,0xC639,
    0xC639,0xC618,0xC618,0xC618,0xC618,0xC618,0xC618,0xC618,0xC618,0xC618,0xC618,0xC618,0xC618,0xC618,0xC618,0xC618,
    0xC618,0xC618,0xC618,0xC618,0xC639,0xC639,0xC639,0xC639,0xC618,0xC618,0xC618,0xC618,0xC618,0xC638,0xC638,0xC638,
    0xC638,0xC618,0xC638,0xC638,0xC618,0xBE18,0xBE18,0xC618,0xC638,0xC638,0xBE18,0xBE17,0xC618,0xC618,0xBE18,0xBE17,
    0xC618,0xC618,0xBE18,0xC618,0xC638,0xC618,0xC618,0xC618,0xC618,0xC618,0xC638,0xC638,0xC638,0xC638,0xC638,0xC618,
    0xC618,0xC618,0xC617,0xC617,0xC617,0xC617,0xC618,0xC617,0xC618,0xC638,0xC638,0xC638,0xC618,0xC638,0xC638,0xC638,
    0xC638,0xC638,0xC638,0xC638,0xC638,0xC638,0xC638,0xC638,0xC638,0xC638,0xC638,0xC638,0xC638,0xC638,0xC618,0xC638,
    0xC639,0xC639,0xC618,0xC618,0xC638,0xC639,0xC639,0xC638,0xC638,0xC638,0xC638,0xC638,0xC638,0xC638,0xC638,0xC638,
    0xC638,0xC638,0xCE59,0xCE59,0xCE58,0xC638,0xC638,0xC638,0xC638,0xCE58,0xC638,0xC638,0xCE59,0xCE58,0xCE58,0xCE58,
    0xC638,0xC638,0xCE59,0xCE79,0xCE58,0xCE79,0xCE79,0xCE59,0xCE58,0xCE59,0xCE59,0xCE59,0xCE59,0xC638,0xCE38,0xCE59,
    0xCE59,0xCE59,0xCE79,0xCE79,0xCE59,0xCE59,0xCE59,0xCE79,0xCE79,0xCE79,0xD679,0xD699,0xD6B9,0xD699,0xD699,0xCE58,
    0xCE58,0xD6BA,0xD699,0xCE58,0xCE79,0xCE58,0xCE79,0xCE79,0xCE58,0xCE79,0xCE79,0xCE79,0xCE79,0xCE79,0xD679,0xCE79,
    0xCE79,0xCE79,0xCE79,0xCE59,0xCE79,0xD679,0xD679,0xD679,0xD679,0xD679,0xD679,0xD699,0xDE78,0xDE58,0xDE58,0xDE78,
    0xDE58,0xDE79,0xD679,0xD679,0xD679,0xD679,0xCE79,0xCE79,0xD679,0xD679,0xD679,0xCE79,0xCE79,0xCE79,0xD679,0xD679,
    0xD679,0xD679,0xD679,0xD679,0xD679,0xD699,0xD699,0xD699,0xD699,0xD679,0xD679,0xD679,0xD699,0xD699,0xD699,0xD679,
    0xD699,0xD699,0xD679,0xD679,0xD679,0xD679,0xD679,0xD679,0xD679,0xCE59,0xD679,0xD679,0xD679,0xD699,0xD679,0xD658,
    0xD658,0xDE37,0x8B4B,0x6206,0x69C5,0x61A4,0x61A5,0x61A4,0x6184,0x5964,0x4922,0x6A06,0x8B2B,0xC4D1,0xE593,0xE573,
    0xEDB3,0xEDB3,0xE572,0xDD71,0xD511,0xD4F0,0xABCC,0x82A8,0x7268,0x7AA9,0x82C9,0x7288,0x7268,0x6A48,0x6227,0x6227,
    0x6207,0x61E6,0x59C6,0x59C5,0x59A5,0x5985,0x5985,0x5164,0x5964,0x5964,0x5165,0x5165,0x5165,0x5165,0x5165,0x5144,
    0x5144,0x5165,0x5165,0x5965,0x5945,0x5965,0x5965,0x5965,0x5144,0x5945,0x5965,0x5965,0x5965,0x5944,0x5965,0x5965,
    0x5965,0x5965,0x5985,0x6185,0x6185,0x61A5,0x6184,0x69A5,0x69C5,0x69C6,0x69E6,0x7A26,0x7A06,0x8246,0x92A7,0x92A7,
    0x92A6,0x92A6,0x92A6,0x8A86,0x8A86,0x92A7,0x92A7,0x92A7,0x92A7,0x8266,0x7A04,0x71E4,0x69C4,0x69C4,0x71E4,0x7205,
    0x7205,0x7205,0x7A05,0x7A05,0x7A05,0x7A25,0x7A25,0x7266,0x836B,0xD657,0xCE79,0xCE78,0xD658,0xD658,0xD657,0xD637,
    0xD657,0xD657,0xD658,0xD658,0xD658,0xD658,0xD658,0xD658,0xD658,0xD658,0xD658,0xD658,0xD657,0xD658,0xD657,0xD658,
    0xD657,0xD657,0xD678,0xD658,0xD678,0xD658,0xD657,0xD658,0xD678,0xCE57,0xCE58,0xD678,0xD678,0xCE57,0xD678,0xCE58,
    0xBDF8,0xBDF8,0xBDD7,0xBDD7,0xBDF8,0xBDF8,0xBDF8,0xBDF8,0xBDD7,0xBDD7,0xBDF8,0xBDF8,0xBDF8,0xBDF7,0xBDF8,0xBDF8,
    0xBDF8,0xBDF8,0xBDF8,0xBDF8,0xBDF8,0xBDF8,0xBDF8,0xBDF8,0xBE18,0xC618,0xC618,0xBE18,0xBE18,0xBE18,0xBE18,0xBE18,
    0xBDF8,0xC618,0xC618,0xBE18,0xBDF8,0xBE18,0xC618,0xBE18,0xBDF8,0xBE18,0xC618,0xBE18,0xBDF8,0xBDF8,0xBDF8,0xBE18,
    0xC618,0xC618,0xC639,0xC618,0xBDF8,0xBDF8,0xC618,0xC618,0xC618,0xC618,0xC618,0xC618,0xC618,0xBE18,0xC618,0xC618,
    0xC618,0xC618,0xC618,0xC618,0xC618,0xC618,0xC618,0xC618,0xC618,0xC639,0xC639,0xC618,0xC618,0xC618,0xC618,0xBE18,
    0xC618,0xC618,0xC618,0xC618,0xC618,0xC618,0xC618,0xC618,0xBE18,0xBE18,0xC618,0xC618,0xC618,0xBE18,0xC618,0xC618,
    0xBE18,0xC618,0xC618,0xBE18,0xBE17,0xBE18,0xC618,0xBE17,0xC618,0xC638,0xBE18,0xBE17,0xBE18,0xC618,0xBE17,0xBDF7,
    0xBE18,0xC618,0xBE17,0xC618,0xC638,0xC618,0xBE18,0xC618,0xC618,0xC618,0xC618,0xC638,0xC638,0xC638,0xC638,0xC638,
    0xC638,0xC638,0xC618,0xC617,0xC638,0xC638,0xC638,0xC638,0xC638,0xC638,0xC638,0xC638,0xC617,0xBDF7,0xBDF7,0xC617,
    0xC638,0xC638,0xC638,0xC638,0xC618,0xC638,0xC638,0xC638,0xC638,0xC638,0xC638,0xC638,0xC638,0xC638,0xC638,0xC639,
    0xC639,0xC639,0xC639,0xCE59,0xC639,0xC638,0xC638,0xC638,0xCE58,0xCE58,0xCE78,0xCE79,0xCE58,0xCE58,0xCE58,0xCE58,
    0xCE58,0xCE58,0xCE58,0xCE79,0xCE58,0xCE58,0xCE79,0xCE79,0xCE79,0xCE78,0xCE79,0xCE79,0xCE79,0xCE79,0xCE79,0xD699,
    0xD699,0xCE79,0xCE58,0xCE78,0xCE79,0xCE58,0xCE58,0xCE58,0xCE58,0xCE79,0xCE58,0xCE58,0xCE79,0xCE79,0xD679,0xD679,
    0xD679,0xD679,0xD679,0xD679,0xD679,0xD679,0xD679,0xCE78,0xCE78,0xCE78,0xD698,0xD678,0xD678,0xCE58,0xD678,0xD679,
    0xD679,0xCE79,0xD679,0xD679,0xCE79,0xD699,0xD679,0xD679,0xD699,0xD679,0xD679,0xD679,0xD679,0xD679,0xD699,0xD699,
    0xD699,0xD699,0xD699,0xD679,0xD679,0xD679,0xD679,0xD679,0xD679,0xCE58,0xCE59,0xD679,0xE658,0xDE17,0xCD95,0xCDB6,
    0xDE38,0xD658,0xD678,0xD679,0xD679,0xD699,0xD699,0xD699,0xD699,0xD699,0xD699,0xD679,0xD679,0xD679,0xD699,0xD699,
    0xD699,0xD699,0xD679,0xD679,0xD679,0xDE99,0xD699,0xD679,0xD699,0xD679,0xD679,0xD679,0xD699,0xD699,0xD679,0xD678,
    0xD678,0xD679,0xD679,0xD679,0xD679,0xD679,0xD679,0xD699,0xD679,0xD679,0xD679,0xD679,0xD678,0xD678,0xD678,0xD678,
    0xDE98,0xACB1,0x6A27,0x61C5,0x61A4,0x61A5,0x6184,0x6184,0x5963,0x4902,0x61A5,0xA3CD,0xD594,0xE5D5,0xEDB3,0xF5D4,
    0xF5D3,0xE591,0xED91,0xEDB2,0xEDB2,0xE572,0xDD11,0xBC6F,0xA38C,0x7A88,0x7226,0x7247,0x6A48,0x6227,0x6207,0x5A07,
    0x6207,0x61E6,0x61E6,0x61C6,0x59C5,0x59A5,0x5985,0x5984,0x5964,0x5984,0x5165,0x5165,0x5165,0x5985,0x5965,0x5165,
    0x5144,0x5165,0x5965,0x5965,0x5144,0x5965,0x5965,0x5945,0x5965,0x5965,0x5965,0x5965,0x5965,0x5965,0x5965,0x5965,
    0x6185,0x6185,0x6185,0x6185,0x61A5,0x61A5,0x69A5,0x69A5,0x69C6,0x69E6,0x7206,0x7A47,0x7A26,0x8A66,0x92C7,0x92A7,
    0x92A6,0x92A6,0x92A6,0x8A86,0x8A86,0x92A7,0x92C7,0x92A7,0x92A7,0x8A87,0x7A05,0x7A04,0x71C4,0x69C4,0x71E4,0x7205,
    0x7205,0x7A05,0x7A05,0x7A05,0x8225,0x7A25,0x7A46,0x7246,0x9C0D,0xDE98,0xCE78,0xD678,0xD678,0xD658,0xD658,0xD658,
    0xD658,0xD658,0xD658,0xD678,0xDE98,0xD678,0xD658,0xD658,0xD678,0xD658,0xD658,0xD678,0xD658,0xD678,0xD658,0xD678,
    0xDE98,0xD678,0xD678,0xD678,0xDE98,0xD678,0xD678,0xD678,0xD678,0xD698,0xD698,0xD678,0xD678,0xD698,0xD698,0xD698,
    0xBDF8,0xBDF8,0xBDF7,0xBDF8,0xBDF8,0xBDF8,0xBDF8,0xBDF8,0xBDF8,0xBDF8,0xBDF8,0xBE18,0xBE18,0xBE18,0xBE18,0xBE18,
    0xBDF8,0xBDF8,0xBDF8,0xBDF8,0xBDF8,0xBDF8,0xBDF8,0xBDF8,0xBDF8,0xBE18,0xBE18,0xC618,0xC618,0xBE18,0xBE18,0xBDF8,
    0xBDF8,0xBDF8,0xBDF8,0xBE18,0xBE18,0xBE18,0xBE18,0xBE18,0xBE18,0xBE18,0xBE18,0xBE18,0xBE18,0xBE18,0xC618,0xBE18,
    0xBE18,0xC618,0xC618,0xBE18,0xBE18,0xBE18,0xC618,0xBE18,0xBE18,0xBE18,0xBE18,0xBE18,0xBE18,0xBE18,0xBE18,0xBE18,
    0xBE18,0xC618,0xC618,0xC618,0xC618,0xC618,0xC618,0xC618,0xBE18,0xC618,0xBE18,0xBE18,0xBE18,0xBE18,0xBE18,0xBE18,
    0xBE18,0xBE18,0xBE18,0xC618,0xC618,0xC618,0xC618,0xC618,0xC618,0xC618,0xC618,0xC618,0xC618,0xC618,0xC618,0xC618,
    0xBE18,0xC618,0xC618,0xBE18,0xBE18,0xC618,0xC618,0xBE18,0xC618,0xC638,0xC638,0xC638,0xC638,0xC638,0xC638,0xC618,
    0xC638,0xC638,0xC638,0xC638,0xC638,0xC638,0xC618,0xC618,0xC638,0xC638,0xC638,0xC638,0xC638,0xC638,0xC638,0xC638,
    0xC638,0xC638,0xC638,0xC638,0xC638,0xC658,0xC658,0xC638,0xC638,0xC638,0xC638,0xC638,0xC659,0xC638,0xC638,0xC638,
    0xCE59,0xCE79,0xC659,0xC638,0xCE59,0xCE79,0xCE59,0xCE39,0xCE38,0xC638,0xCE59,0xCE59,0xCE59,0xCE38,0xCE59,0xCE59,
    0xCE59,0xCE59,0xCE59,0xCE59,0xCE59,0xCE59,0xCE59,0xCE79,0xCE79,0xCE58,0xCE58,0xCE79,0xCE79,0xCE58,0xCE79,0xCE79,
    0xCE79,0xCE79,0xCE79,0xCE79,0xCE78,0xCE79,0xCE79,0xCE79,0xCE79,0xCE78,0xCE79,0xCE79,0xCE58,0xCE58,0xCE58,0xCE58,
    0xCE58,0xCE78,0xCE78,0xCE78,0xCE58,0xCE58,0xCE58,0xCE78,0xCE79,0xCE79,0xCE79,0xCE79,0xD679,0xD699,0xD699,0xD679,
    0xD679,0xD699,0xD679,0xD679,0xD679,0xD679,0xD679,0xD679,0xD699,0xD699,0xD678,0xD678,0xD678,0xCE58,0xD678,0xD699,
    0xD699,0xD658,0xD679,0xD699,0xD699,0xD699,0xD679,0xD699,0xD699,0xD678,0xCE58,0xD679,0xD699,0xD699,0xD699,0xD699,
    0xD699,0xD699,0xD679,0xD679,0xD659,0xD679,0xDE79,0xDE58,0xDE57,0xD617,0xD5F6,0xD616,0xD574,0xCCF2,0xB44F,0xB44F,
    0xBCD2,0xCD54,0xDE17,0xD638,0xD659,0xD658,0xD659,0xD659,0xD659,0xD659,0xD679,0xD679,0xCE79,0xCE79,0xD679,0xCE59,
    0xD679,0xD679,0xD658,0xD638,0xD658,0xD658,0xDE79,0xDE79,0xD678,0xD678,0xD678,0xD678,0xD678,0xD678,0xD678,0xD678,
    0xD679,0xD679,0xD678,0xD679,0xD679,0xD678,0xD678,0xD678,0xD678,0xD678,0xD679,0xD679,0xD678,0xD678,0xD658,0xE699,
    0xD5B5,0x7AC9,0x61E5,0x61C5,0x61A5,0x61C5,0x61A5,0x4922,0x61C5,0x934B,0xD552,0xF656,0xE615,0xEE16,0xF615,0xF615,
    0xEDD4,0xEDD3,0xEDD3,0xF5D3,0xF5D3,0xF5B3,0xF5D3,0xEDD3,0xE5B2,0xD510,0xABAC,0x8AA8,0x7206,0x61E6,0x6207,0x59E7,
    0x6207,0x59E6,0x59E6,0x6206,0x59C5,0x59A5,0x59A5,0x5985,0x5984,0x5984,0x5965,0x5965,0x5965,0x5965,0x5965,0x5965,
    0x5144,0x5144,0x5965,0x5965,0x5965,0x5965,0x5965,0x5965,0x5965,0x5965,0x5965,0x5965,0x5965,0x5965,0x6185,0x6185,
    0x6185,0x6185,0x6185,0x61A5,0x61A5,0x61A5,0x61A5,0x69C5,0x69C5,0x71E5,0x7A26,0x8246,0x8246,0x8A66,0x92A7,0x92A7,
    0x92A6,0x8A86,0x8AA6,0x9286,0x8A86,0x92A7,0x92A7,0x92A7,0x8A87,0x8AA7,0x7A25,0x71E5,0x71E4,0x69C4,0x71E4,0x7204,
    0x7205,0x7A25,0x7A25,0x7A25,0x8225,0x7A26,0x7A46,0x6A67,0xACD1,0xDE98,0xD679,0xD678,0xD678,0xD678,0xD678,0xD678,
    0xD678,0xD678,0xD678,0xD678,0xDE78,0xDE78,0xD678,0xD678,0xD678,0xD678,0xD678,0xD678,0xD678,0xDE99,0xDE78,0xDE98,
    0xDE98,0xD678,0xD678,0xD678,0xD678,0xD678,0xD678,0xD678,0xD678,0xD698,0xD678,0xD678,0xD678,0xD678,0xD678,0xD678,
    0xBDF8,0xBDF8,0xBDF7,0xBDF7,0xBDF8,0xBDF8,0xBDF8,0xBDF8,0xBDF8,0xBE18,0xBE18,0xBE18,0xBE18,0xBDF8,0xBDF8,0xBDF8,
    0xBDF8,0xBDF8,0xBDF8,0xBE18,0xC618,0xC618,0xC618,0xBDF8,0xBDF8,0xBDF8,0xBDF8,0xBDF8,0xBDF8,0xBDF8,0xBDF8,0xBDF8,
    0xBE18,0xBDF8,0xBDF8,0xBDF8,0xBDF8,0xBE18,0xBE18,0xBE18,0xBE18,0xBE18,0xBE18,0xBE18,0xBE18,0xC638,0xBDF8,0xBDF8,
    0xBDF8,0xBDF8,0xBDF8,0xBE18,0xBE18,0xC618,0xBE18,0xBE18,0xBE18,0xBE18,0xBE18,0xBE18,0xBE18,0xBE18,0xBE18,0xBE18,
    0xBE18,0xBE18,0xBE18,0xBE18,0xBE18,0xC618,0xC618,0xC618,0xC618,0xBDF8,0xBE18,0xBE18,0xBE18,0xBE18,0xBE18,0xBE18,
    0xBE18,0xBE18,0xBE18,0xC638,0xC638,0xC638,0xC638,0xC638,0xC638,0xC638,0xC638,0xC638,0xC638,0xC638,0xC638,0xC638,
    0xC638,0xC638,0xC638,0xC638,0xC638,0xC638,0xC659,0xC659,0xC659,0xC638,0xC638,0xC638,0xC638,0xC638,0xC638,0xC638,
    0xC638,0xC638,0xC638,0xC638,0xC638,0xC638,0xC638,0xC638,0xC639,0xC639,0xC659,0xC659,0xC639,0xC639,0xC659,0xC659,
    0xC659,0xC659,0xC659,0xC659,0xC659,0xC659,0xC659,0xC659,0xC659,0xC659,0xC659,0xC659,0xC659,0xCE79,0xCE79,0xC659,
    0xC659,0xCE79,0xCE79,0xC659,0xCE99,0xD6BA,0xCE79,0xCE59,0xCE59,0xCE59,0xCE79,0xD679,0xCE79,0xCE79,0xCE79,0xCE59,
    0xCE79,0xCE79,0xCE79,0xCE79,0xCE59,0xCE59,0xCE59,0xCE79,0xCE79,0xCE58,0xCE58,0xCE79,0xCE58,0xCE58,0xCE79,0xCE79,
    0xCE79,0xD679,0xCE79,0xCE79,0xCE79,0xCE79,0xCE79,0xCE79,0xCE79,0xCE79,0xCE79,0xD679,0xD679,0xD679,0xD679,0xD699,
    0xD679,0xD679,0xD679,0xD699,0xD699,0xD699,0xD699,0xD699,0xD679,0xD679,0xD679,0xD679,0xD699,0xCE58,0xD699,0xD659,
    0xCE38,0xD679,0xDEBA,0xD699,0xD679,0xD679,0xD699,0xD699,0xD699,0xD699,0xD699,0xD699,0xD679,0xD679,0xD679,0xD679,
    0xD699,0xD699,0xD699,0xD679,0xD679,0xD678,0xD678,0xD699,0xD699,0xD679,0xD699,0xD699,0xD699,0xD699,0xCE79,0xCE79,
    0xD679,0xD679,0xD679,0xD659,0xD659,0xDE58,0xDE37,0xDDF6,0xDDF5,0xD5B4,0xD594,0xDDD5,0xD553,0xC48F,0xBC4E,0xCC90,
    0xCCB1,0xCCD1,0xE5D6,0xE638,0xDE58,0xDE58,0xDE58,0xDE58,0xDE58,0xDE58,0xDE58,0xD658,0xD658,0xD678,0xD678,0xD679,
    0xD679,0xD679,0xD679,0xD679,0xD679,0xD678,0xD658,0xD658,0xD678,0xD698,0xD698,0xD698,0xD698,0xD698,0xD679,0xD679,
    0xD699,0xD699,0xD678,0xD678,0xD678,0xD678,0xD678,0xD678,0xD678,0xD678,0xD698,0xCE78,0xD678,0xDE58,0xDE58,0xE657,
    0x9BAD,0x61C5,0x61C5,0x61C5,0x61C5,0x59A5,0x5143,0x8B0A,0xD573,0xEE36,0xEE36,0xEE36,0xEE36,0xF656,0xF656,0xFE56,
    0xFE56,0xF635,0xF615,0xF5F4,0xF5F4,0xF5D3,0xF5D3,0xEDD3,0xE5B2,0xEDB3,0xF5D3,0xE552,0x9B2A,0x69C5,0x61E7,0x59E7,
    0x6227,0x59C6,0x59C6,0x6206,0x59C6,0x59C6,0x59A5,0x5985,0x5185,0x5164,0x5964,0x5964,0x5964,0x5964,0x5965,0x5964,
    0x5144,0x5144,0x5944,0x5944,0x5945,0x5965,0x5965,0x5965,0x5965,0x5965,0x5965,0x5965,0x5965,0x6185,0x5965,0x6185,
    0x61A5,0x61A5,0x61A5,0x61C5,0x61A5,0x61C5,0x61C5,0x69E5,0x69E5,0x7205,0x7A25,0x8225,0x8A66,0x8A66,0x92A7,0x92A7,
    0x92A7,0x92A7,0x92A7,0x92A7,0x8A87,0x8AA7,0x8A87,0x8A87,0x8A87,0x8AA8,0x7A26,0x7A05,0x69A3,0x69A3,0x7204,0x7204,
    0x7204,0x7A25,0x7A45,0x8246,0x8226,0x7A26,0x7267,0x6AA8,0xC5B5,0xDE98,0xDE99,0xDE78,0xD678,0xDE78,0xDE98,0xDE78,
    0xD678,0xD678,0xD678,0xD678,0xD678,0xDE78,0xDE78,0xDE78,0xDE78,0xDE78,0xDE98,0xDE98,0xDE78,0xDE78,0xDE99,0xDE99,
    0xDE99,0xDE99,0xDE99,0xDE98,0xDE99,0xDE99,0xDE99,0xDE99,0xDE99,0xDE99,0xDE99,0xDE99,0xDE99,0xDE99,0xDE78,0xDE78,
    0xBDF7,0xBDF7,0xBDF8,0xBDF8,0xBDF8,0xBDF8,0xBDF8,0xBDF8,0xBDF8,0xBDF8,0xBDF8,0xBDF8,0xBDF8,0xBDF7,0xBDF7,0xBDF7,
    0xBDF7,0xBDF7,0xBDF8,0xBDF8,0xBDF8,0xBE18,0xBDF8,0xBDF8,0xBDF8,0xBDF8,0xBDF8,0xBDF8,0xBDF8,0xBDF8,0xBDF8,0xBDF8,
    0xBDF8,0xBDF8,0xBDF8,0xBDF8,0xBDF8,0xBDF8,0xBDF8,0xBDF8,0xBDF8,0xBE18,0xBE18,0xBDF8,0xBDF8,0xBDF8,0xBDF7,0xBDF8,
    0xBE18,0xBDF7,0xBDF8,0xC618,0xBE18,0xBDF8,0xBDF8,0xBDF8,0xBE18,0xBE18,0xBE18,0xBDF8,0xBE18,0xBE18,0xBE18,0xBE18,
    0xBE18,0xC618,0xC618,0xC618,0xC618,0xC618,0xC639,0xC639,0xC618,0xC618,0xC639,0xC639,0xBE18,0xBE18,0xBE18,0xC639,
    0xC639,0xC639,0xC639,0xC638,0xC638,0xC638,0xC638,0xC638,0xC638,0xC638,0xC638,0xC638,0xC638,0xC638,0xC638,0xC638,
    0xC638,0xC639,0xC639,0xC639,0xC639,0xC639,0xC659,0xC659,0xC639,0xC639,0xC638,0xC659,0xC659,0xC659,0xC659,0xC638,
    0xC638,0xC638,0xC638,0xC638,0xCE59,0xCE59,0xCE59,0xCE59,0xCE59,0xC659,0xC659,0xCE59,0xCE79,0xCE79,0xCE59,0xCE59,
    0xCE59,0xCE59,0xCE59,0xCE79,0xCE79,0xCE79,0xCE79,0xCE79,0xCE59,0xCE59,0xCE59,0xCE59,0xC659,0xCE79,0xCE79,0xCE79,
    0xCE79,0xCE79,0xCE79,0xCE59,0xCE59,0xCE59,0xCE59,0xCE79,0xCE79,0xCE59,0xCE79,0xCE79,0xCE79,0xCE79,0xCE79,0xCE79,
    0xCE79,0xCE79,0xCE79,0xCE79,0xCE79,0xCE79,0xCE79,0xCE79,0xCE79,0xCE79,0xD699,0xCE79,0xCE79,0xCE79,0xCE79,0xCE79,
    0xCE79,0xCE79,0xCE79,0xCE79,0xD699,0xD6BA,0xCE79,0xD679,0xD699,0xD699,0xD699,0xD699,0xD699,0xD679,0xCE58,0xD699,
    0xD699,0xD679,0xD679,0xD679,0xD679,0xD679,0xD679,0xD678,0xD678,0xD679,0xD679,0xD679,0xD699,0xC617,0xD658,0xD679,
    0xCE38,0xD699,0xD699,0xD679,0xD678,0xD679,0xD679,0xD699,0xD678,0xD678,0xD6B9,0xD699,0xD699,0xD699,0xD699,0xD679,
    0xD699,0xD699,0xD699,0xD679,0xD679,0xD679,0xD679,0xD699,0xD699,0xD699,0xD699,0xD699,0xD679,0xD679,0xD679,0xD679,
    0xD658,0xD658,0xDE58,0xDE38,0xDE18,0xDDF7,0xDDB5,0xD594,0xDD94,0xDD74,0xD553,0xD573,0xDD53,0xCCB0,0xCC8F,0xD4D0,
    0xD4D1,0xD4D1,0xD553,0xDDD5,0xDDD5,0xDDF6,0xDDF6,0xDDF6,0xE617,0xE637,0xE637,0xE658,0xE678,0xDE78,0xD658,0xDE78,
    0xD678,0xD678,0xD678,0xD699,0xD699,0xD699,0xCE78,0xCE78,0xD699,0xDE79,0xD679,0xD678,0xD658,0xD678,0xD658,0xDE78,
    0xDE79,0xDE79,0xD678,0xD678,0xD678,0xD678,0xD698,0xD678,0xD678,0xD678,0xD678,0xD698,0xD658,0xDE58,0xEE99,0xAC90,
    0x6207,0x61C6,0x61C5,0x61C5,0x59A4,0x5984,0xA3EE,0xE5F5,0xEE36,0xEE36,0xEE36,0xF677,0xFE97,0xF677,0xFE56,0xFE56,
    0xFE36,0xF615,0xF5F4,0xF5D4,0xF5F4,0xFDF4,0xF5D3,0xF5F4,0xEDB3,0xED92,0xED92,0xED73,0xD4F1,0x8AC9,0x6A06,0x6206,
    0x6207,0x59E6,0x59E6,0x61E6,0x61C6,0x59C6,0x59A5,0x59A5,0x5985,0x5985,0x5965,0x5965,0x5964,0x5965,0x5965,0x5965,
    0x5964,0x5964,0x5965,0x5965,0x5965,0x5965,0x5965,0x5965,0x5965,0x5965,0x5965,0x5965,0x5965,0x6185,0x5985,0x6185,
    0x61A5,0x61A5,0x69C5,0x69C6,0x69C5,0x69C5,0x69E6,0x69E5,0x71E5,0x7A05,0x7A25,0x8225,0x8A66,0x8A86,0x92A7,0x92A7,
    0x92A7,0x92A7,0x92A7,0x92A7,0x8AA7,0x8A87,0x8A87,0x8A87,0x8A87,0x8AA8,0x8246,0x71E5,0x6162,0x69C4,0x7204,0x7A04,
    0x7A04,0x7A25,0x7A45,0x8246,0x8226,0x7A46,0x7267,0x834B,0xDE77,0xDEB9,0xDE79,0xDE99,0xDE99,0xDE99,0xDE99,0xDE99,
    0xDE99,0xDE99,0xDE99,0xDE99,0xDE99,0xDE99,0xDE99,0xDE99,0xDE99,0xDE99,0xDE99,0xDE99,0xDE99,0xDE99,0xDE98,0xDE98,
    0xDE99,0xDE99,0xDE99,0xDE78,0xDEB9,0xDEB9,0xDEB9,0xDE99,0xDEB9,0xDE99,0xDE98,0xDE99,0xDEB9,0xDEB9,0xDE99,0xDE99,
    0xBDD7,0xBDD7,0xBDD7,0xBDD7,0xBDF7,0xBDF7,0xBDF7,0xBDF7,0xBDF8,0xBDF8,0xBDF8,0xBDF8,0xBDF8,0xBE18,0xBE18,0xBDF8,
    0xBDF7,0xBDF7,0xBDF8,0xBDF8,0xBDF8,0xBDF8,0xBDF8,0xBDF8,0xBDF8,0xBDF8,0xBDF8,0xBDF8,0xBDF8,0xBDF8,0xBDF8,0xBDF8,
    0xBDD7,0xBDF8,0xBDF8,0xBDF8,0xBE18,0xBDF8,0xBE18,0xBDF8,0xBDF8,0xBE18,0xBDF8,0xBDF8,0xBE18,0xC638,0xBE18,0xC618,
    0xC618,0xC618,0xC618,0xC618,0xC618,0xC618,0xC618,0xBE18,0xBE18,0xBE18,0xBE18,0xBE18,0xC638,0xC638,0xC638,0xC638,
    0xC638,0xC618,0xC618,0xC618,0xC618,0xC618,0xC639,0xC639,0xC618,0xC618,0xC639,0xC639,0xC639,0xC638,0xC639,0xC639,
    0xC639,0xC639,0xC639,0xC639,0xC639,0xC639,0xC639,0xC639,0xC639,0xC639,0xC639,0xC639,0xC639,0xC639,0xC639,0xC639,
    0xC639,0xC659,0xC659,0xC659,0xC659,0xC659,0xC659,0xC659,0xC659,0xC679,0xC679,0xC659,0xC659,0xC659,0xC659,0xC659,
    0xCE59,0xCE59,0xCE59,0xCE59,0xCE59,0xCE59,0xCE59,0xCE59,0xCE59,0xCE59,0xCE59,0xCE59,0xCE79,0xCE79,0xCE59,0xCE59,
    0xCE59,0xCE59,0xCE79,0xCE79,0xCE79,0xCE59,0xCE79,0xCE79,0xCE79,0xCE79,0xCE79,0xCE79,0xCE79,0xCE79,0xCE79,0xCE79,
    0xCE79,0xCE59,0xCE79,0xCE99,0xCE79,0xCE79,0xCE79,0xD699,0xD699,0xCE79,0xCE79,0xD679,0xCE78,0xCE79,0xCE79,0xCE79,
    0xCE79,0xCE79,0xCE78,0xCE79,0xD679,0xD679,0xD679,0xCE79,0xCE79,0xCE79,0xD699,0xCE79,0xCE79,0xD699,0xCE79,0xCE79,
    0xD699,0xD699,0xD679,0xCE79,0xCE79,0xCE79,0xD699,0xD699,0xD699,0xD699,0xD699,0xD679,0xD699,0xD679,0xD678,0xD679,
    0xD678,0xD678,0xD678,0xD678,0xD678,0xD678,0xD679,0xD699,0xD699,0xD679,0xD679,0xD699,0xD699,0xD679,0xD679,0xD699,
    0xDE99,0xD699,0xD678,0xD699,0xD699,0xD699,0xD679,0xD678,0xD678,0xD678,0xD699,0xD699,0xD699,0xD699,0xD699,0xD698,
    0xD678,0xD678,0xD699,0xDE99,0xDE99,0xDE99,0xDE99,0xD678,0xD678,0xD678,0xD678,0xD678,0xDE78,0xDE78,0xDE78,0xE678,
    0xE679,0xE658,0xE638,0xDDF7,0xDDB6,0xDD95,0xE594,0xDD53,0xD512,0xD512,0xD512,0xD532,0xDD32,0xDD32,0xDD12,0xDD11,
    0xE532,0xE532,0xDD32,0xDD53,0xD573,0xD573,0xD552,0xD552,0xD553,0xD553,0xDD74,0xDDB5,0xDDF5,0xE616,0xE637,0xE677,
    0xE678,0xDE77,0xDE77,0xD678,0xD678,0xD698,0xD698,0xD699,0xD679,0xDE79,0xDE79,0xDE79,0xDE79,0xDE78,0xDE58,0xDE58,
    0xDE78,0xDE78,0xD698,0xD678,0xD678,0xD698,0xDE98,0xDE98,0xDE98,0xD698,0xD678,0xD678,0xDE78,0xEEB9,0xCD94,0x7288,
    0x61E6,0x5184,0x61C5,0x5984,0x5984,0xBC70,0xF657,0xEE16,0xF637,0xF677,0xFE98,0xFE97,0xF657,0xF656,0xFE56,0xFE56,
    0xFE36,0xF615,0xF615,0xF5F4,0xF5B3,0xF5B3,0xED92,0xEDB3,0xED92,0xF592,0xF592,0xED72,0xF5B4,0xBC0E,0x6A06,0x61E6,
    0x6A27,0x6206,0x6206,0x6206,0x61C6,0x61C6,0x59C6,0x59A5,0x5985,0x5985,0x5985,0x5965,0x5964,0x5965,0x5985,0x5985,
    0x5965,0x5965,0x5985,0x5985,0x6185,0x6185,0x6185,0x6185,0x6185,0x6185,0x5965,0x6185,0x6185,0x6185,0x61A5,0x61A6,
    0x61A5,0x61A5,0x69C5,0x69C5,0x69C5,0x69C5,0x6A06,0x69E5,0x71E5,0x7A46,0x8246,0x8246,0x8A86,0x8A86,0x92A7,0x92A7,
    0x92A7,0x92C7,0x92C7,0x92A7,0x8AA7,0x8A87,0x8A86,0x8A87,0x8A87,0x8AA7,0x7A26,0x6163,0x6162,0x71E4,0x71E4,0x7A05,
    0x7A25,0x7A45,0x7A65,0x8246,0x7A26,0x7A47,0x7267,0x9C4F,0xE6D9,0xDEB9,0xDE99,0xDEB9,0xDE99,0xDE99,0xDE99,0xDE99,
    0xDE99,0xDE99,0xDE99,0xDE99,0xDE99,0xDEB9,0xDEB9,0xDEB9,0xDEB9,0xDE99,0xDE99,0xDE99,0xDEB9,0xE6B9,0xDE99,0xDE99,
    0xDE99,0xDE99,0xDE99,0xDE99,0xDEB9,0xE6B9,0xDEB9,0xDEB9,0xDEB9,0xDE99,0xDE99,0xDE99,0xDE99,0xDE99,0xDE99,0xDE99,
    0xBDD7,0xBDD7,0xBDD7,0xBDD7,0xBDD7,0xBDD7,0xBDD7,0xBDD7,0xBDF7,0xBDF7,0xBDF7,0xBDF7,0xBDF7,0xBDF7,0xBDF8,0xBDF7,
    0xBDF7,0xBDF8,0xBDF8,0xBDF8,0xBDF8,0xBDF8,0xBDF8,0xBDF7,0xBDF7,0xBDF7,0xBDF7,0xC618,0xC618,0xBE18,0xBDF8,0xBDF8,
    0xBDF8,0xBDF8,0xBDF8,0xBDF7,0xBDF8,0xBDF8,0xBDF8,0xBDF8,0xBE18,0xBE18,0xBDF8,0xBDF8,0xC618,0xC638,0xC618,0xC618,
    0xBE18,0xC618,0xC618,0xC618,0xC618,0xC638,0xC638,0xC638,0xC618,0xC618,0xC618,0xC638,0xC618,0xC618,0xC618,0xC618,
    0xC618,0xC638,0xC638,0xC638,0xC638,0xC618,0xC618,0xC618,0xC618,0xBE18,0xC618,0xC618,0xC638,0xC639,0xC639,0xC638,
    0xC638,0xC638,0xC638,0xC639,0xC639,0xC639,0xC639,0xC659,0xC659,0xC659,0xC659,0xC659,0xC659,0xC659,0xC659,0xC659,
    0xC659,0xC659,0xC659,0xC659,0xC659,0xC659,0xC679,0xC679,0xC679,0xC679,0xC679,0xC679,0xC679,0xC679,0xC679,0xCE59,
    0xCE59,0xCE59,0xCE59,0xCE59,0xCE59,0xCE59,0xCE59,0xCE59,0xCE59,0xCE79,0xCE59,0xCE59,0xCE59,0xCE59,0xCE59,0xCE59,
    0xCE59,0xCE59,0xCE59,0xCE79,0xCE59,0xCE58,0xCE58,0xCE79,0xCE79,0xCE79,0xCE59,0xCE79,0xCE79,0xCE58,0xCE58,0xCE79,
    0xCE59,0xCE58,0xCE79,0xD699,0xCE79,0xD679,0xCE78,0xD679,0xD699,0xD679,0xD679,0xD679,0xD679,0xD679,0xCE78,0xCE58,
    0xD679,0xD699,0xD699,0xD679,0xD679,0xD699,0xD679,0xD679,0xD679,0xD679,0xD679,0xD679,0xD699,0xD699,0xD679,0xD679,
    0xD699,0xD679,0xD699,0xD699,0xD679,0xCE78,0xD699,0xD699,0xD679,0xD679,0xD679,0xD679,0xD699,0xD699,0xD679,0xD699,
    0xD699,0xD699,0xD699,0xDE99,0xDE99,0xDE99,0xD699,0xD699,0xD699,0xD699,0xD699,0xD699,0xDE99,0xDEB9,0xD699,0xD699,
    0xD699,0xD699,0xD699,0xD679,0xD678,0xD679,0xD699,0xD699,0xD699,0xD699,0xD699,0xD699,0xD698,0xD678,0xD678,0xD699,
    0xDE99,0xD699,0xD678,0xD678,0xD678,0xD678,0xDE99,0xD678,0xD678,0xDE98,0xDE98,0xDE98,0xDE58,0xE658,0xE658,0xE637,
    0xE617,0xDDB5,0xD574,0xDD54,0xDD53,0xDD33,0xDCF2,0xD4D1,0xD4F1,0xDCF1,0xDD12,0xDCF2,0xDCF2,0xDD12,0xDD12,0xE532,
    0xE511,0xE532,0xE552,0xDD32,0xE573,0xE572,0xE572,0xE552,0xE552,0xE532,0xDD32,0xDD32,0xD532,0xD552,0xD573,0xD573,
    0xDDF5,0xE636,0xE657,0xE677,0xDE78,0xDE98,0xD698,0xD698,0xD699,0xDE99,0xDE99,0xD679,0xD678,0xDE99,0xDE78,0xDE98,
    0xDE98,0xDE99,0xDE99,0xDEB9,0xDEB9,0xDE99,0xDE99,0xDE99,0xDE99,0xDEB9,0xDE99,0xDE99,0xE678,0xE658,0x832B,0x61E6,
    0x5985,0x61A5,0x59A4,0x5984,0xBCB1,0xEE16,0xEE16,0xEE36,0xF677,0xFE77,0xFE77,0xFE77,0xF677,0xF656,0xFE56,0xFE56,
    0xFE56,0xFE35,0xF615,0xF5F4,0xEDB3,0xED92,0xEDB3,0xF5B3,0xF5B3,0xF5B3,0xF5B3,0xF5B3,0xF5B3,0xE552,0x9B2A,0x69E5,
    0x7267,0x6A27,0x6A27,0x6206,0x61C6,0x61E6,0x61C5,0x59A5,0x5985,0x5985,0x5985,0x5965,0x5964,0x5965,0x5985,0x5985,
    0x5965,0x5985,0x6185,0x61A5,0x61A5,0x61A5,0x61A5,0x61A5,0x61A5,0x61A5,0x6185,0x6185,0x61A5,0x61A5,0x6185,0x61A5,
    0x61A6,0x61C5,0x69C6,0x69E6,0x69C5,0x69E5,0x69E6,0x7206,0x8267,0x8A67,0x8A66,0x8A86,0x8A86,0x8A66,0x8A87,0x92A7,
    0x92C7,0x92E7,0x92C7,0x92A7,0x8AA7,0x8A86,0x8286,0x8286,0x8A87,0x8AA7,0x69A4,0x6142,0x69A3,0x71C4,0x71E4,0x7A05,
    0x7A05,0x8225,0x8266,0x8266,0x8246,0x7A47,0x7288,0xB533,0xE6FA,0xE6DA,0xDEB9,0xE6B9,0xE6DA,0xDEB9,0xDEB9,0xDEB9,
    0xDEB9,0xDEB9,0xDEB9,0xDE99,0xDEB9,0xDEB9,0xDEB9,0xDEB9,0xDEB9,0xDEB9,0xDEB9,0xDEB9,0xDEB9,0xDEB9,0xDEB9,0xDEB9,
    0xDEB9,0xDEB9,0xDEB9,0xDEB9,0xDE99,0xDE99,0xDE98,0xDE99,0xDE99,0xDEB9,0xDEB9,0xDE99,0xDE99,0xDE99,0xDE99,0xDE99,
    0xBDD7,0xBDD7,0xBDF7,0xBDF7,0xBDD7,0xBDF7,0xBDF7,0xBDF7,0xBDF7,0xBDF7,0xBDF7,0xBDF7,0xBDF7,0xBDD7,0xBDF7,0xBDF7,
    0xBDF8,0xBDF8,0xBDF8,0xBDF7,0xBDF7,0xBDF7,0xBDF8,0xBDF8,0xBDF7,0xBDF7,0xBDF8,0xBDF8,0xBE18,0xBE18,0xBDF8,0xBDF8,
    0xBDF8,0xBE18,0xC618,0xC618,0xBE18,0xC618,0xBDF8,0xBE18,0xC618,0xC618,0xC618,0xC618,0xC618,0xC618,0xC618,0xC618,
    0xC618,0xC618,0xC618,0xC618,0xC618,0xC618,0xC618,0xC618,0xBE18,0xC618,0xC618,0xBE18,0xC618,0xC618,0xC618,0xC618,
    0xC618,0xC638,0xC638,0xC638,0xC638,0xC638,0xC638,0xC618,0xC638,0xC639,0xC639,0xC638,0xC638,0xC639,0xC659,0xC659,
    0xC639,0xC659,0xCE59,0xCE79,0xC659,0xC639,0xC659,0xC679,0xC659,0xC659,0xC659,0xC659,0xC679,0xC679,0xC659,0xC659,
    0xC679,0xC659,0xC659,0xCE79,0xC679,0xC659,0xCE59,0xCE59,0xC659,0xCE79,0xCE79,0xCE79,0xCE79,0xC659,0xCE59,0xCE59,
    0xCE59,0xCE59,0xCE59,0xCE59,0xCE59,0xCE59,0xCE59,0xCE59,0xCE59,0xD679,0xCE58,0xCE38,0xCE58,0xCE59,0xCE59,0xCE58,
    0xCE58,0xCE59,0xCE58,0xCE58,0xCE58,0xD679,0xCE58,0xCE78,0xCE58,0xCE58,0xD679,0xCE78,0xCE78,0xD679,0xD679,0xD679,
    0xCE58,0xCE58,0xCE58,0xCE78,0xD679,0xCE58,0xCE58,0xD699,0xD679,0xD678,0xD678,0xD679,0xD699,0xD679,0xD678,0xD679,
    0xD679,0xD679,0xD678,0xD679,0xD679,0xD679,0xD679,0xD679,0xD678,0xD679,0xD679,0xD679,0xD679,0xD679,0xD678,0xD679,
    0xDE99,0xD699,0xD699,0xDEB9,0xD699,0xD679,0xD679,0xD699,0xD699,0xD699,0xD699,0xD699,0xD678,0xD699,0xD699,0xDE99,
    0xDE99,0xDE99,0xD699,0xD678,0xDE99,0xDE99,0xD678,0xD678,0xDE99,0xDE99,0xD699,0xD699,0xDE99,0xDEB9,0xD699,0xD699,
    0xD699,0xD699,0xD698,0xDEB9,0xD699,0xD678,0xDE99,0xDE99,0xD678,0xD678,0xD678,0xD698,0xD698,0xD678,0xD698,0xDE99,
    0xDE99,0xD678,0xCE37,0xD678,0xD678,0xD678,0xD678,0xDE78,0xD678,0xD657,0xDE57,0xDE57,0xEE78,0xE617,0xE5F6,0xD533,
    0xCCF2,0xD513,0xD512,0xD4F2,0xD4F1,0xDCD1,0xDCD0,0xDCF1,0xDCD1,0xD4D0,0xD4D1,0xD4D1,0xD4F1,0xD4F2,0xE532,0xE572,
    0xED72,0xED93,0xED72,0xE573,0xED93,0xED92,0xED72,0xED72,0xED51,0xED52,0xED52,0xE552,0xE552,0xDD32,0xDD32,0xDD32,
    0xD512,0xD532,0xDD94,0xE5D5,0xDE16,0xE657,0xE698,0xE678,0xDE98,0xDE99,0xDE99,0xDE99,0xDE98,0xD698,0xD698,0xD698,
    0xDEB8,0xDEB8,0xDE98,0xDE98,0xDEB9,0xDE98,0xDEB9,0xDE99,0xD678,0xDE98,0xDE98,0xDE78,0xEEB9,0xAC70,0x6207,0x59C5,
    0x61A5,0x5984,0x5143,0xB46F,0xEE37,0xEDF6,0xEDF6,0xF637,0xF657,0xF657,0xF657,0xFE77,0xFE77,0xF656,0xFE56,0xF616,
    0xF636,0xF615,0xF636,0xF615,0xEDD4,0xEDD4,0xF5D4,0xF5F5,0xF5D5,0xF5D5,0xF5D4,0xF5D4,0xEDB3,0xF5D4,0xABEC,0x7A46,
    0x7247,0x6A47,0x6A47,0x6A26,0x6206,0x61E6,0x61C5,0x61A5,0x59A5,0x59A5,0x5985,0x5965,0x5964,0x5965,0x5985,0x5985,
    0x5985,0x6185,0x61A5,0x61A5,0x61A5,0x61A5,0x61A5,0x61A5,0x61A5,0x61A5,0x61A5,0x6185,0x61A5,0x61A5,0x61A5,0x61A5,
    0x61A5,0x61A5,0x69C5,0x69C6,0x69E5,0x69E5,0x69E5,0x7A26,0x8A87,0x8A87,0x8A66,0x8A66,0x8A66,0x8A86,0x92A7,0x92C7,
    0x92C7,0x92C7,0x92C7,0x92C7,0x8AA7,0x8A86,0x8286,0x8286,0x8AC7,0x7A25,0x5121,0x6163,0x69A3,0x71E4,0x7A04,0x7A04,
    0x7A25,0x8245,0x8266,0x8266,0x7A46,0x7A67,0x7B0A,0xCE16,0xDED9,0xDEDA,0xDEB9,0xE6B9,0xE6D9,0xE6DA,0xE6B9,0xDE99,
    0xDEB9,0xDE99,0xDE99,0xDE99,0xDE78,0xDE99,0xDE99,0xDEB9,0xDEB9,0xDE99,0xDE99,0xDE98,0xDE98,0xDE98,0xDEB9,0xDE99,
    0xDE99,0xD678,0xD678,0xDE78,0xDE78,0xDE99,0xDE99,0xDE98,0xD678,0xDE98,0xDE98,0xD678,0xDE78,0xDE99,0xDE98,0xDE78,
    0xBDD7,0xBDD7,0xBDF7,0xBDF7,0xBDF7,0xBDF7,0xBDF7,0xBDF8,0xBDF7,0xBDF7,0xBDF7,0xBDF7,0xBDF7,0xBDF7,0xBDF7,0xC618,
    0xBE18,0xBDF7,0xBE18,0xBE18,0xBE18,0xBE17,0xBE18,0xBE18,0xBE18,0xBE18,0xBE18,0xBE18,0xBE18,0xBE18,0xBE18,0xBE18,
    0xBE18,0xBE18,0xC638,0xC618,0xBDF7,0xBDF7,0xC618,0xC618,0xC618,0xC618,0xC618,0xC618,0xC618,0xC618,0xC618,0xC618,
    0xC618,0xC618,0xC618,0xC618,0xC618,0xC618,0xC618,0xC638,0xC638,0xC638,0xC638,0xC618,0xC639,0xC639,0xC639,0xC639,
    0xC639,0xC658,0xC658,0xC658,0xC658,0xC659,0xC659,0xC659,0xCE59,0xCE59,0xC638,0xCE59,0xCE59,0xC638,0xCE59,0xCE59,
    0xC659,0xCE59,0xCE59,0xCE59,0xC659,0xC659,0xC659,0xC659,0xCE59,0xC659,0xC659,0xC659,0xC659,0xCE59,0xC659,0xC659,
    0xC659,0xCE59,0xCE59,0xCE59,0xCE59,0xCE59,0xCE79,0xCE79,0xCE58,0xCE58,0xCE59,0xC638,0xCE58,0xCE79,0xD679,0xCE58,
    0xCE38,0xCE58,0xCE58,0xCE38,0xCE59,0xCE59,0xCE59,0xCE59,0xCE59,0xCE58,0xCE58,0xCE58,0xCE58,0xCE58,0xCE58,0xCE58,
    0xCE58,0xD679,0xD679,0xD678,0xD679,0xD678,0xD658,0xD678,0xD678,0xCE58,0xD678,0xCE58,0xD678,0xD679,0xD679,0xD678,
    0xD679,0xD699,0xD699,0xD699,0xD699,0xD678,0xD699,0xD699,0xD678,0xD699,0xD699,0xD699,0xD678,0xD678,0xD699,0xD699,
    0xD699,0xD699,0xD699,0xD699,0xD678,0xD678,0xD699,0xD699,0xD699,0xD699,0xD679,0xD679,0xD699,0xDE99,0xD699,0xD699,
    0xD699,0xD699,0xD699,0xD699,0xD699,0xD679,0xD699,0xD699,0xDE99,0xD699,0xDEB9,0xDEB9,0xD699,0xD699,0xD699,0xD699,
    0xD699,0xD699,0xD699,0xD678,0xD678,0xDEB9,0xD699,0xD678,0xDE99,0xDE99,0xDE99,0xD678,0xD678,0xD699,0xD699,0xD699,
    0xD699,0xD699,0xD699,0xD699,0xDEB9,0xD699,0xD698,0xD678,0xD678,0xD698,0xD698,0xD678,0xD698,0xDE98,0xDE99,0xD698,
    0xD678,0xDE99,0xDE98,0xDE99,0xDE78,0xDE99,0xDE78,0xD678,0xDE78,0xDE57,0xE657,0xD5B4,0xCD33,0xD512,0xCCD1,0xD4D2,
    0xD512,0xD4F2,0xCCD0,0xD4B0,0xD4B0,0xD4B0,0xDCD0,0xDCD0,0xDCD0,0xDCF1,0xDD12,0xDD32,0xDD53,0xDD53,0xDD53,0xE593,
    0xED93,0xEDB4,0xEDD4,0xEDF4,0xEDD4,0xEDD4,0xF5D3,0xEDB3,0xED92,0xED72,0xED72,0xED52,0xED52,0xE552,0xE572,0xED73,
    0xED73,0xE553,0xDD32,0xDD53,0xD532,0xD573,0xE5D5,0xE636,0xEEB8,0xE6B9,0xDE98,0xDE98,0xDE98,0xDEB8,0xDEB8,0xD6B8,
    0xD6B8,0xDEB9,0xDEB8,0xDEB8,0xDEB9,0xDEB9,0xDEB9,0xDE98,0xDEB9,0xDEB8,0xDE98,0xEEB9,0xD5B5,0x7288,0x61E6,0x5985,
    0x5984,0x4903,0xA3AD,0xEE36,0xE5F5,0xEE16,0xF637,0xF657,0xF657,0xF657,0xF657,0xFE77,0xFE77,0xFE77,0xFE57,0xF656,
    0xF656,0xF636,0xF636,0xEE15,0xEE15,0xF616,0xF616,0xF616,0xF636,0xF636,0xF636,0xFE35,0xF5F4,0xF615,0xDD52,0x8AA8,
    0x7247,0x7268,0x6A27,0x6A26,0x6A27,0x61E6,0x61C5,0x61C5,0x61A5,0x61A5,0x5985,0x5965,0x5964,0x5965,0x5985,0x5985,
    0x5985,0x6185,0x61A5,0x61A5,0x61A5,0x61A5,0x61A5,0x61A5,0x61A5,0x61A5,0x61A5,0x61A5,0x61A6,0x61A6,0x6185,0x6185,
    0x61C6,0x69C6,0x69C5,0x69C5,0x69E5,0x6A06,0x71E5,0x7A26,0x8A87,0x92A7,0x92A7,0x9286,0x8A86,0x92A7,0x92A7,0x92C7,
    0x92E7,0x92E7,0x92E7,0x92E7,0x8AA7,0x8AA7,0x8286,0x82A7,0x8287,0x61A3,0x5922,0x6183,0x69A3,0x71E4,0x7A04,0x7A04,
    0x7A25,0x8245,0x8265,0x7A66,0x7A46,0x7247,0x8BAD,0xDE98,0xD699,0xD699,0xDE99,0xDE99,0xDE78,0xDE98,0xDE98,0xDE78,
    0xDE99,0xDE98,0xDE98,0xDE98,0xD678,0xDE99,0xDE98,0xDE99,0xDE99,0xDE78,0xDE99,0xDEB9,0xDEB9,0xDE99,0xDE99,0xDE99,
    0xDEB9,0xDE99,0xDE99,0xDE99,0xDE99,0xDEB9,0xDEB9,0xDE99,0xDEB9,0xDE99,0xDE99,0xDE99,0xDE99,0xDE99,0xDE99,0xDE99,
    0xBDF8,0xBDF8,0xBE18,0xBE18,0xBDF8,0xBDF8,0xBDF8,0xBDF8,0xBDF8,0xBDF7,0xBDF7,0xBDF7,0xBDF7,0xBDF7,0xC618,0xC618,
    0xC618,0xBE17,0xBE17,0xC638,0xC638,0xC618,0xBE18,0xBE18,0xC618,0xC618,0xBE18,0xC638,0xC618,0xC618,0xC618,0xC638,
    0xC638,0xC618,0xC638,0xC638,0xC618,0xC618,0xC618,0xC638,0xC638,0xC638,0xC638,0xC638,0xC638,0xC638,0xC639,0xC639,
    0xC639,0xC639,0xC639,0xC638,0xC638,0xC638,0xC638,0xC638,0xC638,0xC639,0xC639,0xC638,0xCE59,0xCE39,0xCE59,0xCE39,
    0xCE39,0xC658,0xC658,0xC658,0xC658,0xC658,0xC658,0xC659,0xC659,0xCE59,0xC638,0xCE59,0xCE59,0xCE59,0xC638,0xCE59,
    0xCE59,0xCE59,0xCE59,0xCE58,0xCE58,0xCE59,0xCE58,0xCE58,0xCE79,0xCE58,0xCE58,0xC658,0xCE58,0xCE79,0xCE79,0xCE58,
    0xCE79,0xCE79,0xCE58,0xCE58,0xCE58,0xCE58,0xCE78,0xCE58,0xCE58,0xCE58,0xCE58,0xCE38,0xCE37,0xD679,0xD678,0xCE38,
    0xCE58,0xCE58,0xCE58,0xCE58,0xCE58,0xCE58,0xCE78,0xD678,0xD678,0xD658,0xD678,0xD679,0xD679,0xD679,0xD678,0xD658,
    0xD658,0xD678,0xCE58,0xD678,0xD679,0xD678,0xD699,0xD678,0xD679,0xD678,0xD678,0xD678,0xD679,0xD678,0xD678,0xD678,
    0xD678,0xD678,0xD678,0xD699,0xDE99,0xD698,0xD698,0xD678,0xD658,0xD698,0xD678,0xD698,0xD678,0xD699,0xDEB9,0xD699,
    0xD678,0xD698,0xDEB9,0xDE99,0xD698,0xD678,0xD698,0xDE99,0xDE99,0xD699,0xD699,0xD679,0xD678,0xD678,0xD699,0xD679,
    0xD678,0xD678,0xD679,0xDE99,0xDEB9,0xDEB9,0xD699,0xD699,0xD699,0xD699,0xDE99,0xDE98,0xDE99,0xDE99,0xDE99,0xD678,
    0xD678,0xD678,0xDE99,0xDE98,0xD678,0xDE99,0xDE99,0xDE99,0xDE98,0xD678,0xDE99,0xDE99,0xD678,0xD698,0xD698,0xD698,
    0xDEB9,0xD699,0xDE99,0xD698,0xDEB9,0xDEB9,0xD698,0xDE98,0xDE98,0xDE98,0xD678,0xD678,0xDE98,0xDEB9,0xDEB9,0xDE98,
    0xD678,0xDE99,0xDE98,0xDE99,0xDE98,0xDE99,0xDE98,0xDE98,0xDEB9,0xEE98,0xBCB1,0xB46F,0xCCF2,0xCC70,0xCC70,0xD490,
    0xD4B0,0xD4B0,0xD4D0,0xD4D0,0xD4D0,0xD4F0,0xDD10,0xDD11,0xDD31,0xE552,0xE594,0xEDD5,0xEDD5,0xE5D5,0xEDD5,0xE5D5,
    0xE5D4,0xEE15,0xEE36,0xEE36,0xEE36,0xEE36,0xF615,0xEDF4,0xEDD4,0xF5D4,0xF593,0xED72,0xED72,0xED72,0xED93,0xF5B4,
    0xF5B4,0xEDB4,0xED93,0xEDB4,0xE593,0xDD52,0xDD32,0xD532,0xD593,0xDDF5,0xEE77,0xF6D8,0xF6D9,0xE6B8,0xE6D8,0xE6D9,
    0xDED9,0xDED9,0xE6B9,0xE6B9,0xE6D9,0xE6D9,0xDEB9,0xDEB9,0xE6FA,0xDE98,0xEED9,0xEE98,0x8B6C,0x61C6,0x61A5,0x6185,
    0x5123,0x8ACA,0xE5B5,0xDD94,0xEDF6,0xEE16,0xF637,0xF657,0xF657,0xF657,0xF657,0xFE77,0xFE77,0xFE77,0xFE77,0xFE78,
    0xF677,0xF657,0xF657,0xF657,0xF657,0xF657,0xF657,0xEE37,0xEE57,0xF677,0xF697,0xF676,0xF656,0xF5F5,0xF615,0xABAC,
    0x7226,0x7288,0x7267,0x6A27,0x6A06,0x6A06,0x61E6,0x61C5,0x61A5,0x61A5,0x5985,0x5965,0x5964,0x5965,0x5985,0x5985,
    0x5985,0x6185,0x61A5,0x61A5,0x61A5,0x61A5,0x61A5,0x61A5,0x61A5,0x61A5,0x61A5,0x61A5,0x61A5,0x61A5,0x61A5,0x61A6,
    0x61A6,0x69C6,0x69C6,0x69C5,0x69E6,0x7206,0x7205,0x8266,0x92C8,0x92C8,0x9AC7,0x9AC7,0x92C7,0x92A7,0x92C7,0x92C7,
    0x92E7,0x92E7,0x92E7,0x92E7,0x8AC7,0x8AA7,0x8286,0x8AC7,0x7A66,0x5101,0x5962,0x69A4,0x69A3,0x71E4,0x7A05,0x7A05,
    0x8225,0x8245,0x8265,0x7A45,0x7226,0x6A47,0xA450,0xE6FA,0xD6B9,0xDEB9,0xDE99,0xDE99,0xDEB9,0xDE99,0xDEB9,0xE6B9,
    0xE6B9,0xDEB9,0xDEB9,0xDEB9,0xDEB9,0xE6DA,0xDEB9,0xE6B9,0xDEB9,0xDEB9,0xDEB9,0xDEB9,0xDEB9,0xDEB9,0xE6B9,0xDEB9,
    0xE6B9,0xDE99,0xDEB9,0xE6D9,0xDEB9,0xE6B9,0xDEB9,0xDE99,0xDEB9,0xDE99,0xDEB9,0xE6DA,0xDEB9,0xDEB9,0xDEB9,0xDE99,
    0xBDF8,0xBDF8,0xBDF8,0xC618,0xC618,0xBDF8,0xBDF8,0xBDF8,0xBDF7,0xBDF7,0xBDF7,0xBDF7,0xBDF7,0xC618,0xBDF7,0xBDF7,
    0xC618,0xC618,0xC618,0xC638,0xC638,0xC638,0xC638,0xC618,0xC638,0xC638,0xC618,0xC638,0xC638,0xC618,0xC638,0xC658,
    0xCE59,0xC638,0xC658,0xC658,0xCE79,0xCE79,0xC658,0xC638,0xCE59,0xCE59,0xC638,0xC638,0xC638,0xC638,0xC638,0xC638,
    0xC638,0xC638,0xC638,0xC639,0xC639,0xC639,0xC639,0xC638,0xC638,0xC639,0xC638,0xC618,0xC638,0xC638,0xC638,0xC638,
    0xC639,0xC638,0xC638,0xC638,0xC638,0xC638,0xC638,0xC659,0xC658,0xC638,0xC638,0xC639,0xC638,0xC659,0xC638,0xCE59,
    0xCE59,0xCE59,0xC638,0xCE58,0xCE58,0xCE58,0xCE58,0xCE58,0xCE58,0xCE58,0xCE58,0xCE58,0xCE58,0xCE58,0xCE58,0xCE38,
    0xCE58,0xCE58,0xCE58,0xCE58,0xCE58,0xCE58,0xCE58,0xD658,0xD658,0xD658,0xD658,0xD658,0xCE57,0xD658,0xD658,0xCE58,
    0xCE78,0xCE78,0xD678,0xD678,0xD678,0xD678,0xD678,0xD698,0xD699,0xD678,0xD679,0xD679,0xDE99,0xD679,0xD678,0xD679,
    0xD679,0xD679,0xD678,0xD678,0xD699,0xD678,0xD678,0xD678,0xD678,0xD678,0xDEB9,0xDE99,0xD678,0xD678,0xD698,0xDE99,
    0xDE99,0xD699,0xD678,0xD678,0xD678,0xD678,0xD678,0xDE98,0xD678,0xD678,0xDE99,0xDEB9,0xDE99,0xD698,0xD698,0xD678,
    0xD678,0xD698,0xDE99,0xD678,0xD698,0xDE98,0xD678,0xD678,0xD678,0xD678,0xD678,0xD678,0xD699,0xD699,0xD698,0xDE99,
    0xDE99,0xDEB9,0xDE99,0xD699,0xD699,0xDE99,0xD699,0xD678,0xD678,0xDE99,0xDE98,0xD678,0xDE99,0xDE99,0xDE98,0xDE78,
    0xDE98,0xDE98,0xDE99,0xDE99,0xD678,0xD678,0xDE78,0xDE78,0xDE78,0xDE98,0xDE99,0xDE99,0xDE99,0xDE99,0xD698,0xD699,
    0xDEB9,0xDEB9,0xD699,0xD698,0xDEB9,0xD698,0xDE99,0xDE98,0xDE98,0xDE99,0xDEB9,0xDEB9,0xDE98,0xDE99,0xDEB9,0xDE99,
    0xDE99,0xDEB9,0xDE78,0xDE99,0xDE99,0xDE99,0xDE99,0xDE98,0xDE98,0xEE98,0xAC0E,0xA3AD,0xCC70,0xCC2F,0xCC4F,0xD490,
    0xD4B0,0xD4D0,0xD4D0,0xD4F0,0xD4F0,0xDD31,0xE551,0xED92,0xEDD4,0xEDD4,0xEDF5,0xF637,0xFE98,0xFE98,0xFE98,0xF698,
    0xEE77,0xF697,0xF698,0xF698,0xF699,0xF698,0xF677,0xF657,0xF616,0xEDD5,0xEDB4,0xED93,0xED93,0xF593,0xF5D4,0xF615,
    0xF614,0xF5F4,0xEDF4,0xEDD4,0xE5B3,0xE593,0xE572,0xDD31,0xDD31,0xD511,0xD532,0xDD93,0xE5F5,0xEE77,0xEEB8,0xEEDA,
    0xEEFA,0xE6D9,0xE6B9,0xE6D9,0xE6FA,0xE6D9,0xE6D9,0xE6D9,0xDE98,0xE6D9,0xE6D9,0xA42F,0x61E6,0x61C5,0x5984,0x5943,
    0x69C5,0xD533,0xDD74,0xE5D5,0xEDD6,0xEDF6,0xF617,0xF637,0xF637,0xF657,0xF636,0xF637,0xFE57,0xF657,0xF657,0xF678,
    0xF677,0xF678,0xF698,0xF678,0xF658,0xF658,0xEE58,0xEE99,0xF6D9,0xF6F9,0xFEF9,0xFED8,0xFE97,0xF635,0xFE36,0xD4F1,
    0x82A8,0x7288,0x7267,0x6A47,0x6A06,0x6A06,0x69E6,0x61C5,0x61A5,0x61A5,0x5985,0x5965,0x5964,0x5965,0x5985,0x5985,
    0x5985,0x6185,0x61A5,0x61A5,0x61A5,0x61A5,0x61A5,0x61A5,0x61A5,0x61A5,0x61A5,0x61A5,0x61A5,0x61A5,0x61A6,0x61C6,
    0x61C6,0x69C6,0x69C6,0x69E6,0x6A06,0x7206,0x7205,0x8A87,0x9B09,0x9AE8,0x9AC7,0x9AE8,0x9AE8,0x9AE8,0x92E8,0x9AE8,
    0x9B08,0x92E8,0x92E7,0x92C7,0x8AC7,0x8AA7,0x8286,0x8AA7,0x69A3,0x48E0,0x5963,0x61A3,0x69A3,0x71E4,0x7A05,0x7A05,
    0x8225,0x8245,0x8265,0x7A45,0x7A46,0x7268,0xBD13,0xE6FA,0xDEDA,0xDEFA,0xDEB9,0xE6B9,0xDEB9,0xDEB9,0xE6B9,0xE6DA,
    0xDEB9,0xE6B9,0xDEB9,0xDEB9,0xE6B9,0xE6D9,0xDEB9,0xE6DA,0xE6D9,0xE6D9,0xE6DA,0xDEB9,0xDEB9,0xDEB9,0xE6D9,0xDEB9,
    0xE6D9,0xDEB9,0xDEB9,0xE6B9,0xDEB9,0xE6B9,0xDEB9,0xDEB9,0xDEB9,0xDEB9,0xDE99,0xDE99,0xDE99,0xDEB9,0xDEB9,0xDE99,
    0xBDF8,0xBDF8,0xBDF8,0xBE18,0xC618,0xBE18,0xBE18,0xBE18,0xBE18,0xBE18,0xC618,0xC618,0xC618,0xC639,0xC638,0xC618,
    0xC638,0xC638,0xC618,0xC618,0xC618,0xC638,0xC638,0xC638,0xC638,0xC638,0xC618,0xC638,0xC638,0xC638,0xC638,0xC639,
    0xC639,0xC618,0xC638,0xC638,0xC618,0xC618,0xC638,0xC638,0xCE59,0xC638,0xC638,0xC638,0xC638,0xC638,0xC638,0xC638,
    0xC638,0xC638,0xC638,0xC638,0xC638,0xC638,0xC638,0xC638,0xCE38,0xCE38,0xCE38,0xCE59,0xCE38,0xC618,0xCE38,0xC618,
    0xC638,0xCE58,0xC638,0xC638,0xC638,0xC638,0xC638,0xC638,0xC638,0xC638,0xCE38,0xC638,0xC638,0xCE38,0xCE58,0xCE38,
    0xCE58,0xCE58,0xC638,0xCE58,0xCE58,0xCE37,0xCE38,0xCE58,0xCE58,0xCE58,0xCE58,0xCE58,0xCE58,0xCE58,0xCE78,0xCE37,
    0xCE58,0xD678,0xD678,0xD698,0xD678,0xD678,0xD678,0xD678,0xD678,0xD678,0xD658,0xD678,0xD658,0xD658,0xDE78,0xD678,
    0xD678,0xD698,0xD698,0xDE99,0xD698,0xD678,0xD698,0xD698,0xD698,0xD678,0xD678,0xD678,0xD699,0xDE99,0xD699,0xD698,
    0xD678,0xD658,0xD678,0xD678,0xD678,0xDE99,0xD678,0xDEB9,0xDE99,0xD678,0xD678,0xD678,0xD678,0xD678,0xD698,0xDE99,
    0xD678,0xD678,0xD678,0xD678,0xD678,0xD698,0xD678,0xDEB9,0xDE98,0xD678,0xD678,0xD678,0xDE99,0xD678,0xD678,0xD678,
    0xDE98,0xDE98,0xD698,0xD678,0xD678,0xD698,0xD678,0xD658,0xD678,0xD678,0xD678,0xD678,0xDE99,0xDE99,0xD698,0xD678,
    0xD678,0xDE99,0xD698,0xD678,0xD698,0xDE99,0xDE99,0xD698,0xDE99,0xDE99,0xDE99,0xDE99,0xDEB9,0xDE99,0xDE98,0xDE99,
    0xDE99,0xDE99,0xDEB9,0xDE99,0xDEB9,0xDE99,0xDE99,0xDE99,0xDE99,0xDE99,0xDE99,0xDE98,0xDE78,0xDEB9,0xDEB9,0xDEB9,
    0xDEB9,0xDEB9,0xDEB9,0xDEB9,0xDE99,0xDE99,0xDED9,0xDEB9,0xDEB9,0xDEB9,0xDEB9,0xDEB9,0xDEB9,0xDE99,0xDEB9,0xDEB9,
    0xDE98,0xDEB9,0xDEB9,0xDEB9,0xD698,0xDEB9,0xDE98,0xE6B9,0xE6B9,0xE616,0xD512,0xC44F,0xCC4F,0xD46F,0xD490,0xD46F,
    0xD4B0,0xDCF0,0xDD11,0xDD31,0xDD32,0xE572,0xED93,0xEDB3,0xEDD4,0xEE15,0xF636,0xFEB8,0xFED9,0xFEB9,0xF698,0xF698,
    0xF698,0xF6D9,0xF6FA,0xF6FA,0xF6FA,0xF6D9,0xF6B9,0xF6B8,0xF677,0xF636,0xEDD4,0xED93,0xED93,0xF593,0xF5B3,0xEDF4,
    0xEDF4,0xEDF4,0xEDF4,0xEDD4,0xEDB3,0xEDD3,0xE592,0xE552,0xE552,0xE532,0xDD11,0xD511,0xD512,0xD532,0xD594,0xE5F6,
    0xEE37,0xEEB9,0xEED9,0xE6B9,0xE6D9,0xE6D9,0xDEB8,0xE6B9,0xE6D9,0xEEFA,0xA490,0x6206,0x6A06,0x5984,0x5984,0x5143,
    0xB44F,0xDD94,0xDD74,0xE5D5,0xEDF6,0xEDF6,0xF616,0xF637,0xF657,0xF657,0xF636,0xF657,0xFE77,0xF677,0xF698,0xF698,
    0xF698,0xF6B9,0xFEFA,0xF6D9,0xF6B9,0xF6DA,0xF6FA,0xF71B,0xF73C,0xFF5B,0xFF3A,0xFF19,0xF677,0xF656,0xFE56,0xEDB4,
    0xA36B,0x7A67,0x7A67,0x7247,0x7227,0x6A27,0x6A06,0x61E5,0x61C5,0x61A5,0x5985,0x5984,0x5964,0x5964,0x5984,0x5984,
    0x5985,0x6185,0x61A6,0x61C6,0x61A6,0x61A5,0x61A5,0x61A5,0x61A5,0x61A5,0x61A5,0x61C5,0x61C6,0x61A6,0x61A5,0x61A6,
    0x69C6,0x61C6,0x69E6,0x69E6,0x7206,0x7206,0x7A25,0x9B08,0xAB6A,0xA308,0xA308,0x9AE8,0x9AE8,0x9AE8,0x9B08,0x9B28,
    0x9B28,0x9B08,0x92E7,0x92C7,0x8AA7,0x8AA7,0x8AA7,0x7A46,0x48E0,0x5121,0x5983,0x6183,0x69A3,0x71E4,0x7A05,0x7A05,
    0x8225,0x8246,0x7A45,0x7A46,0x7267,0x7AEA,0xCDF6,0xE6DA,0xDEBA,0xDEB9,0xDED9,0xE6DA,0xE6D9,0xE6D9,0xE6B9,0xE6B9,
    0xDEB9,0xE6B9,0xE6B9,0xDEB9,0xE6B9,0xE6D9,0xDEB9,0xDEB9,0xE6D9,0xE6D9,0xE6DA,0xE6D9,0xE6B9,0xDE99,0xDEB9,0xDEB9,
    0xE6B9,0xDEB9,0xE6D9,0xDEB9,0xDEB9,0xDEB9,0xDEB9,0xDE99,0xDE99,0xDEB9,0xDEB9,0xDEB9,0xDEB9,0xDEB9,0xDEB9,0xDE99,
    0xBE18,0xC639,0xBE19,0xBE18,0xBE18,0xBE18,0xBE18,0xBE19,0xBE38,0xBE18,0xC639,0xC659,0xBE38,0xC638,0xC638,0xBE38,
    0xBE38,0xC618,0xC618,0xC618,0xC618,0xC618,0xC638,0xC639,0xC618,0xC618,0xC618,0xC618,0xC618,0xC619,0xC619,0xC619,
    0xC618,0xC618,0xCE39,0xCE39,0xCE39,0xCE38,0xC618,0xC618,0xC618,0xCE18,0xCE18,0xC618,0xCE38,0xCE39,0xCE38,0xCE38,
    0xC638,0xCE38,0xCE38,0xCE38,0xC638,0xC638,0xCE38,0xCE37,0xCE17,0xD658,0xD638,0xC5F7,0xCE17,0xCE38,0xCE38,0xCE38,
    0xCE38,0xCE38,0xC637,0xCE58,0xCE38,0xCE38,0xCE58,0xCE38,0xCE37,0xCE58,0xCE38,0xCE38,0xCE58,0xCE58,0xCE58,0xCE58,
    0xCE58,0xD678,0xD678,0xD658,0xCE58,0xCE58,0xD678,0xD658,0xCE58,0xD658,0xD658,0xD678,0xD678,0xD678,0xD678,0xD678,
    0xCE58,0xCE58,0xD678,0xD678,0xD678,0xD698,0xD678,0xD678,0xD678,0xD678,0xD678,0xDE98,0xD678,0xD678,0xDE98,0xD678,
    0xD678,0xDE98,0xD678,0xDE98,0xDE98,0xD678,0xD678,0xD698,0xD678,0xD698,0xD698,0xD678,0xD678,0xD698,0xD678,0xD678,
    0xD678,0xD698,0xDE98,0xDE98,0xD678,0xD678,0xDE98,0xD678,0xDE98,0xDE98,0xD678,0xD678,0xDE98,0xD678,0xDE78,0xD678,
    0xD658,0xD678,0xDE78,0xDE99,0xDE98,0xD678,0xD678,0xD678,0xDE98,0xDE98,0xD678,0xDE98,0xDE98,0xD678,0xDE98,0xD678,
    0xD678,0xD678,0xD678,0xDE98,0xD678,0xDE78,0xDE99,0xDE98,0xDE98,0xDE98,0xDE98,0xDE98,0xD678,0xD658,0xDE99,0xDE99,
    0xDE98,0xDE98,0xDE99,0xDE99,0xDE99,0xDEB9,0xDEB9,0xDE99,0xDEB9,0xDE99,0xDEB9,0xDE99,0xDE99,0xDE99,0xDE98,0xDEB9,
    0xD678,0xDE99,0xDEB9,0xD678,0xDEB9,0xDEB9,0xDEB9,0xDEB9,0xDEB9,0xDEB9,0xDEB9,0xDEB9,0xDEB9,0xDEB9,0xE6D9,0xE6DA,
    0xE6D9,0xDEB9,0xE6D9,0xE6D9,0xE6D9,0xE6D9,0xE6D9,0xE6B9,0xE6B9,0xDEB9,0xDEB9,0xDEB9,0xE6DA,0xE6D9,0xE6B9,0xE6DA,
    0xEED9,0xE6D9,0xE6F9,0xDEFA,0xDEFA,0xE6FA,0xF73B,0xE657,0xB490,0xB42E,0xCC8F,0xD4D0,0xCC8F,0xCC6F,0xD490,0xD4B0,
    0xD4F0,0xDD11,0xDD32,0xDD32,0xE532,0xED93,0xED93,0xEDB3,0xF5F5,0xF656,0xEE36,0xEE57,0xF677,0xF6B8,0xF6B8,0xEE98,
    0xEE98,0xEED9,0xF73A,0xF71B,0xF75C,0xFF3B,0xFEFA,0xFEFA,0xFEB9,0xF657,0xEDF5,0xEDD4,0xED93,0xED93,0xED72,0xF5D4,
    0xE593,0xE572,0xEDB3,0xEDB3,0xF5D4,0xF5D4,0xED93,0xE552,0xE552,0xE532,0xE552,0xE573,0xE573,0xE532,0xDD11,0xDD11,
    0xDD11,0xE593,0xE5F6,0xF6B8,0xF6F9,0xE6F8,0xE6D8,0xEEF9,0xEEB8,0xB490,0x6A27,0x69C5,0x6184,0x61A5,0x4902,0x82CA,
    0xD574,0xD574,0xE5B5,0xEDD5,0xEDD6,0xEDF6,0xEDF6,0xF637,0xF637,0xF678,0xF678,0xF698,0xFED9,0xF698,0xF6B8,0xF6B9,
    0xF6B9,0xF6FA,0xF71B,0xF71B,0xF71B,0xEEFB,0xF73C,0xF75C,0xFF7D,0xFF5C,0xFF5C,0xFF1A,0xFEB8,0xFE98,0xFE57,0xF616,
    0xBC2E,0x8246,0x8267,0x7A47,0x7227,0x7247,0x6A27,0x6206,0x61E5,0x61A4,0x6184,0x6184,0x5983,0x5963,0x5983,0x5984,
    0x5984,0x59A5,0x61C6,0x61C6,0x61A6,0x61A6,0x61A6,0x61A5,0x61A5,0x61A5,0x61A5,0x61A5,0x61C5,0x61C5,0x61C6,0x61C6,
    0x61C6,0x69E6,0x6A07,0x69E6,0x7226,0x7206,0x8266,0xAB8A,0xAB8A,0xA349,0xAB49,0xA328,0xA308,0x9B08,0xA329,0x9B28,
    0x9B07,0x9AE7,0x9AC7,0x92A7,0x92A7,0x8A87,0x82A7,0x5983,0x40E0,0x5162,0x5982,0x61A3,0x69C3,0x71E4,0x7A04,0x7A25,
    0x8226,0x8226,0x7A05,0x7A46,0x6246,0x838C,0xDE99,0xDEBA,0xDEBA,0xDEBA,0xDEFA,0xDED9,0xE6B9,0xDEB9,0xE6D9,0xE6B9,
    0xDEB9,0xDEB9,0xDEB9,0xE6B9,0xE6B9,0xE6DA,0xE6D9,0xDEB9,0xDEB9,0xE6D9,0xDEB9,0xDEB9,0xE6D9,0xDEB9,0xE6D9,0xDEB9,
    0xE6D9,0xDEB9,0xE6D9,0xE6D9,0xE6D9,0xDEB9,0xE6D9,0xDEB9,0xDEB9,0xDEB9,0xDEB9,0xDEB9,0xDEB9,0xE6D9,0xDEB9,0xDEB9,
    0xC638,0xC638,0xC638,0xC618,0xBE18,0xC618,0xC618,0xC638,0xC618,0xC618,0xC618,0xC638,0xC618,0xC638,0xC638,0xC638,
    0xC638,0xC638,0xC638,0xC638,0xC638,0xC638,0xC618,0xC618,0xC638,0xC638,0xC638,0xCE59,0xCE38,0xC618,0xC618,0xC618,
    0xC618,0xC618,0xCE38,0xCE59,0xCE38,0xC618,0xCE38,0xD679,0xCE59,0xCE38,0xCE38,0xCE38,0xCE38,0xCE38,0xC617,0xCE58,
    0xCE58,0xCE38,0xCE38,0xCE58,0xCE38,0xCE38,0xCE58,0xCE58,0xCE17,0xD679,0xCE17,0xA4B2,0xAD13,0xD679,0xD658,0xD658,
    0xD678,0xCE58,0xCE58,0xCE78,0xCE58,0xCE58,0xCE58,0xCE78,0xCE58,0xD678,0xD678,0xD678,0xD678,0xD679,0xD678,0xCE58,
    0xCE58,0xD678,0xD699,0xD678,0xD678,0xD679,0xD699,0xD678,0xD678,0xD679,0xD678,0xD678,0xD678,0xD678,0xD698,0xD698,
    0xD698,0xD678,0xD678,0xD678,0xD678,0xD698,0xD678,0xD678,0xD678,0xDE98,0xDE98,0xDE98,0xDE99,0xD678,0xD678,0xDE99,
    0xD678,0xD678,0xD678,0xD658,0xD657,0xD678,0xDE98,0xD678,0xD678,0xD678,0xD698,0xD678,0xD678,0xD698,0xD698,0xD698,
    0xD698,0xD6B8,0xD678,0xDE78,0xDE99,0xDE98,0xD678,0xD698,0xD678,0xDE98,0xDE98,0xDE99,0xDE99,0xD678,0xDE99,0xDE99,
    0xDE99,0xD678,0xD678,0xDE98,0xDE78,0xD678,0xD678,0xDE98,0xDE98,0xDE98,0xD678,0xDE99,0xDEB9,0xDE98,0xDEB9,0xDEB9,
    0xDE99,0xDEB9,0xDEB9,0xDE99,0xDE99,0xDE98,0xDE98,0xDEB9,0xDE98,0xDEB9,0xDEB9,0xDEB9,0xDEB9,0xDEB9,0xDEB9,0xDEB9,
    0xE6D9,0xDEB9,0xDEB9,0xDEB9,0xDEB9,0xE6D9,0xE6D9,0xE6D9,0xE6D9,0xE6D9,0xE6D9,0xE6D9,0xE6D9,0xE6DA,0xE6D9,0xE6D9,
    0xE6D9,0xE6D9,0xE6D9,0xE6DA,0xE6D9,0xE6D9,0xE6D9,0xE6D9,0xE6D9,0xE6D9,0xE6FA,0xE6FA,0xE6FA,0xE6D9,0xE6D9,0xE6FA,
    0xE6DA,0xE6D9,0xE6D9,0xE6FA,0xE6FA,0xE6D9,0xE6D9,0xE6DA,0xE6DA,0xE6FA,0xE6FA,0xE6FA,0xE6FA,0xE6FA,0xE6FA,0xE6DA,
    0xE6D9,0xE6FA,0xE6FA,0xDF1A,0xE73B,0xDED9,0xEED9,0xDDF5,0xAC2E,0xC48F,0xCC8F,0xCC8F,0xCC6F,0xD4B0,0xD4B0,0xD4D0,
    0xDCF1,0xDD11,0xDD32,0xE552,0xED52,0xED93,0xF5D4,0xF5D4,0xF5F4,0xEE15,0xE615,0xEE36,0xE616,0xE5F5,0xE636,0xE637,
    0xEE98,0xF6B9,0xFF1A,0xF71A,0xF71A,0xFF1A,0xFF1A,0xFEF9,0xFEB8,0xFE57,0xEDF5,0xEDD4,0xE552,0xE552,0xE552,0xE552,
    0xE572,0xE572,0xED92,0xED92,0xE572,0xE572,0xEDB3,0xED93,0xED93,0xE552,0xE573,0xEDB4,0xE593,0xE573,0xE552,0xDD32,
    0xE532,0xD4F1,0xD512,0xDD74,0xDDD5,0xE615,0xEE97,0xE616,0xAC2E,0x7247,0x61A5,0x6184,0x5964,0x5964,0x5964,0xBC91,
    0xD534,0xD554,0xE5B5,0xEDD5,0xEDF6,0xEDD6,0xEDD6,0xEE16,0xF637,0xF657,0xF658,0xF677,0xFEB8,0xF6B9,0xF6B9,0xF6D9,
    0xF6D9,0xF6FA,0xF6FA,0xFF5C,0xFF7D,0xF73C,0xFF5C,0xFF7D,0xFF7C,0xFF5C,0xFF5C,0xFF3B,0xFEF9,0xFE97,0xF636,0xF615,
    0xD4D0,0x9AE9,0x8287,0x7A67,0x7247,0x6A27,0x6A06,0x6A06,0x61E5,0x61C5,0x61A4,0x6184,0x5984,0x5963,0x5983,0x5984,
    0x5984,0x59A5,0x61C6,0x61A6,0x61A6,0x61A6,0x61A6,0x61C6,0x61A6,0x61A5,0x61A5,0x61A5,0x61C5,0x61C5,0x61C6,0x61E6,
    0x61E6,0x69E6,0x6A06,0x69E6,0x7206,0x7A26,0x92A7,0xB3CB,0xB38A,0xB38A,0xAB49,0xAB69,0xAB69,0xAB49,0xAB6A,0xA349,
    0xA328,0x9AE7,0x9AE7,0x92C7,0x8A87,0x8AC8,0x7246,0x4901,0x4921,0x5162,0x5982,0x61A3,0x69C3,0x71E4,0x7A04,0x7A25,
    0x7A26,0x7A05,0x7A05,0x7226,0x6247,0x944F,0xE71A,0xDEBA,0xE6BA,0xDEDA,0xE6FA,0xDED9,0xDEB9,0xE6D9,0xE6DA,0xE6B9,
    0xE6D9,0xDEB9,0xDEB9,0xE6B9,0xE6DA,0xE6D9,0xE6FA,0xE6FA,0xE6DA,0xE6DA,0xE6D9,0xE6D9,0xE6DA,0xE6D9,0xE6D9,0xDEB9,
    0xE6D9,0xDEB9,0xE6D9,0xDEB9,0xDEB9,0xDEB9,0xE6DA,0xDEB9,0xDEB9,0xDEB9,0xDEB9,0xDEB9,0xDEB9,0xDEB9,0xDE98,0xDE98,
    0xC618,0xC618,0xC618,0xC618,0xC618,0xC618,0xC618,0xC638,0xC638,0xC638,0xC638,0xC638,0xCE38,0xCE58,0xCE58,0xCE58,
    0xC638,0xC638,0xC638,0xC617,0xC638,0xCE58,0xCE58,0xCE58,0xC638,0xC638,0xC638,0xC618,0xCE18,0xCE38,0xCE38,0xCE38,
    0xCE38,0xCE38,0xCE38,0xCE38,0xCE38,0xCE58,0xD678,0xC617,0xCE17,0xCE38,0xCE38,0xCE38,0xCE38,0xCE58,0xCE58,0xCE58,
    0xCE58,0xCE58,0xCE58,0xCE58,0xCE38,0xCE58,0xCE58,0xD678,0xD658,0xD678,0xD658,0xCE17,0xD658,0xDE79,0xCE37,0xD658,
    0xD678,0xD678,0xD678,0xD678,0xD678,0xD678,0xD678,0xD678,0xD678,0xD678,0xD678,0xD678,0xD678,0xD678,0xD658,0xD678,
    0xD658,0xD678,0xD699,0xD678,0xD678,0xD658,0xD678,0xD699,0xD678,0xD699,0xD678,0xD678,0xD678,0xD678,0xD678,0xD678,
    0xD678,0xD678,0xD678,0xD678,0xD678,0xDE98,0xD678,0xDE98,0xD678,0xD658,0xD678,0xD678,0xDE98,0xD678,0xD678,0xDEB9,
    0xD678,0xD678,0xD678,0xD657,0xD657,0xDE98,0xDE98,0xD678,0xD678,0xD678,0xDE98,0xD698,0xD678,0xD698,0xD698,0xD678,
    0xD678,0xD678,0xD678,0xD678,0xD678,0xD678,0xDE98,0xDE98,0xDE98,0xD678,0xD678,0xDE98,0xDE98,0xD678,0xDE99,0xDEB9,
    0xDEB9,0xDE98,0xD678,0xDE99,0xDE98,0xDE98,0xDEB9,0xDEB9,0xDEB9,0xDEB9,0xDE98,0xDEB9,0xE6D9,0xDEB9,0xDEB9,0xDEB9,
    0xDEB9,0xDEB9,0xE6D9,0xE6FA,0xE6FA,0xE6D9,0xDEB9,0xE6DA,0xE6D9,0xE6D9,0xE6D9,0xDEB9,0xE6D9,0xE6D9,0xDEB9,0xDEB9,
    0xE6D9,0xE6D9,0xE6B9,0xDEB9,0xDEB9,0xE6D9,0xE6D9,0xE6D9,0xE6D9,0xE6D9,0xE6D9,0xDEB9,0xDEB9,0xE6FA,0xE6DA,0xDEB9,
    0xE6D9,0xDEB9,0xDEB9,0xE6FA,0xE6FA,0xE6FA,0xE6FA,0xE6DA,0xE6DA,0xE6DA,0xE6DA,0xE6FA,0xE6FA,0xE6FA,0xE6FA,0xE6FA,
    0xE6DA,0xE6DA,0xE6FA,0xE6DA,0xE6D9,0xE6FA,0xE6FA,0xE6DA,0xE6DA,0xE6DA,0xE6DA,0xE6FA,0xE6FA,0xE6DA,0xE6FA,0xE6DA,
    0xE6FA,0xE6FA,0xE6FA,0xDEB9,0xB574,0xEED9,0xDE36,0xBCD0,0xC4B0,0xCCB0,0xCC8F,0xCC8F,0xD4AF,0xDCD0,0xDCD0,0xDD11,
    0xE552,0xE572,0xED73,0xF5B4,0xF5D4,0xED72,0xED93,0xEDB3,0xEDB3,0xEDD4,0xEDF5,0xEE36,0xEE77,0xE616,0xEE36,0xEE57,
    0xF6B8,0xFEB9,0xFEF9,0xFED9,0xF698,0xFEB8,0xFEB8,0xF656,0xEE15,0xEDF4,0xEDB3,0xED93,0xE531,0xE510,0xE530,0xDD10,
    0xDD10,0xDD10,0xDD10,0xD4CF,0xD4CF,0xDCEF,0xE510,0xED72,0xE573,0xEDD4,0xF615,0xF615,0xF635,0xF615,0xE593,0xDD72,
    0xDD52,0xDD12,0xE553,0xDD32,0xDD12,0xD4D1,0xD4D1,0xBBED,0x8A67,0x6984,0x6142,0x5902,0x5922,0x48E2,0x8AC9,0xCD13,
    0xCCF2,0xDD74,0xE594,0xE5B5,0xE5B5,0xE5B5,0xEDF6,0xF617,0xF637,0xF637,0xF657,0xF657,0xFEB8,0xFEB9,0xF698,0xFED9,
    0xFF1A,0xFF1A,0xFF1A,0xFF1B,0xFF5C,0xFF5C,0xFF1B,0xFF3C,0xFF3B,0xFF1B,0xFEDA,0xFED9,0xFE98,0xF656,0xF615,0xF615,
    0xE573,0xCC8F,0xAB8B,0x8267,0x7A67,0x7227,0x6A06,0x6A06,0x6A06,0x61E5,0x61A5,0x61A4,0x5984,0x5983,0x5983,0x5984,
    0x5984,0x59A5,0x61C6,0x61C6,0x69A6,0x61A6,0x61A6,0x61A5,0x61A5,0x61A5,0x61A5,0x61A5,0x61C5,0x61C6,0x61C6,0x61E6,
    0x61E6,0x69E6,0x6A06,0x7206,0x7206,0x7A26,0xA329,0xBBEC,0xB38A,0xBBAA,0xB349,0xB369,0xB369,0xAB6A,0xAB6A,0xAB69,
    0xA348,0x9B08,0x9AE8,0x92C7,0x8AA7,0x8AC8,0x61A3,0x40C0,0x5162,0x5162,0x5983,0x61A3,0x71C3,0x71E4,0x7A04,0x7A25,
    0x7A05,0x71E5,0x7A05,0x7206,0x6A67,0xB532,0xEF1B,0xDEB9,0xE6BA,0xDEDA,0xE6FA,0xDED9,0xE6B9,0xE6DA,0xE6DA,0xDEB9,
    0xDE99,0xDEB9,0xE6B9,0xDEB9,0xDEB9,0xDEB9,0xDEB9,0xDEB9,0xDEB9,0xE6D9,0xDEB9,0xDEB9,0xDEB9,0xDEB9,0xDEB9,0xE6D9,
    0xE6D9,0xE6D9,0xDEB9,0xDEB9,0xDEB9,0xDEB9,0xE6D9,0xDEB9,0xDEB9,0xDEB9,0xDEB9,0xDEB9,0xDEB9,0xDEB9,0xDE99,0xDE99,
    0xCE38,0xCE17,0xCE38,0xCE38,0xCE38,0xCE17,0xCE17,0xC617,0xC617,0xCE37,0xCE17,0xC617,0xCE38,0xC617,0xCE17,0xCE38,
    0xCE37,0xCE37,0xCE58,0xCE37,0xC637,0xCE58,0xCE38,0xC637,0xC617,0xC637,0xCE38,0xC617,0xC617,0xCE37,0xCE38,0xCE38,
    0xCE38,0xCE38,0xCE58,0xCE58,0xCE57,0xD678,0xD678,0xCE37,0xD678,0xD678,0xCE58,0xCE58,0xCE58,0xD678,0xD678,0xD658,
    0xD658,0xD678,0xD679,0xD678,0xCE58,0xCE58,0xD679,0xD678,0xD658,0xD678,0xD658,0xD678,0xD658,0xCE37,0xDE79,0xD658,
    0xD658,0xCE58,0xD678,0xCE58,0xD678,0xD678,0xD678,0xD698,0xCE58,0xCE58,0xD658,0xD678,0xD678,0xD658,0xD658,0xD678,
    0xD658,0xD678,0xD678,0xD678,0xD678,0xD658,0xD678,0xD699,0xD678,0xD678,0xD678,0xD678,0xD678,0xD678,0xD678,0xD678,
    0xD658,0xD678,0xDE98,0xD698,0xD678,0xD678,0xD657,0xDE98,0xD678,0xD678,0xDE99,0xD678,0xD678,0xD678,0xDE98,0xDE98,
    0xD678,0xDE98,0xD678,0xDE98,0xDE99,0xDE98,0xDE98,0xDE98,0xD678,0xD698,0xDE98,0xD678,0xD698,0xDE98,0xDE98,0xDEB9,
    0xDE98,0xD678,0xDE99,0xDEB9,0xDE99,0xDEB9,0xDEB9,0xDE99,0xDEB9,0xDEB9,0xDE98,0xDE98,0xDE99,0xDE99,0xDEB9,0xDEB9,
    0xDE99,0xDE99,0xDEB9,0xDEB9,0xDE99,0xDE99,0xE6D9,0xE6D9,0xE6D9,0xDEB9,0xDEB9,0xE6D9,0xE6D9,0xDEB9,0xDEB9,0xDEB9,
    0xDEB9,0xE6D9,0xE6DA,0xDEB9,0xDEB9,0xE6D9,0xE6D9,0xE6D9,0xDEB9,0xE6D9,0xE6D9,0xDEB9,0xE6D9,0xE6DA,0xE6FA,0xE6FA,
    0xE6FA,0xE6DA,0xE6D9,0xE6D9,0xE6DA,0xE6DA,0xE6D9,0xE6D9,0xE6D9,0xE6D9,0xE6D9,0xE6FA,0xE6FA,0xE6D9,0xE6FA,0xE6FA,
    0xE6FA,0xE6FA,0xE6DA,0xE6D9,0xE6D9,0xE6DA,0xE6FA,0xE6DA,0xE6FA,0xE6FA,0xE6FA,0xE6FA,0xEF1A,0xE6FA,0xE6DA,0xE6DA,
    0xE6FA,0xE6FA,0xE6DA,0xE6D9,0xE6D9,0xE6D9,0xE6FA,0xE6DA,0xE6DA,0xE6D9,0xDEB9,0xE6B9,0xE6DA,0xE6DA,0xE6D9,0xE6DA,
    0xE6FB,0xDEDA,0xE6FB,0xDEB9,0xDE78,0xE677,0xC4F1,0xC4D0,0xC490,0xCC8F,0xCC8F,0xD4AF,0xDCF0,0xDCD0,0xE4F1,0xE531,
    0xED72,0xED72,0xED72,0xED51,0xE531,0xE531,0xE552,0xE572,0xE573,0xE593,0xE5D5,0xEE16,0xEE57,0xF677,0xF657,0xFE98,
    0xEE36,0xEE16,0xF636,0xF636,0xEDF6,0xEDD5,0xEDD4,0xEDB3,0xE572,0xE552,0xE551,0xE531,0xDCF0,0xE4EF,0xDCCF,0xDCCF,
    0xD4AE,0xCC6D,0xCC6E,0xCC4D,0xCC6D,0xCC6D,0xD48E,0xD4AF,0xD4F0,0xE593,0xF615,0xF615,0xFE97,0xFE76,0xEDF5,0xEDD4,
    0xE593,0xE593,0xE552,0xDD11,0xE4F1,0xE4D0,0xD44E,0xCC2E,0xA309,0x6121,0x6142,0x8226,0x7A06,0x6184,0xABEE,0xC4B1,
    0xCCF2,0xDD54,0xDD54,0xE574,0xDD74,0xE5B5,0xEDF6,0xEDF6,0xF617,0xF637,0xF657,0xF657,0xFE98,0xF678,0xF698,0xF6B9,
    0xFEFA,0xFEFA,0xFEFA,0xFEFA,0xFEDA,0xF6DA,0xEEB9,0xEEB9,0xF6B9,0xFEDA,0xF698,0xFEB8,0xFE77,0xF636,0xF615,0xF5F5,
    0xED93,0xDCF1,0xCCB0,0x8287,0x7A67,0x7A47,0x7226,0x6A06,0x69E5,0x61C5,0x61C5,0x61A4,0x5984,0x5983,0x5983,0x5984,
    0x5984,0x59A5,0x61C6,0x61A6,0x61A6,0x61A5,0x61A5,0x6185,0x61A5,0x61A5,0x61A5,0x61A5,0x61C5,0x61E6,0x61E6,0x61E6,
    0x61E6,0x6A06,0x7206,0x7A26,0x7A26,0x92A8,0xBBCC,0xC40C,0xBBCB,0xC3CB,0xBB8A,0xBB8A,0xB36A,0xB36A,0xB38A,0xAB8A,
    0xA349,0x9B08,0x9AE8,0x92C8,0x92E8,0x82A7,0x5121,0x48E1,0x5122,0x5962,0x5983,0x61A3,0x71E4,0x7A04,0x7A04,0x7A05,
    0x71E5,0x71E5,0x7A05,0x6A06,0x6AA8,0xCDF6,0xE6FA,0xDEB9,0xDEBA,0xDEDA,0xE6FA,0xDED9,0xE6B9,0xDEB9,0xE6D9,0xDEB9,
    0xDEB9,0xDEB9,0xDEB9,0xE6B9,0xDEB9,0xDEB9,0xDEB9,0xDEB9,0xDEB9,0xE6D9,0xDEB9,0xDEB9,0xDEB9,0xDEB9,0xDEB9,0xE6DA,
    0xE6D9,0xE6DA,0xE6D9,0xDEB9,0xDEB9,0xDEB9,0xE6D9,0xDEB9,0xDEB9,0xDEB9,0xDEB9,0xDEB9,0xDEB9,0xDEB9,0xDEB9,0xDEB9,
    0xCE37,0xC5F7,0xC5F6,0xCE37,0xCE38,0xCE37,0xCE17,0xCE17,0xCE17,0xCE17,0xCE37,0xCE17,0xCE37,0xCE17,0xCE37,0xCE37,
    0xCE37,0xCE57,0xCE58,0xCE57,0xCE57,0xCE37,0xCE57,0xCE57,0xCE58,0xCE78,0xCE58,0xCE37,0xCE57,0xCE37,0xCE57,0xD658,
    0xCE57,0xCE57,0xD658,0xD658,0xD658,0xD678,0xD657,0xCE57,0xD678,0xD678,0xCE57,0xD678,0xD678,0xD658,0xD678,0xD678,
    0xD678,0xD678,0xD678,0xD658,0xD658,0xD678,0xD678,0xD658,0xD658,0xD678,0xD678,0xD658,0xD658,0xCE37,0xD658,0xD637,
    0xD658,0xD678,0xD698,0xD678,0xD678,0xD678,0xD698,0xD678,0xD678,0xD678,0xD658,0xD678,0xD678,0xD658,0xD658,0xDE98,
    0xD678,0xD678,0xD678,0xD658,0xD678,0xDE78,0xD678,0xD678,0xD678,0xD678,0xD678,0xD678,0xD678,0xD678,0xD678,0xD678,
    0xD678,0xD678,0xD678,0xD678,0xD678,0xD678,0xD678,0xDE98,0xD678,0xD658,0xD678,0xDE98,0xD678,0xD678,0xD678,0xDE98,
    0xD678,0xDE98,0xDEB9,0xDE99,0xDE99,0xD678,0xDE99,0xDE99,0xDE98,0xDEB9,0xDE98,0xDEB9,0xDEB9,0xDEB9,0xDED9,0xE6D9,
    0xDEB9,0xDEB9,0xDEB9,0xDEB9,0xE6D9,0xDEB9,0xE6D9,0xE6D9,0xE6D9,0xDEB9,0xDEB9,0xE6D9,0xE6DA,0xE6D9,0xDEB9,0xDEB9,
    0xDEB9,0xDEB9,0xE6B9,0xE6DA,0xE6DA,0xE6D9,0xE6D9,0xE6D9,0xE6D9,0xE6D9,0xDEB9,0xE6FA,0xE6D9,0xDEB9,0xE6D9,0xE6D9,
    0xE6D9,0xE6D9,0xE6D9,0xDEB9,0xDEB9,0xE6D9,0xE6FA,0xE6D9,0xE6D9,0xE6D9,0xE6D9,0xE6D9,0xE6DA,0xE6FA,0xE6DA,0xE6D9,
    0xE6D9,0xE6D9,0xE6DA,0xE6D9,0xE6D9,0xE6D9,0xE6D9,0xE6FA,0xE6DA,0xE6DA,0xE6FA,0xE6FA,0xE6FA,0xDEB9,0xE6D9,0xE6D9,
    0xE6DA,0xEF1A,0xE6DA,0xE6D9,0xE6FA,0xE6FA,0xE6D9,0xE6DA,0xE6D9,0xE6D9,0xE6D9,0xE6D9,0xE6FA,0xE6D9,0xE6DA,0xE6DA,
    0xE6D9,0xE6D9,0xE6D9,0xE6DA,0xE6FA,0xE6D9,0xE6DA,0xE6FA,0xE6DA,0xE6D9,0xE6DA,0xE6D9,0xE6D9,0xE6FA,0xE6FA,0xE6FA,
    0xE6FB,0xDEBA,0xE6DA,0xEEDA,0xEEB9,0xC512,0xBC90,0xC4B0,0xC44F,0xD4AF,0xD4CF,0xDCD0,0xDCF0,0xDCF0,0xE510,0xE511,
    0xE531,0xE531,0xE531,0xE510,0xDCF0,0xE531,0xE572,0xE593,0xEDB4,0xEDD5,0xEE16,0xEE36,0xFE97,0xF677,0xEDF5,0xF656,
    0xEDF5,0xEDD5,0xEDB4,0xEDB4,0xEDB4,0xE552,0xE551,0xE551,0xE531,0xDD10,0xDCCF,0xD4AE,0xDCAE,0xDCAE,0xD48E,0xD48D,
    0xCC6D,0xCC2C,0xCC4D,0xCC4D,0xCC4C,0xCC2C,0xCC4C,0xCC2C,0xC46E,0xD4F0,0xDD52,0xE5B3,0xF615,0xF615,0xF615,0xF635,
    0xE5B4,0xE5B3,0xE572,0xE531,0xE4F1,0xE4B0,0xDC4E,0xCC0D,0xC3EC,0x9B08,0xB3CB,0xD4D0,0xC42E,0xA36C,0xBC4F,0xC491,
    0xCCD2,0xD513,0xDD74,0xDD74,0xDD74,0xE5D5,0xEDD6,0xEDF6,0xF616,0xEE16,0xEE17,0xF657,0xFE78,0xF657,0xF678,0xF657,
    0xFE99,0xFEB9,0xFEB9,0xFEB9,0xF678,0xEE58,0xEE58,0xE637,0xEE37,0xF698,0xFE98,0xFE77,0xF636,0xF636,0xF5D4,0xEDB3,
    0xED93,0xE532,0xE552,0xABAB,0x8A87,0x7A46,0x7226,0x6A26,0x6A05,0x61E5,0x61C5,0x61C5,0x5984,0x5983,0x5983,0x5983,
    0x5984,0x59A5,0x61C6,0x61A6,0x61A6,0x61A5,0x61A5,0x61A5,0x61A5,0x61A5,0x61A5,0x61A5,0x61C5,0x61E6,0x61E6,0x61E6,
    0x69E6,0x6A06,0x7206,0x7A25,0x8A87,0xB3AB,0xC42D,0xC40C,0xC3EB,0xC3AA,0xC3AA,0xC3AA,0xBB8A,0xB38A,0xB3AB,0xB38A,
    0xA349,0x9B08,0x9308,0x92C7,0x92E8,0x7225,0x48E1,0x5122,0x5142,0x5962,0x6183,0x61A3,0x71C4,0x7A04,0x7A05,0x7A05,
    0x71E5,0x71E5,0x7205,0x6A06,0x7B4B,0xDEB8,0xDED9,0xDEB9,0xE6BA,0xDEB9,0xDED9,0xDED9,0xDEB9,0xE6B9,0xE6DA,0xE6DA,
    0xE6D9,0xDEB9,0xDEB9,0xDEB9,0xE6D9,0xE6FA,0xE6FA,0xE6D9,0xE6DA,0xE6DA,0xE6D9,0xE6D9,0xDEB9,0xE6D9,0xDEB9,0xE6D9,
    0xE6D9,0xE6D9,0xDEB9,0xDEB9,0xDEB9,0xDEB9,0xE6D9,0xDEB9,0xE6D9,0xDEB9,0xDEB9,0xDEB9,0xDE99,0xDEB9,0xDEB9,0xDEB9,
    0xD658,0xCE17,0xCE17,0xCE37,0xD638,0xCE37,0xD637,0xD658,0xD658,0xD658,0xD658,0xCE37,0xCE37,0xD657,0xD657,0xD657,
    0xD657,0xD657,0xD657,0xCE57,0xCE57,0xCE57,0xD658,0xCE57,0xCE57,0xD658,0xD678,0xD678,0xD658,0xD657,0xD657,0xD658,
    0xD657,0xD658,0xD658,0xD658,0xCE57,0xD678,0xD657,0xCE57,0xD657,0xD678,0xD678,0xD678,0xD678,0xD657,0xD678,0xD658,
    0xD678,0xD658,0xD658,0xD678,0xD678,0xD678,0xD658,0xD678,0xD678,0xD658,0xD678,0xD658,0xD658,0xD658,0xD678,0xD678,
    0xD658,0xD658,0xCE57,0xD678,0xD678,0xD678,0xD678,0xD658,0xD678,0xD698,0xD658,0xD658,0xD658,0xD658,0xD657,0xD657,
    0xD658,0xD658,0xD678,0xD678,0xD658,0xD658,0xD658,0xD678,0xD678,0xD678,0xD678,0xD678,0xD678,0xDE78,0xD678,0xD678,
    0xD678,0xD658,0xD678,0xDE99,0xDE99,0xD678,0xDE98,0xDE99,0xDE99,0xDE98,0xDE98,0xDE99,0xDE98,0xDE99,0xDE98,0xDEB9,
    0xDE98,0xDEB9,0xDEB9,0xDEB9,0xDEB9,0xDE99,0xDEB9,0xDEB9,0xE6D9,0xE6D9,0xDEB9,0xDEB9,0xE6D9,0xDEB9,0xE6D9,0xE6D9,
    0xDE99,0xE6D9,0xE6D9,0xDEB9,0xE6D9,0xDEB9,0xE6D9,0xE6DA,0xE6D9,0xE6D9,0xE6D9,0xE6FA,0xDEB9,0xE6DA,0xE6B9,0xE6FA,
    0xE6B9,0xE6B9,0xE6D9,0xE6DA,0xE6DA,0xE6D9,0xDEB9,0xE6D9,0xDEB9,0xE6FA,0xE6D9,0xE6D9,0xDEB9,0xE6D9,0xE6FA,0xE6FA,
    0xE6FA,0xE6D9,0xE6DA,0xE6D9,0xE6D9,0xE6D9,0xE6D9,0xE6D9,0xE6DA,0xE6D9,0xE6D9,0xE6FA,0xE6FA,0xE6DA,0xE6D9,0xE6D9,
    0xE6DA,0xE6D9,0xE6FA,0xE6DA,0xE6D9,0xE6FA,0xDEB9,0xDEB9,0xDEB9,0xE6D9,0xE6FA,0xE6D9,0xDEB9,0xE6D9,0xE6D9,0xE6FA,
    0xE6FA,0xE6FA,0xE6D9,0xE6FA,0xE6DA,0xE6FA,0xE6DA,0xE6FA,0xE6DA,0xE6D9,0xE6D9,0xE6D9,0xE6D9,0xE6DA,0xE6FA,0xE6FA,
    0xE6FA,0xE6D9,0xE6FA,0xE6FA,0xE6FA,0xE6FA,0xE6DA,0xDEB9,0xE6DA,0xE6FA,0xE6FA,0xE6FA,0xE6DA,0xE6DA,0xE6FA,0xE6DA,
    0xEEFB,0xEEFB,0xEEDA,0xEE99,0xC512,0xC4B0,0xCCB0,0xCC8F,0xD48F,0xD4AF,0xDCCF,0xDCD0,0xDCCF,0xE4F0,0xDCD0,0xDCD0,
    0xDCF0,0xDCF0,0xDCF0,0xE510,0xE511,0xE531,0xE552,0xEDD4,0xEDF5,0xF616,0xFE77,0xF657,0xFE77,0xF657,0xEDF5,0xEDF5,
    0xE593,0xED93,0xED93,0xE532,0xE511,0xE511,0xE510,0xE510,0xDCEF,0xD4AE,0xD48E,0xCC4D,0xD46D,0xCC4C,0xCC4C,0xCC2C,
    0xC42C,0xC42C,0xC40C,0xC42C,0xC42C,0xC40C,0xC40C,0xC40B,0xBC0C,0xC44E,0xD4CF,0xDD31,0xE552,0xE593,0xF615,0xEDD4,
    0xE5B4,0xE5D4,0xDD72,0xE551,0xE531,0xDCD0,0xDC6E,0xD46E,0xCC6D,0xD4CE,0xD4CF,0xC42D,0xC44E,0xB3ED,0xBC0E,0xC490,
    0xCCB1,0xCCF2,0xDD53,0xD533,0xDD74,0xE5B5,0xEDF6,0xEDF6,0xEDD5,0xEDF6,0xF617,0xF637,0xF637,0xF637,0xF657,0xFE78,
    0xF658,0xEDF6,0xEE17,0xEE16,0xEE16,0xE5F6,0xE5F6,0xEDF6,0xEDF6,0xF636,0xF636,0xEDF5,0xF5F5,0xF5F5,0xF5D4,0xED93,
    0xED72,0xED73,0xED93,0xCC8F,0x9B29,0x8246,0x7225,0x7226,0x6A05,0x6A06,0x69C5,0x69C5,0x5984,0x5984,0x59A4,0x5983,
    0x5984,0x59A5,0x61C6,0x61C6,0x61A6,0x61A5,0x61A5,0x61A5,0x61A5,0x61A5,0x61C5,0x61C5,0x61E5,0x69E6,0x61E6,0x61E6,
    0x6A06,0x6A06,0x7226,0x7A25,0xA349,0xC44D,0xCC2D,0xCC2C,0xCC0C,0xCBEB,0xC3AA,0xC3AA,0xBB8A,0xBBAA,0xBBAB,0xB38A,
    0xA349,0x9B08,0x92E8,0x8AE8,0x9309,0x61A4,0x48E1,0x5122,0x5143,0x5942,0x6183,0x69A3,0x71C4,0x71E4,0x7A05,0x7A05,
    0x71E5,0x71E5,0x7206,0x6A06,0x93ED,0xE6FA,0xDED9,0xDEDA,0xE6DA,0xE6D9,0xE6F9,0xE6D9,0xE6DA,0xE6DA,0xE6D9,0xDEB9,
    0xE6DA,0xE6DA,0xE6B9,0xE6B9,0xE6B9,0xDE98,0xDEB9,0xE6D9,0xE6D9,0xDEB9,0xDEB9,0xDEB9,0xDEB9,0xDEB9,0xE6D9,0xDEB9,
    0xDEB9,0xDEB9,0xE6D9,0xE6D9,0xDEB9,0xE6D9,0xE6D9,0xDEB9,0xE6D9,0xDEB9,0xDEB9,0xDEB9,0xDE99,0xDEB9,0xDEB9,0xDE99,
    0xD658,0xD658,0xCE37,0xCE38,0xCE37,0xCE37,0xD638,0xD658,0xD658,0xD658,0xD657,0xCE37,0xD658,0xD658,0xD658,0xD658,
    0xD658,0xD658,0xD658,0xD658,0xD658,0xD657,0xD658,0xCE37,0xCE57,0xCE37,0xCE37,0xD678,0xCE37,0xCE37,0xD678,0xD658,
    0xCE37,0xD657,0xD658,0xD678,0xD657,0xD657,0xD678,0xD657,0xD657,0xD678,0xD678,0xD678,0xD678,0xD658,0xD658,0xD678,
    0xD698,0xD658,0xD658,0xD678,0xD678,0xD658,0xD658,0xD658,0xD678,0xD658,0xD658,0xD657,0xD657,0xD678,0xD657,0xD637,
    0xD678,0xD657,0xCE37,0xCE57,0xD678,0xD678,0xD658,0xD658,0xD658,0xD678,0xD678,0xD658,0xD658,0xD678,0xD657,0xD658,
    0xDE99,0xDE78,0xD678,0xDE99,0xD678,0xDE78,0xD678,0xDE98,0xDE98,0xDE78,0xDE98,0xDE99,0xDE99,0xDE99,0xDE78,0xDE99,
    0xDEB9,0xDEB9,0xDEB9,0xDE99,0xDE99,0xDEB9,0xDEB9,0xDEB9,0xDEB9,0xDE99,0xDE99,0xE6D9,0xDEB9,0xE6D9,0xE6D9,0xDEB9,
    0xDEB9,0xE6DA,0xDEB9,0xE6D9,0xE6DA,0xE6D9,0xE6FA,0xDEB9,0xDEB9,0xE6D9,0xE6D9,0xDEB9,0xDEB9,0xE6D9,0xE6D9,0xE6DA,
    0xE6D9,0xE6D9,0xE6FA,0xE6D9,0xE6D9,0xE6FA,0xDEB9,0xE6D9,0xE6D9,0xE6D9,0xE6D9,0xE6FA,0xE6B9,0xE6DA,0xE6D9,0xE6DA,
    0xE6D9,0xE6DA,0xE6DA,0xE6B9,0xE6D9,0xE6DA,0xE6D9,0xE6DA,0xE6D9,0xE6FA,0xE6FA,0xDEB9,0xE6D9,0xE6FA,0xE6FA,0xE6D9,
    0xE6D9,0xE6D9,0xE6DA,0xE6D9,0xE6D9,0xE6D9,0xE6D9,0xE6FA,0xE6FA,0xE6D9,0xE6DA,0xE6FA,0xE6FA,0xE6D9,0xE6D9,0xE6DA,
    0xE6FA,0xE6D9,0xE6DA,0xE6D9,0xE6D9,0xE6FA,0xE6D9,0xDEB9,0xE6D9,0xE6DA,0xE6DA,0xE6FA,0xE6DA,0xE6FA,0xE6DA,0xE6FA,
    0xE6FA,0xE6DA,0xE6D9,0xE6DA,0xE6D9,0xE6FA,0xE6D9,0xE6DA,0xE6D9,0xE6FA,0xE6FA,0xE6FA,0xE6FA,0xE6D9,0xE6DA,0xE6FA,
    0xE6FA,0xE6FA,0xE6FA,0xE6FA,0xE6FA,0xE6FA,0xE6FA,0xE6DA,0xE6FA,0xE6FA,0xE6D9,0xE6DA,0xE6DA,0xE6DA,0xE6FA,0xE6FA,
    0xE6BA,0xEEBA,0xF6B9,0xD594,0xC4B0,0xCCB0,0xCC8F,0xD48F,0xDCB0,0xD4AF,0xDCCF,0xDCCF,0xDCAF,0xDCAF,0xDCAF,0xDCAF,
    0xDCCF,0xDCCF,0xDCCF,0xDCF0,0xE531,0xE573,0xE5B4,0xEDF5,0xEDF6,0xEE37,0xF678,0xF658,0xF616,0xEDF5,0xEDD4,0xEDB4,
    0xE552,0xE531,0xED72,0xE510,0xDCF0,0xE510,0xDCAF,0xDCCF,0xD48E,0xCC4C,0xCC2C,0xC3EB,0xC40B,0xBBEA,0xBBCA,0xBBCA,
    0xBBCB,0xBBEB,0xC40B,0xC40B,0xC40C,0xC40B,0xBBCB,0xBBCA,0xBBAB,0xC40C,0xCC4D,0xCC8E,0xD4AF,0xD4D0,0xE552,0xDD52,
    0xE573,0xF5F4,0xEDB3,0xEDD4,0xED72,0xE510,0xDCD0,0xE4F0,0xE510,0xD4CF,0xC44D,0xCC4E,0xCC4E,0xAB8C,0xB3CD,0xC470,
    0xC4B1,0xCCD2,0xD513,0xD533,0xDD74,0xE594,0xE5B5,0xEDD5,0xE5B5,0xEDD6,0xEDF6,0xF616,0xF637,0xF637,0xF637,0xEDD5,
    0xDD94,0xDD74,0xE594,0xDD74,0xDD74,0xDD54,0xDD74,0xDD74,0xE594,0xF5F5,0xF615,0xEDD4,0xEDB4,0xEDB4,0xF5B4,0xED73,
    0xE552,0xE552,0xED72,0xDD11,0xCC6E,0x9B09,0x7A05,0x7205,0x6A06,0x6A06,0x69E5,0x69E5,0x61C5,0x5984,0x5983,0x5983,
    0x5984,0x61C5,0x61C6,0x61A5,0x61A5,0x61A5,0x61A5,0x61A5,0x61A5,0x61A5,0x69C5,0x69E5,0x69E6,0x61E6,0x61E6,0x61E6,
    0x6A06,0x6A06,0x7225,0x8AA7,0xBBEC,0xC40C,0xCC2D,0xCC2C,0xCC2C,0xCC0C,0xC3EB,0xC3CA,0xC3CB,0xBBCB,0xBBAB,0xB3AB,
    0xAB6A,0x9B08,0x92E8,0x9308,0x8AC8,0x5121,0x5102,0x5122,0x5122,0x5943,0x6163,0x6983,0x71C4,0x71E4,0x7A05,0x7205,
    0x71E5,0x69E5,0x69E5,0x6A46,0xACD1,0xEF1A,0xDED9,0xDEDA,0xDEB9,0xE6D9,0xE6F9,0xDED9,0xE6DA,0xE6DA,0xE6B9,0xDEB9,
    0xE6D9,0xDEB9,0xDEB9,0xDEB9,0xDEB9,0xE6DA,0xE6DA,0xE6DA,0xE6D9,0xDEB9,0xDEB9,0xE6D9,0xDEB9,0xE6D9,0xE6D9,0xE6D9,
    0xDEB9,0xDEB9,0xE6D9,0xE6D9,0xDEB9,0xDEB9,0xE6D9,0xDEB9,0xDEB9,0xE6D9,0xDEB9,0xDEB9,0xDEB9,0xDEB9,0xDEB9,0xDEB9,
    0xD658,0xD658,0xD658,0xCE58,0xCE58,0xCE38,0xCE38,0xCE58,0xD658,0xD658,0xD658,0xCE37,0xD658,0xCE58,0xCE58,0xD658,
    0xD658,0xD658,0xCE37,0xD658,0xD658,0xCE37,0xD638,0xD658,0xD658,0xD658,0xD658,0xD678,0xD658,0xD658,0xD658,0xCE37,
    0xD658,0xD658,0xD658,0xD658,0xD658,0xD658,0xD658,0xD678,0xD658,0xD658,0xD658,0xD658,0xD658,0xD637,0xD637,0xD657,
    0xD678,0xD678,0xD657,0xCE37,0xD658,0xD658,0xD658,0xD658,0xDE98,0xD678,0xD678,0xD678,0xDE98,0xD678,0xD657,0xD678,
    0xDE98,0xD678,0xD678,0xDE98,0xD678,0xD678,0xD678,0xDE98,0xD678,0xD678,0xDE99,0xDE99,0xDEB9,0xDEB9,0xDE98,0xDE99,
    0xE6D9,0xE6B9,0xDE98,0xDE99,0xDE99,0xE6D9,0xDEB9,0xDE99,0xDEB9,0xDEB9,0xE6B9,0xE6B9,0xE6D9,0xE6D9,0xDE99,0xDE99,
    0xE6DA,0xE6B9,0xDEB9,0xE6B9,0xE6DA,0xE6DA,0xDEB9,0xE6D9,0xE6D9,0xE6D9,0xDEB9,0xE6D9,0xE6D9,0xDEB9,0xE6D9,0xE6D9,
    0xE6D9,0xE6FA,0xE6D9,0xE6D9,0xE6D9,0xE6D9,0xEF1A,0xE6D9,0xDEB9,0xE6B9,0xE6D9,0xE6B9,0xE6D9,0xE6DA,0xE6DA,0xE6DA,
    0xE6DA,0xE6DA,0xE6D9,0xE6D9,0xDEB9,0xE6DA,0xDEB9,0xE6D9,0xE6D9,0xE6DA,0xE6D9,0xE6FA,0xE6DA,0xE6DA,0xE6D9,0xE6DA,
    0xE6D9,0xE6FA,0xE6DA,0xDEB9,0xE6DA,0xE6D9,0xE6D9,0xE6D9,0xE6D9,0xE6DA,0xE6D9,0xE6D9,0xE6DA,0xE6D9,0xDEB9,0xE6D9,
    0xE6D9,0xDEB9,0xE6DA,0xE6D9,0xE6D9,0xE6DA,0xE6DA,0xE6FA,0xE6FA,0xE6FA,0xE6DA,0xE6D9,0xE6FA,0xE6FA,0xE6DA,0xE6FA,
    0xE6FA,0xE6D9,0xE6DA,0xE6D9,0xE6D9,0xE6DA,0xE6FA,0xE6D9,0xE6DA,0xE6DA,0xE6D9,0xE6D9,0xE6DA,0xE6FA,0xE6DA,0xE6D9,
    0xE6DA,0xE6FA,0xE6D9,0xE6D9,0xE6FA,0xE6FA,0xDEB9,0xE6FA,0xE6FA,0xE6FA,0xE6FA,0xE6FA,0xE6FA,0xE6FA,0xE6FA,0xE6DA,
    0xE6D9,0xE6D9,0xE6D9,0xE6DA,0xE6FA,0xE6D9,0xE6FA,0xE6FA,0xE6DA,0xE6DA,0xE6FA,0xE6FA,0xE6FA,0xEF1A,0xE6FA,0xE6B9,
    0xF6DA,0xF6DA,0xD574,0xC4B0,0xCC8F,0xD4AF,0xD48F,0xD48F,0xD48F,0xD48F,0xDCAF,0xDCAF,0xDC8E,0xDC8E,0xDCAF,0xDCAF,
    0xDCCF,0xDCEF,0xE510,0xE551,0xED92,0xEDB3,0xE5B4,0xEDF6,0xF658,0xFE99,0xEE37,0xEE17,0xEDF6,0xEDD5,0xEDB4,0xED93,
    0xE552,0xE531,0xDD10,0xDCEF,0xD4AE,0xD48D,0xD46D,0xD44D,0xC40C,0xBBCB,0xBBCB,0xB389,0xB389,0xB389,0xB389,0xAB69,
    0xB369,0xB3AA,0xBBCB,0xBBEB,0xC40B,0xC40C,0xBBCA,0xB3AA,0xBBAA,0xC3EB,0xCC2C,0xCC4D,0xCC4D,0xD48E,0xCC8F,0xD4D0,
    0xDD31,0xE552,0xED93,0xF5D4,0xEDB4,0xE552,0xDD11,0xE511,0xDCF0,0xD46E,0xCC2D,0xCC4D,0xC42E,0xAB8B,0xABAC,0xB42F,
    0xBC70,0xC4B1,0xCCF2,0xD533,0xDD94,0xE595,0xE594,0xE5B5,0xE5B5,0xE5B5,0xEDD5,0xEDF6,0xF5F6,0xEDF6,0xDD54,0xCCF2,
    0xDD53,0xDD74,0xDD53,0xDD53,0xDD74,0xD513,0xCCD1,0xD4F1,0xDD32,0xED94,0xF5B4,0xED93,0xED93,0xF5B4,0xED93,0xED72,
    0xED72,0xE532,0xE511,0xDD10,0xDD10,0xC44D,0x8287,0x7226,0x7226,0x69E5,0x69C5,0x69E5,0x69E5,0x5963,0x5143,0x5963,
    0x5984,0x59A5,0x59A5,0x61A5,0x61A5,0x6185,0x61A5,0x61A5,0x61A5,0x61C5,0x69C5,0x69E5,0x69E5,0x69E6,0x6A06,0x6A06,
    0x7226,0x7226,0x7A66,0xB3EC,0xC44D,0xC42C,0xCC4D,0xCC4D,0xCC4C,0xCC2C,0xC3EB,0xC3EB,0xC3EB,0xBBCB,0xBBAB,0xBBCB,
    0xAB8A,0x9B29,0x9308,0x9329,0x7246,0x40C0,0x5102,0x5102,0x5122,0x5943,0x6163,0x6983,0x71C4,0x71E4,0x71E5,0x7205,
    0x69E5,0x69E5,0x7206,0x72A8,0xC5B4,0xE71A,0xDED9,0xE6DA,0xE6B9,0xE6D9,0xE6F9,0xDEB9,0xE6B9,0xE6DA,0xE6DA,0xE6DA,
    0xE6DA,0xE6D9,0xDEB9,0xDEB9,0xE6D9,0xE6FA,0xDEB9,0xDEB9,0xE6D9,0xE6FA,0xE6D9,0xE6D9,0xE6D9,0xE6D9,0xDEB9,0xE6D9,
    0xE6FA,0xE6D9,0xDEB9,0xE6D9,0xDEB9,0xDEB9,0xDEB9,0xDE99,0xDEB9,0xDEB9,0xDEB9,0xDEB9,0xDEB9,0xDEB9,0xDEB9,0xDEB9,
    0xCE38,0xCE38,0xCE38,0xCE58,0xD678,0xCE58,0xCE58,0xCE58,0xCE37,0xCE37,0xCE57,0xCE37,0xCE57,0xCE37,0xCE57,0xCE58,
    0xCE58,0xD658,0xD658,0xD637,0xD638,0xD638,0xD658,0xD658,0xD658,0xD658,0xD638,0xCE37,0xD658,0xD678,0xD658,0xD658,
    0xD658,0xD658,0xD658,0xD658,0xD658,0xD637,0xCE37,0xD678,0xD678,0xD658,0xD657,0xD658,0xD658,0xD658,0xDE99,0xD658,
    0xD658,0xD658,0xD678,0xD678,0xDE98,0xDE98,0xDE78,0xD678,0xDEB9,0xDEB9,0xDE99,0xDEB9,0xDE99,0xDEB9,0xE6D9,0xDEB9,
    0xDEB9,0xE6D9,0xDEB9,0xE6D9,0xDEB9,0xDEB9,0xDEB9,0xE6FA,0xDEB9,0xDEB9,0xE6B9,0xE6B9,0xDE99,0xDEB9,0xE6DA,0xDE99,
    0xDE99,0xE6DA,0xDEB9,0xE6B9,0xDEB9,0xE6D9,0xE6B9,0xE6B9,0xE6B9,0xE6B9,0xE6D9,0xE6D9,0xE6D9,0xDEB9,0xE6B9,0xE6D9,
    0xDE99,0xE6B9,0xE6B9,0xDEB9,0xE6B9,0xE6B9,0xE6D9,0xE6D9,0xE6D9,0xE6D9,0xE6D9,0xE6D9,0xE6D9,0xDEB9,0xE6D9,0xE6D9,
    0xE6D9,0xE6DA,0xE6FA,0xE6D9,0xE6D9,0xDEB9,0xDEB9,0xDEB9,0xE6D9,0xE6D9,0xE6D9,0xE6FA,0xE6B9,0xE6B9,0xE6DA,0xE6D9,
    0xE6DA,0xE6D9,0xDEB9,0xE6D9,0xDEB9,0xE6D9,0xE6D9,0xDEB9,0xE6D9,0xE6D9,0xDEB9,0xE6D9,0xE6B9,0xE6DA,0xE6DA,0xE6FA,
    0xE6D9,0xE6FA,0xE6DA,0xDEB9,0xE6FA,0xE6DA,0xE6D9,0xE6FA,0xE6FA,0xE6FA,0xE6D9,0xE6FA,0xE6D9,0xE6FA,0xE6D9,0xE6FA,
    0xE6FA,0xE6D9,0xE6D9,0xE6D9,0xE6D9,0xE6DA,0xE6FA,0xE6FA,0xDEB9,0xE6FA,0xE6FA,0xDEB9,0xE6FA,0xE6FA,0xE6DA,0xE6D9,
    0xE6DA,0xE6FA,0xEF1A,0xE6FA,0xE6DA,0xE6DA,0xE6D9,0xE6FA,0xE6FA,0xE6D9,0xE6D9,0xE6DA,0xE6FA,0xEF1A,0xE6FA,0xE6FA,
    0xE6FA,0xE6FA,0xE6DA,0xEF1A,0xE6FA,0xEF1A,0xE6FA,0xE6FA,0xE6FA,0xE6FA,0xE6FA,0xE6FA,0xE6FA,0xE6FA,0xE6FA,0xE6FA,
    0xE6FA,0xE6FA,0xE6FA,0xE6FA,0xE6FA,0xE6FA,0xE6FA,0xE6DA,0xE6DA,0xE6DA,0xE6B9,0xE6FA,0xEF1A,0xE6FA,0xE6B9,0xEEDA,
    0xF6B9,0xDDB5,0xBC90,0xCC90,0xD48F,0xD48F,0xD48F,0xDC8F,0xD48F,0xD48F,0xDCAE,0xD4AE,0xDC8E,0xDCAF,0xE4CF,0xDCCF,
    0xDCCF,0xE4EF,0xE530,0xED72,0xED93,0xEDD4,0xEDF5,0xF658,0xEE78,0xF699,0xEE58,0xEDF6,0xEDF5,0xEDB4,0xED93,0xE552,
    0xDD11,0xDCF0,0xD4AE,0xD4AE,0xD48D,0xCC4C,0xCC4D,0xC40C,0xC3EB,0xBBAA,0xB38A,0xAB49,0xAB48,0xA328,0xA308,0xA328,
    0xAB49,0xAB69,0xB3AA,0xBBCA,0xC40C,0xC42C,0xBBCB,0xBBAA,0xBBAA,0xC3CB,0xCC0C,0xCC0C,0xC40C,0xC40C,0xC40D,0xCC4E,
    0xD48F,0xD4B0,0xDCD1,0xDD12,0xDD11,0xDD11,0xE532,0xDCF0,0xDC8F,0xDC6E,0xCC0D,0xBBCB,0xB3CC,0xA36A,0xA38C,0xABEE,
    0xB470,0xBCB1,0xC4D2,0xCCF2,0xD513,0xD533,0xDD74,0xE595,0xDD74,0xE594,0xEDB5,0xEDD6,0xEDD5,0xE594,0xD513,0xCCF2,
    0xD513,0xD512,0xDD53,0xDD53,0xDD33,0xD4F2,0xD512,0xCCB0,0xD4B0,0xE532,0xED73,0xED73,0xED93,0xED72,0xE552,0xE552,
    0xE532,0xDD11,0xDCF0,0xDCF0,0xDCD0,0xD48F,0x9B29,0x8287,0x7206,0x6A06,0x69E6,0x69C5,0x61E5,0x61C4,0x5983,0x5963,
    0x5984,0x61C5,0x61A6,0x61A5,0x6185,0x6185,0x61A5,0x61A5,0x61C5,0x61C5,0x69C5,0x69C5,0x61E5,0x6A06,0x6A06,0x7227,
    0x7247,0x7A67,0xA36A,0xCC6E,0xCC6D,0xD46D,0xD48E,0xCC6D,0xCC6D,0xCC2C,0xC40B,0xCC0B,0xC40B,0xBBCB,0xBBCB,0xC40C,
    0xB3AB,0xA329,0x9309,0x9329,0x61C4,0x40C0,0x4901,0x5122,0x5943,0x5943,0x6163,0x6983,0x71C4,0x71E4,0x71E5,0x7205,
    0x69E5,0x69E5,0x7226,0x830A,0xD636,0xE6FA,0xDEDA,0xE6FA,0xE6DA,0xDEB9,0xDED9,0xDED9,0xE6DA,0xE6DA,0xE6B9,0xDEB9,
    0xE6D9,0xE6D9,0xDEB9,0xDEB9,0xE6B9,0xE6D9,0xDEB9,0xDE99,0xDEB9,0xDEB9,0xDE98,0xDE98,0xE6D9,0xE6D9,0xDEB9,0xDEB9,
    0xE6DA,0xE6DA,0xE6D9,0xDEB9,0xDEB9,0xE6D9,0xDEB9,0xDE98,0xDEB9,0xDEB9,0xDE99,0xE6D9,0xDEB9,0xDE99,0xDEB9,0xE6D9,
    0xCE37,0xCE37,0xCE37,0xD657,0xD658,0xD658,0xD657,0xD658,0xD637,0xCE37,0xD658,0xD657,0xCE37,0xD657,0xD678,0xCE57,
    0xD657,0xD658,0xD637,0xD637,0xD637,0xD658,0xD678,0xD658,0xD658,0xCE37,0xD657,0xD657,0xD658,0xD658,0xD637,0xD658,
    0xD658,0xD658,0xD658,0xD678,0xD678,0xD658,0xD678,0xDE98,0xDE99,0xDE99,0xDE98,0xDE99,0xDEB9,0xDE98,0xDEB9,0xDE99,
    0xDE99,0xDEB9,0xDEB9,0xE6D9,0xDEB9,0xDEB9,0xE6D9,0xDEB9,0xDEB9,0xE6D9,0xDE99,0xDEB9,0xDE99,0xDE98,0xDEB9,0xDE98,
    0xDE99,0xDEB9,0xDEB9,0xDE99,0xDEB9,0xDEB9,0xDEB9,0xDEB9,0xDEB9,0xDE99,0xDEB9,0xDEB9,0xE6B9,0xE6D9,0xDEB9,0xDEB9,
    0xE6D9,0xDEB9,0xDEB9,0xE6D9,0xDEB9,0xE6D9,0xDE99,0xDE99,0xE6B9,0xE6B9,0xE6B9,0xE6B9,0xDEB9,0xDEB9,0xE6D9,0xE6D9,
    0xDE99,0xDEB9,0xE6D9,0xDEB9,0xE6D9,0xE6D9,0xE6FA,0xDEB9,0xDEB9,0xE6DA,0xE6FA,0xE6D9,0xE6D9,0xE6D9,0xE6D9,0xE6D9,
    0xE6D9,0xE6D9,0xE6D9,0xE6D9,0xE6D9,0xDEB9,0xE6DA,0xE6D9,0xE6D9,0xE6D9,0xDEB9,0xE6DA,0xE6D9,0xE6DA,0xE6DA,0xE6D9,
    0xE6D9,0xDEB9,0xE6D9,0xE6D9,0xE6D9,0xE6FA,0xE6D9,0xDEB9,0xE6D9,0xE6FA,0xE6D9,0xDEB9,0xE6D9,0xE6FA,0xE6D9,0xE6D9,
    0xE6D9,0xE6FA,0xDEB9,0xE6D9,0xE6D9,0xE6D9,0xE6FA,0xE6FA,0xE6FA,0xE6D9,0xE6DA,0xE6FA,0xE6DA,0xE6D9,0xDEB9,0xE6DA,
    0xE6FA,0xE6FA,0xE6D9,0xE6B9,0xE6DA,0xE6B9,0xE6FA,0xE6D9,0xE6FA,0xE6FA,0xE6FA,0xE6FA,0xE6DA,0xE6FA,0xE6FA,0xE6DA,
    0xE6FA,0xE6FA,0xE6D9,0xE6DA,0xE6DA,0xE6DA,0xE6B9,0xE6D9,0xE6DA,0xE6FA,0xE6FA,0xE6FA,0xE6DA,0xE6FA,0xE6DA,0xE6DA,
    0xE6FA,0xE6DA,0xE6FA,0xEF1A,0xE6D9,0xE6FA,0xE6FA,0xEF1A,0xE6FA,0xE6FA,0xE6FA,0xE6DA,0xE6DA,0xE6FA,0xE71A,0xE6FA,
    0xE6FA,0xE6FA,0xE6FA,0xE6FA,0xE6FA,0xE71A,0xE6FA,0xE6D9,0xE6DA,0xE6FA,0xE71B,0xDEFA,0xE6FA,0xE6B9,0xF6FA,0xF6D9,
    0xD573,0xC48F,0xCCAF,0xD4B0,0xD4AF,0xD48E,0xD48E,0xD48E,0xDCAF,0xD4AF,0xD48F,0xDCAF,0xDCAF,0xDCAF,0xE4CF,0xDCEF,
    0xDD10,0xE552,0xE572,0xED93,0xEDF4,0xEE16,0xEE78,0xEE99,0xEE98,0xEE98,0xF657,0xEDF5,0xEDB4,0xE572,0xE572,0xE531,
    0xDCF0,0xD4AE,0xDCCE,0xD48D,0xCC0B,0xC40B,0xCC0C,0xC3CB,0xB38A,0xB389,0xAB49,0xA328,0x9AE8,0x9AE7,0x92C7,0x9AC7,
    0x9AE8,0xA328,0xB389,0xB3AA,0xBBCA,0xBBCB,0xBBCB,0xBBAA,0xBBCB,0xC3CB,0xBBAB,0xBBAB,0xBBAB,0xBBAB,0xBBCB,0xC3EC,
    0xC3EC,0xCC2D,0xCC2D,0xD44E,0xD48F,0xDCCF,0xE4D0,0xDCD0,0xE4D0,0xDC8F,0xCC0D,0xA34A,0xA36B,0x9B4B,0x9B6C,0xA3CD,
    0xABEE,0xB450,0xC4B1,0xC4B1,0xCCD2,0xCCF3,0xDD54,0xDD74,0xDD74,0xDD74,0xE574,0xEDB5,0xE594,0xD533,0xCCF2,0xC4B1,
    0xCCD1,0xD4F2,0xE533,0xDD33,0xCCD1,0xD512,0xC490,0xC44F,0xCC91,0xDD12,0xE532,0xED73,0xED73,0xE552,0xE532,0xE532,
    0xE552,0xDD11,0xDCF1,0xDCF0,0xD4AF,0xDCD0,0xAB6B,0x8AA8,0x7A06,0x71E5,0x6A06,0x69E5,0x69E5,0x61C5,0x61A5,0x5984,
    0x59A5,0x61C5,0x61C5,0x5985,0x5985,0x6185,0x61A4,0x61A4,0x61A5,0x61A5,0x61C5,0x61C6,0x61E6,0x6A06,0x7226,0x7227,
    0x7A46,0x92C8,0xC42D,0xCC4D,0xD48D,0xDC8D,0xD48D,0xD48E,0xD46D,0xD44D,0xCC2C,0xCC4C,0xCC2C,0xC3EB,0xC40B,0xC40C,
    0xBBCB,0x9B29,0x9B49,0x8B09,0x4942,0x40E1,0x4902,0x5142,0x5143,0x5943,0x6163,0x69A4,0x71C4,0x71E4,0x71E5,0x7205,
    0x69C5,0x69E5,0x7267,0x834B,0xDE98,0xDEB9,0xDEFA,0xDED9,0xE6D9,0xE6D9,0xDED9,0xE6FA,0xE6DA,0xDEB9,0xDEB9,0xE6D9,
    0xE6D9,0xE6DA,0xE6D9,0xDEB9,0xDEB9,0xE6D9,0xE6D9,0xE6D9,0xE6D9,0xDEB9,0xDEB9,0xDEB9,0xE6D9,0xE6D9,0xDEB9,0xDEB9,
    0xDEB9,0xE6B9,0xE6D9,0xE6B9,0xE6D9,0xDEB9,0xE6D9,0xE6D9,0xDEB9,0xDEB9,0xDEB9,0xDEB9,0xE6D9,0xE6D9,0xDEB9,0xDEB9,
    0xD637,0xD637,0xD637,0xD637,0xD657,0xD657,0xD637,0xD657,0xD658,0xD657,0xD657,0xD657,0xD658,0xCE37,0xD657,0xCE37,
    0xD658,0xD658,0xD657,0xD678,0xDE78,0xD678,0xDE98,0xDE78,0xDE78,0xDE78,0xDE78,0xDE78,0xDE78,0xDE99,0xDE98,0xE6B9,
    0xDE98,0xDE98,0xDE99,0xDE98,0xDEB9,0xDEB9,0xDE99,0xDE98,0xDE98,0xDE99,0xDEB9,0xDE99,0xDE98,0xDEB9,0xDE98,0xDE98,
    0xDE99,0xDEB9,0xDE98,0xDE99,0xDEB9,0xDEB9,0xDEB9,0xDEB9,0xDEB9,0xDEB9,0xDEB9,0xE6D9,0xE6D9,0xDEB9,0xE6D9,0xDEB9,
    0xDEB9,0xDEB9,0xE6D9,0xDEB9,0xDEB9,0xE6D9,0xDEB9,0xE6D9,0xE6DA,0xDEB9,0xDEB9,0xDEB9,0xDEB9,0xDEB9,0xDEB9,0xDEB9,
    0xE6D9,0xDEB9,0xDEB9,0xE6DA,0xE6DA,0xE6B9,0xDE99,0xE6B9,0xE6B9,0xDEB9,0xDEB9,0xDEB9,0xDEB9,0xE6DA,0xE6DA,0xE6D9,
    0xDEB9,0xDEB9,0xE6D9,0xE6D9,0xE6D9,0xE6D9,0xE6D9,0xE6DA,0xE6FA,0xE6DA,0xE6D9,0xE6D9,0xE6D9,0xE6DA,0xE6D9,0xE6D9,
    0xE6D9,0xDEB9,0xDEB9,0xE6FA,0xE6D9,0xE6D9,0xE6FA,0xE6D9,0xE6D9,0xE6DA,0xE6D9,0xE6D9,0xE6D9,0xE6D9,0xDEB9,0xE6D9,
    0xE6D9,0xE6FA,0xE6FA,0xE6D9,0xE6D9,0xE6D9,0xE6D9,0xE6D9,0xE6DA,0xE6FA,0xE6FA,0xE6FA,0xDEB9,0xDE99,0xE6DA,0xE6FA,
    0xE6D9,0xE6FA,0xE6FA,0xE6FA,0xE6DA,0xE6FA,0xE6D9,0xE6D9,0xE6D9,0xE6D9,0xE6D9,0xE6D9,0xE6D9,0xE6D9,0xE6DA,0xE6DA,
    0xE6DA,0xE6DA,0xE6DA,0xE6FA,0xE6FA,0xDEB9,0xE6DA,0xE6D9,0xE6FA,0xE6D9,0xE6D9,0xE6FA,0xE6FA,0xE6FA,0xE6FA,0xE6FA,
    0xE6FA,0xE6FA,0xE6DA,0xE6FA,0xE6DA,0xE6DA,0xE6FA,0xE6DA,0xE6DA,0xE6DA,0xE6DA,0xE6FA,0xE6D9,0xE6FA,0xE6FA,0xE6D9,
    0xE6FA,0xE6DA,0xE6FA,0xE6FA,0xE6FA,0xE6DA,0xE6DA,0xE6D9,0xE6D9,0xE6D9,0xE6D9,0xE6D9,0xE6FA,0xE6FA,0xE71A,0xE6FA,
    0xE71A,0xE6FA,0xE6FA,0xE6FA,0xE71A,0xE71A,0xE6FA,0xEF1A,0xE6FA,0xDEFA,0xDEFA,0xE6FA,0xE6B9,0xF6D9,0xF698,0xCD33,
    0xCCB0,0xCC8F,0xD4B0,0xD48F,0xD48F,0xD48E,0xD48E,0xD48E,0xD4AE,0xDCAF,0xDCCF,0xDCCF,0xDCCF,0xDCCF,0xDCEF,0xDCF0,
    0xE531,0xE572,0xE593,0xEDD5,0xEE16,0xE636,0xEED9,0xFF3B,0xF6FA,0xF6D9,0xF657,0xEDD4,0xE572,0xE551,0xE531,0xE530,
    0xE510,0xD4AE,0xD48E,0xCC0B,0xC3EB,0xBBCA,0xBBAA,0xBB8A,0xB369,0xB38A,0xAB49,0xA308,0x9AC7,0x92A7,0x9286,0x9286,
    0x9AA7,0x9AE7,0xAB48,0xB389,0xB3AA,0xBBCB,0xC3EB,0xBBAB,0xBBCB,0xBBAB,0xBBAB,0xB38A,0xB36A,0xB36A,0xB36A,0xB38A,
    0xB38A,0xBBCB,0xBBCB,0xC3EC,0xCC2D,0xD46E,0xD46E,0xE4F0,0xED31,0xDCCF,0xB36A,0xA32A,0xABAC,0x92E9,0x932B,0xA3AD,
    0xABEE,0xB42F,0xBC90,0xC4B1,0xCCD2,0xCCF3,0xD533,0xDD53,0xDD54,0xDD53,0xE574,0xDD33,0xDD32,0xCCD1,0xC470,0xC490,
    0xCCB0,0xDCF2,0xE533,0xE533,0xC470,0xC490,0xC490,0xC44F,0xCC70,0xDCF2,0xDD12,0xE532,0xDCF1,0xDD11,0xE531,0xDCF1,
    0xDD11,0xE511,0xDCF1,0xDCF0,0xD48F,0xD48F,0xBBCC,0x92A8,0x8226,0x71E5,0x6A06,0x69E5,0x69E6,0x61C5,0x61A5,0x59A5,
    0x59A5,0x61C6,0x61C6,0x5985,0x5985,0x6184,0x61A4,0x61A4,0x61C5,0x61C5,0x61C6,0x69E7,0x6A27,0x69E6,0x7206,0x7206,
    0x8266,0xB3AB,0xCC6E,0xD46D,0xD46D,0xD46D,0xD48D,0xDC8E,0xD46D,0xD46D,0xCC4C,0xCC4D,0xCC0C,0xC40C,0xCC2C,0xC40C,
    0xB3CA,0xA38A,0x9329,0x82E9,0x38A0,0x40E1,0x4922,0x4922,0x5142,0x5943,0x5963,0x69A4,0x69C4,0x71C4,0x71C4,0x71E5,
    0x69E5,0x7206,0x7267,0x93AD,0xE6DA,0xDEBA,0xDEDA,0xDEB8,0xDEB8,0xDEB8,0xD698,0xDEB9,0xDEB9,0xDEB9,0xDEB9,0xE6DA,
    0xE6DA,0xE6FA,0xE6D9,0xDEB9,0xE6D9,0xE6D9,0xE6D9,0xE6D9,0xE6D9,0xE6D9,0xE6D9,0xE6D9,0xE6D9,0xE6D9,0xDEB9,0xE6B9,
    0xE6D9,0xE6B9,0xDEB9,0xDE99,0xDEB9,0xDEB9,0xDEB9,0xDEB9,0xDEB9,0xDEB9,0xDEB9,0xE6D9,0xDEB9,0xDEB9,0xDEB9,0xDE99,
    0xD658,0xD657,0xD657,0xD657,0xD658,0xD678,0xD678,0xDE99,0xDE98,0xD678,0xD678,0xDE98,0xDE98,0xDE98,0xDE99,0xD678,
    0xDE99,0xDE98,0xDE99,0xDEB9,0xDEB9,0xD678,0xDE78,0xD678,0xD678,0xE6B9,0xDEB9,0xDE98,0xDE99,0xDEB9,0xDE99,0xE6D9,
    0xDE98,0xDE98,0xDE99,0xDE98,0xDE98,0xD678,0xDE98,0xDE99,0xDEB9,0xDEB9,0xDE98,0xDE98,0xDE98,0xDEB9,0xDEB9,0xDEB9,
    0xDEB9,0xDEB9,0xDEB9,0xDEB9,0xDEB9,0xDEB9,0xDEB9,0xDEB9,0xDEB9,0xDEB9,0xE6D9,0xE6D9,0xDE99,0xDEB9,0xDEB9,0xE6D9,
    0xE6D9,0xDEB9,0xE6D9,0xE6D9,0xDEB9,0xDEB9,0xE6D9,0xDEB9,0xDE98,0xE6D9,0xDEB9,0xE6D9,0xDEB9,0xDEB9,0xE6DA,0xDEB9,
    0xE6D9,0xE6D9,0xDEB9,0xE6D9,0xE6B9,0xE6DA,0xDEB9,0xDEB9,0xE6B9,0xDEB9,0xDEB9,0xDEB9,0xDEB9,0xDEB9,0xDEB9,0xE6D9,
    0xE6D9,0xE6D9,0xDEB9,0xE6D9,0xE6D9,0xE6DA,0xDEB9,0xE6D9,0xE6D9,0xDEB9,0xE6D9,0xE6D9,0xE6D9,0xE6DA,0xE6D9,0xDEB9,
    0xE6D9,0xE6D9,0xDEB9,0xE6FA,0xE6FA,0xE6FA,0xE6FA,0xDEB9,0xE6D9,0xE6D9,0xE6FA,0xE6D9,0xE6FA,0xE6FA,0xE6FA,0xE6FA,
    0xDEB9,0xE6DA,0xE6DA,0xE6FA,0xE6DA,0xDEB9,0xE6D9,0xE6D9,0xE6D9,0xE6D9,0xE6DA,0xE6DA,0xE6D9,0xE6D9,0xE6D9,0xE6D9,
    0xE6D9,0xE6DA,0xE6DA,0xE6FA,0xE6FA,0xE6DA,0xE6D9,0xE6FA,0xE6D9,0xE6FA,0xE6FA,0xE6DA,0xE6DA,0xE6FA,0xE6FA,0xE6DA,
    0xE6D9,0xE6DA,0xE6DA,0xE6DA,0xE6D9,0xE6B9,0xEF1B,0xEEFA,0xE6D9,0xE6FA,0xE6FA,0xE6D9,0xE6D9,0xE6FA,0xE6FA,0xE6FA,
    0xE6FA,0xE6DA,0xE6DA,0xE6DA,0xE6FA,0xE6FA,0xE6FA,0xE6DA,0xE6DA,0xE6DA,0xE6DA,0xE6FA,0xDEB9,0xE6FA,0xE6FA,0xE6D9,
    0xE6FA,0xE6FA,0xE6FA,0xE6D9,0xE6DA,0xE6FA,0xE6FA,0xE6FA,0xE6FA,0xE6FA,0xE6DA,0xE6DA,0xE6FA,0xE6FA,0xE6D9,0xE6FA,
    0xE6FA,0xE6FA,0xE6FA,0xE6FA,0xE71A,0xE71A,0xE6FA,0xE71A,0xE6FA,0xE6FA,0xE6FA,0xE6D9,0xF6FA,0xEE57,0xCCF2,0xC4B0,
    0xCCB0,0xD4B0,0xD48F,0xD46F,0xD48F,0xD46E,0xD48E,0xDC8E,0xDCAE,0xDCAF,0xDCAF,0xDCAF,0xE4CF,0xE4EF,0xE4F0,0xE531,
    0xE552,0xE593,0xE5B4,0xE616,0xEE98,0xF6FA,0xF71B,0xF71B,0xF6DA,0xF698,0xF636,0xEDB4,0xE552,0xE551,0xDCF0,0xD4CF,
    0xDCCF,0xDCAE,0xDCAE,0xC3EB,0xC3CA,0xBBAA,0xBBAA,0xB389,0xAB69,0xAB49,0xA329,0x9AE7,0x8A86,0x8A66,0x8245,0x8A66,
    0x9286,0x9AC7,0xA308,0xAB48,0xAB69,0xB38A,0xBBAA,0xBBCB,0xBBCB,0xB38A,0xB38A,0xAB69,0xA328,0xAB49,0xAB49,0xAB49,
    0xAB49,0xB38A,0xB38A,0xB38A,0xBBCB,0xCC0C,0xD44D,0xDCAE,0xD48E,0xCC2C,0xA308,0xC42E,0xBC0E,0x8AA8,0x8AC9,0x932B,
    0xA3AD,0xAC0F,0xBC70,0xBC70,0xC4B1,0xCCD2,0xCCD2,0xD512,0xD513,0xD533,0xDD53,0xDD33,0xD512,0xCCB1,0xC44F,0xBC0F,
    0xC40E,0xBBAD,0xCC2F,0xCC4F,0xBBCE,0xB3CD,0xC470,0xD4B1,0xCC70,0xD4B1,0xDCF2,0xDCF2,0xD4D0,0xDCD1,0xE511,0xDCD0,
    0xDCF0,0xDD11,0xD4AF,0xD48E,0xD48E,0xD48E,0xC42D,0x9AE8,0x8AA7,0x69C4,0x6A06,0x69E6,0x69E5,0x61C5,0x61A5,0x59A5,
    0x61A5,0x61C6,0x59A5,0x5985,0x6185,0x6184,0x61A4,0x61A4,0x61C5,0x61A5,0x69C6,0x6A07,0x7227,0x7206,0x71E6,0x7A26,
    0xA36A,0xC44D,0xCC4D,0xD48D,0xD46D,0xD48D,0xDC8E,0xDCAE,0xD48E,0xD48E,0xD46D,0xCC4D,0xC40C,0xCC2C,0xD46D,0xCC4C,
    0xC40C,0xA36A,0x9B4A,0x6A26,0x3040,0x40E2,0x4902,0x4922,0x5143,0x5943,0x5963,0x69A4,0x71C4,0x71C4,0x71C4,0x71E5,
    0x71E5,0x7247,0x7287,0x9C0E,0xEEFA,0xDEDA,0xDEB9,0xDEB9,0xDEB8,0xDEB9,0xDEB9,0xDEB9,0xDEB9,0xDEB9,0xDEB9,0xDEB9,
    0xDEB9,0xE6D9,0xE6D9,0xE6D9,0xE6FA,0xDEB9,0xDEB9,0xDEB9,0xDEB9,0xDEB9,0xDEB9,0xDEB9,0xDEB9,0xDEB9,0xDE99,0xDEB9,
    0xDEB9,0xDEB9,0xDE78,0xDE99,0xDEB9,0xDEB9,0xDE99,0xDEB9,0xDEB9,0xDEB9,0xDE99,0xDE98,0xDE98,0xDEB9,0xDEB9,0xDEB9,
    0xDE98,0xDE98,0xDE98,0xDE98,0xDEB9,0xDE99,0xDE98,0xDE99,0xDE99,0xDE98,0xDE99,0xDE99,0xDE98,0xDEB9,0xDEB9,0xDE98,
    0xDEB9,0xDE98,0xDE78,0xDE99,0xDE99,0xDE98,0xDEB9,0xDEB9,0xDE78,0xE6B9,0xDE99,0xDE99,0xDEB9,0xDEB9,0xDE98,0xE6B9,
    0xDE99,0xDEB9,0xDEB9,0xDE98,0xDEB9,0xDEB9,0xDEB9,0xDEB9,0xDEB9,0xE6D9,0xDEB9,0xE6D9,0xE6D9,0xDEB9,0xDEB9,0xDEB9,
    0xE6D9,0xE6D9,0xE6D9,0xE6FA,0xDE99,0xDEB9,0xE6D9,0xDEB9,0xE6D9,0xDEB9,0xE6D9,0xDEB9,0xDEB9,0xE6D9,0xDEB9,0xE6D9,
    0xDEB9,0xDEB9,0xDEB9,0xE6D9,0xDEB9,0xDEB9,0xE6FA,0xDE98,0xD657,0xDEB9,0xDEB9,0xE6D9,0xE6D9,0xE6D9,0xE6D9,0xE6D9,
    0xE6D9,0xE6DA,0xE6D9,0xE6B9,0xDEB9,0xE6DA,0xDEB9,0xDEB9,0xE6DA,0xE6DA,0xE6DA,0xE6DA,0xE6DA,0xE6DA,0xE6D9,0xE6D9,
    0xDEB9,0xE6D9,0xE6D9,0xE6D9,0xE6D9,0xE6D9,0xE6D9,0xE6D9,0xE6D9,0xE6D9,0xE6DA,0xE6DA,0xE6D9,0xE6D9,0xE6DA,0xE6D9,
    0xE6DA,0xE6FA,0xE6DA,0xE6D9,0xE6D9,0xE6D9,0xE6FA,0xE6D9,0xE6FA,0xEF1A,0xE6FA,0xE6D9,0xE6FA,0xE6D9,0xE6FA,0xE6FA,
    0xE6DA,0xE6FA,0xE6D9,0xE6D9,0xE6D9,0xE6D9,0xE6DA,0xE6D9,0xE6D9,0xE6D9,0xE6D9,0xE6D9,0xE6FA,0xEF1A,0xE6D9,0xDEB9,
    0xE6FA,0xE6DA,0xE6D9,0xDEB9,0xE6D9,0xE6D9,0xDEB9,0xE6FA,0xE6D9,0xE6FA,0xE6FA,0xE6FA,0xE6FA,0xE6FA,0xE6DA,0xE6DA,
    0xE6B9,0xE6D9,0xE6DA,0xE6DA,0xE6DA,0xE6DA,0xE6DA,0xE6FA,0xE6FA,0xE6D9,0xE6D9,0xE6FA,0xE6FA,0xE6D9,0xE6D9,0xE6FA,
    0xE6D9,0xE6DA,0xE6DA,0xE6DA,0xEEFA,0xE6FA,0xEEFA,0xE6FA,0xE6FA,0xEF1B,0xE6FA,0xE6FA,0xE6D9,0xE6FA,0xE6FA,0xE6DA,
    0xE6FA,0xE6DA,0xE6FA,0xE6FA,0xE6FA,0xE6FA,0xE6FA,0xE6FA,0xE6FA,0xE6FA,0xE6D9,0xE6D9,0xE6D9,0xE6FA,0xE6FA,0xE71A,
    0xE6FA,0xE6FA,0xE6FA,0xE6FA,0xE6FA,0xE6FA,0xE6DA,0xE6FA,0xE6FA,0xE6FA,0xEEFA,0xF6F9,0xE616,0xCD12,0xC48F,0xCC8F,
    0xCC8F,0xD48F,0xCC6E,0xDCAF,0xDCAF,0xDC6E,0xDC8E,0xDCAF,0xDCCF,0xE4CF,0xE4CF,0xE4CF,0xE4EF,0xE510,0xDD11,0xDD32,
    0xDD73,0xE5B4,0xEE37,0xEEB9,0xEEDA,0xFF5C,0xFF7C,0xFF1B,0xF6B9,0xF657,0xEDF5,0xED93,0xED72,0xE551,0xDCEF,0xD4AF,
    0xD48E,0xCC6D,0xCC4D,0xC40B,0xBBAA,0xB389,0xB369,0xAB48,0xAB28,0xA308,0x9AE8,0x9286,0x8225,0x7A05,0x7A05,0x8225,
    0x8A66,0x92A6,0x9AC7,0xA307,0xAB48,0xAB49,0xB38A,0xBBAB,0xB3AA,0xB389,0xAB48,0xA307,0xA308,0xA308,0xA307,0xA328,
    0xAB28,0xAB48,0xAB49,0xB369,0xB38A,0xBBAA,0xC40B,0xC3EB,0xB389,0xA308,0xAB28,0xCC8F,0xB3CC,0x8AC9,0x8AC9,0x8ACA,
    0x9B4C,0xA3CE,0xB40F,0xB42F,0xBC70,0xC4B1,0xC491,0xCCD2,0xD4F2,0xCCF2,0xD512,0xD512,0xCCB0,0xB3EE,0xB3CD,0xC42F,
    0x9ACA,0x79A5,0x9AA9,0x9AA9,0xA32B,0xAB6C,0xC44F,0xC44F,0xC44F,0xCCB1,0xDCF2,0xDD12,0xDCF1,0xDCF1,0xDCF1,0xDCD0,
    0xD4D0,0xD4CF,0xD48E,0xD46E,0xD4AE,0xD46E,0xC42D,0xA34A,0x9309,0x71E5,0x6A06,0x69E6,0x69E5,0x69C5,0x61A5,0x59A5,
    0x61C5,0x61C5,0x59A5,0x5964,0x5964,0x5984,0x5984,0x5984,0x61A4,0x61C5,0x69C5,0x69E6,0x71E6,0x7206,0x7A26,0x9B2A,
    0xBC2D,0xC44D,0xC42D,0xD46D,0xDCAE,0xDCAE,0xD48D,0xDC8E,0xD48E,0xDCAE,0xD46D,0xD46D,0xCC4D,0xCC4D,0xD46D,0xCC4D,
    0xC42D,0xAB8B,0x9B6B,0x5163,0x3060,0x40E2,0x4902,0x4922,0x5143,0x5943,0x6163,0x69A4,0x71E4,0x71E5,0x71E5,0x7205,
    0x7206,0x7A87,0x7AA8,0xA44F,0xEEFA,0xDEDA,0xDEDA,0xDEB9,0xDEB8,0xDEB9,0xDEDA,0xDEDA,0xE6D9,0xE6DA,0xE6D9,0xDEB9,
    0xDEB9,0xE6D9,0xDEB9,0xDEB9,0xDEB9,0xDEB9,0xDEB9,0xDEB9,0xDEB9,0xDEB9,0xDEB9,0xDEB9,0xDEB9,0xDEB9,0xDE99,0xDE99,
    0xDEB9,0xDEB9,0xDE99,0xDEB9,0xE6B9,0xDEB9,0xDE99,0xDEB9,0xDEB9,0xDEB9,0xDEB9,0xDEB9,0xDEB9,0xDEB9,0xDEB9,0xDE99,
    0xDE78,0xDE98,0xDE99,0xDE99,0xDE98,0xDE98,0xDE78,0xDE78,0xDEB9,0xDE98,0xD678,0xDE98,0xDE98,0xDE98,0xDE98,0xDE98,
    0xDE98,0xDE99,0xDEB9,0xDEB9,0xDE99,0xDE99,0xDEB9,0xDEB9,0xDE98,0xDE99,0xDE99,0xDE98,0xDE99,0xDEB9,0xDE99,0xDEB9,
    0xDEB9,0xDEB9,0xE6B9,0xDE99,0xDEB9,0xDEB9,0xDE99,0xDEB9,0xDEB9,0xDEB9,0xE6D9,0xE6D9,0xDEB9,0xDEB9,0xDEB9,0xDEB9,
    0xDEB9,0xDEB9,0xDEB9,0xE6D9,0xDEB9,0xDEB9,0xDEB9,0xDEB9,0xDEB9,0xDE98,0xDEB9,0xDEB9,0xDE99,0xDEB9,0xDEB9,0xE6DA,
    0xDEB9,0xDEB9,0xDEB9,0xE6D9,0xDEB9,0xDEB9,0xDEB9,0xDEB9,0xE6D9,0xE6D9,0xDEB9,0xDEB9,0xE6FA,0xE6D9,0xDEB9,0xE6D9,
    0xDEB9,0xE6DA,0xDEB9,0xE6D9,0xE6DA,0xE6DA,0xDEB9,0xE6DA,0xE6D9,0xE6B9,0xDEB9,0xDEB9,0xE6D9,0xE6FA,0xE6D9,0xE6D9,
    0xE6D9,0xE6DA,0xE6DA,0xE6D9,0xE6D9,0xE6D9,0xE6D9,0xDEB9,0xE6D9,0xE6D9,0xE6D9,0xE6FA,0xE6D9,0xE6D9,0xE6FA,0xE6FA,
    0xE6FA,0xE6FA,0xE6DA,0xE6D9,0xEF1A,0xE6DA,0xE6D9,0xE6D9,0xDEB9,0xE6FA,0xE6D9,0xE6D9,0xE6DA,0xE6D9,0xE6FA,0xE6DA,
    0xE6DA,0xE6FA,0xE6D9,0xE6D9,0xE6D9,0xE6DA,0xE6FA,0xE6D9,0xE6D9,0xE6FA,0xE6D9,0xE6DA,0xE6FA,0xDEB9,0xE6DA,0xE6FA,
    0xE6D9,0xE6D9,0xE6FA,0xE6FA,0xE6FA,0xEF1A,0xE6D9,0xE6FA,0xE6D9,0xE6FA,0xE6D9,0xE6FA,0xE6FA,0xE6D9,0xE6DA,0xE6FA,
    0xE6DA,0xE6DA,0xE6D9,0xE6DA,0xE6DA,0xE6DA,0xE6B9,0xE6DA,0xE6DA,0xE6FA,0xE6FA,0xE6DA,0xE6FA,0xE6D9,0xE6D9,0xE6FA,
    0xE6D9,0xEEFA,0xE6FA,0xE6DA,0xE6FA,0xE6DA,0xE6FA,0xE6DA,0xE6D9,0xE6DA,0xE6D9,0xE6FA,0xE6DA,0xE6FA,0xE6FA,0xE6D9,
    0xE6D9,0xE6D9,0xE6FA,0xE6FA,0xE6D9,0xE6DA,0xE6DA,0xE6FA,0xE6FA,0xE6DA,0xE6FA,0xE6FA,0xE71A,0xE71A,0xE6FA,0xE71A,
    0xE6FA,0xE6FA,0xE6FA,0xE6FA,0xE6FA,0xE6DA,0xE6D9,0xE71A,0xE6FA,0xEEF9,0xF6D9,0xE5F5,0xC4B0,0xCC6F,0xD48F,0xD46E,
    0xCC6E,0xCC6E,0xD44E,0xDC8F,0xDC6E,0xDC8F,0xDC8F,0xE4AF,0xE4CF,0xE4EF,0xE4EF,0xE4EF,0xE510,0xE531,0xDD32,0xDD53,
    0xDD74,0xE616,0xEE99,0xF73C,0xFF5D,0xFF5C,0xFF5C,0xF6FA,0xF678,0xEDF6,0xED94,0xE552,0xE510,0xDCEF,0xD4AE,0xD4AE,
    0xCC6D,0xC42C,0xC3EB,0xC3EB,0xBBCA,0xBB8A,0xB349,0xAB28,0xA308,0x9AE7,0x92C7,0x8A66,0x7A05,0x71E4,0x71E4,0x7A05,
    0x8245,0x8A86,0x92A6,0x92E7,0x9B08,0xA328,0xAB69,0xAB6A,0xAB69,0xAB69,0xA307,0x9AC6,0x9B07,0x9AE7,0x9AC6,0x9B07,
    0xA307,0xA307,0xA307,0xA328,0xAB48,0xAB49,0xB369,0xAB48,0xA308,0x9AA6,0xB369,0xC44E,0xA34B,0x8AA8,0x82A8,0x8AEA,
    0x934B,0x9B6C,0xA38D,0xB40E,0xB42F,0xBC50,0xBC50,0xC491,0xC4B1,0xC490,0xCCD1,0xCCD1,0xC46F,0xB3EE,0xABAD,0xB3CD,
    0x8A89,0x58E2,0x50C2,0x6164,0x9B2B,0xABAD,0xB3EE,0xBC0E,0xC44F,0xCCB1,0xD4D1,0xD4B0,0xD4F1,0xD4D0,0xD48F,0xD4B0,
    0xD4CF,0xD4CF,0xD4AF,0xCC6D,0xCC4D,0xC42D,0xC42D,0xA34A,0x92C8,0x7205,0x7206,0x69E5,0x6A06,0x69C5,0x61A5,0x61A5,
    0x61C5,0x61C5,0x61A5,0x6184,0x6184,0x5984,0x59A4,0x59A4,0x61C5,0x69E5,0x69E5,0x71E5,0x71E5,0x7A05,0x9B09,0xBC0D,
    0xBC0D,0xCC4D,0xCC6D,0xCC6D,0xD48E,0xD48D,0xD46D,0xD48E,0xD48E,0xDC8E,0xD46D,0xD46D,0xD46D,0xCC4D,0xD46D,0xCC4D,
    0xC42D,0xBC0D,0x8AC8,0x40C1,0x3060,0x38C2,0x4903,0x4923,0x5122,0x5943,0x6183,0x69C4,0x71E5,0x7A05,0x7A05,0x7226,
    0x7226,0x8288,0x7AA8,0xA46F,0xE6BA,0xDEDA,0xE6FA,0xE6D9,0xE6B8,0xE6B9,0xE6FA,0xDED9,0xDEB9,0xE6DA,0xE6D9,0xDEB9,
    0xDEB9,0xDEB9,0xDEB9,0xDEB9,0xDEB9,0xE6D9,0xDEB9,0xE6D9,0xE6D9,0xDEB9,0xDEB9,0xDEB9,0xDEB9,0xDEB9,0xDEB9,0xDEB9,
    0xDEB9,0xDEB9,0xDEB9,0xDEB9,0xDEB9,0xDE99,0xDE99,0xDEB9,0xDEB9,0xDEB9,0xDE98,0xDE98,0xDE98,0xDE98,0xDE98,0xDE99,
    0xDE98,0xDE99,0xDE99,0xDE98,0xD678,0xDE78,0xDEB9,0xDE98,0xDEB9,0xDE98,0xDE99,0xDEB9,0xDEB9,0xDEB9,0xDEB9,0xDE99,
    0xD678,0xDEB9,0xDE99,0xDEB9,0xDE99,0xDE98,0xDEB9,0xDEB9,0xDE99,0xDEB9,0xE6B9,0xDEB9,0xDE98,0xDE99,0xDEB9,0xDE98,
    0xE6B9,0xE6D9,0xE6B9,0xE6D9,0xE6B9,0xD678,0xD657,0xDEB9,0xE6D9,0xDEB9,0xDEB9,0xDEB9,0xE6DA,0xDEB9,0xDEB9,0xE6D9,
    0xDEB9,0xE6D9,0xDEB9,0xDEB9,0xDEB9,0xDEB9,0xE6D9,0xE6D9,0xDEB9,0xE6D9,0xE6D9,0xDEB9,0xE6D9,0xDEB9,0xE6D9,0xE6D9,
    0xDEB9,0xE6D9,0xE6D9,0xDEB9,0xE6DA,0xE6FA,0xDEB9,0xDE99,0xE6D9,0xE6D9,0xE6D9,0xE6D9,0xDEB9,0xDEB9,0xE6D9,0xDEB9,
    0xDEB9,0xE6D9,0xDEB9,0xDEB9,0xE6DA,0xDEB9,0xDEB9,0xDEB9,0xE6B9,0xDEB9,0xDEB9,0xDEB9,0xE6B9,0xE6D9,0xE6D9,0xE6D9,
    0xE6D9,0xE6DA,0xDEB9,0xDEB9,0xE6D9,0xE6D9,0xE6FA,0xE6D9,0xE6D9,0xE6D9,0xE6FA,0xE6D9,0xDEB9,0xE6FA,0xE6D9,0xDEB9,
    0xE6D9,0xE6D9,0xE6D9,0xE6DA,0xE6FA,0xE6FA,0xE6D9,0xE6FA,0xE6FA,0xE6D9,0xDEB9,0xE6D9,0xE6FA,0xDEB9,0xE6D9,0xE6D9,
    0xE6D9,0xE6D9,0xE6D9,0xE6D9,0xE6DA,0xDEB9,0xE6D9,0xE6FA,0xE6D9,0xE6FA,0xE6D9,0xE6FA,0xE6FA,0xE6D9,0xE6D9,0xE6FA,
    0xE6D9,0xE6FA,0xE6D9,0xEF1A,0xE6D9,0xE6D9,0xE6DA,0xE6D9,0xE6D9,0xE6FA,0xE6FA,0xE6FA,0xE6D9,0xE6D9,0xE6FA,0xE6FA,
    0xE6FA,0xE6FA,0xE6D9,0xE6B9,0xE6DA,0xE6DA,0xE6D9,0xE6DA,0xE6DA,0xDEB9,0xE6D9,0xE6D9,0xE6FA,0xE6FA,0xE6FA,0xE6FA,
    0xE6FA,0xE6FA,0xE6B9,0xE6B9,0xE6DA,0xE6B9,0xE6D9,0xE6D9,0xE6D9,0xE6FA,0xE6DA,0xE6FA,0xE6D9,0xE6FA,0xE6FA,0xE6DA,
    0xE6D9,0xE6FA,0xE6FA,0xE6FA,0xE6FA,0xE6FA,0xE6D9,0xE6FA,0xE6FA,0xE6DA,0xE6D9,0xE6DA,0xE6FA,0xE6FA,0xE6FA,0xE71A,
    0xE6FA,0xE6FA,0xE6FA,0xE6D9,0xE6DA,0xE6DA,0xEEFA,0xE6DA,0xE6B9,0xF6F9,0xDDB4,0xC48F,0xCC6F,0xCC4E,0xD44E,0xD44E,
    0xD48E,0xD46E,0xD46E,0xDC8F,0xDC8F,0xDC8F,0xE4AF,0xE4CF,0xE4CF,0xDCCF,0xE4CF,0xE510,0xE531,0xDD52,0xDD73,0xDDB4,
    0xDDB5,0xF6B9,0xFF3B,0xF75C,0xFF7D,0xFF7D,0xFEFB,0xEE58,0xEE16,0xDD32,0xE511,0xE531,0xD4AE,0xDCCE,0xD46D,0xCC4D,
    0xC40C,0xC40B,0xC3EB,0xBBAA,0xB389,0xB369,0xAB28,0xA308,0x9AE7,0x92A7,0x9287,0x8246,0x71C4,0x69A4,0x71E5,0x7A05,
    0x7A25,0x8A66,0x8A86,0x92C7,0x9AE7,0x9B08,0xA329,0xA329,0xA348,0xA328,0x9AE7,0x92C6,0x92C6,0x9AE7,0x92E7,0x92C6,
    0x92C7,0x9AC7,0x9AE7,0xA2E7,0xA307,0xA328,0xAB28,0xA307,0x92A6,0x9AC7,0xB38A,0xC42D,0x92C9,0x8A88,0x82A8,0x930A,
    0x932B,0x932B,0x934B,0xA38D,0xABCE,0xABEF,0xB42F,0xB42F,0xBC50,0xBC50,0xBC4F,0xBC4F,0xB40E,0xABCD,0xA38C,0x9B8C,
    0x8AEA,0x69E6,0x5984,0x7247,0x9B8C,0xABCD,0xA3AD,0xBC2F,0xBC2F,0xC470,0xCCB0,0xCC90,0xD4D0,0xCCB0,0xCC8F,0xCC6F,
    0xCC6E,0xD4AF,0xCC4D,0xCC4D,0xCC4D,0xC42D,0xBC0C,0xA329,0x92E8,0x7205,0x7205,0x7206,0x7206,0x69E5,0x61A5,0x61C5,
    0x61C5,0x61A5,0x59A5,0x6184,0x6184,0x5984,0x61A4,0x61C5,0x61A4,0x69E5,0x71E5,0x7A05,0x8226,0x9AE8,0xBBCC,0xBBEC,
    0xC42D,0xCC6E,0xD48E,0xD46D,0xCC4D,0xD48D,0xD48E,0xD46D,0xD48E,0xD48E,0xD48D,0xD48D,0xD46D,0xD46D,0xD48D,0xD48E,
    0xCC4D,0xC44D,0x69C5,0x38A0,0x3881,0x40C2,0x4902,0x4923,0x5143,0x5963,0x6183,0x69C4,0x71E5,0x7A05,0x7A25,0x7A46,
    0x7A47,0x82A8,0x7AC8,0xAC70,0xE6DA,0xDEBA,0xDEDA,0xDEB9,0xE6B8,0xE6B9,0xDED9,0xDEB9,0xDEB9,0xE6D9,0xDEB9,0xDEB9,
    0xDEB9,0xDEB9,0xE6D9,0xE6D9,0xE6D9,0xDEB9,0xDE98,0xDEB9,0xDEB9,0xDEB9,0xE6D9,0xDEB9,0xDEB9,0xDEB9,0xDE99,0xE6B9,
    0xE6B9,0xDE99,0xDE99,0xDE99,0xDEB9,0xDEB9,0xDE99,0xDE98,0xDEB9,0xDE99,0xDEB9,0xE6D9,0xDEB9,0xDEB9,0xDEB9,0xDE98,
    0xDE78,0xDE98,0xDE99,0xDE78,0xDE78,0xDE78,0xDE99,0xE6B9,0xDE99,0xDEB9,0xDEB9,0xDE99,0xDEB9,0xE6D9,0xDEB9,0xDE98,
    0xE6D9,0xDE98,0xDE98,0xDEB9,0xE6B9,0xDE98,0xDE78,0xDE99,0xDEB9,0xDEB9,0xDEB9,0xDE99,0xDE99,0xDEB9,0xE6B9,0xDEB9,
    0xDE98,0xE6B9,0xDEB9,0xDE99,0xDEB9,0xE6D9,0xDEB9,0xDE99,0xDEB9,0xDEB9,0xE6D9,0xE6D9,0xE6D9,0xDEB9,0xE6D9,0xE6D9,
    0xDEB9,0xE6D9,0xDEB9,0xDEB9,0xDEB9,0xDEB9,0xDEB9,0xE6DA,0xDEB9,0xDEB9,0xE6DA,0xDE98,0xE6FA,0xDEB9,0xDEB9,0xDEB9,
    0xE6D9,0xE6D9,0xDEB9,0xE6D9,0xE6FA,0xE6D9,0xDEB9,0xDEB9,0xE6D9,0xE6D9,0xE6D9,0xDEB9,0xDEB9,0xE6D9,0xE6D9,0xDE99,
    0xDEB9,0xE6D9,0xE6DA,0xE6DA,0xE6B9,0xDE99,0xE6DA,0xDEB9,0xDEB9,0xDEB9,0xE6B9,0xE6D9,0xE6D9,0xE6D9,0xE6D9,0xE6D9,
    0xE6D9,0xE6D9,0xDEB9,0xE6D9,0xE6DA,0xE6D9,0xE6D9,0xE6D9,0xE6D9,0xE6D9,0xDEB9,0xE6D9,0xE6FA,0xE6DA,0xE6D9,0xE6FA,
    0xE6D9,0xE6D9,0xE6FA,0xE6D9,0xDEB9,0xE6FA,0xE6DA,0xE6D9,0xE6FA,0xE6FA,0xE6D9,0xE6DA,0xE6FA,0xE6D9,0xE6D9,0xE6DA,
    0xE6D9,0xE6D9,0xE6D9,0xE6D9,0xE6DA,0xDEB9,0xE6D9,0xE6FA,0xDEB9,0xE6D9,0xE6D9,0xE6FA,0xE6FA,0xE6FA,0xE6FA,0xE6FA,
    0xDEB9,0xE6D9,0xE6D9,0xEF1A,0xE6FA,0xE6DA,0xE6FA,0xE6FA,0xE6D9,0xE6D9,0xE6D9,0xE6D9,0xE6D9,0xE6DA,0xE6D9,0xDE99,
    0xDE99,0xDEB9,0xE6DA,0xE6DA,0xE6FA,0xE6DA,0xE6DA,0xE6FA,0xE6FA,0xE6FA,0xE6FA,0xE6FA,0xE6DA,0xE6FA,0xE6FA,0xE6FA,
    0xE6FA,0xE6D9,0xE6D9,0xE6DA,0xE6FA,0xE6DA,0xE6FA,0xE6FA,0xE6DA,0xE6FA,0xE6D9,0xE6FA,0xE6FA,0xE6DA,0xE6DA,0xE6FA,
    0xE6FA,0xE6FA,0xE6FA,0xE6FA,0xE6FA,0xE6FA,0xE6FA,0xEF1A,0xE6FA,0xE6DA,0xE6DA,0xE6FA,0xE6FA,0xE6FA,0xDED9,0xE6FA,
    0xE6FA,0xE6FA,0xE6DA,0xEEFA,0xEEDA,0xE6D9,0xE6B9,0xF6DA,0xF6B9,0xD573,0xC490,0xCC6F,0xCC4E,0xD44E,0xD46E,0xD46E,
    0xD48E,0xD48E,0xD48E,0xDC8E,0xDC8F,0xE4AF,0xDCAF,0xDCCF,0xDCCF,0xDCCF,0xDCF0,0xDD11,0xDD32,0xD553,0xD594,0xE617,
    0xF6BA,0xFF3C,0xFF7D,0xFF9D,0xFF5C,0xFF1B,0xF658,0xEDF5,0xE573,0xDD11,0xDCF0,0xDCEF,0xD4AE,0xCC4C,0xCC2C,0xC3EB,
    0xC40B,0xBBCB,0xBBCA,0xB389,0xAB69,0xAB28,0xAB08,0xA307,0x9AC7,0x8A86,0x8246,0x7A05,0x69A4,0x6183,0x69C4,0x7205,
    0x7A25,0x8245,0x8265,0x8A86,0x92A7,0x92C7,0x9AE8,0x9B08,0x9B08,0x9AE7,0x92A6,0x8A86,0x8A86,0x8AA6,0x8A86,0x8AA6,
    0x92A6,0x92A6,0x9AE7,0x9AE7,0xA307,0xA2E7,0xA307,0x92A6,0x92A6,0xAB69,0xBBEB,0xB3EC,0x8267,0x8267,0x8AC9,0x8AEA,
    0x8B0A,0x932B,0x932B,0x9B4C,0x9B8C,0xA3AD,0xABEE,0xB40F,0xBC4F,0xBC2F,0xBC2F,0xB40E,0xABCD,0xA38C,0x9B8C,0x934B,
    0x82E9,0x7AA8,0x7288,0x8B2A,0xA3CD,0xABED,0xA3AC,0x9B4B,0xABAD,0xBC2E,0xC470,0xCC6F,0xC46F,0xC46F,0xC44E,0xC46E,
    0xC44E,0xCC6E,0xC42D,0xC42D,0xC42C,0xC40C,0xBBCC,0x9B29,0x92C8,0x7A26,0x7206,0x7206,0x6A06,0x69C5,0x61A4,0x61A5,
    0x69C5,0x61C5,0x5984,0x6184,0x6184,0x5984,0x59A4,0x61C5,0x61C5,0x69E5,0x71E4,0x7A25,0xA309,0xBBCB,0xBBEC,0xC40C,
    0xCC4D,0xCC6D,0xD46D,0xD46D,0xCC6D,0xD48E,0xDCAE,0xD48D,0xD46D,0xD48E,0xD48E,0xD48D,0xD46D,0xD46D,0xD48E,0xD4AE,
    0xCC6E,0xC44E,0x69C4,0x40C1,0x3881,0x40C2,0x4102,0x4902,0x5143,0x5963,0x6184,0x69C4,0x7205,0x7A25,0x7A26,0x7A46,
    0x7A47,0x82A8,0x82E9,0xAC90,0xEEFA,0xDEBA,0xDEB9,0xDED9,0xE6D9,0xE6D9,0xDED9,0xDED9,0xE6D9,0xE6D9,0xDEB9,0xDEB9,
    0xE6D9,0xE6D9,0xDEB9,0xDEB9,0xDEB9,0xDEB9,0xE6D9,0xE6D9,0xDEB9,0xDE98,0xE6D9,0xDEB9,0xDEB9,0xE6D9,0xDEB9,0xDEB9,
    0xE6B9,0xDEB9,0xE6B9,0xE6DA,0xE6B9,0xDEB9,0xE6B9,0xDEB9,0xDEB9,0xDEB9,0xE6D9,0xE6D9,0xDEB9,0xDE98,0xDE99,0xD678,
    0xDE98,0xDE98,0xDE99,0xDE78,0xDEB9,0xDE98,0xDE78,0xDE99,0xDE78,0xDEB9,0xDE99,0xD678,0xDEB9,0xD678,0xD657,0xE6DA,
    0xDE99,0xDE98,0xDE99,0xDE78,0xDEB9,0xDEB9,0xDE98,0xDE98,0xDEB9,0xDEB9,0xDE99,0xDE98,0xDEB9,0xDEB9,0xE6D9,0xE6D9,
    0xDE99,0xE6D9,0xE6B9,0xDE99,0xDE99,0xDED9,0xE6D9,0xDE99,0xDEB9,0xDE98,0xDEB9,0xE6D9,0xDEB9,0xDEB9,0xDEB9,0xDEB9,
    0xDEB9,0xDEB9,0xDEB9,0xDEB9,0xE6D9,0xDEB9,0xDEB9,0xDEB9,0xDEB9,0xDEB9,0xDEB9,0xE6D9,0xE6D9,0xE6D9,0xE6D9,0xDEB9,
    0xDEB9,0xE6D9,0xDE99,0xDEB9,0xDEB9,0xDEB9,0xDEB9,0xE6D9,0xDEB9,0xDEB9,0xDEB9,0xE6D9,0xE6D9,0xE6DA,0xE6D9,0xDEB9,
    0xE6D9,0xE6D9,0xE6D9,0xDEB9,0xE6DA,0xDEB9,0xDEB9,0xE6DA,0xDEB9,0xE6B9,0xE6DA,0xE6DA,0xE6B9,0xDEB9,0xDEB9,0xDEB9,
    0xDEB9,0xE6D9,0xE6D9,0xE6D9,0xE6D9,0xE6FA,0xE6D9,0xE6D9,0xE6FA,0xE6D9,0xE6D9,0xE6D9,0xE6FA,0xE6D9,0xE6FA,0xE6DA,
    0xE6FA,0xE6FA,0xE6D9,0xE6DA,0xE6D9,0xE6D9,0xE6D9,0xE6FA,0xDEB9,0xE6FA,0xE6FA,0xE6DA,0xE6D9,0xE6FA,0xE6FA,0xE6D9,
    0xDEB9,0xE6D9,0xE6FA,0xE6D9,0xE6FA,0xE6D9,0xE6D9,0xE6D9,0xE6D9,0xE6FA,0xDEB9,0xE6D9,0xE6FA,0xE6D9,0xE6D9,0xE6FA,
    0xE6D9,0xE6D9,0xDEB9,0xE6D9,0xE6D9,0xE6FA,0xE6D9,0xE6FA,0xE6D9,0xDE99,0xE6FA,0xE6DA,0xE6D9,0xE6FA,0xE6FA,0xE6DA,
    0xE6DA,0xE6FA,0xE6DA,0xE6D9,0xE6DA,0xE6D9,0xE6D9,0xE6D9,0xE6D9,0xE6FA,0xE6FA,0xE6D9,0xE6D9,0xE6DA,0xE6FA,0xE6FA,
    0xE6FA,0xE6DA,0xE6DA,0xE6DA,0xE6DA,0xE6FA,0xE6FA,0xE6DA,0xE6DA,0xE6B9,0xE6D9,0xE6D9,0xE6DA,0xE6FA,0xE6D9,0xE6FA,
    0xE6DA,0xE6DA,0xE6FA,0xE6D9,0xE6D9,0xEF1A,0xDEB9,0xDEB9,0xE6FA,0xE6FA,0xE6FA,0xE6FA,0xE6FA,0xE6FA,0xDEF9,0xE71A,
    0xE6FA,0xE6FA,0xEEFA,0xEEFA,0xEEDA,0xEEDA,0xF6DA,0xF698,0xD553,0xC490,0xCC6F,0xD44E,0xD44E,0xD44E,0xD46E,0xD48E,
    0xD48E,0xD48E,0xDC8E,0xDCAF,0xE4AF,0xDCAF,0xDCAF,0xDCCF,0xDCF0,0xE531,0xDD11,0xDD52,0xD573,0xDDB5,0xE658,0xF6BA,
    0xFF3C,0xFF1C,0xFF1B,0xFF3B,0xF6B9,0xF657,0xE594,0xDD52,0xDCF0,0xE510,0xD4AE,0xC42C,0xCC4C,0xCC0B,0xCC2C,0xBBCA,
    0xBBCA,0xBBAA,0xBBAA,0xB389,0xAB48,0xAB28,0xAB07,0xA2E7,0x9AC7,0x8A66,0x8225,0x71E4,0x6983,0x6183,0x69A4,0x71E5,
    0x71E5,0x7A05,0x7A25,0x7A25,0x8265,0x8A86,0x92C7,0x9AE8,0x92C7,0x8AA7,0x8A86,0x8266,0x8266,0x8265,0x8265,0x8A86,
    0x8A86,0x92A6,0x92A6,0x9AC7,0x9AC7,0x9AA7,0x92A6,0x92A6,0xA308,0xAB49,0xB3AB,0xAB6B,0x71E5,0x7A47,0x8AC9,0x8AC9,
    0x8B0A,0x932B,0x932B,0x9B4B,0x9B4C,0x9B6C,0xA3AD,0xABEE,0xB42F,0xB42F,0xBC2F,0xBC2F,0xABAD,0x9B4B,0x9B4C,0x930A,
    0x82C9,0x82C9,0x7AA9,0x8B0A,0x934B,0xA38D,0xABCE,0xB3EE,0xBC0E,0xBC4F,0xC46F,0xC46F,0xBC2E,0xC42E,0xC44E,0xC44E,
    0xC44E,0xC42D,0xC42D,0xC40D,0xC3EC,0xC40C,0xBBCC,0x9B09,0x8AA8,0x7A46,0x7226,0x7206,0x69E5,0x69C5,0x61A4,0x61A4,
    0x69E5,0x69C5,0x5984,0x6184,0x6184,0x5984,0x59A4,0x61C5,0x69E5,0x69E4,0x7A05,0x92A7,0xB3AB,0xBBCB,0xC3EC,0xCC2C,
    0xCC4D,0xCC4D,0xCC4D,0xCC4D,0xCC6D,0xCC6D,0xD46D,0xCC4D,0xD44D,0xD48E,0xD48E,0xD46D,0xD46D,0xD48D,0xD48E,0xDCAE,
    0xCC6D,0xD4F0,0x8AE9,0x40C1,0x38A0,0x40E1,0x4102,0x4922,0x5143,0x5963,0x61A4,0x71E5,0x7A05,0x7A26,0x7A46,0x8267,
    0x7A67,0x8288,0x7AC9,0xAC90,0xE6B9,0xD699,0xE6FA,0xE6F9,0xE6B8,0xDEB8,0xE6FA,0xE6FA,0xDEB9,0xDEB9,0xDEB9,0xDE99,
    0xE6D9,0xE6D9,0xDEB9,0xDEB9,0xDEB9,0xDEB9,0xDEB9,0xDEB9,0xDEB9,0xDEB9,0xDEB9,0xDEB9,0xDEB9,0xE6DA,0xE6B9,0xDEB9,
    0xDEB9,0xE6B9,0xE6B9,0xDEB9,0xDE99,0xDE99,0xDEB9,0xDEB9,0xDE98,0xDEB9,0xDEB9,0xDEB9,0xDEB9,0xDEB9,0xDEB9,0xDEB9,
    0xDE99,0xDEB9,0xDEB9,0xDE99,0xDE99,0xDEB9,0xDE98,0xDE98,0xDE99,0xDE98,0xDEB9,0xDE98,0xD678,0xDE98,0xD678,0xDEB9,
    0xDE98,0xDE99,0xDEB9,0xDEB9,0xDEB9,0xDEB9,0xE6B9,0xE6B9,0xDEB9,0xDEB9,0xDE99,0xDE99,0xDEB9,0xDE99,0xDE98,0xDE99,
    0xE6B9,0xE6B9,0xDEB9,0xDE99,0xDEB9,0xDEB9,0xDEB9,0xDEB9,0xE6D9,0xDEB9,0xDEB9,0xE6D9,0xE6D9,0xE6DA,0xDEB9,0xE6D9,
    0xE6D9,0xDEB9,0xDEB9,0xE6D9,0xE6D9,0xDEB9,0xE6D9,0xDEB9,0xE6D9,0xDEB9,0xDEB9,0xE6FA,0xE6D9,0xE6D9,0xDEB9,0xDEB9,
    0xE6D9,0xDEB9,0xE6DA,0xDEB9,0xDEB9,0xE6D9,0xE6FA,0xE6D9,0xDEB9,0xE6D9,0xE6D9,0xE6D9,0xDEB9,0xDEB9,0xDEB9,0xE6D9,
    0xE6DA,0xDEB9,0xE6D9,0xE6B9,0xE6DA,0xDEB9,0xE6D9,0xE6DA,0xE6B9,0xE6DA,0xE6DA,0xE6B9,0xDEB9,0xE6D9,0xE6FA,0xE6FA,
    0xE6D9,0xE6D9,0xE6D9,0xE6D9,0xDEB9,0xE6D9,0xDEB9,0xDEB9,0xE6DA,0xE6FA,0xE6FA,0xE6FA,0xDEB9,0xE6D9,0xE6D9,0xDEB9,
    0xE6DA,0xE6D9,0xDEB9,0xE6D9,0xDEB9,0xDEB9,0xDEB9,0xE6FA,0xE6D9,0xDEB9,0xE6FA,0xE6D9,0xE6D9,0xE6FA,0xE6D9,0xE6FA,
    0xE6FA,0xE6FA,0xE6FA,0xDEB9,0xE6FA,0xE6FA,0xE6DA,0xE6D9,0xE6D9,0xEF1A,0xE6D9,0xE6DA,0xE6FA,0xE6D9,0xE6D9,0xE6DA,
    0xE6FA,0xE6FA,0xE6FA,0xE6FA,0xE6D9,0xE6D9,0xE6DA,0xE6FA,0xE6FA,0xE6FA,0xE6FA,0xE6FA,0xE6D9,0xE6DA,0xE6DA,0xE6DA,
    0xE6DA,0xE6FA,0xE6D9,0xE6DA,0xE6FA,0xE6DA,0xE6DA,0xE6DA,0xE6D9,0xE6FA,0xE6DA,0xE6D9,0xE6D9,0xE6FA,0xE6FA,0xE6D9,
    0xE6DA,0xE6DA,0xE6FA,0xE6DA,0xE6DA,0xE6DA,0xDEB9,0xE6B9,0xE6DA,0xE6DA,0xE6FA,0xE6DA,0xE6FA,0xE6FA,0xE6FA,0xEF1A,
    0xE6FA,0xE6FA,0xE6DA,0xE6D9,0xE6FA,0xE6FA,0xE6FA,0xE6DA,0xE6FA,0xE6FA,0xE6FA,0xE6FA,0xE6FA,0xE71A,0xDEFA,0xE6FA,
    0xE6FA,0xE6D9,0xEEDA,0xE6DA,0xEEFA,0xEEDA,0xE658,0xCD12,0xC470,0xCC6F,0xCC2E,0xD44E,0xD44D,0xD44D,0xD48E,0xD48E,
    0xD48E,0xD4AE,0xDCAE,0xDCAF,0xDCAF,0xDCAF,0xDCCF,0xDCEF,0xDCCF,0xDD31,0xDD73,0xE5D5,0xEE17,0xEE79,0xFF1B,0xFF3C,
    0xFF1C,0xFF3C,0xEE79,0xEE57,0xF677,0xF5F5,0xDD32,0xDCCF,0xDCAF,0xD4AE,0xCC4C,0xC44C,0xC40B,0xCC0B,0xC3EB,0xBBCA,
    0xB389,0xB369,0xAB49,0xAB48,0xAB28,0xAB28,0xAB07,0xA2C7,0x9286,0x8A45,0x7A04,0x71C4,0x6183,0x5963,0x61A4,0x69C4,
    0x69C4,0x71E4,0x7204,0x7A04,0x7A24,0x8245,0x8A66,0x8A87,0x8266,0x8245,0x7A25,0x8225,0x8245,0x8266,0x8246,0x8246,
    0x8246,0x8A66,0x8A66,0x8A66,0x8A66,0x9286,0x92A6,0x9AC7,0xA329,0xA308,0xAB8A,0x92C8,0x6984,0x7206,0x8AA9,0x82A9,
    0x8AEA,0x8AEA,0x932B,0x932B,0x932B,0x9B4C,0x9B6C,0xA3AD,0xABEE,0xB3EE,0xB3EE,0xB3EE,0xA38C,0x9B2B,0x92EA,0x930B,
    0x930A,0x8AEA,0x8AEA,0x8AEA,0x930B,0x9B2B,0xAB8D,0xB40E,0xB40E,0xBC4F,0xC46F,0xC44F,0xBC2E,0xBC2E,0xBC2D,0xBC0D,
    0xBC0D,0xBBED,0xBC0D,0xBBEC,0xBBCC,0xBBCC,0xB38B,0x9B09,0x8AA8,0x8267,0x7A26,0x7205,0x69E5,0x69C5,0x61A4,0x61A4,
    0x69C5,0x61C5,0x6184,0x6184,0x6184,0x6184,0x61C4,0x61E5,0x61E5,0x7205,0x92C7,0xAB49,0xBBAB,0xBBAA,0xC3EB,0xCC2C,
    0xCC2C,0xCC2C,0xCC4D,0xD46D,0xD48E,0xD48D,0xD46D,0xCC4D,0xD44D,0xCC4D,0xD44D,0xD46D,0xD46D,0xD48E,0xDCAE,0xD4AE,
    0xD48D,0xDD30,0xABEC,0x40E1,0x40C1,0x4101,0x4902,0x4922,0x5163,0x5963,0x61A4,0x71E5,0x7A26,0x8246,0x8246,0x8287,
    0x7A67,0x7A88,0x82C9,0xAC70,0xE6B9,0xDEBA,0xDEDA,0xE6D9,0xE6D8,0xDEB9,0xDED9,0xDEB9,0xDE98,0xDEB9,0xE6D9,0xE6D9,
    0xDEB9,0xDEB9,0xDEB9,0xDEB9,0xDEB9,0xDEB9,0xDEB9,0xE6D9,0xE6FA,0xE6D9,0xDE99,0xDEB9,0xDEB9,0xDEB9,0xE6D9,0xDE99,
    0xDEB9,0xE6B9,0xDEB9,0xDEB9,0xDEB9,0xDE99,0xDE99,0xDE99,0xDE99,0xDEB9,0xDEB9,0xDE99,0xE6D9,0xDE98,0xDEB9,0xDEB9,
    0xDE99,0xDE98,0xDEB9,0xDEB9,0xDE98,0xDE99,0xDE98,0xDE98,0xDEB9,0xDE99,0xDEB9,0xE6D9,0xDE98,0xDEB9,0xDE99,0xDE98,
    0xDEB9,0xDE98,0xDE98,0xE6D9,0xDEB9,0xDE98,0xDEB9,0xDEB9,0xDE99,0xDE99,0xDEB9,0xDEB9,0xE6B9,0xDE99,0xDEB9,0xDEB9,
    0xDEB9,0xDEB9,0xDEB9,0xDEB9,0xDEB9,0xDEB9,0xDEB9,0xDEB9,0xDEB9,0xDEB9,0xDEB9,0xE6D9,0xDE98,0xDEB9,0xDEB9,0xDEB9,
    0xE6D9,0xDE98,0xDEB9,0xE6D9,0xDEB9,0xE6D9,0xE6D9,0xE6D9,0xDEB9,0xDEB9,0xDEB9,0xDE99,0xDEB9,0xE6D9,0xE6D9,0xE6D9,
    0xE6D9,0xE6D9,0xE6DA,0xDEB9,0xDEB9,0xE6D9,0xDEB9,0xDEB9,0xDEB9,0xE6FA,0xDEB9,0xE6D9,0xE6DA,0xE6D9,0xDEB9,0xE6D9,
    0xE6D9,0xDEB9,0xE6FA,0xE6DA,0xE6B9,0xDEB9,0xE6B9,0xDE99,0xE6B9,0xE6B9,0xE6D9,0xE6DA,0xDEB9,0xE6D9,0xE6DA,0xE6D9,
    0xE6D9,0xDEB9,0xE6D9,0xE6D9,0xE6FA,0xE6D9,0xE6FA,0xE6FA,0xE6DA,0xE6DA,0xE6DA,0xE6D9,0xE6D9,0xE6D9,0xE6DA,0xE6FA,
    0xE6D9,0xE6DA,0xE6FA,0xE6D9,0xE6DA,0xEF1A,0xE6DA,0xE6FA,0xEF1A,0xDEB9,0xE6DA,0xE6D9,0xE6D9,0xE6D9,0xDEB9,0xE6FA,
    0xE6FA,0xE6D9,0xE6DA,0xDEB9,0xE6FA,0xE6DA,0xE6FA,0xE6D9,0xE6DA,0xE6D9,0xE6D9,0xE6FA,0xE6FA,0xE6DA,0xE6DA,0xE6FA,
    0xE6D9,0xE6D9,0xE6DA,0xE6DA,0xE6D9,0xE6FA,0xE6FA,0xE6D9,0xDEB9,0xE6FA,0xE6DA,0xE6D9,0xE6D9,0xE6DA,0xE6FA,0xE6D9,
    0xE6B9,0xE6DA,0xE6DA,0xE6B9,0xE6FA,0xE6FA,0xE6DA,0xE6D9,0xE6D9,0xE6D9,0xE6D9,0xE6D9,0xE6DA,0xE6FA,0xE6FA,0xE6D9,
    0xE6DA,0xE6DA,0xE6FA,0xE6FA,0xE6DA,0xE6DA,0xE6DA,0xE6FA,0xE6D9,0xE6D9,0xE6FA,0xDEB9,0xDEB9,0xE6D9,0xE6D9,0xE6FA,
    0xDEB9,0xE6D9,0xE6DA,0xDEB9,0xE6FA,0xE6DA,0xEF1A,0xE6FA,0xE6D9,0xE6FA,0xE6F9,0xE6F9,0xE6F9,0xEF1A,0xE6FA,0xE6FA,
    0xE6FA,0xE6FA,0xE6FA,0xE6B9,0xF6D9,0xE637,0xC4B1,0xBC2E,0xCC4F,0xCC4E,0xD46E,0xD46E,0xD46D,0xD46E,0xD46E,0xCC8E,
    0xD48E,0xDCAF,0xDCAF,0xDCAF,0xE4CF,0xDCCF,0xDCF0,0xDD10,0xDD11,0xDD94,0xD594,0xE658,0xE699,0xEEFB,0xFF7C,0xFF3C,
    0xFEDA,0xF678,0xE5B5,0xE5B4,0xE573,0xD4F0,0xD4AF,0xD48E,0xD48E,0xD46D,0xC40B,0xC40B,0xC3EA,0xC3CA,0xBBA9,0xBBAA,
    0xB369,0xB348,0xAB48,0xAB28,0xAB28,0xA307,0xA2E7,0x92A6,0x8A66,0x8245,0x71E4,0x69C4,0x6183,0x5963,0x5983,0x61A3,
    0x69C4,0x71E4,0x71E4,0x7204,0x7204,0x7A25,0x7A45,0x7A46,0x7A05,0x71E5,0x71E5,0x7A05,0x7A25,0x7A25,0x7A25,0x7A25,
    0x8226,0x8246,0x8245,0x8225,0x8245,0x8A86,0x92A7,0x92A7,0x9AE8,0x9B08,0xA329,0x7A26,0x6163,0x69C5,0x8AC9,0x8AC9,
    0x8AC9,0x8AEA,0x930A,0x932B,0x932B,0x932B,0x9B4C,0x9B6C,0xA38D,0xA3AD,0xA38D,0xA3AD,0xA38C,0x9B4C,0x92EB,0x8AAA,
    0x8AA9,0x8ACA,0x930A,0x8AEA,0x92EA,0x92EA,0x9B0B,0xA36C,0xABAD,0xBC2F,0xBC2F,0xBC0E,0xBC0E,0xBC0D,0xBC0D,0xB3CD,
    0xB3ED,0xB3CC,0xB3CC,0xB3AC,0xB3AC,0xB3CC,0xAB6B,0x92E9,0x8A87,0x8246,0x7A25,0x71E5,0x71E5,0x69C5,0x69C4,0x69C5,
    0x69C5,0x61C4,0x6184,0x6184,0x61A4,0x61A4,0x61A4,0x61C4,0x69E5,0x8AA7,0xA349,0xAB6A,0xB38A,0xC3CB,0xC3EB,0xC3EB,
    0xCC0C,0xCC2C,0xCC2C,0xCC4D,0xD46D,0xCC4D,0xD46D,0xD44D,0xD44D,0xD44D,0xCC2C,0xD46D,0xD48E,0xD48E,0xDCAE,0xDCAE,
    0xD4AE,0xD4EF,0xB40D,0x48E1,0x40E1,0x4902,0x4902,0x4922,0x5963,0x6183,0x69A4,0x7205,0x7A26,0x8267,0x8267,0x8267,
    0x7A47,0x8267,0x8AC9,0x9BCD,0xE698,0xDEFA,0xD698,0xE6D9,0xE6D9,0xE6B9,0xDEB9,0xDEB9,0xDE99,0xDEB9,0xDEB9,0xDEB9,
    0xDE99,0xDE98,0xDEB9,0xE6DA,0xDEB9,0xDEB9,0xDEB9,0xDEB9,0xDEB9,0xDEB9,0xDEB9,0xDEB9,0xDEB9,0xDE98,0xDEB9,0xE6B9,
    0xDEB9,0xDEB9,0xDE99,0xDE98,0xDE99,0xE6D9,0xDEB9,0xDEB9,0xDEB9,0xDE99,0xDEB9,0xDEB9,0xDE98,0xDE98,0xDEB9,0xDE98,
    0xE6B9,0xDE78,0xDE98,0xDE99,0xDE99,0xDE78,0xDE78,0xDE98,0xDE99,0xDE99,0xDE99,0xDEB9,0xDEB9,0xDE99,0xDE98,0xE6B9,
    0xDE99,0xDE99,0xDEB9,0xDEB9,0xDEB9,0xDEB9,0xDEB9,0xDE98,0xDE99,0xD678,0xD678,0xDEB9,0xDEB9,0xDE98,0xDEB9,0xDEB9,
    0xDEB9,0xDEB9,0xDEB9,0xDEB9,0xDEB9,0xE6D9,0xE6D9,0xDEB9,0xDEB9,0xDEB9,0xDE98,0xE6D9,0xDEB9,0xE6DA,0xDEB9,0xDEB9,
    0xDEB9,0xDEB9,0xE6D9,0xE6D9,0xE6D9,0xE6D9,0xDEB9,0xE6DA,0xE6D9,0xDEB9,0xDEB9,0xDEB9,0xE6D9,0xE6D9,0xE6D9,0xE6D9,
    0xDEB9,0xE6D9,0xE6D9,0xDEB9,0xDEB9,0xE6DA,0xDEB9,0xE6D9,0xDEB9,0xE6D9,0xE6DA,0xDEB9,0xDEB9,0xDEB9,0xE6D9,0xE6D9,
    0xDEB9,0xDEB9,0xE6D9,0xDEB9,0xE6DA,0xE6B9,0xE6D9,0xDEB9,0xE6D9,0xE6DA,0xDE99,0xE6DA,0xE6D9,0xE6D9,0xDEB9,0xE6D9,
    0xE6D9,0xDEB9,0xE6D9,0xDEB9,0xE6FA,0xDEB9,0xE6D9,0xE6FA,0xDEB9,0xDEB9,0xDEB9,0xDEB9,0xE6FA,0xE6FA,0xE6DA,0xE6FA,
    0xE6D9,0xE6FA,0xE6D9,0xE6FA,0xE6FA,0xE6D9,0xE6D9,0xE6DA,0xE6D9,0xE6DA,0xE6FA,0xE6D9,0xE6D9,0xE6FA,0xE6D9,0xE6D9,
    0xE6D9,0xE6D9,0xE6DA,0xE6DA,0xE6FA,0xDEB9,0xE6FA,0xE6D9,0xE6FA,0xE6D9,0xE6D9,0xE6D9,0xE6DA,0xE6D9,0xE6D9,0xE6FA,
    0xE6D9,0xE6D9,0xE6DA,0xE6FA,0xE6DA,0xE6D9,0xE6D9,0xE6FA,0xE6DA,0xE6FA,0xEF1A,0xE6FA,0xE6D9,0xE6D9,0xE6DA,0xE6B9,
    0xDEB9,0xE6DA,0xE6DA,0xE6B9,0xE6FA,0xE6FA,0xE6FA,0xDEB9,0xE6D9,0xE6FA,0xE6FA,0xE6FA,0xE6D9,0xE6FA,0xE6FA,0xE6DA,
    0xE6D9,0xE6FA,0xE6D9,0xE6FA,0xEF1A,0xE6FA,0xE6D9,0xEF1A,0xE6D9,0xE6DA,0xE6FA,0xE6FA,0xE6D9,0xE6FA,0xE6D9,0xE6FA,
    0xE6FA,0xE6FA,0xE6FA,0xE6FA,0xE6FA,0xE6FA,0xE6DA,0xE6FA,0xE6D9,0xE6F9,0xE6D9,0xE6F9,0xE6F9,0xEEDA,0xE6DA,0xE6FA,
    0xDEFA,0xE6FA,0xE6D9,0xF71A,0xE5F5,0xC48F,0xC44F,0xD46F,0xCC4E,0xD44E,0xD46E,0xD46D,0xD46D,0xD4AE,0xD48E,0xD48E,
    0xD4AF,0xDC8F,0xDC8E,0xDCAF,0xE4CF,0xDCCF,0xD4D0,0xD511,0xE5D5,0xE637,0xEEDA,0xF75C,0xF73B,0xF77C,0xFF5B,0xF6B8,
    0xFE77,0xED73,0xED52,0xDD31,0xDCF0,0xD48F,0xD46E,0xCC6D,0xCC2C,0xC3EB,0xC3EB,0xC3CA,0xBBA9,0xBB89,0xBB89,0xB369,
    0xB348,0xB348,0xAB28,0xA307,0xA2E7,0x9AE7,0x92C7,0x8A86,0x8246,0x7A05,0x69C4,0x61A3,0x5983,0x5962,0x5982,0x6183,
    0x69C4,0x69C4,0x69E4,0x71E4,0x71E4,0x7205,0x7A25,0x7A25,0x7205,0x71E5,0x71E5,0x7A05,0x7A25,0x7A05,0x7A25,0x7A05,
    0x7A05,0x7A05,0x7A25,0x8246,0x8A66,0x8A66,0x8A66,0x8A87,0x92A7,0x92C8,0x92A8,0x69C5,0x5943,0x61A4,0x8AC9,0x8AC9,
    0x8AE9,0x930A,0x930A,0x932A,0x932B,0x930B,0x930B,0x934C,0x9B6C,0x9B6C,0xA38D,0xA3AD,0x9B6C,0x932B,0x930B,0x8AAA,
    0x8AAA,0x8ACA,0x8ACA,0x8ACA,0x92EA,0x9B2B,0xA36C,0xABAD,0xB3EE,0xB3EE,0xB3CD,0xB3CD,0xB3ED,0xB3EE,0xBC0E,0xB3ED,
    0xABAC,0xABCC,0xB3ED,0xB3CC,0xABAB,0xABAB,0x9B29,0x8AC8,0x8286,0x7A46,0x7A25,0x7205,0x71E5,0x69E4,0x69E4,0x69E5,
    0x69E5,0x69C4,0x61A4,0x5984,0x6184,0x61C4,0x61A4,0x69E4,0x7A46,0x9B08,0xAB4A,0xB36A,0xB36A,0xBBAA,0xC3CB,0xC3CA,
    0xC3EB,0xCC0C,0xCC2C,0xCC2C,0xCC2C,0xCC2C,0xCC4D,0xD44D,0xD44D,0xD46E,0xCC4D,0xCC4D,0xD48E,0xD46D,0xD46D,0xD48E,
    0xDCAE,0xDCEF,0xC46E,0x5943,0x48E1,0x48C1,0x4902,0x5143,0x5963,0x6183,0x69C4,0x7205,0x7A46,0x8267,0x8287,0x8267,
    0x8247,0x8247,0x8AA9,0x934B,0xCDF5,0xE719,0xD6B8,0xE6B9,0xE6BA,0xE6B9,0xDED9,0xE6FA,0xDEB9,0xE6D9,0xE6D9,0xDEB9,
    0xE6FA,0xDE99,0xDE99,0xDEB9,0xDE99,0xDEB9,0xDEB9,0xDEB9,0xDE99,0xDEB9,0xDEB9,0xDEB9,0xDEB9,0xDE99,0xDEB9,0xE6D9,
    0xE6D9,0xDEB9,0xDEB9,0xDEB9,0xDE98,0xDEB9,0xDEB9,0xDEB9,0xDEB9,0xDEB9,0xDE99,0xDEB9,0xDEB9,0xDEB9,0xDE98,0xDE98,
    0xDE99,0xDE99,0xDEB9,0xDE99,0xDEB9,0xDE99,0xDE99,0xDE99,0xDE99,0xDEB9,0xDE99,0xDE78,0xDE99,0xDE98,0xDE99,0xDEB9,
    0xDE99,0xE6B9,0xDEB9,0xDEB9,0xDEB9,0xDEB9,0xDEB9,0xDEB9,0xE6D9,0xDEB9,0xDEB9,0xDEB9,0xDE99,0xDE98,0xDEB9,0xDEB9,
    0xE6B9,0xE6D9,0xE6D9,0xDE99,0xDE98,0xDE99,0xDEB9,0xDEB9,0xDE99,0xE6D9,0xDEB9,0xE6D9,0xDEB9,0xE6DA,0xDEB9,0xDEB9,
    0xE6D9,0xDEB9,0xE6D9,0xDEB9,0xDEB9,0xDEB9,0xDEB9,0xE6D9,0xE6D9,0xDEB9,0xDEB9,0xDEB9,0xE6DA,0xE6D9,0xDEB9,0xE6D9,
    0xDEB9,0xE6D9,0xE6DA,0xE6D9,0xDEB9,0xDEB9,0xDEB9,0xE6DA,0xE6D9,0xDEB9,0xE6D9,0xE6FA,0xE6DA,0xE6D9,0xE6D9,0xDEB9,
    0xE6D9,0xE6DA,0xE6D9,0xE6B9,0xE6D9,0xDEB9,0xE6B9,0xDEB9,0xE6D9,0xE6FA,0xDEB9,0xE6DA,0xE6DA,0xDEB9,0xDEB9,0xE6D9,
    0xE6DA,0xE6D9,0xE6DA,0xE6DA,0xE6FA,0xE6DA,0xE6D9,0xE6FA,0xE6D9,0xE6FA,0xE6FA,0xE6FA,0xDEB9,0xE6D9,0xE6FA,0xE6D9,
    0xE6D9,0xE6DA,0xE6DA,0xE6FA,0xE6FA,0xE6D9,0xE6DA,0xE6D9,0xDEB9,0xE6DA,0xE6D9,0xE6D9,0xE6D9,0xE6D9,0xE6FA,0xE6D9,
    0xE6D9,0xE6FA,0xE6D9,0xE6D9,0xE6DA,0xE6FA,0xE6FA,0xE6FA,0xE6D9,0xE6FA,0xE6DA,0xE6D9,0xE6FA,0xE6FA,0xE6FA,0xE6FA,
    0xE6FA,0xE6FA,0xE6D9,0xE6DA,0xE6D9,0xE6D9,0xE6FA,0xE6FA,0xE6FA,0xE6DA,0xE6D9,0xE6D9,0xE6DA,0xE6FA,0xE6DA,0xE6DA,
    0xE6DA,0xE6FA,0xE6DA,0xE6DA,0xE6DA,0xDEB9,0xE6FA,0xE6DA,0xE6D9,0xE6FA,0xE6FA,0xE6FA,0xE6DA,0xE6FA,0xE6FA,0xE6DA,
    0xE6FA,0xE6FA,0xE6FA,0xE6D9,0xE6D9,0xE6DA,0xE6FA,0xEF1A,0xE6FA,0xE6FA,0xE6D9,0xE6DA,0xE6FA,0xE6D9,0xE6D9,0xE6D9,
    0xEF1A,0xE6DA,0xDEB9,0xE6FA,0xE6FA,0xE6D9,0xE6D9,0xE6FA,0xE6FA,0xE6DA,0xE6FA,0xE6FA,0xE71A,0xE6FA,0xE6DA,0xE6FA,
    0xE6DA,0xEEFA,0xF6FA,0xE5F5,0xC4B0,0xC46E,0xCC8F,0xD48F,0xD46F,0xD46E,0xDC8E,0xDC8E,0xDC8E,0xDCAE,0xD48E,0xD4AF,
    0xDCAF,0xD46E,0xD48E,0xDCAF,0xD48E,0xD4CF,0xD511,0xDD94,0xE5F6,0xFF3B,0xF73B,0xFF5C,0xFF5C,0xF6DA,0xEE78,0xE615,
    0xEDD4,0xDD11,0xDCF0,0xD4AF,0xCC8E,0xCC4D,0xC40C,0xC40B,0xC3EB,0xC3CB,0xC3CA,0xBB89,0xBB89,0xB389,0xB369,0xB348,
    0xAB28,0xAB28,0xA308,0x9AE7,0x9AC7,0x92A6,0x8A86,0x8245,0x7A25,0x71E4,0x69C4,0x6183,0x5142,0x5142,0x5983,0x6183,
    0x69C4,0x69C4,0x71E4,0x71E4,0x71E4,0x71E4,0x7205,0x7205,0x7205,0x71E4,0x69E4,0x7205,0x7A05,0x7A05,0x7A05,0x7A05,
    0x79E5,0x79E4,0x7A25,0x8246,0x8266,0x8245,0x8226,0x8225,0x8246,0x8A46,0x7A05,0x69A4,0x5943,0x5963,0x7A67,0x8AC9,
    0x8AE9,0x930A,0x930A,0x932A,0x932B,0x930B,0x930B,0x932B,0x9B4C,0x932B,0x9B6C,0x9B6C,0x9B4C,0x9B2C,0x930B,0x92EA,
    0x92CA,0x92EA,0x92CA,0x92EA,0x930B,0x930B,0xA34C,0xABAD,0xB3CE,0xB3CD,0xB3CD,0xB3CD,0xABAC,0xABCD,0xABCD,0xA36B,
    0xA34B,0xA38B,0xABAC,0xAB8B,0xA36B,0xA36A,0x9309,0x8AA7,0x8266,0x7A45,0x7A25,0x7205,0x7205,0x7205,0x69E5,0x7205,
    0x6A05,0x69C4,0x61A4,0x5983,0x5963,0x61C4,0x69C4,0x69E5,0x8AC7,0x9B09,0xAB49,0xB38A,0xBB8A,0xBBAA,0xBBAA,0xC3CB,
    0xC3EB,0xC3EB,0xCC0C,0xD44D,0xD44D,0xCC4D,0xCC4D,0xCC4D,0xCC4D,0xD46D,0xCC4D,0xCC4D,0xD46E,0xD46E,0xD48E,0xD46D,
    0xD4AE,0xD4AF,0xCCAF,0x7A26,0x48E1,0x48E2,0x5123,0x5964,0x5984,0x61A4,0x69C5,0x7226,0x7A47,0x8267,0x8287,0x8287,
    0x8267,0x8247,0x8268,0x8AEA,0xB4F1,0xE719,0xDEB9,0xDEB9,0xE6B9,0xDE99,0xDE99,0xDEB9,0xDEB9,0xDEB9,0xDEB9,0xDE98,
    0xE6D9,0xE6D9,0xDEB9,0xDEB9,0xE6D9,0xDEB9,0xDEB9,0xDEB9,0xDEB9,0xDEB9,0xDE99,0xDE98,0xDE99,0xDEB9,0xDEB9,0xDEB9,
    0xDEB9,0xDEB9,0xE6D9,0xDEB9,0xE6D9,0xDE99,0xDEB9,0xDEB9,0xDE98,0xDEB9,0xDE98,0xDEB9,0xDEB9,0xDE98,0xDE99,0xDEB9,
    0xD678,0xDEB9,0xDE99,0xDE78,0xDE99,0xDEB9,0xDEB9,0xDEB9,0xDE99,0xDEB9,0xDE99,0xDE78,0xDE99,0xDE78,0xDE98,0xDE99,
    0xDE98,0xDEB9,0xDE98,0xDEB9,0xE6D9,0xDE98,0xDE99,0xDEB9,0xDE98,0xDE99,0xE6D9,0xDEB9,0xDE98,0xDEB9,0xDEB9,0xDEB9,
    0xDEB9,0xDEB9,0xDEB9,0xE6D9,0xDEB9,0xDEB9,0xDEB9,0xDEB9,0xDEB9,0xDEB9,0xE6D9,0xE6D9,0xDEB9,0xDEB9,0xE6D9,0xE6D9,
    0xE6D9,0xDEB9,0xE6D9,0xDEB9,0xDEB9,0xE6DA,0xDEB9,0xDE99,0xE6D9,0xE6D9,0xDEB9,0xDEB9,0xDEB9,0xE6D9,0xE6D9,0xE6DA,
    0xDEB9,0xE6D9,0xE6D9,0xDEB9,0xDEB9,0xE6D9,0xE6D9,0xE6FA,0xE6D9,0xDEB9,0xDEB9,0xE6D9,0xDEB9,0xDEB9,0xDEB9,0xE6D9,
    0xE6DA,0xE6D9,0xDEB9,0xDEB9,0xE6B9,0xDE99,0xDEB9,0xE6B9,0xE6DA,0xE6B9,0xDEB9,0xE6FA,0xDEB9,0xE6DA,0xEF1A,0xE6D9,
    0xE6FA,0xE6DA,0xE6D9,0xE6D9,0xDEB9,0xE6D9,0xE6D9,0xE6FA,0xE6DA,0xE6FA,0xE6FA,0xE6FA,0xDEB9,0xDEB9,0xE6FA,0xE6D9,
    0xDEB9,0xE6D9,0xE6D9,0xE6D9,0xDEB9,0xE6DA,0xE6D9,0xDEB9,0xE6D9,0xE6D9,0xE6D9,0xE6DA,0xE6FA,0xE6FA,0xE6FA,0xE6D9,
    0xE6D9,0xE6FA,0xE6FA,0xE6FA,0xE6DA,0xE6DA,0xDEB9,0xE6D9,0xE6D9,0xE6FA,0xE6FA,0xE6FA,0xE6FA,0xE6D9,0xE6D9,0xE6FA,
    0xE6D9,0xDEB9,0xE6D9,0xE6FA,0xE6FA,0xE6FA,0xE6DA,0xDEB9,0xE6DA,0xE6D9,0xDEB9,0xE6D9,0xE6D9,0xE6FA,0xE6DA,0xE6D9,
    0xE6DA,0xE6FA,0xE6DA,0xE6B9,0xE6D9,0xDEB9,0xE6FA,0xEF1A,0xEF1A,0xE6DA,0xE6DA,0xEF1A,0xE6FA,0xE6D9,0xE6FA,0xDEB9,
    0xE6D9,0xE6FA,0xE6FA,0xE6DA,0xE6D9,0xE6FA,0xE6FA,0xE6D9,0xDEB9,0xE6FA,0xEF1A,0xE6FA,0xE6D9,0xE6FA,0xE6FA,0xE6FA,
    0xE6D9,0xE6DA,0xE6FA,0xE6DA,0xE6FA,0xE6DA,0xE6D9,0xE6FA,0xE6DA,0xE6FA,0xE6FA,0xE6FA,0xE71B,0xDEDA,0xDEB9,0xE6DA,
    0xF6FA,0xFED9,0xE5D5,0xBC6F,0xC44E,0xD4AF,0xCC6E,0xCC4E,0xCC6E,0xD46E,0xDC8E,0xDC8E,0xDC8E,0xDCAE,0xDC8E,0xDCAF,
    0xD4AF,0xDCAF,0xDCAF,0xDCD0,0xDCF0,0xDD11,0xD553,0xE5D6,0xEE58,0xFF3B,0xFF5C,0xFF1B,0xFEDA,0xE5F6,0xDD73,0xDD32,
    0xCC8F,0xD4CF,0xCC8E,0xCC4D,0xC40C,0xC3EB,0xC3EB,0xC3CB,0xC3EB,0xC3CA,0xBB68,0xB368,0xB369,0xB369,0xB348,0xAB48,
    0xA308,0x9AE7,0x9AE7,0x9AC7,0x9AA6,0x9286,0x8A65,0x8225,0x71E4,0x69A4,0x6183,0x5942,0x5121,0x5142,0x5983,0x6183,
    0x69C4,0x71E4,0x71E4,0x7205,0x7205,0x7205,0x7205,0x7205,0x71E5,0x69C4,0x69C4,0x71E5,0x71E5,0x7A05,0x7A05,0x79E5,
    0x71E4,0x7A05,0x8245,0x8225,0x7A25,0x7A25,0x7A05,0x71E5,0x79E5,0x71E5,0x69A4,0x6184,0x5122,0x5122,0x7226,0x92EA,
    0x8AE9,0x8AE9,0x8AE9,0x930A,0x932B,0x932B,0x9B4B,0x9B4B,0x932B,0x932B,0x9B4B,0x9B4B,0x9B4B,0x9B6C,0x9B2B,0x9B0B,
    0x930B,0x930B,0x92EA,0x92EA,0x9B2B,0x930B,0xA34C,0xA36C,0xA36C,0xA36C,0xAB8C,0xABAD,0xA36C,0xA38C,0xA38C,0x9B4B,
    0x9B4A,0xA36B,0xA34A,0xA34A,0xA34A,0x9B2A,0x92E8,0x8A87,0x8266,0x8266,0x7A25,0x7205,0x7205,0x7205,0x7205,0x7205,
    0x6A05,0x69C4,0x5983,0x5963,0x5983,0x61A4,0x61A4,0x7205,0x92C8,0x9B09,0xAB29,0xB38A,0xB38A,0xB38A,0xBBAA,0xC3CB,
    0xC3CB,0xC3CB,0xCC0C,0xD44D,0xCC2C,0xC3CB,0xCC2C,0xCC2C,0xC40C,0xD44D,0xD44D,0xD44D,0xD46D,0xD46E,0xD48E,0xD48E,
    0xD4AF,0xDCD0,0xDD32,0xABAC,0x5102,0x5102,0x5943,0x5984,0x61A4,0x69A4,0x71E5,0x7A26,0x8267,0x8267,0x8287,0x8267,
    0x7A46,0x7A46,0x8267,0x82A9,0x93CD,0xD657,0xE6D9,0xDEB9,0xE6B9,0xDEB9,0xDEB9,0xDED9,0xDEB9,0xE6D9,0xDEB9,0xDEB9,
    0xDE98,0xE6D9,0xE6D9,0xE6D9,0xDEB9,0xDEB9,0xDEB9,0xDEB9,0xDEB9,0xDEB9,0xDEB9,0xDE99,0xDE99,0xDEB9,0xDEB9,0xDEB9,
    0xDEB9,0xDEB9,0xE6D9,0xDEB9,0xE6D9,0xDEB9,0xDEB9,0xDE99,0xDE98,0xDEB9,0xDE99,0xDE98,0xDEB9,0xDE98,0xD678,0xDEB9,
    0xDE99,0xDE99,0xDE99,0xE6B9,0xDE78,0xDE99,0xDEB9,0xDE99,0xDE99,0xDE99,0xDE99,0xE6B9,0xDEB9,0xDEB9,0xDE98,0xE6B9,
    0xDEB9,0xDE99,0xDE99,0xDEB9,0xDEB9,0xDEB9,0xDE99,0xE6D9,0xDE99,0xDEB9,0xDEB9,0xDE98,0xDE99,0xE6D9,0xDEB9,0xE6D9,
    0xDEB9,0xDE98,0xDEB9,0xE6D9,0xE6D9,0xDEB9,0xE6D9,0xE6D9,0xE6D9,0xDEB9,0xDEB9,0xDEB9,0xDEB9,0xE6D9,0xDEB9,0xDEB9,
    0xE6D9,0xDEB9,0xE6D9,0xE6D9,0xDEB9,0xDEB9,0xDEB9,0xDE99,0xDEB9,0xDEB9,0xDEB9,0xE6D9,0xE6D9,0xE6D9,0xDE99,0xE6D9,
    0xE6D9,0xDEB9,0xDEB9,0xDEB9,0xE6FA,0xE6D9,0xDEB9,0xE6D9,0xDEB9,0xDEB9,0xE6D9,0xDEB9,0xE6D9,0xE6DA,0xE6D9,0xDEB9,
    0xDEB9,0xE6D9,0xE6DA,0xE6DA,0xE6FA,0xDEB9,0xE6D9,0xE6DA,0xE6D9,0xE6DA,0xDE99,0xE6D9,0xE6D9,0xE6FA,0xE6DA,0xE6D9,
    0xE6D9,0xE6D9,0xE6DA,0xE6FA,0xDEB9,0xE6FA,0xE6D9,0xE6FA,0xE6D9,0xE6D9,0xDEB9,0xDEB9,0xE6FA,0xE6FA,0xE6DA,0xE6D9,
    0xE6FA,0xE6D9,0xE6D9,0xE6D9,0xE6D9,0xE6D9,0xE6D9,0xE6D9,0xE6DA,0xE6DA,0xE6D9,0xE6DA,0xE6DA,0xE6D9,0xE6D9,0xE6D9,
    0xE6D9,0xE6D9,0xE6DA,0xE6FA,0xE6D9,0xE6FA,0xDEB9,0xE6DA,0xEF1A,0xE6DA,0xE6D9,0xE6D9,0xE6FA,0xE6FA,0xE6FA,0xE6DA,
    0xE6FA,0xE6FA,0xE6FA,0xE6FA,0xDEB9,0xE6D9,0xE6FA,0xE6D9,0xE6FA,0xE6D9,0xE6FA,0xE6FA,0xE6FA,0xE6D9,0xE6DA,0xE6B9,
    0xDEB9,0xE6DA,0xE6DA,0xE6DA,0xE6FA,0xE6DA,0xE6DA,0xE6D9,0xE6FA,0xE6DA,0xE6DA,0xE6FA,0xE6FA,0xE6D9,0xE6FA,0xDEB9,
    0xE6DA,0xEF1A,0xEF1A,0xE6DA,0xDEB9,0xE6FA,0xE6DA,0xE6D9,0xE6DA,0xEF1A,0xE6FA,0xE6FA,0xE6FA,0xE6FA,0xE6D9,0xE6D9,
    0xE6D9,0xE6D9,0xE6D9,0xE6D9,0xEEFA,0xE6FA,0xE6D9,0xDED9,0xDED9,0xE6FA,0xDEDA,0xE6DA,0xE6DA,0xE6FA,0xE6FA,0xF6FA,
    0xFEB9,0xDD53,0xCC90,0xD46F,0xD46E,0xCC6E,0xCC6D,0xD46E,0xD48E,0xD48E,0xDC8D,0xDC6D,0xDC8E,0xDCAE,0xD48E,0xD4AF,
    0xD4CF,0xE511,0xDCF0,0xD4AF,0xDD11,0xDD73,0xE5B5,0xEE58,0xF6DA,0xF71A,0xF6FA,0xEE78,0xEDF5,0xE553,0xD4B0,0xD4AF,
    0xD48E,0xCC6D,0xCC4C,0xC3EB,0xBBCB,0xC3EB,0xBBAA,0xBB89,0xBB89,0xB368,0xB368,0xB368,0xB348,0xA328,0xA307,0xA307,
    0xA307,0x9AE7,0x9AE7,0x92A6,0x8A66,0x8245,0x7A25,0x79E4,0x69C4,0x6183,0x5943,0x5122,0x5101,0x5141,0x5962,0x69A3,
    0x69C4,0x71E4,0x7205,0x7205,0x7205,0x7205,0x7205,0x71E4,0x71E4,0x69C4,0x69C4,0x71E4,0x71E4,0x7A05,0x71E4,0x71C4,
    0x79E4,0x7A25,0x8245,0x7A25,0x7A25,0x7A05,0x71E5,0x71C4,0x69A4,0x6983,0x6183,0x5963,0x5143,0x5102,0x61A5,0x82A8,
    0x92EA,0x92EA,0x92EA,0x930A,0x932B,0x932B,0x9B2B,0x9B2B,0x9B4B,0x9B2B,0x930B,0x9B2B,0x9B4C,0x9B2B,0x9B2B,0x9B2B,
    0x930B,0x930B,0x930B,0x92EA,0x9B0B,0x9B2B,0x9B4C,0x9B4C,0xA36C,0x9B4B,0x9B4B,0xA36B,0xA36B,0x9B4B,0x9B6B,0x9B4B,
    0x9B2A,0xA34A,0xA34A,0x9B2A,0x9309,0x9309,0x8AC8,0x8286,0x8266,0x8266,0x7A25,0x7205,0x7205,0x7205,0x7205,0x7205,
    0x69E5,0x61A4,0x5963,0x5963,0x6184,0x61A4,0x69C4,0x8287,0x9AE8,0x9B08,0xAB49,0xB36A,0xB36A,0xB38A,0xBBAA,0xC3EB,
    0xC3EB,0xBBCB,0xC3EB,0xC40C,0xC40C,0xC3EB,0xC40C,0xCC2C,0xCC2D,0xCC4D,0xCC2D,0xCC4D,0xCC4D,0xD44D,0xD44D,0xD48E,
    0xD48E,0xDCF0,0xE552,0xCCD0,0x69E5,0x5102,0x5143,0x6184,0x61A4,0x69C5,0x7206,0x7A47,0x7A67,0x8267,0x8267,0x7A47,
    0x7226,0x7226,0x7A47,0x8288,0x832A,0xBD73,0xEEFA,0xE6B9,0xE6DA,0xE6B9,0xE6D9,0xE6D9,0xDEB9,0xE6D9,0xDEB9,0xDE99,
    0xDEB9,0xDEB9,0xDEB9,0xDEB9,0xDE99,0xDEB9,0xDEB9,0xDEB9,0xDE98,0xDEB9,0xE6DA,0xE6D9,0xDEB9,0xDE99,0xDE99,0xDEB9,
    0xDEB9,0xDEB9,0xDEB9,0xE6D9,0xDEB9,0xDEB9,0xDEB9,0xDEB9,0xDEB9,0xDE99,0xE6D9,0xDE98,0xDE99,0xDE98,0xD678,0xDE98,
    0xDE99,0xD678,0xD637,0xD678,0xDE98,0xDE99,0xDE99,0xDE98,0xDE99,0xDE78,0xDE78,0xDEB9,0xDE98,0xDEB9,0xDE98,0xDE98,
    0xDEB9,0xDE98,0xDEB9,0xDEB9,0xDEB9,0xE6D9,0xDE98,0xDEB9,0xDE99,0xDEB9,0xDE98,0xDEB9,0xDEB9,0xDEB9,0xDEB9,0xDEB9,
    0xDEB9,0xDE98,0xE6D9,0xDE99,0xDEB9,0xDEB9,0xE6D9,0xDEB9,0xDEB9,0xDEB9,0xDEB9,0xE6D9,0xE6D9,0xDEB9,0xDEB9,0xDE99,
    0xE6D9,0xDEB9,0xDE99,0xDEB9,0xDEB9,0xE6D9,0xDEB9,0xDEB9,0xDEB9,0xDEB9,0xDEB9,0xE6D9,0xDEB9,0xE6D9,0xE6D9,0xE6D9,
    0xDEB9,0xE6FA,0xDEB9,0xDEB9,0xDE99,0xD657,0xE6D9,0xE6D9,0xE6D9,0xDEB9,0xE6D9,0xDEB9,0xE6DA,0xE6FA,0xE6D9,0xDEB9,
    0xE6D9,0xDEB9,0xE6FA,0xDEB9,0xDE99,0xE6D9,0xE6FA,0xDEB9,0xE6B9,0xDEB9,0xDEB9,0xDE98,0xDEB9,0xDEB9,0xE6D9,0xE6D9,
    0xE6D9,0xE6D9,0xDEB9,0xE6D9,0xE6DA,0xE6DA,0xE6D9,0xE6FA,0xE6D9,0xE6D9,0xE6FA,0xE6D9,0xE6FA,0xE6D9,0xE6D9,0xE6FA,
    0xE6D9,0xE6DA,0xE6FA,0xDEB9,0xE6D9,0xE6D9,0xE6D9,0xE6FA,0xE6D9,0xE6D9,0xE6DA,0xE6FA,0xDEB9,0xE6D9,0xE6D9,0xE6FA,
    0xE6DA,0xE6D9,0xE6D9,0xE6FA,0xE6DA,0xE6DA,0xE6D9,0xE6FA,0xE6FA,0xE6FA,0xDEB9,0xE6D9,0xE6D9,0xE6FA,0xE6DA,0xE6DA,
    0xE6FA,0xE6D9,0xE6FA,0xE6FA,0xE6DA,0xE6D9,0xE6FA,0xE6FA,0xE6FA,0xE6DA,0xE6D9,0xE6DA,0xE6D9,0xE6D9,0xE6DA,0xE6DA,
    0xE6DA,0xDEB9,0xE6D9,0xDEB9,0xE6DA,0xE6FA,0xE6DA,0xE6DA,0xE6FA,0xE6D9,0xE6FA,0xE6FA,0xE6D9,0xE6D9,0xE6FA,0xE6FA,
    0xE6D9,0xE6D9,0xE6DA,0xE6D9,0xE6FA,0xE6FA,0xE6FA,0xE6FA,0xE6DA,0xE6FA,0xE6D9,0xE6D9,0xE6FA,0xE6FA,0xE6FA,0xE6D9,
    0xDEB9,0xE6D9,0xE6D9,0xE6FA,0xEEFA,0xE6D9,0xE6FA,0xE6FA,0xE71A,0xE6FA,0xE6DA,0xE6DA,0xE6B9,0xE6B9,0xF71A,0xF698,
    0xD533,0xCC90,0xD46F,0xDC6F,0xD46E,0xD44D,0xD48E,0xD48E,0xD48D,0xD46D,0xD48D,0xDCAE,0xDCAE,0xD48E,0xD4AF,0xDCD0,
    0xD4F0,0xDD31,0xD4F1,0xD4F1,0xDD73,0xE594,0xEE37,0xFEB9,0xF6BA,0xFF1A,0xDDF5,0xE5B4,0xDD11,0xD46F,0xDC6E,0xCC2C,
    0xCC2C,0xC40B,0xBBEA,0xC3CB,0xBBAA,0xBBAA,0xBB89,0xB369,0xB348,0xB348,0xB348,0xB348,0xAB28,0xA307,0xA307,0xA2E7,
    0x9AE7,0x9AC7,0x92A6,0x8A86,0x8A45,0x7A25,0x7A04,0x71C4,0x69A3,0x5942,0x5922,0x5121,0x5121,0x5142,0x5982,0x69C4,
    0x71E4,0x71E4,0x7205,0x7A25,0x7205,0x7205,0x7A25,0x71E4,0x69C4,0x69C4,0x69C4,0x69C4,0x71E4,0x71E4,0x71C4,0x71E4,
    0x7A25,0x8245,0x8245,0x7A25,0x7A25,0x7A05,0x69C4,0x69A4,0x69A4,0x6184,0x6163,0x5963,0x5143,0x5102,0x5963,0x7A47,
    0x930A,0x930A,0x930A,0x930A,0x9B2B,0x932B,0x932B,0x9B2B,0x9B4B,0x9B2B,0x9B4B,0x9B4B,0x9B4B,0x9B2B,0x9B2B,0x9B2B,
    0x9B2B,0x9B2B,0x930B,0x930A,0x9B2B,0x9B2B,0x9B2B,0x930A,0x9B2B,0x9B2B,0x9B2B,0x9B2B,0x9B2A,0x9B2A,0x9B2A,0x932A,
    0x9309,0x9B0A,0x9B2A,0x9B09,0x92E8,0x92E8,0x8AC8,0x8A87,0x8286,0x8266,0x7A46,0x7A46,0x7A25,0x7225,0x7205,0x7205,
    0x6A05,0x61A4,0x5963,0x5963,0x6183,0x61A4,0x7205,0x92C8,0x9B08,0xA308,0xAB29,0xAB49,0xB36A,0xB38A,0xBBAA,0xBBCB,
    0xBBCB,0xBBCB,0xBBCB,0xC3EB,0xC40C,0xCC2C,0xC40C,0xC3EB,0xC40C,0xCC0C,0xCC2C,0xCC2C,0xCC0C,0xCC4D,0xD46E,0xD48E,
    0xCC6E,0xDCF0,0xE552,0xE5B3,0x9B4A,0x5101,0x5984,0x6184,0x69A5,0x69C5,0x7206,0x7A47,0x7A67,0x7A67,0x7A87,0x7A67,
    0x7226,0x7A47,0x7226,0x7247,0x7AA9,0xAC4F,0xEEB9,0xDEB9,0xDE99,0xE6D9,0xDEB9,0xDEB9,0xE6D9,0xE6D9,0xDEB9,0xDEB9,
    0xE6D9,0xDEB9,0xDE98,0xDEB9,0xDE99,0xDEB9,0xDEB9,0xDEB9,0xDEB9,0xDEB9,0xDE99,0xDEB9,0xE6D9,0xDE98,0xDE98,0xDEB9,
    0xDE98,0xDE99,0xDEB9,0xE6D9,0xDEB9,0xDE98,0xDEB9,0xDEB9,0xDEB9,0xDE98,0xDEB9,0xDE99,0xDE99,0xDEB9,0xDE98,0xDEB9,
    0xDE98,0xDEB9,0xDEB9,0xDE98,0xDE99,0xDE99,0xDE98,0xDE98,0xDE99,0xDE99,0xDE78,0xDE98,0xDE98,0xDEB9,0xDE99,0xDE98,
    0xE6B9,0xDEB9,0xE6D9,0xDEB9,0xDE99,0xD678,0xDEB9,0xDEB9,0xDE98,0xDEB9,0xDE99,0xDEB9,0xDE98,0xDE98,0xDEB9,0xDEB9,
    0xE6D9,0xDEB9,0xE6D9,0xDE99,0xDEB9,0xDEB9,0xE6D9,0xE6D9,0xDEB9,0xDEB9,0xDEB9,0xE6D9,0xDEB9,0xDEB9,0xE6D9,0xE6D9,
    0xE6D9,0xE6D9,0xDEB9,0xE6D9,0xDE98,0xDEB9,0xDEB9,0xE6FA,0xE6DA,0xDEB9,0xDE99,0xDEB9,0xE6D9,0xE6D9,0xDEB9,0xDE99,
    0xDEB9,0xDEB9,0xDEB9,0xE6D9,0xDE99,0xDEB9,0xE6DA,0xDEB9,0xE6D9,0xE6D9,0xE6D9,0xE6FA,0xDEB9,0xDEB9,0xE6D9,0xE6D9,
    0xE6D9,0xDEB9,0xE6D9,0xDEB9,0xE6B9,0xE6DA,0xE6B9,0xDE99,0xDEB9,0xE6B9,0xE6FA,0xE6DA,0xE6FA,0xDEB9,0xE6DA,0xE6D9,
    0xE6D9,0xE6D9,0xE6DA,0xDEB9,0xE6FA,0xE6D9,0xDEB9,0xE6FA,0xE6DA,0xDEB9,0xDEB9,0xE6FA,0xE6D9,0xE6D9,0xE6FA,0xE6FA,
    0xE6D9,0xDEB9,0xE6D9,0xDEB9,0xDEB9,0xE6FA,0xE6FA,0xDEB9,0xE6D9,0xE6DA,0xE6FA,0xE6FA,0xE6D9,0xE6FA,0xE6DA,0xE6DA,
    0xE6D9,0xE6D9,0xE6D9,0xE6DA,0xE6D9,0xDEB9,0xE6D9,0xDEB9,0xDEB9,0xE6FA,0xE6DA,0xE6FA,0xE6FA,0xE6FA,0xE6D9,0xDEB9,
    0xE6FA,0xE6D9,0xE6D9,0xDEB9,0xE6D9,0xE6DA,0xE6D9,0xE6D9,0xE6D9,0xE6FA,0xE6DA,0xE6D9,0xE6DA,0xDEB9,0xE6DA,0xE6FA,
    0xE6FA,0xE6B9,0xE6DA,0xE6DA,0xE6DA,0xE6DA,0xE6DA,0xE6FA,0xEF1A,0xE6DA,0xE6D9,0xE6D9,0xE6FA,0xE6FA,0xE6D9,0xE6D9,
    0xE6FA,0xE6DA,0xE6D9,0xE6D9,0xE6DA,0xDEB9,0xE6FA,0xE6DA,0xE6D9,0xE6D9,0xE6D9,0xE6FA,0xE6FA,0xE6D9,0xE6D9,0xE6D9,
    0xDEB9,0xE6DA,0xE6D9,0xE6FA,0xE6D9,0xE6FA,0xEF1A,0xE6FA,0xE6FA,0xE6FA,0xEED9,0xEEB9,0xEEB9,0xFF1A,0xE616,0xCD11,
    0xCC8F,0xD4B0,0xD46F,0xDC8E,0xD46E,0xD46D,0xD48E,0xD48E,0xD48D,0xD48E,0xDC8E,0xDCAE,0xDCAF,0xD4AF,0xD4F0,0xD4F1,
    0xDD53,0xDD73,0xD532,0xE594,0xE5D4,0xE5D5,0xEDF5,0xE5B5,0xDDB5,0xE5F5,0xE5B4,0xCCD0,0xCC6E,0xCC2D,0xD42C,0xCBEB,
    0xC3CA,0xBBCA,0xBBA9,0xBBAA,0xBB8A,0xBB89,0xB369,0xB349,0xAB48,0xAB28,0xAB07,0xAB08,0xA308,0xA2E7,0x9AE7,0x9AE7,
    0x92C7,0x9286,0x8A66,0x8A66,0x8225,0x7A04,0x71E4,0x69A3,0x6183,0x5922,0x5122,0x5122,0x5121,0x5962,0x61A3,0x69C4,
    0x7205,0x7205,0x7205,0x7205,0x7205,0x7A25,0x7A25,0x7204,0x69C4,0x69C4,0x69C4,0x71E4,0x71E4,0x71E4,0x71E4,0x7A04,
    0x7A25,0x8225,0x8245,0x8245,0x7A25,0x7A25,0x69A4,0x6163,0x69A4,0x6184,0x5963,0x5984,0x5143,0x5143,0x5943,0x61C5,
    0x8AC9,0x92EA,0x92EA,0x9B2B,0x9B2B,0x9B2B,0x9B4B,0x9B4B,0x9B4B,0x9B2B,0x9B4B,0x9B2B,0x9B2B,0x9B2B,0x9B2B,0x9B2B,
    0x9B2B,0x9B2B,0x9B2B,0x9B2B,0x930B,0x930A,0x930A,0x930A,0x932B,0x9B2B,0x9B2B,0x9B2B,0x930A,0x930A,0x930A,0x930A,
    0x9B2A,0x9B09,0x92E9,0x92E9,0x92E9,0x92C8,0x8AA7,0x8AA7,0x8286,0x7A46,0x7A46,0x7A46,0x7225,0x7225,0x7225,0x7226,
    0x6A05,0x6183,0x5962,0x5963,0x5983,0x69C4,0x8266,0x92C8,0x9AE8,0x9AE8,0xA308,0xAB29,0xAB49,0xB36A,0xB38A,0xB3AA,
    0xBBAA,0xBBAB,0xBBAA,0xBBAB,0xBBAB,0xBBCB,0xC3EB,0xC3EB,0xC40C,0xC40C,0xCC2C,0xCC2C,0xCC4D,0xD46D,0xD46E,0xD48E,
    0xD4AF,0xDD11,0xE572,0xEDD4,0xCCD0,0x61A3,0x6184,0x61A5,0x69C5,0x71E6,0x7206,0x7A67,0x8268,0x8288,0x7246,0x6A05,
    0x7246,0x7226,0x6A05,0x7205,0x7A68,0x938C,0xDE17,0xE6B9,0xDED9,0xDEB9,0xDE98,0xE6B9,0xDEB9,0xDEB9,0xDEB9,0xE6D9,
    0xE6D9,0xDEB9,0xDE99,0xE6D9,0xDEB9,0xDEB9,0xDEB9,0xDEB9,0xE6D9,0xE6D9,0xDE98,0xDEB9,0xDEB9,0xDE99,0xDEB9,0xE6D9,
    0xDE98,0xDE99,0xDE99,0xDE98,0xDEB9,0xDEB9,0xE6D9,0xDE98,0xDE98,0xDEB9,0xDE98,0xDEB9,0xDEB9,0xE6D9,0xDE98,0xD678,
    0xDE98,0xDE98,0xDE98,0xDE99,0xDEB9,0xDE98,0xDE98,0xDEB9,0xDEB9,0xDEB9,0xDE99,0xDE98,0xDEB9,0xDE99,0xDE99,0xDE98,
    0xE6B9,0xE6B9,0xDE98,0xDE99,0xE6D9,0xDE98,0xE6D9,0xE6D9,0xDEB9,0xDEB9,0xDEB9,0xDEB9,0xDE99,0xDEB9,0xDEB9,0xDE98,
    0xDE98,0xDEB9,0xE6D9,0xDEB9,0xDEB9,0xDEB9,0xDEB9,0xE6D9,0xDEB9,0xE6D9,0xE6D9,0xDEB9,0xDEB9,0xDEB9,0xE6D9,0xE6DA,
    0xDEB9,0xDEB9,0xDEB9,0xDEB9,0xDEB9,0xDEB9,0xE6D9,0xDEB9,0xDE99,0xDE98,0xDEB9,0xE6D9,0xE6D9,0xE6DA,0xE6D9,0xE6D9,
    0xE6D9,0xDEB9,0xE6DA,0xE6FA,0xDEB9,0xE6D9,0xE6D9,0xE6D9,0xE6D9,0xDEB9,0xDEB9,0xE6D9,0xDEB9,0xE6D9,0xDEB9,0xDEB9,
    0xE6D9,0xE6D9,0xE6FA,0xDEB9,0xE6DA,0xE6B9,0xE6D9,0xE6DA,0xDEB9,0xDEB9,0xDEB9,0xDEB9,0xE6B9,0xDEB9,0xE6D9,0xDEB9,
    0xE6DA,0xDEB9,0xEF1A,0xE6D9,0xE6D9,0xE6DA,0xE6D9,0xE6D9,0xDEB9,0xE6FA,0xE6FA,0xE6D9,0xE6D9,0xE6D9,0xE6D9,0xE6D9,
    0xE6D9,0xE6D9,0xE6DA,0xE6D9,0xE6FA,0xE6D9,0xDEB9,0xE6D9,0xE6D9,0xE6D9,0xE6D9,0xE6D9,0xE6D9,0xE6FA,0xE6D9,0xDEB9,
    0xDEB9,0xE6D9,0xE6DA,0xE6D9,0xE6D9,0xE6D9,0xE6D9,0xE6D9,0xE6D9,0xE6FA,0xE6DA,0xE6D9,0xE6D9,0xE6DA,0xE6DA,0xE6FA,
    0xEF1A,0xE6FA,0xE6D9,0xE6FA,0xE6FA,0xE6FA,0xE6FA,0xE6DA,0xDEB9,0xE6D9,0xE6DA,0xDEB9,0xEF1A,0xE6FA,0xE6FA,0xE6FA,
    0xE6DA,0xDEB9,0xE6DA,0xEF1A,0xE6FA,0xE6DA,0xE6DA,0xE6DA,0xE6D9,0xE6D9,0xE6D9,0xE6D9,0xE6FA,0xE6FA,0xE6FA,0xE6D9,
    0xE6FA,0xE6DA,0xE6D9,0xE6D9,0xE6FA,0xE6D9,0xE6FA,0xE6FA,0xE6FA,0xE6FA,0xE6D9,0xE6DA,0xEF1A,0xEF1A,0xEF1A,0xE6FA,
    0xE6FA,0xE6FA,0xE6FA,0xE6FA,0xE6DA,0xE6FA,0xE71A,0xDED9,0xE6FA,0xEEF9,0xF6D9,0xFEFA,0xFED9,0xE5D4,0xCCD0,0xCCAF,
    0xD4AF,0xD48E,0xD48E,0xDC8E,0xDC8E,0xD48E,0xDC8E,0xDCAE,0xDC8E,0xDCAE,0xD48E,0xCC6E,0xDCF0,0xDD31,0xD532,0xDD73,
    0xDDD5,0xE5F6,0xF678,0xDD94,0xEDF5,0xF616,0xDD52,0xE552,0xD4F1,0xD4D0,0xD4F0,0xCC4E,0xCC2D,0xCC0C,0xC3EB,0xC3CA,
    0xBBAA,0xBB8A,0xBB89,0xB369,0xB369,0xB369,0xAB28,0xAB28,0xAB28,0xA308,0xA2E7,0xA2E7,0x9AC7,0x9AC7,0x92C7,0x92A7,
    0x92A6,0x8A86,0x8266,0x8245,0x7A04,0x71E4,0x69C4,0x6183,0x5942,0x5122,0x5122,0x5142,0x5142,0x5962,0x61C3,0x69E4,
    0x7205,0x7205,0x7205,0x7205,0x7205,0x7205,0x7A25,0x71E4,0x69C4,0x69C4,0x71E4,0x71E4,0x71E4,0x71E4,0x7A04,0x7A25,
    0x8225,0x8245,0x8266,0x8266,0x8246,0x7205,0x6183,0x5963,0x61A4,0x6184,0x5963,0x5984,0x4922,0x5143,0x5943,0x5943,
    0x7A27,0x92C9,0x92C9,0x9B0A,0x9B2B,0x9B4B,0x9B4B,0x9B4B,0x9B4B,0x9B4B,0x9B4B,0x9B4B,0x9B4B,0x9B4B,0x9B4B,0x9B4B,
    0x9B4B,0x9B4B,0x9B4B,0x9B2B,0x9B2B,0x930A,0x930A,0x932B,0x932B,0x932B,0x932A,0x930A,0x930A,0x932A,0x932A,0x930A,
    0x9309,0x9309,0x92E9,0x92E9,0x92C8,0x92C8,0x8AC8,0x8AA7,0x8286,0x7A45,0x7A46,0x7225,0x7205,0x7225,0x7226,0x7226,
    0x69E5,0x5963,0x5142,0x5963,0x5963,0x69E4,0x8A87,0x92A7,0x9AC8,0x9AE8,0xA308,0xAB49,0xAB49,0xB36A,0xB38A,0xB38A,
    0xB38A,0xB38A,0xB38A,0xB38A,0xB38A,0xB3AA,0xBBCB,0xC3EB,0xCC2C,0xCC0C,0xCC0C,0xCC0C,0xCC2C,0xCC2D,0xD46D,0xD48F,
    0xD4B0,0xDD11,0xE572,0xEDB3,0xEDD4,0x82A7,0x5963,0x69C5,0x71C5,0x7206,0x7A26,0x8268,0x82A8,0x7A88,0x6A06,0x61C5,
    0x61E5,0x61E5,0x6A05,0x7206,0x8268,0x8AEA,0xCD74,0xEEF9,0xDED9,0xDED9,0xE6B9,0xE6D9,0xDEB9,0xDEB9,0xDE98,0xDEB9,
    0xE6D9,0xDEB9,0xDEB9,0xE6DA,0xDEB9,0xE6D9,0xE6FA,0xE6D9,0xDE98,0xDE98,0xE6D9,0xDEB9,0xDE98,0xDEB9,0xDE99,0xDEB9,
    0xE6D9,0xDEB9,0xDE98,0xDE98,0xD678,0xDE98,0xDEB9,0xDEB9,0xDE99,0xDE98,0xDE98,0xDE98,0xDE98,0xDE99,0xDE98,0xDEB9,
    0xE6D9,0xDE98,0xDE98,0xDEB9,0xDE98,0xDE98,0xDE98,0xDE98,0xE6B9,0xDEB9,0xDE99,0xDE98,0xDE98,0xDE98,0xDE99,0xDE98,
    0xDE99,0xDEB9,0xDE98,0xDEB9,0xE6D9,0xDEB9,0xDE99,0xDEB9,0xDE99,0xDE98,0xDEB9,0xDEB9,0xDEB9,0xDEB9,0xDEB9,0xDE99,
    0xDEB9,0xE6D9,0xDEB9,0xDEB9,0xDEB9,0xDEB9,0xDEB9,0xE6D9,0xE6D9,0xDEB9,0xDEB9,0xDE99,0xDE98,0xE6D9,0xDEB9,0xE6D9,
    0xDE99,0xDEB9,0xDEB9,0xDEB9,0xDEB9,0xE6D9,0xDE98,0xDEB9,0xE6D9,0xDEB9,0xE6D9,0xE6D9,0xDEB9,0xE6D9,0xE6D9,0xDEB9,
    0xDEB9,0xE6D9,0xE6D9,0xE6D9,0xDEB9,0xDEB9,0xDEB9,0xE6D9,0xE6D9,0xDE99,0xE6D9,0xE6D9,0xE6D9,0xE6D9,0xDEB9,0xE6D9,
    0xE6DA,0xDEB9,0xDEB9,0xDEB9,0xE6DA,0xDEB9,0xE6DA,0xE6D9,0xE6B9,0xE6DA,0xE6B9,0xE6DA,0xE6DA,0xE6DA,0xE6FA,0xDEB9,
    0xE6D9,0xDE98,0xE6FA,0xE6FA,0xDEB9,0xE6DA,0xE6D9,0xE6FA,0xE6D9,0xE6FA,0xDEB9,0xE6D9,0xE6FA,0xDEB9,0xE6D9,0xE6D9,
    0xDEB9,0xE6D9,0xE6D9,0xDEB9,0xE6D9,0xD678,0xDE98,0xEF1A,0xE6FA,0xE6FA,0xE6FA,0xE6DA,0xE6FA,0xE6FA,0xE6D9,0xE6DA,
    0xE6DA,0xE6FA,0xE6D9,0xE6DA,0xE6DA,0xE6DA,0xE6FA,0xE6FA,0xE6FA,0xE6DA,0xDEB9,0xDEB9,0xE6D9,0xE6FA,0xE6D9,0xE6FA,
    0xE6D9,0xE6D9,0xE6D9,0xE6D9,0xE6FA,0xE6D9,0xE6D9,0xEEFA,0xE6FA,0xE6DA,0xE6DA,0xE6D9,0xE6DA,0xDEB9,0xE6D9,0xE6FA,
    0xE6DA,0xDEB9,0xE6DA,0xE6FA,0xE6DA,0xE6DA,0xE6DA,0xE6DA,0xE6FA,0xE6D9,0xE6D9,0xE6D9,0xE6D9,0xE6D9,0xE6DA,0xE6D9,
    0xE6D9,0xE6D9,0xE6FA,0xE6DA,0xE6FA,0xE6FA,0xEF1A,0xE6FA,0xE6FA,0xE6FA,0xE6DA,0xE6DA,0xE6FA,0xE6FA,0xE6FA,0xE6FA,
    0xE6D9,0xE6FA,0xE6D9,0xE6B9,0xE6BA,0xE6DA,0xDEF9,0xE6F9,0xEF19,0xEED8,0xF6D8,0xF657,0xD532,0xCC6F,0xD46E,0xD4AF,
    0xD48E,0xCC8D,0xD4AE,0xD4AE,0xD4AE,0xDCAF,0xDC8E,0xDCAE,0xDCAF,0xDCAF,0xDCCF,0xDCF0,0xD4D0,0xD532,0xDDD4,0xD5B4,
    0xEE98,0xFEFA,0xFF5B,0xF6B9,0xDD94,0xDD73,0xDD11,0xCC8E,0xCC4D,0xCC4E,0xC3CC,0xCC0C,0xC3EB,0xBBCA,0xBBAA,0xBB89,
    0xBB69,0xB349,0xB349,0xAB28,0xAB28,0xAB28,0xA308,0xA2E8,0xA2E7,0x9AC7,0x9AA7,0x92A7,0x92A6,0x9286,0x8A86,0x8A86,
    0x8A66,0x8A66,0x8245,0x7A25,0x71E4,0x69A3,0x6183,0x5962,0x5942,0x5922,0x5922,0x5942,0x5962,0x6183,0x69E4,0x71E4,
    0x7A05,0x7205,0x7205,0x7205,0x7205,0x7205,0x7205,0x71E4,0x71E4,0x71E4,0x7204,0x7204,0x71E4,0x71E4,0x7A24,0x8245,
    0x8225,0x8225,0x8266,0x8266,0x7A45,0x69C4,0x5963,0x5963,0x61A4,0x5984,0x5964,0x5984,0x4922,0x5122,0x5963,0x5943,
    0x6984,0x8AA8,0x92E9,0x92C9,0x9B0A,0x9B2B,0x9B4B,0x9B4B,0x9B4B,0x9B4B,0x9B4B,0x9B2B,0x9B2B,0x9B4B,0x9B4B,0x9B4B,
    0x9B4B,0x9B4B,0x9B4B,0x9B4B,0x9B4B,0x9B4B,0x9B4B,0x9B4B,0x932B,0x932B,0x932B,0x930A,0x932A,0x9B4A,0x9B4B,0x932A,
    0x9309,0x9B09,0x9B2A,0x9B09,0x92E8,0x92E8,0x92C8,0x8AA7,0x8286,0x7A45,0x7A25,0x7A46,0x7A26,0x7226,0x7226,0x7225,
    0x61A4,0x5142,0x5122,0x5963,0x5983,0x7205,0x8A67,0x9287,0x9287,0x9AC7,0xA2E7,0xA328,0xAB49,0xB36A,0xB36A,0xB38A,
    0xB38A,0xB38A,0xB38A,0xB3AB,0xB38A,0xBBAB,0xB38A,0xBBAA,0xC3EB,0xBBCB,0xC3EB,0xC40C,0xC3EB,0xC3EB,0xCC4D,0xD48F,
    0xCC8F,0xD4F0,0xDD52,0xE592,0xEDF4,0xB40D,0x6184,0x69C5,0x71E6,0x71E6,0x7A26,0x8288,0x8288,0x7206,0x61C5,0x61C4,
    0x61E5,0x6A26,0x7246,0x7A26,0x8268,0x8AAA,0xBCB1,0xE6D9,0xDED9,0xDEF9,0xE6B8,0xE698,0xDE98,0xDEB9,0xDEB9,0xE6D9,
    0xDEB9,0xDEB9,0xDEB9,0xDEB9,0xDE99,0xDEB9,0xDE99,0xDE98,0xDEB9,0xDEB9,0xDE99,0xDE98,0xDE98,0xDE99,0xDE98,0xDE98,
    0xE6D9,0xDE98,0xDE99,0xE6D9,0xDE98,0xDE99,0xDEB9,0xDEB9,0xDE98,0xD678,0xDEB9,0xDEB9,0xDEB9,0xDEB9,0xDE98,0xDEB9,
    0xD678,0xDE98,0xDE99,0xDE99,0xDEB9,0xDE99,0xDE99,0xD678,0xDE98,0xD678,0xD678,0xE6B9,0xE6B9,0xDEB9,0xE6B9,0xDE98,
    0xDEB9,0xDE99,0xDE98,0xD678,0xDE98,0xE6D9,0xDE99,0xDEB9,0xDEB9,0xDE98,0xDE98,0xDE98,0xDE98,0xDEB9,0xDEB9,0xD678,
    0xDE98,0xDEB9,0xDE98,0xDEB9,0xDEB9,0xDEB9,0xDEB9,0xDEB9,0xDEB9,0xD678,0xDE99,0xDE98,0xDEB9,0xE6FA,0xDEB9,0xDEB9,
    0xDEB9,0xDEB9,0xDEB9,0xE6D9,0xDE98,0xE6D9,0xE6FA,0xE6D9,0xE6D9,0xE6D9,0xE6D9,0xDEB9,0xE6D9,0xE6D9,0xDEB9,0xE6D9,
    0xE6D9,0xDEB9,0xDEB9,0xE6D9,0xE6D9,0xE6FA,0xDE99,0xDEB9,0xE6D9,0xE6D9,0xDEB9,0xE6FA,0xE6FA,0xE6D9,0xE6DA,0xE6D9,
    0xE6DA,0xDEB9,0xDEB9,0xE6D9,0xE6D9,0xDEB9,0xE6FA,0xDEB9,0xDEB9,0xE6DA,0xDEB9,0xE6D9,0xE6DA,0xE6FA,0xE6D9,0xE6D9,
    0xE6FA,0xE6FA,0xE6DA,0xE6FA,0xE6FA,0xDEB9,0xE6D9,0xE6DA,0xDEB9,0xE6FA,0xE6D9,0xE6D9,0xE6DA,0xE6DA,0xE6DA,0xE6FA,
    0xE6FA,0xE6D9,0xDEB9,0xE6D9,0xE6FA,0xE6D9,0xDEB9,0xDEB9,0xDE99,0xE6D9,0xE6FA,0xE6DA,0xE6FA,0xE6D9,0xDEB9,0xE6D9,
    0xE6D9,0xE6D9,0xE6D9,0xE6D9,0xE6DA,0xE6D9,0xE6D9,0xE6D9,0xE6D9,0xE6DA,0xDEB9,0xE6D9,0xE6D9,0xE6FA,0xE6DA,0xE6DA,
    0xE6D9,0xE6FA,0xE6FA,0xE6DA,0xE6D9,0xE6FA,0xDED9,0xE6DA,0xE6FA,0xE6D9,0xE6FA,0xE6FA,0xE6FA,0xE6FA,0xE6DA,0xE6DA,
    0xE6FA,0xE6DA,0xE6DA,0xE6D9,0xE6FA,0xE6FA,0xE6DA,0xE6DA,0xE6DA,0xE6D9,0xE6FA,0xE6DA,0xE6D9,0xE6DA,0xDEB9,0xE6FA,
    0xE6FA,0xE6D9,0xE6FA,0xE6D9,0xDEB9,0xE6D9,0xE6FA,0xE6D9,0xE6DA,0xE6DA,0xE6D9,0xE6D9,0xE6D9,0xE6D9,0xDEB9,0xE6F9,
    0xE6F9,0xE6FA,0xE6D9,0xE6D9,0xE6FA,0xEF1A,0xE6B9,0xDEB8,0xF6F9,0xEEB7,0xDDB3,0xCCD0,0xC46F,0xD48F,0xD46E,0xD48E,
    0xD48D,0xD48D,0xD4AE,0xD4AE,0xDCCE,0xDCCF,0xDCAF,0xE4D0,0xE4F0,0xDCCF,0xE531,0xD511,0xD512,0xD573,0xDDF5,0xF6B9,
    0xF71A,0xF6D9,0xFEB9,0xEE37,0xD532,0xCCB0,0xCC6E,0xCC2C,0xC3EB,0xCBCC,0xC3AB,0xBB8A,0xB369,0xB389,0xAB68,0xAB48,
    0xAB28,0xAB08,0xAB08,0xA328,0xA2E7,0xA2E7,0x9AE8,0x9AC7,0x92A6,0x9286,0x9286,0x8A86,0x8A86,0x8A66,0x8A66,0x8A66,
    0x8245,0x8245,0x7A25,0x71E4,0x69C3,0x6183,0x5962,0x5942,0x5942,0x5942,0x5942,0x5942,0x5962,0x61A3,0x7204,0x7205,
    0x7205,0x7205,0x7205,0x7205,0x7205,0x7205,0x7205,0x71E4,0x69C4,0x71E4,0x7205,0x7225,0x7A04,0x7A25,0x8245,0x8245,
    0x7A25,0x7A24,0x8265,0x8266,0x7A25,0x6183,0x6163,0x6184,0x61A4,0x6184,0x5984,0x5984,0x5142,0x5142,0x5943,0x5943,
    0x5943,0x7A26,0x8AA9,0x8AA9,0x930A,0x9B2A,0x9B2B,0x9B4B,0xA34B,0x9B4B,0x9B4B,0x9B4B,0x9B4B,0x9B4B,0x9B4B,0x9B4B,
    0xA34B,0xA36B,0xA36B,0x9B4B,0x9B4B,0x9B4B,0x9B4B,0x9B4B,0x932B,0x9B4B,0x9B4B,0x932B,0x9B4B,0x9B4B,0x9B4B,0x9B4B,
    0x9B4A,0x9B2A,0x9B2A,0x9B09,0x9309,0x9309,0x92E8,0x8A87,0x8266,0x7A25,0x7A25,0x7A66,0x7A66,0x7A46,0x7226,0x69E5,
    0x5963,0x5101,0x5122,0x5963,0x61A4,0x7205,0x8A67,0x8A87,0x92A7,0x9AA7,0x9AE7,0xA328,0xAB49,0xAB49,0xAB4A,0xAB6A,
    0xB36A,0xB38A,0xB38A,0xB3AB,0xB3AB,0xBBAB,0xB38A,0xB38A,0xBBAA,0xBBAA,0xBBAB,0xC3EC,0xC40C,0xC3EC,0xCC4D,0xD48F,
    0xCC6F,0xD4D0,0xDD52,0xE593,0xEDD4,0xDD52,0x7205,0x69C5,0x71E6,0x7A06,0x7A47,0x8288,0x7226,0x61C5,0x61C4,0x61C5,
    0x61E5,0x6A06,0x7226,0x7226,0x7A07,0x8289,0xA3EE,0xDE98,0xDEF9,0xD6B8,0xDE98,0xE6B9,0xDEB9,0xE6D9,0xDEB9,0xDEB9,
    0xDEB9,0xDEB9,0xDE98,0xDE98,0xD678,0xDE98,0xDEB9,0xDEB9,0xE6D9,0xE6D9,0xDE98,0xDE98,0xE6D9,0xDEB9,0xE6D9,0xDEB9,
    0xDE98,0xDE98,0xE6D9,0xDEB9,0xDE98,0xE6D9,0xDE99,0xDEB9,0xDEB9,0xDEB9,0xDE98,0xDEB9,0xDE98,0xDE99,0xDE98,0xDE98,
    0xDE99,0xDEB9,0xDE98,0xDEB9,0xD657,0xCE37,0xDEB9,0xDEB9,0xDE98,0xDE99,0xDEB9,0xDEB9,0xDE98,0xDEB9,0xDEB9,0xDE99,
    0xE6D9,0xDEB9,0xDEB9,0xDE98,0xDE98,0xDEB9,0xDE98,0xDEB9,0xDEB9,0xDEB9,0xD678,0xDEB9,0xE6D9,0xE6D9,0xDEB9,0xCE37,
    0xDEB9,0xDEB9,0xDEB9,0xDEB9,0xDEB9,0xEF1A,0xE6D9,0xDEB9,0xE6D9,0xDE98,0xE6D9,0xDEB9,0xDEB9,0xDEB9,0xE6D9,0xE6D9,
    0xE6D9,0xE6D9,0xE6D9,0xE6D9,0xDEB9,0xDEB9,0xDEB9,0xDEB9,0xDE99,0xE6B9,0xE6B9,0xE6B9,0xE6B9,0xDEB9,0xDEB9,0xE6FA,
    0xE6B9,0xDEB9,0xDEB9,0xE6D9,0xDEB9,0xDE99,0xDEB9,0xDEB9,0xDEB9,0xE6FA,0xDEB9,0xE6FA,0xE6DA,0xE6D9,0xE6DA,0xE6D9,
    0xE6D9,0xE6D9,0xE6D9,0xE6FA,0xE6FA,0xE6D9,0xE6D9,0xE6D9,0xE6D9,0xE6DA,0xDEB9,0xE6FA,0xE6DA,0xE6D9,0xD678,0xDEB9,
    0xDEB9,0xDEB9,0xE6D9,0xDEB9,0xE6D9,0xDEB9,0xE6D9,0xE6D9,0xE6D9,0xE6D9,0xE6D9,0xDEB9,0xE6FA,0xDEB9,0xE6D9,0xE6D9,
    0xE6D9,0xDEB9,0xDEB9,0xDEB9,0xE6FA,0xE6DA,0xDEB9,0xDE98,0xDEB9,0xE6D9,0xDEB9,0xDEB9,0xDEB9,0xE6D9,0xE6DA,0xE6DA,
    0xE6DA,0xE6DA,0xE6FA,0xE6DA,0xE6FA,0xE6D9,0xE6DA,0xE6D9,0xDEB9,0xDEB9,0xE6FA,0xE6FA,0xE6DA,0xDEDA,0xE6FA,0xE6FA,
    0xE6FA,0xE6FA,0xE6DA,0xE6FA,0xE6FA,0xE6D9,0xE71A,0xE6FA,0xE6D9,0xDED9,0xE6FA,0xE6FA,0xDED9,0xDED9,0xE6DA,0xDEDA,
    0xE6DA,0xE6FA,0xDEDA,0xDEBA,0xE6DA,0xE6DA,0xE6DA,0xE6FA,0xEF1B,0xE6FA,0xE6DA,0xDED9,0xE6DA,0xE6DA,0xE6DA,0xE6DA,
    0xE6FA,0xE71A,0xE6FA,0xE6D9,0xE6F9,0xE6F9,0xE6FA,0xE6D9,0xE6DA,0xE6DA,0xE6DA,0xEEFA,0xE6B9,0xE6D9,0xE6D9,0xDEB8,
    0xE6D9,0xEEF9,0xE6D9,0xE6D9,0xEED9,0xE698,0xF6D9,0xF6B8,0xEE15,0xCCF0,0xCC8E,0xD48E,0xDC8E,0xD48E,0xD48E,0xD48E,
    0xDC8E,0xDC8D,0xDCAE,0xD4AE,0xDCCF,0xDCCF,0xDCF0,0xDD11,0xDD11,0xD512,0xD554,0xDDB5,0xDDD6,0xEE58,0xF678,0xFEFA,
    0xFEF9,0xF656,0xDD73,0xDD12,0xDCD1,0xDC6F,0xC3CC,0xBBAB,0xC3CC,0xBB8A,0xB369,0xB349,0xB349,0xAB48,0xAB28,0xA328,
    0xA308,0xA2E7,0x9AC7,0x9AC7,0x9AC7,0x9AC7,0x9AE7,0x92A7,0x8A86,0x8A66,0x8A65,0x8245,0x8245,0x8245,0x8286,0x8266,
    0x7A25,0x7A25,0x7205,0x71E4,0x6183,0x6162,0x6162,0x5942,0x5942,0x5962,0x5962,0x6162,0x6183,0x69C4,0x7205,0x7225,
    0x7205,0x7205,0x7205,0x71E5,0x7205,0x7A05,0x71E5,0x71E5,0x71E5,0x71E5,0x7A25,0x7A45,0x7A45,0x8265,0x8266,0x8286,
    0x8A66,0x8265,0x8265,0x8286,0x71E4,0x6163,0x6163,0x6164,0x6184,0x6184,0x6184,0x5963,0x5122,0x5142,0x5963,0x5963,
    0x5943,0x6184,0x7A47,0x8AC9,0x92E9,0x9B2B,0x9B2B,0x9B2A,0x9B4B,0x9B4B,0xA34B,0xA36C,0xA36B,0x9B4B,0x9B4B,0xA36C,
    0xA36C,0xA34B,0xA36C,0xA36C,0xA36C,0xA34B,0x9B4B,0x9B2B,0x9B2B,0x9B2B,0x9B2B,0x9B2A,0x9B2B,0x9B4B,0x9B4A,0x9B2A,
    0x9B2A,0x9B4A,0x9B29,0x92E8,0x92E8,0x92E8,0x8AC8,0x8266,0x7A46,0x7A25,0x7A45,0x7A66,0x7A66,0x7A46,0x7226,0x69E5,
    0x5943,0x5122,0x5122,0x5943,0x69A4,0x7A26,0x8287,0x8A87,0x92A7,0x92A7,0x9AE8,0xA308,0xAB29,0xAB29,0xAB49,0xAB49,
    0xB36A,0xB36A,0xB36A,0xB36A,0xB38A,0xBBAB,0xB38A,0xB38A,0xB38A,0xB38B,0xB3AB,0xBBCB,0xBBEC,0xC3EC,0xC40D,0xCC4E,
    0xCCB0,0xDCF1,0xE532,0xED93,0xED93,0xEDD4,0x92C8,0x69C4,0x7205,0x7246,0x7A67,0x7A67,0x7226,0x6A05,0x6A05,0x69E5,
    0x69E5,0x69E5,0x7205,0x7226,0x7A26,0x8268,0x936C,0xDE57,0xDEB8,0xD698,0xDED9,0xDEB9,0xE6D9,0xE6D9,0xDE98,0xDE99,
    0xDEB9,0xDEB9,0xDE98,0xD678,0xDEB9,0xDEB9,0xDE99,0xE6D9,0xDE99,0xDEB9,0xDEB9,0xDEB9,0xDEB9,0xDE99,0xDEB9,0xDEB9,
    0xDE98,0xE6D9,0xE6D9,0xDE99,0xDE98,0xDEB9,0xDE98,0xD678,0xDEB9,0xDEB9,0xD678,0xDE99,0xDE98,0xD678,0xDE98,0xD678,
    0xDE98,0xDE98,0xDE98,0xE6D9,0xDEB9,0xDEB9,0xDEB9,0xDEB9,0xDEB9,0xDEB9,0xDEB9,0xDEB9,0xDE99,0xDE98,0xDEB9,0xDE98,
    0xDEB9,0xDED9,0xDEB9,0xDE99,0xE6D9,0xDEB9,0xD678,0xDEB9,0xDE99,0xDEB9,0xDEB9,0xDEB9,0xDEB9,0xDEB9,0xE6D9,0xDEB9,
    0xDEB9,0xDEB9,0xDEB9,0xE6D9,0xDE98,0xDE98,0xDEB9,0xDEB9,0xDEB9,0xDEB9,0xE6D9,0xDEB9,0xDEB9,0xDEB9,0xDEB9,0xDEB9,
    0xDEB9,0xE6DA,0xE6D9,0xE6D9,0xE6FA,0xE6FA,0xDE98,0xDEB9,0xDEB9,0xE6D9,0xE6B9,0xE6D9,0xE6DA,0xE6B9,0xE6B9,0xE6DA,
    0xE6D9,0xE6FA,0xE6D9,0xDEB9,0xE6D9,0xE6D9,0xE6FA,0xE6D9,0xDEB9,0xE6FA,0xE6D9,0xDEB9,0xE6D9,0xDEB9,0xE6D9,0xDEB9,
    0xDE99,0xE6FA,0xDEB9,0xDE98,0xE6D9,0xDEB9,0xDEB9,0xDEB9,0xDEB9,0xE6DA,0xE6D9,0xE6DA,0xDEB9,0xDEB9,0xE6D9,0xE6FA,
    0xE6D9,0xE6D9,0xE6FA,0xE6D9,0xE6D9,0xDEB9,0xE6FA,0xDEB9,0xE6D9,0xE6FA,0xE6D9,0xDE99,0xE6D9,0xE6FA,0xE6DA,0xDEB9,
    0xE6FA,0xE6DA,0xE6FA,0xDEB9,0xE6D9,0xE6DA,0xE6D9,0xE6DA,0xE6FA,0xE6FA,0xE6D9,0xE6D9,0xE6D9,0xE6FA,0xE6FA,0xE6D9,
    0xDEB9,0xE6DA,0xE6FA,0xE6D9,0xDEB9,0xDEB9,0xE6D9,0xE6FA,0xE6DA,0xE6DA,0xE6FA,0xE6DA,0xDEDA,0xDED9,0xDEB9,0xDEDA,
    0xE6FA,0xE6FA,0xDEFA,0xE6FA,0xE6FA,0xE6DA,0xE6B9,0xE6D9,0xE6B9,0xDEB9,0xE6DA,0xE6DA,0xE6DA,0xE6DA,0xE6DA,0xE6FA,
    0xE6FA,0xE6D9,0xE6D9,0xE6FA,0xEF1A,0xEF1A,0xDEB8,0xE6D9,0xE6D9,0xE6FA,0xE6DA,0xE6FA,0xE6B9,0xE6B9,0xE6DA,0xE6B9,
    0xE6DA,0xDE98,0xE6D9,0xE6D9,0xE6D9,0xE6D9,0xE6DA,0xE6DA,0xE6D9,0xE6B9,0xE6DA,0xE6FA,0xE6DA,0xE6FA,0xEF1A,0xE6FA,
    0xEEFA,0xE6B9,0xEEF9,0xEED9,0xEED8,0xF6B8,0xEE56,0xD572,0xC4AF,0xCC8F,0xD4CF,0xDCAE,0xDCAE,0xDCAE,0xDCAF,0xDCAF,
    0xDCAE,0xDC8E,0xE4CF,0xDCAF,0xDCD0,0xDD11,0xDD31,0xD4F1,0xDD73,0xE5B4,0xE5D5,0xEE58,0xF699,0xFED9,0xFEB9,0xE5D5,
    0xDDB4,0xD552,0xD4D0,0xD4B0,0xD44E,0xCBEC,0xC3AB,0xBB8A,0xBB8A,0xB38A,0xB349,0xAB28,0xAB08,0xA2E7,0xA308,0xA308,
    0x9AE7,0x9AA7,0x92A7,0x9286,0x9286,0x92A7,0x9286,0x8A86,0x8A66,0x8245,0x8245,0x7A24,0x7A25,0x7A25,0x7A45,0x7A45,
    0x7204,0x71E4,0x69C4,0x61A3,0x5962,0x5942,0x5942,0x6162,0x6163,0x6163,0x6183,0x6183,0x69A3,0x69E4,0x7205,0x7205,
    0x7205,0x7205,0x7205,0x71E5,0x71E5,0x7205,0x7205,0x71E5,0x71E5,0x7205,0x7A25,0x8265,0x8A86,0x8A86,0x8A86,0x8A86,
    0x8A66,0x8265,0x8285,0x8286,0x69C4,0x6183,0x6184,0x6164,0x6184,0x6184,0x6184,0x5963,0x5142,0x5142,0x5963,0x6183,
    0x5963,0x5943,0x71E5,0x8267,0x8AC9,0x930A,0x92E9,0x9B2A,0x9B2B,0xA34B,0xA36B,0xA34B,0xA36B,0xA34B,0x9B4B,0xA36C,
    0xA36B,0xA36B,0xA36B,0xA36B,0xA36B,0xA36B,0xA36B,0xA36B,0x9B4B,0x9B4B,0xA36B,0x9B4B,0xA36B,0x9B4B,0x9B4A,0x9B4B,
    0x9B4A,0x9B4A,0x9B29,0x92E8,0x92E8,0x8AC8,0x8266,0x7A25,0x7A25,0x7A46,0x7A45,0x7A66,0x7A46,0x7225,0x7205,0x69C4,
    0x5122,0x5122,0x5143,0x5943,0x71E5,0x7A46,0x8267,0x8A87,0x8A87,0x92C8,0xA308,0x9AE8,0x9AE8,0xA308,0xAB29,0xAB49,
    0xAB6A,0xAB4A,0xAB6A,0xB36A,0xB38A,0xB38A,0xB38A,0xB3AB,0xBBAB,0xBBAB,0xB3AB,0xB3AB,0xBBCC,0xC40D,0xCC2E,0xC44E,
    0xCCB0,0xDD11,0xE532,0xE552,0xE552,0xF5F5,0xB3CC,0x69A4,0x7205,0x7206,0x7A47,0x7A67,0x7226,0x7226,0x69E5,0x69C5,
    0x69C4,0x69E5,0x69E5,0x7205,0x7206,0x7A47,0x8B2B,0xD616,0xE6F9,0xDEB9,0xDED9,0xDE98,0xDEB9,0xE6D9,0xDEB9,0xE6D9,
    0xDEB9,0xDE98,0xDEB9,0xE6D9,0xDEB9,0xDE99,0xDE99,0xDEB9,0xDE98,0xDE98,0xE6D9,0xE6D9,0xD678,0xD678,0xDE98,0xDE98,
    0xDE98,0xDEB9,0xDEB9,0xDEB9,0xDE98,0xDEB9,0xDE98,0xDE98,0xDE98,0xDEB9,0xE6D9,0xDE98,0xDE99,0xDEB9,0xDEB9,0xDE98,
    0xDE99,0xDE99,0xDEB9,0xDE98,0xDE98,0xDE98,0xD678,0xDE99,0xDEB9,0xDEB9,0xDE98,0xDE98,0xE6D9,0xDE98,0xD678,0xDE98,
    0xDE99,0xDEB9,0xDE99,0xDE98,0xDE98,0xDEB9,0xE6D9,0xE6D9,0xDE99,0xDE98,0xD678,0xDEB9,0xDEB9,0xDE98,0xDE98,0xDE99,
    0xDEB9,0xDE98,0xDEB9,0xE6DA,0xDEB9,0xDE98,0xDEB9,0xDEB9,0xDE99,0xDEB9,0xE6D9,0xDE99,0xDEB9,0xDEB9,0xDEB9,0xD678,
    0xDE99,0xDEB9,0xDEB9,0xE6D9,0xDEB9,0xE6D9,0xE6D9,0xDEB9,0xDE99,0xE6B9,0xDEB9,0xE6B9,0xE6DA,0xE6B9,0xE6B9,0xDEB9,
    0xDE99,0xE6D9,0xDEB9,0xDE98,0xE6D9,0xDEB9,0xE6D9,0xE6D9,0xDEB9,0xE6FA,0xE6D9,0xD678,0xE6DA,0xE6D9,0xDEB9,0xE6D9,
    0xDEB9,0xE6D9,0xE6D9,0xDE99,0xDEB9,0xE6D9,0xE6DA,0xDEB9,0xDEB9,0xDEB9,0xE6D9,0xDEB9,0xDEB9,0xE6DA,0xE6D9,0xDEB9,
    0xDEB9,0xE6FA,0xE6D9,0xE6D9,0xE6D9,0xE6DA,0xDEB9,0xE6FA,0xE6DA,0xDE99,0xDEB9,0xE6D9,0xE6D9,0xE6FA,0xE6D9,0xDE98,
    0xE6D9,0xE6DA,0xE6D9,0xDEB9,0xE6FA,0xDEB9,0xDEB9,0xE6D9,0xE6FA,0xE6DA,0xE6D9,0xE6D9,0xE6FA,0xE6FA,0xE6D9,0xE6FA,
    0xE6FA,0xE6DA,0xE6D9,0xE6D9,0xE6D9,0xE6FA,0xDEB9,0xE6D9,0xE6FA,0xE6FA,0xE6D9,0xDEB9,0xE6FA,0xE71A,0xE6DA,0xE6FA,
    0xE6FA,0xE6DA,0xDED9,0xDED9,0xE6D9,0xE6DA,0xE6B9,0xE6B9,0xE6DA,0xE6B9,0xE6DA,0xE6BA,0xE6DA,0xE6DA,0xE6B9,0xE6D9,
    0xE6F9,0xE6D9,0xE6F9,0xE6D9,0xDE77,0xD677,0xEF1A,0xE6D8,0xDEB8,0xE6D9,0xE6D9,0xE6FA,0xE6D9,0xE6FA,0xEEFA,0xE6D9,
    0xE6D9,0xE6DA,0xE6B9,0xE6B9,0xE6DA,0xE6B9,0xE6DA,0xEEFA,0xE6DA,0xEEDA,0xE6DA,0xDEFB,0xDEDA,0xDEDA,0xE6DA,0xE6D9,
    0xEF1A,0xEED9,0xF71A,0xF6B9,0xEE56,0xD593,0xC4D0,0xCCAF,0xCCD0,0xD4AF,0xDCAF,0xDCAF,0xDC8E,0xDC8E,0xE48F,0xE4AF,
    0xE4AF,0xE4AF,0xDCAF,0xE4F1,0xE552,0xDD12,0xD512,0xDD73,0xE5D5,0xEE37,0xFED9,0xFEB9,0xF678,0xE5D5,0xE5D4,0xD532,
    0xD4F0,0xCC8F,0xCC4E,0xC40D,0xC3AC,0xBB8B,0xBB6A,0xB36A,0xAB49,0xAB48,0xAB28,0xA2E7,0xA2E7,0x9AC7,0x9AC7,0x9AA7,
    0x92A6,0x9286,0x8A66,0x8A66,0x8A66,0x8A66,0x8A45,0x8245,0x8245,0x8225,0x7A25,0x7A04,0x7A04,0x7A05,0x7A05,0x7205,
    0x71E4,0x71E4,0x6163,0x5942,0x6163,0x6163,0x6162,0x6183,0x6183,0x6183,0x61A3,0x69C4,0x69C4,0x71E5,0x7205,0x7205,
    0x7205,0x7205,0x71E5,0x7205,0x7205,0x71E5,0x71E5,0x71E5,0x71E5,0x7A05,0x8245,0x8A66,0x92A6,0x92C6,0x92C7,0x92A7,
    0x9286,0x8A86,0x8AA6,0x7A45,0x69A3,0x6983,0x69A4,0x6164,0x6184,0x6184,0x6184,0x5983,0x5943,0x5942,0x5963,0x6184,
    0x6184,0x5943,0x61A4,0x7206,0x8288,0x8AC9,0x92C9,0x9B2A,0x9B2A,0x9B4B,0xA34B,0x9B4B,0x9B4B,0xA36B,0xA36B,0xA36C,
    0xA36B,0xA36C,0xA36B,0xA36B,0xA36B,0xA36C,0xA36C,0xA36B,0x9B4B,0xA36B,0xA36B,0x9B6B,0x9B2A,0x9B2A,0x9B4A,0x9B6B,
    0xA36A,0x9B29,0x9B29,0x9B4A,0x8AA7,0x7A46,0x7A25,0x7A25,0x7A25,0x7A46,0x7A45,0x7A46,0x7A45,0x7225,0x69E5,0x6183,
    0x5122,0x5122,0x5943,0x5963,0x71E5,0x7A26,0x8246,0x8A87,0x8AA7,0x92C8,0x9AE8,0x92C7,0x9AE8,0xA309,0xA308,0xA329,
    0xB36A,0xB36A,0xB36A,0xB36A,0xB38A,0xB38B,0xB36A,0xB38B,0xB3AB,0xB38B,0xB38B,0xB3AB,0xB38B,0xBBCC,0xC42D,0xC44E,
    0xCC90,0xD4D0,0xDCF1,0xDD32,0xDD52,0xE573,0xC48F,0x69E4,0x71E5,0x7206,0x7A26,0x7A26,0x7206,0x7206,0x71E5,0x69A4,
    0x61A4,0x69C4,0x69E5,0x7205,0x7206,0x7A47,0x82EA,0xC594,0xE6B9,0xD678,0xDEB9,0xDEB9,0xE6D9,0xDE98,0xDE98,0xDEB9,
    0xDEB9,0xDE98,0xDEB9,0xE6D9,0xDE98,0xDE98,0xDE98,0xDEB9,0xDEB9,0xDEB9,0xDE98,0xDE98,0xDEB9,0xDE99,0xDE98,0xDE98,
    0xDE98,0xDE98,0xDE98,0xDE98,0xDE99,0xE6D9,0xDE98,0xD678,0xDE99,0xDE99,0xDEB9,0xDE99,0xD678,0xDE99,0xDE99,0xDE98,
    0xDE99,0xDE99,0xDEB9,0xDE98,0xE6D9,0xDEB9,0xDE98,0xDE98,0xD678,0xDEB9,0xDEB9,0xD678,0xDE98,0xDEB9,0xDE98,0xDEB9,
    0xDE99,0xDEB9,0xDEB9,0xDE98,0xDE98,0xDEB9,0xDE99,0xDEB9,0xDEB9,0xE6D9,0xDEB9,0xDE99,0xDEB9,0xE6D9,0xDE99,0xDEB9,
    0xDE99,0xDE99,0xE6D9,0xDEB9,0xE6D9,0xDEB9,0xDEB9,0xDEB9,0xDEB9,0xDEB9,0xDE99,0xDE98,0xDEB9,0xDE98,0xDEB9,0xDEB9,
    0xDEB9,0xDEB9,0xDEB9,0xE6D9,0xDEB9,0xDEB9,0xDEB9,0xE6B9,0xDEB9,0xE6B9,0xDE99,0xDEB9,0xE6B9,0xDEB9,0xE6DA,0xE6B9,
    0xDEB9,0xDEB9,0xDEB9,0xDEB9,0xE6D9,0xE6D9,0xDEB9,0xDEB9,0xE6D9,0xE6D9,0xE6D9,0xE6FA,0xE6D9,0xDE98,0xE6D9,0xE6DA,
    0xE6D9,0xE6D9,0xE6D9,0xE6FA,0xE6FA,0xDEB9,0xE6D9,0xE6FA,0xE6D9,0xDEB9,0xE6DA,0xDEB9,0xE6DA,0xE6DA,0xE6D9,0xE6D9,
    0xE6D9,0xE6D9,0xDE99,0xDEB9,0xDEB9,0xEF1A,0xDE99,0xE6FA,0xE6FA,0xDEB9,0xE6D9,0xE6D9,0xE6D9,0xDEB9,0xE6D9,0xDEB9,
    0xE6FA,0xE6FA,0xE6D9,0xDEB9,0xE6FA,0xDEB9,0xE6D9,0xE6DA,0xE6D9,0xDEB9,0xE6D9,0xE6DA,0xE6D9,0xE6D9,0xE6FA,0xE6DA,
    0xE6D9,0xE6D9,0xE6DA,0xE6D9,0xE6D9,0xE6FA,0xDEB9,0xE6DA,0xDEB9,0xDEB9,0xE6FA,0xE6FA,0xDEB9,0xE6DA,0xE6DA,0xDED9,
    0xDEB9,0xDEB9,0xDEB9,0xE6DA,0xE6FA,0xE6DA,0xE6DA,0xE6DA,0xE6DA,0xE6FA,0xE6BA,0xE6B9,0xE6DA,0xE6DA,0xE6FA,0xE6F9,
    0xE6F9,0xE6F9,0xE6F9,0xDED8,0xC5F5,0xC615,0xEF1A,0xDEB8,0xE6FA,0xE6DA,0xE6D9,0xE6FA,0xE6FA,0xE6D9,0xDEB8,0xE6D9,
    0xDE98,0xE6FA,0xE71A,0xE6FA,0xE6FA,0xE6D9,0xE6B9,0xE6B9,0xE6DA,0xE6DA,0xDEB9,0xE6FA,0xDEDA,0xDEB9,0xEEFA,0xEED9,
    0xF6B9,0xEE77,0xDDD5,0xCD32,0xCCCF,0xCCCF,0xD4CF,0xD4F0,0xD4CF,0xDCCF,0xDCAF,0xDCAF,0xE4CF,0xE4AF,0xE4AF,0xE4AF,
    0xE4CF,0xE4F0,0xDCF0,0xDD11,0xDD32,0xD532,0xD573,0xEE16,0xF698,0xFEB9,0xFEB8,0xEDF5,0xDD73,0xD4F1,0xD4D0,0xD4CF,
    0xC44D,0xCC4D,0xC42D,0xBBAB,0xBB8B,0xB36A,0xB349,0xAB48,0x9AE7,0xA2E7,0xA2E7,0x9AC7,0x9AA7,0x92A6,0x9286,0x8A66,
    0x8A66,0x8A66,0x8A66,0x8245,0x8225,0x8225,0x8225,0x7A05,0x7A04,0x7A04,0x7A25,0x7A04,0x7A04,0x7A05,0x7204,0x71E4,
    0x71E4,0x69A3,0x6162,0x5962,0x6183,0x6183,0x6163,0x6163,0x6183,0x61A3,0x69C4,0x71E5,0x7205,0x7205,0x7205,0x7205,
    0x7205,0x7205,0x71E5,0x71E5,0x7205,0x71E5,0x71E5,0x71E5,0x7A05,0x8245,0x8A86,0x92A6,0x92A6,0x9AE7,0x9AE7,0x9AC7,
    0x9AA7,0x92A7,0x8AA6,0x7204,0x6983,0x69A4,0x6984,0x6184,0x6184,0x61A4,0x61A4,0x6184,0x5963,0x5943,0x5963,0x6184,
    0x6183,0x5963,0x6163,0x6184,0x71E5,0x8287,0x8AA8,0x92E9,0x92E9,0x930A,0x9B4B,0x9B2A,0x9B4B,0xA36B,0xA36B,0xA36B,
    0xA36B,0xA36B,0xA38C,0xA36B,0xA36B,0xA36B,0xA38C,0xA36C,0xA36B,0xA36B,0xA36B,0xA36B,0x9B4A,0x9B4A,0xA36B,0xA36B,
    0x9B4A,0x9309,0x92E8,0x8AC8,0x7A46,0x7205,0x7A25,0x7A25,0x7A46,0x7A46,0x7A46,0x7A46,0x7A25,0x7205,0x69C4,0x5963,
    0x5102,0x5102,0x5963,0x61A4,0x71E5,0x7205,0x8267,0x8A87,0x8A87,0x8A87,0x92C8,0x9AE8,0x9B09,0xA309,0xA309,0xA329,
    0xAB4A,0xAB6A,0xAB4A,0xAB29,0xAB4A,0xB38A,0xAB6A,0xB38B,0xB3AB,0xB3CB,0xB3CC,0xBBEC,0xB3AC,0xB3AC,0xBBED,0xC42E,
    0xCC90,0xD4D1,0xD4F1,0xDD32,0xDD52,0xE553,0xD511,0x7A26,0x69C4,0x7206,0x7A26,0x7A26,0x7A26,0x7206,0x7205,0x71C5,
    0x69C5,0x69C5,0x69E5,0x7205,0x7206,0x7A47,0x82C9,0xC553,0xE6F9,0xDEB8,0xDEB9,0xDE99,0xDEB9,0xDE98,0xDEB9,0xE6D9,
    0xDEB9,0xDEB9,0xDE99,0xDEB9,0xDEB9,0xDEB9,0xDE98,0xDEB9,0xDEB9,0xDEB9,0xDEB9,0xDEB9,0xE6D9,0xDEB9,0xE6D9,0xDE99,
    0xDE99,0xDE98,0xDEB9,0xDEB9,0xDE98,0xDE99,0xD678,0xD678,0xDE99,0xDE98,0xD678,0xDE98,0xD678,0xDEB9,0xDE98,0xDE99,
    0xDE99,0xD678,0xDEB9,0xDE98,0xE6D9,0xDE99,0xDEB9,0xDEB9,0xD678,0xDEB9,0xDEB9,0xD678,0xDE98,0xDE98,0xDEB9,0xDE98,
    0xDE98,0xDEB9,0xDE99,0xD678,0xDEB9,0xDEB9,0xDE98,0xDE99,0xDE98,0xDE99,0xDE98,0xDE98,0xDEB9,0xDEB9,0xDE98,0xDE99,
    0xDE98,0xDEB9,0xDEB9,0xDE99,0xDE99,0xDE99,0xDEB9,0xDEB9,0xDEB9,0xDE99,0xDEB9,0xDEB9,0xDEB9,0xDEB9,0xDEB9,0xDEB9,
    0xDE99,0xDEB9,0xE6D9,0xDEB9,0xDE98,0xE6D9,0xE6FA,0xE6B9,0xDEB9,0xE6B9,0xE6D9,0xE6D9,0xDEB9,0xDEB9,0xE6D9,0xDEB9,
    0xE6D9,0xE6D9,0xE6D9,0xE6D9,0xDEB9,0xE6D9,0xDEB9,0xE6D9,0xE6DA,0xDEB9,0xDEB9,0xDEB9,0xE6D9,0xE6D9,0xDEB9,0xDE99,
    0xDEB9,0xDEB9,0xE6D9,0xE6D9,0xDEB9,0xDEB9,0xE6D9,0xE6DA,0xE6D9,0xE6D9,0xE6D9,0xE6D9,0xE6D9,0xDEB9,0xE6D9,0xE6DA,
    0xDEB9,0xE6D9,0xDEB9,0xE6DA,0xDEB9,0xE6D9,0xDEB9,0xE6D9,0xE6D9,0xE6FA,0xE6D9,0xD678,0xE6D9,0xE6D9,0xE6D9,0xDEB9,
    0xE6FA,0xE6D9,0xE6D9,0xE6D9,0xE6D9,0xDEB9,0xE6D9,0xE6D9,0xE6D9,0xDEB9,0xE6D9,0xDEB9,0xDEB9,0xE6D9,0xE6D9,0xE6DA,
    0xE6DA,0xE6D9,0xE6FA,0xE6DA,0xE6D9,0xE6D9,0xDEB9,0xDEB9,0xE6D9,0xE6D9,0xE6FA,0xE6DA,0xE6DA,0xE6D9,0xE6DA,0xE6FA,
    0xE6FA,0xE6FA,0xE6DA,0xE6D9,0xDEB9,0xDEFA,0xE71A,0xE6FA,0xDED9,0xDEB9,0xDEB9,0xDEB9,0xE6D9,0xDED9,0xDED9,0xDEB9,
    0xDEB9,0xDED9,0xDED9,0xDEF9,0xE73A,0xE71A,0xDED9,0xE6FA,0xDED9,0xDEDA,0xDED9,0xDEDA,0xDEDA,0xDEDA,0xDEDA,0xE6FA,
    0xE6FA,0xD699,0xDEDA,0xE6FA,0xDED9,0xDED9,0xE6FA,0xE6D9,0xE6D9,0xEEF9,0xEEF9,0xEEF9,0xEED9,0xEEB8,0xF697,0xE615,
    0xDD93,0xD511,0xCCAF,0xD4AF,0xD4CF,0xDCEF,0xDCCF,0xDCCF,0xDCCF,0xDCCF,0xDCAF,0xDCCF,0xDCAF,0xE4CF,0xE4CF,0xDCAF,
    0xDD10,0xDD31,0xDD31,0xD512,0xD573,0xE5F5,0xEE57,0xF698,0xFE98,0xEE16,0xDD93,0xDD32,0xCCCF,0xCC8E,0xC44D,0xC40C,
    0xBBCB,0xC3CB,0xBBAB,0xB349,0xB329,0xAB08,0xA308,0xA307,0x9AE7,0x9AC7,0x92A6,0x9286,0x9286,0x8A66,0x8245,0x8225,
    0x8225,0x8225,0x8225,0x8205,0x79E4,0x79E4,0x79E4,0x79E4,0x71E4,0x71E4,0x7204,0x7A04,0x71E4,0x71E4,0x71E4,0x71C4,
    0x69A3,0x6162,0x6163,0x6183,0x6163,0x6163,0x5962,0x5962,0x6183,0x69C4,0x71E5,0x7205,0x7205,0x7205,0x7205,0x7205,
    0x7205,0x71E5,0x7205,0x7205,0x71E5,0x71E4,0x7205,0x7A26,0x8246,0x8A86,0x92A7,0x92C7,0x9AC6,0x9AC6,0x9AE7,0x9AE7,
    0x9AC7,0x9AC7,0x8A86,0x69C3,0x69A3,0x69A4,0x69A4,0x6184,0x6183,0x6184,0x61A4,0x61A4,0x5943,0x5943,0x6183,0x6184,
    0x6184,0x6183,0x6163,0x6163,0x6184,0x7206,0x8267,0x8AA8,0x8AC9,0x92E9,0x9B2A,0x9B2A,0x9B2A,0xA36B,0xA36B,0xA36B,
    0xA36B,0xA38C,0xA38C,0xA36B,0xA36B,0xA36B,0xA36B,0xA36B,0xA36B,0xA36B,0xA38B,0xA38B,0xA36A,0x9B4A,0xA36A,0x9B29,
    0x9309,0x9309,0x8287,0x7A25,0x7205,0x7A25,0x7A25,0x7A25,0x7A46,0x7A46,0x7A45,0x7A45,0x7A25,0x7205,0x61A4,0x5122,
    0x5102,0x5122,0x5963,0x69C5,0x71E5,0x7205,0x8267,0x8AA7,0x8AA7,0x8AA8,0x92A8,0x92C8,0x9AE8,0x9AE8,0xA329,0xA329,
    0xA329,0xAB4A,0xAB4A,0xA329,0xAB4A,0xAB4A,0xAB4A,0xAB6A,0xAB6A,0xAB8B,0xAB6B,0xAB6B,0xB3CC,0xB3CC,0xBBED,0xC42E,
    0xC44F,0xD4D1,0xDD12,0xD511,0xDD12,0xDD52,0xD512,0x8267,0x69A4,0x69C5,0x71E5,0x7206,0x7A26,0x7206,0x71E5,0x71E5,
    0x69C5,0x69C5,0x69E5,0x71E5,0x7206,0x7A27,0x7AA9,0xB4F2,0xEEFA,0xDE98,0xDED9,0xDEB9,0xE6D9,0xDE99,0xDEB9,0xDE99,
    0xDEB9,0xDEB9,0xDE98,0xDE99,0xE6D9,0xE6FA,0xDEB9,0xDE99,0xE6D9,0xDE98,0xDE99,0xDEB9,0xDE98,0xDEB9,0xE6D9,0xDE98,
    0xDE98,0xDEB9,0xDE99,0xDE99,0xD678,0xDE98,0xDE98,0xD678,0xD678,0xDEB9,0xDE98,0xDE98,0xDE98,0xDE99,0xDE98,0xD678,
    0xDEB9,0xDE98,0xDEB9,0xDE98,0xDE98,0xDE98,0xDEB9,0xDE99,0xDEB9,0xE6D9,0xDE98,0xDEB9,0xDEB9,0xDE98,0xDEB9,0xDEB9,
    0xDEB9,0xDEB9,0xDEB9,0xD678,0xDEB9,0xDE98,0xDEB9,0xDEB9,0xDE98,0xDE98,0xDEB9,0xDEB9,0xDEB9,0xDE98,0xDEB9,0xDEB9,
    0xDEB9,0xDEB9,0xDE98,0xDEB9,0xDEB9,0xE6FA,0xDE98,0xDEB9,0xDEB9,0xD678,0xDEB9,0xDEB9,0xE6D9,0xE6D9,0xDE98,0xDE99,
    0xE6D9,0xDE99,0xDEB9,0xE6D9,0xDEB9,0xDEB9,0xDEB9,0xDEB9,0xDEB9,0xDE99,0xE6B9,0xE6B9,0xDE99,0xDE99,0xDEB9,0xDE99,
    0xDE99,0xDE99,0xE6D9,0xE6D9,0xDEB9,0xDEB9,0xDEB9,0xE6DA,0xE6DA,0xDE99,0xE6D9,0xE6D9,0xDEB9,0xDEB9,0xDEB9,0xDEB9,
    0xE6D9,0xDEB9,0xDEB9,0xE6D9,0xDE99,0xE6D9,0xDEB9,0xD678,0xDEB9,0xE6FA,0xDEB9,0xE6D9,0xDEB9,0xDEB9,0xE6D9,0xE6DA,
    0xE6DA,0xDEB9,0xD678,0xE6FA,0xDEB9,0xDEB9,0xDEB9,0xDEB9,0xDEB9,0xE6DA,0xEF1A,0xE6DA,0xE6D9,0xDEB9,0xE6D9,0xE6D9,
    0xE6FA,0xDEB9,0xE6DA,0xDEB9,0xEF1A,0xE6FA,0xDEB9,0xDEB9,0xE6FA,0xE6FA,0xE6D9,0xE6D9,0xE6D9,0xE6D9,0xDEB9,0xE6D9,
    0xE6FA,0xDEB9,0xE6D9,0xE6D9,0xE6FA,0xE6D9,0xE6DA,0xE6D9,0xE6D9,0xDEB9,0xDEB9,0xDEB9,0xE6D9,0xE6D9,0xE6FA,0xEF1A,
    0xDEB9,0xDEB9,0xE6FA,0xE6FA,0xE6D9,0xDF1A,0xDEF9,0xD6B9,0xD6D9,0xDED9,0xDEF9,0xE6F9,0xDED9,0xDEB9,0xDEDA,0xDEDA,
    0xE6FA,0xDED9,0xDEDA,0xDEFA,0xDEB9,0xDEB9,0xDEFA,0xDEDA,0xDEB9,0xDEDA,0xDEDA,0xD699,0xDEDA,0xDEDA,0xDEDA,0xDEB9,
    0xDEDA,0xDED9,0xDED9,0xE6F9,0xE6D9,0xDE98,0xE6D8,0xEED9,0xEEF9,0xEED8,0xEEB7,0xEE35,0xDDD4,0xDD92,0xD531,0xD4F0,
    0xDCEF,0xDCCF,0xDCAE,0xDCAE,0xDCAE,0xDCAE,0xDCAE,0xDCCE,0xDCCF,0xDCCF,0xDCD0,0xE511,0xDCD0,0xDCCF,0xDD10,0xDD10,
    0xDD51,0xD531,0xDD93,0xE5F5,0xE615,0xEE16,0xF677,0xFEB8,0xDD94,0xDD73,0xD4F0,0xC46E,0xC42D,0xBBEB,0xBBCB,0xBBAA,
    0xB369,0xB349,0xAB49,0xAB28,0xA2E8,0xA2E7,0x9AC7,0x92C6,0x92A6,0x8A86,0x8A66,0x8A66,0x8245,0x8225,0x8225,0x8225,
    0x7A05,0x7A05,0x7A05,0x79E5,0x79E4,0x79E4,0x71E4,0x71E4,0x71E4,0x71E4,0x71C4,0x71C4,0x71C4,0x71C4,0x71C4,0x69A3,
    0x6163,0x6163,0x6183,0x6183,0x6163,0x5942,0x5962,0x6183,0x69C4,0x71E5,0x7205,0x7226,0x7205,0x7205,0x7225,0x7205,
    0x7205,0x7205,0x7205,0x7205,0x7205,0x71E5,0x7A05,0x8246,0x8A66,0x8A66,0x9286,0x92A6,0x92A6,0x9AC6,0x9AC6,0x9AC7,
    0x9AC7,0x9AC7,0x8245,0x69C3,0x69A4,0x69A4,0x69A4,0x6184,0x6183,0x6183,0x6183,0x6184,0x5943,0x5963,0x6163,0x6183,
    0x6184,0x6184,0x6184,0x6183,0x6163,0x6984,0x7205,0x8267,0x8288,0x8AA8,0x92E9,0x9309,0x9B2A,0x9B2A,0x9B4B,0x9B4B,
    0x9B4B,0xA36B,0xA36B,0xA36B,0xA36B,0xA36B,0xA34B,0xA36B,0xA36B,0xA34A,0xA36B,0xA36A,0x9B4A,0x9B4A,0x9B4A,0x9309,
    0x92E8,0x8AA7,0x7A46,0x7A25,0x7205,0x7A25,0x7A25,0x7A25,0x7A46,0x7A46,0x7A45,0x7A45,0x7225,0x7205,0x61A3,0x5101,
    0x5102,0x5943,0x5963,0x69A4,0x71C5,0x7206,0x7A26,0x8267,0x8AA8,0x92C9,0x8AA8,0x92C8,0x92E8,0x9AE8,0x9B09,0x9B09,
    0xA32A,0xA32A,0xA32A,0xA34A,0xA34A,0xA32A,0xAB6A,0xAB6A,0xAB6A,0xAB6B,0xAB8B,0xB3CC,0xBBED,0xC40E,0xC44E,0xC44F,
    0xC46F,0xD4D0,0xD4F1,0xD4F1,0xD511,0xD511,0xD511,0x8AC8,0x69C5,0x71C5,0x71E5,0x7206,0x7A06,0x7206,0x71E5,0x71E5,
    0x71E5,0x71E5,0x69E5,0x7205,0x7A06,0x7A27,0x7AA9,0xAC70,0xE6D9,0xDE98,0xDEB9,0xDE99,0xDEB9,0xDE98,0xDE99,0xDEB9,
    0xDE98,0xDE98,0xDE98,0xDE98,0xDE98,0xDE98,0xDE98,0xDE99,0xDEB9,0xDEB9,0xDE99,0xD678,0xDE98,0xDE98,0xDE98,0xDEB9,
    0xDE98,0xDE99,0xDE98,0xDEB9,0xDEB9,0xDE99,0xDEB9,0xDEB9,0xDE98,0xDEB9,0xDE98,0xD678,0xDE98,0xDE98,0xD678,0xD678,
    0xDEB9,0xDEB9,0xDE98,0xDE99,0xD678,0xDE98,0xDEB9,0xDE98,0xDE98,0xDE98,0xDE98,0xDEB9,0xDEB9,0xDEB9,0xD678,0xE6D9,
    0xDEB9,0xDE98,0xDEB9,0xDE98,0xDEB9,0xDE98,0xDE98,0xE6D9,0xDE99,0xDEB9,0xDEB9,0xDE98,0xDE99,0xD678,0xDE99,0xDEB9,
    0xDEB9,0xDEB9,0xDE99,0xE6D9,0xDEB9,0xCE16,0xDE98,0xE6FA,0xDEB9,0xDEB9,0xDEB9,0xDEB9,0xDEB9,0xDE98,0xE6D9,0xDEB9,
    0xDEB9,0xDEB9,0xDEB9,0xDEB9,0xDEB9,0xDEB9,0xDEB9,0xE6D9,0xDEB9,0xDEB9,0xDE99,0xDE99,0xE6D9,0xE6B9,0xE6B9,0xDEB9,
    0xE6D9,0xE6D9,0xDE98,0xDEB9,0xE6FA,0xE6D9,0xDEB9,0xE6D9,0xE6D9,0xDEB9,0xE6D9,0xDEB9,0xDEB9,0xE6FA,0xE6D9,0xDEB9,
    0xE6D9,0xE6D9,0xDEB9,0xE6D9,0xDEB9,0xE6D9,0xE6D9,0xE6DA,0xDEB9,0xDEB9,0xDEB9,0xE6D9,0xDE99,0xDEB9,0xDEB9,0xDE99,
    0xDE98,0xDEB9,0xDEB9,0xE6FA,0xE6D9,0xE6D9,0xDE98,0xE6DA,0xE6D9,0xDE98,0xDEB9,0xDEB9,0xE6D9,0xE6FA,0xDE99,0xDE98,
    0xDEB9,0xDEB9,0xE6D9,0xE6D9,0xE6DA,0xE6D9,0xE6D9,0xE6D9,0xE6FA,0xDEB9,0xDEB9,0xE6FA,0xE6D9,0xDEB9,0xE6FA,0xDEB9,
    0xE6D9,0xE6FA,0xEF1A,0xDEB9,0xDEB9,0xE6FA,0xE6FA,0xE6D9,0xDEB9,0xE6FA,0xDEB9,0xE6DA,0xDEB9,0xE6D9,0xDEB9,0xDEB9,
    0xDEB9,0xDEB9,0xE6D9,0xE6D9,0xE6D9,0xDED9,0xDED8,0xDEF9,0xE6F9,0xE719,0xEF1A,0xEEF9,0xE6B9,0xE6D9,0xE6D9,0xE6DA,
    0xEEFA,0xE6D9,0xE6DA,0xDE98,0xD658,0xDE98,0xE6DA,0xE6DA,0xE6B9,0xE699,0xEEDA,0xEED9,0xEEDA,0xE6B9,0xE6B9,0xEEFA,
    0xEEDA,0xEEF9,0xEED9,0xEED9,0xEED8,0xF6D8,0xEE97,0xE635,0xE614,0xD5B3,0xD551,0xD510,0xD510,0xD4EF,0xDCCF,0xDCCF,
    0xDCCE,0xDCCE,0xE4CE,0xE4CE,0xDCAE,0xDCCE,0xDCEF,0xE50F,0xE4EF,0xDCCF,0xDCF0,0xE510,0xDCD0,0xDCEF,0xDD10,0xDD30,
    0xDD51,0xDD93,0xEDF5,0xF636,0xEDF5,0xE5D4,0xE593,0xD532,0xCCB0,0xCC8F,0xC42D,0xBBEC,0xBBCB,0xB38A,0xAB49,0xAB29,
    0xAB08,0xA2E8,0xA2E8,0xA2E8,0x9AE7,0x9AC7,0x92A6,0x8A86,0x8A65,0x8A65,0x8A66,0x8A66,0x8245,0x8225,0x7A05,0x7A05,
    0x7A05,0x7A05,0x71E4,0x79C4,0x71C4,0x71C4,0x71C4,0x71C4,0x71E4,0x71C4,0x71C4,0x71C4,0x71C4,0x69A3,0x69A3,0x6983,
    0x6183,0x6183,0x6183,0x6163,0x5963,0x5942,0x5963,0x69A4,0x71E5,0x7206,0x7205,0x7226,0x7226,0x7205,0x7205,0x7205,
    0x7205,0x7205,0x7205,0x71E5,0x71E5,0x71E5,0x7A26,0x8267,0x8A66,0x8A66,0x8A66,0x9286,0x92A6,0x92A6,0x92A6,0x9AA7,
    0x9AC7,0x92A7,0x71E4,0x69A3,0x69A4,0x69A4,0x69A4,0x69A4,0x6183,0x6183,0x61A3,0x5983,0x5963,0x5963,0x5963,0x5963,
    0x6183,0x6184,0x61A4,0x6184,0x6163,0x6183,0x61A3,0x71E4,0x7205,0x7A46,0x8287,0x8AA8,0x92E8,0x9309,0x9B2A,0x9B2A,
    0x9B2A,0x9B2A,0x9B4B,0xA34B,0xA34B,0x9B4B,0x9B4A,0xA34B,0xA34A,0x9B2A,0x9B2A,0x9B29,0x9B49,0x9B09,0x92E8,0x8AA7,
    0x8246,0x7A25,0x7A25,0x7205,0x7205,0x7A25,0x7A25,0x7A25,0x7A25,0x7A25,0x7A45,0x7A25,0x7205,0x69E4,0x6183,0x5101,
    0x5102,0x5943,0x5984,0x69C4,0x71E5,0x7A26,0x7A26,0x7A46,0x8288,0x8AC9,0x8AC8,0x8AA8,0x92C8,0x92C8,0x9AE9,0x9AE9,
    0x9AE9,0x9B09,0x9B09,0xA32A,0xA34A,0xA34A,0xA36A,0xAB6B,0xA34A,0xAB8B,0xB3CC,0xBC0D,0xBC0D,0xC44F,0xC44F,0xBC0E,
    0xC46F,0xCCB0,0xCCD1,0xCCD1,0xD4F1,0xCCF1,0xD511,0x8AC9,0x69C5,0x71E5,0x69C5,0x7206,0x7206,0x71E5,0x7205,0x71E5,
    0x71E5,0x71E5,0x69E5,0x71E5,0x79E6,0x7A27,0x7A88,0x9C0E,0xE6B9,0xE6D9,0xDEB9,0xD658,0xDEB9,0xDE98,0xDEB9,0xE6D9,
    0xDEB9,0xDEB9,0xE6D9,0xDEB9,0xDE98,0xDE98,0xDEB9,0xDEB9,0xDEB9,0xDEB9,0xE6D9,0xDEB9,0xE6D9,0xDE99,0xDE98,0xDEB9,
    0xDE98,0xDE99,0xDE98,0xD678,0xDEB9,0xDE99,0xDE98,0xDEB9,0xDE98,0xDE99,0xDE98,0xDE98,0xDE98,0xDE98,0xDE99,0xDE98,
    0xDEB9,0xE6D9,0xDE98,0xDE99,0xD678,0xD678,0xDEB9,0xE6D9,0xDE99,0xDEB9,0xE6D9,0xDE98,0xDEB9,0xDE99,0xDE99,0xDEB9,
    0xDE98,0xE6D9,0xE6D9,0xDEB9,0xDEB9,0xDE98,0xDE98,0xDEB9,0xDE98,0xDEB9,0xDEB9,0xDEB9,0xE6DA,0xDE98,0xDE99,0xE6DA,
    0xDE98,0xE6D9,0xDEB9,0xDE99,0xDEB9,0xDE99,0xE6D9,0xE6FA,0xDEB9,0xDEB9,0xDEB9,0xDEB9,0xDEB9,0xDE98,0xE6D9,0xDE98,
    0xDE98,0xDEB9,0xE6D9,0xDE98,0xDEB9,0xE6DA,0xDE98,0xDEB9,0xDEB9,0xE6D9,0xDEB9,0xDEB9,0xE6B9,0xDE98,0xDE98,0xE6B9,
    0xE6D9,0xE6D9,0xE6D9,0xE6DA,0xE6FA,0xDEB9,0xDE99,0xDE99,0xDE98,0xDEB9,0xDEB9,0xDE98,0xDEB9,0xE6DA,0xE6D9,0xE6D9,
    0xE6D9,0xE6DA,0xE6FA,0xE6D9,0xDE98,0xDEB9,0xDEB9,0xE6D9,0xE6FA,0xE6D9,0xE6D9,0xDEB9,0xDEB9,0xE6DA,0xDEB9,0xDE98,
    0xE6D9,0xE6FA,0xDEB9,0xDEB9,0xDEB9,0xE6FA,0xE6D9,0xE6D9,0xE6D9,0xDEB9,0xE6FA,0xE6FA,0xDE99,0xDEB9,0xE6D9,0xE6FA,
    0xE6D9,0xE6D9,0xE6D9,0xE6FA,0xDEB9,0xE6D9,0xE6DA,0xDEB9,0xDE98,0xDEB9,0xDE99,0xE6D9,0xDE98,0xD678,0xE6FA,0xDEB9,
    0xE6D9,0xE6D9,0xE6D9,0xE6D9,0xE6D9,0xE6DA,0xDEB9,0xE6FA,0xE6D9,0xE6FA,0xDEB9,0xE6D9,0xE6D9,0xEF1A,0xDEB9,0xE6B9,
    0xE6D9,0xE6D9,0xE6D9,0xE6D9,0xE6B9,0xE6D9,0xE698,0xEEF9,0xEED9,0xE698,0xF6D9,0xEEB9,0xEE98,0xF6B9,0xF6D9,0xF6D9,
    0xF6B9,0xF6B8,0xF6D9,0xF6B8,0xF6D9,0xF6D9,0xEE98,0xEE98,0xEE77,0xEE97,0xF6D8,0xF6B8,0xF6B8,0xF6B8,0xF6D8,0xFED8,
    0xEE77,0xF677,0xEE56,0xE5F5,0xDDB4,0xDD93,0xD531,0xCCF0,0xD510,0xDCF0,0xDCF0,0xE510,0xE510,0xDCF0,0xDCCF,0xD4AE,
    0xDCCE,0xE4EF,0xE50F,0xE510,0xE510,0xE510,0xE510,0xDCF0,0xDCF0,0xDCF0,0xD4CF,0xD4CF,0xD4CF,0xDCCF,0xDCF0,0xED93,
    0xF5D4,0xEDB4,0xED94,0xDCF1,0xDCD1,0xDCF1,0xD4B0,0xCC6F,0xC42D,0xBBEC,0xBB8A,0xBB8A,0xAB49,0xAB29,0xA329,0x9AC7,
    0x9AC7,0x9AA7,0x9286,0x92A6,0x9286,0x8A86,0x8A65,0x8A45,0x8245,0x8225,0x8225,0x8225,0x8225,0x7A05,0x79E4,0x79E5,
    0x7205,0x71E4,0x71C4,0x71C4,0x71A4,0x71C4,0x71C4,0x71C4,0x71C4,0x71E4,0x71E4,0x71C4,0x71A4,0x6983,0x6983,0x6183,
    0x6183,0x6183,0x6183,0x6163,0x5943,0x5943,0x6163,0x69A4,0x71E5,0x7226,0x7206,0x7A26,0x7A26,0x7226,0x7205,0x7205,
    0x7225,0x7225,0x7205,0x71E5,0x71E4,0x7205,0x8246,0x8246,0x8A67,0x8A67,0x8A66,0x8A86,0x8A86,0x8A86,0x92A7,0x9AC7,
    0x9AA7,0x8A66,0x71C4,0x69A4,0x69A4,0x69A4,0x69A4,0x69A4,0x69A4,0x61A3,0x61A3,0x61A4,0x5983,0x5943,0x5963,0x6184,
    0x5963,0x6183,0x6184,0x6184,0x6183,0x6183,0x6183,0x69A4,0x69C4,0x71E5,0x7205,0x7A26,0x8266,0x8287,0x8AC8,0x92E9,
    0x92E9,0x92E9,0x930A,0x930A,0x9B0A,0x930A,0x9309,0x9309,0x9B09,0x9309,0x9309,0x92E8,0x8A87,0x8286,0x8266,0x7A25,
    0x7A25,0x7A25,0x7A25,0x7A25,0x7205,0x7A25,0x7A46,0x7A25,0x7A25,0x7A25,0x7A25,0x7225,0x71E4,0x69C4,0x5962,0x4901,
    0x5122,0x5963,0x61A4,0x69C5,0x71E5,0x7A06,0x7A26,0x7A46,0x8267,0x8A88,0x8AA8,0x82A8,0x8AA8,0x92C8,0x92C8,0x9AE9,
    0x9B09,0x9AE9,0x9AE9,0x9B09,0xA32A,0xA34A,0xA34A,0xA34A,0xA36B,0xABAC,0xBC0D,0xABAC,0xA34A,0xA32B,0xA36B,0xB3CD,
    0xABAC,0xB40E,0xCCB0,0xCCB0,0xCCD1,0xCCD1,0xCCF1,0x8AC9,0x61A4,0x7205,0x69C5,0x69E5,0x69E5,0x69E5,0x7205,0x6A05,
    0x69E5,0x7205,0x7205,0x71E5,0x79E6,0x7A27,0x7A88,0x93AD,0xE6B8,0xDEB9,0xDEB9,0xDEB9,0xDEB9,0xDE99,0xDE99,0xDEB9,
    0xDEB9,0xDEB9,0xDEB9,0xDEB9,0xDE99,0xDEB9,0xDEB9,0xDEB9,0xDE99,0xD678,0xDEB9,0xDEB9,0xDE98,0xDEB9,0xDEB9,0xDE98,
    0xD678,0xDEB9,0xD658,0xDE98,0xE6D9,0xDE98,0xDE98,0xDE99,0xDE98,0xDE98,0xDE98,0xDEB9,0xD678,0xD678,0xDEB9,0xDE99,
    0xD657,0xD678,0xDEB9,0xD678,0xD657,0xD678,0xDE98,0xD678,0xD678,0xD658,0xDE98,0xDE98,0xDEB9,0xD678,0xDE98,0xDE98,
    0xDE98,0xDE99,0xDEB9,0xDE99,0xDE99,0xDE98,0xDE98,0xE6D9,0xDE98,0xDEB9,0xD678,0xDEB9,0xDEB9,0xDEB9,0xE6D9,0xD678,
    0xDE98,0xDEB9,0xDE98,0xDE98,0xCE37,0xDE99,0xDE99,0xDE98,0xE6D9,0xDE99,0xDEB9,0xDE99,0xDE98,0xDEB9,0xDEB9,0xDEB9,
    0xE6D9,0xDE98,0xDEB9,0xDEB9,0xDEB9,0xDEB9,0xDEB9,0xE6D9,0xDE98,0xE6DA,0xDE99,0xDE99,0xE6B9,0xDEB9,0xDEB9,0xDE99,
    0xDE98,0xDEB9,0xDEB9,0xDEB9,0xE6DA,0xDEB9,0xDEB9,0xDE99,0xDE99,0xE6D9,0xE6FA,0xDEB9,0xE6D9,0xE6D9,0xDE98,0xE6DA,
    0xE6D9,0xE6DA,0xDE98,0xDEB9,0xE6DA,0xE6DA,0xDE99,0xDEB9,0xE6D9,0xE6FA,0xE6DA,0xDEB9,0xE6D9,0xE6D9,0xDEB9,0xE6D9,
    0xE6DA,0xE6D9,0xE6D9,0xE6D9,0xE6D9,0xE6FA,0xE6D9,0xE6D9,0xE6FA,0xEF1A,0xE6FA,0xDE98,0xDE99,0xE6FA,0xDEB9,0xE6FA,
    0xE6D9,0xE6D9,0xDE99,0xE6D9,0xDEB9,0xE6DA,0xE6D9,0xE6D9,0xE6FA,0xE6FA,0xE6DA,0xE6D9,0xE6DA,0xE6FA,0xDEB9,0xDEB9,
    0xE6D9,0xE6D9,0xE6D9,0xE6DA,0xE6D9,0xE6FA,0xE6DA,0xE6D9,0xE6D9,0xDEB9,0xE6D9,0xE6D9,0xE6D9,0xE6FA,0xE6D9,0xE6B9,
    0xE6D9,0xE6D9,0xE6D9,0xE6D9,0xE6D9,0xF6D9,0xEEB8,0xEE77,0xE657,0xE616,0xE5F6,0xE5F6,0xE5D5,0xE5F5,0xDD94,0xDD93,
    0xE5B4,0xDD93,0xE5B4,0xDDB4,0xDD93,0xDD93,0xDD93,0xDD73,0xDD72,0xDD93,0xE593,0xE5B3,0xE593,0xDD72,0xDD93,0xDD52,
    0xD552,0xD512,0xDD12,0xDCF1,0xDCF1,0xE511,0xE4F0,0xE510,0xED10,0xECF0,0xED10,0xE511,0xE510,0xDCCF,0xDCCF,0xDCF0,
    0xE510,0xE510,0xE530,0xE530,0xE530,0xE510,0xDCF0,0xDCEF,0xDCF0,0xDCF0,0xDCF0,0xDCF0,0xDD10,0xDCF0,0xDCF0,0xED73,
    0xED52,0xE512,0xD490,0xCC4F,0xD42E,0xD42E,0xCC0D,0xBBAB,0xB36A,0xBBAA,0xB349,0xAB28,0xAAE8,0xA2E8,0x9AA7,0x8A87,
    0x9287,0x9286,0x8A66,0x8245,0x8245,0x8245,0x8225,0x8225,0x8205,0x7A04,0x7A04,0x7A04,0x79E4,0x71E4,0x71E4,0x71C4,
    0x71C4,0x71C4,0x71C4,0x71C4,0x71A4,0x71A4,0x71C4,0x71C4,0x71E5,0x71E5,0x69C4,0x69A4,0x6983,0x6183,0x6983,0x69A3,
    0x6183,0x6183,0x6163,0x5943,0x5943,0x6163,0x69A4,0x71E5,0x7206,0x7205,0x7A26,0x7A46,0x7A26,0x7A26,0x7A46,0x7A25,
    0x7205,0x7205,0x7205,0x7205,0x71E4,0x71E5,0x8246,0x7A26,0x8246,0x8246,0x8225,0x8245,0x8A66,0x8A66,0x8A86,0x9286,
    0x8A66,0x8225,0x71C3,0x71C4,0x69A4,0x69A4,0x69A4,0x69A4,0x69A4,0x69A3,0x61A3,0x61A4,0x61A4,0x6183,0x5963,0x6183,
    0x5943,0x5943,0x5963,0x6184,0x61A4,0x69A3,0x6183,0x69A3,0x69A4,0x69A4,0x69C4,0x69C4,0x71E4,0x7205,0x7A26,0x8267,
    0x8267,0x8288,0x8AA8,0x8AA8,0x8AA8,0x8AA8,0x8288,0x8A87,0x8A87,0x8A87,0x8266,0x8245,0x7A25,0x7A25,0x7A45,0x7A45,
    0x7A25,0x7A25,0x7A25,0x7A25,0x7A46,0x7A46,0x7A46,0x7A46,0x7A25,0x7A25,0x7225,0x7205,0x71E4,0x69C4,0x5962,0x5101,
    0x5122,0x6184,0x61C5,0x71E5,0x7A05,0x7A06,0x7A26,0x8267,0x8288,0x8287,0x8288,0x82A8,0x8AA8,0x8AA8,0x92A8,0x9AE9,
    0x9AE9,0x9AE9,0x9AE9,0x9AE9,0x9B0A,0xA32A,0xA34A,0x9B2A,0xA36B,0xABAC,0xAB8B,0xA36B,0x9B0A,0x92E9,0xA32A,0xA36C,
    0xA34B,0xA36C,0xB3EE,0xBC4F,0xCCD1,0xC4B0,0xCCF1,0x8AE9,0x6184,0x6A05,0x69E5,0x69E5,0x69E5,0x6A05,0x6A05,0x6A05,
    0x6A05,0x7205,0x7205,0x71E5,0x79E6,0x7A27,0x7A88,0x8B6C,0xDE78,0xDEB9,0xE6B9,0xE6B9,0xDEB9,0xDEB9,0xDE98,0xD678,
    0xDEB9,0xDE99,0xD678,0xDE98,0xDEB9,0xDEB9,0xDE98,0xDE98,0xDEB9,0xDE98,0xDEB9,0xDE98,0xDE98,0xDE99,0xDE98,0xDE98,
    0xDE98,0xDEB9,0xDE98,0xDE99,0xDE98,0xDE98,0xD678,0xDE98,0xDE99,0xD678,0xD678,0xDE98,0xDE98,0xD678,0xDE98,0xD678,
    0xD678,0xDE98,0xDE98,0xDE98,0xDE99,0xDE98,0xDE99,0xDE99,0xDEB9,0xDE99,0xDEB9,0xDEB9,0xDE98,0xDE78,0xDE98,0xDE99,
    0xDE98,0xDE99,0xDE98,0xDE98,0xDEB9,0xDEB9,0xDEB9,0xDEB9,0xE6D9,0xDE98,0xDEB9,0xDEB9,0xDE98,0xDE98,0xDE98,0xDE98,
    0xE6D9,0xDEB9,0xE6D9,0xDE99,0xDE98,0xDEB9,0xE6D9,0xDE98,0xDEB9,0xE6D9,0xDEB9,0xE6D9,0xE6D9,0xDEB9,0xDE98,0xDEB9,
    0xDEB9,0xDEB9,0xE6D9,0xDEB9,0xDEB9,0xDEB9,0xDEB9,0xDEB9,0xDEB9,0xDEB9,0xE6D9,0xDEB9,0xDE99,0xDEB9,0xE6DA,0xDE99,
    0xDEB9,0xE6D9,0xDE99,0xDEB9,0xDEB9,0xDEB9,0xE6FA,0xE6DA,0xDE98,0xDEB9,0xE6D9,0xDEB9,0xDEB9,0xDEB9,0xE6D9,0xE6DA,
    0xE6D9,0xE6D9,0xDEB9,0xE6D9,0xDEB9,0xDE98,0xE6D9,0xE6D9,0xDE99,0xDEB9,0xDEB9,0xE6D9,0xE6FA,0xE6D9,0xE6DA,0xE6D9,
    0xDEB9,0xDEB9,0xD658,0xDE99,0xE6FA,0xDEB9,0xDE98,0xE6FA,0xE6DA,0xDEB9,0xDE98,0xDEB9,0xE6D9,0xE6DA,0xE6FA,0xDED9,
    0xDED9,0xDEB9,0xDEB9,0xE6FA,0xE6D9,0xDEB9,0xDEB9,0xE6D9,0xE6B9,0xEEDA,0xE6B9,0xE6B9,0xDE98,0xE6D9,0xE6D9,0xE6D9,
    0xDEB8,0xDED9,0xDED9,0xDEFA,0xDED9,0xDED9,0xE6D9,0xDEB8,0xE6D9,0xE6FA,0xE6B9,0xDE98,0xE699,0xE699,0xF6DA,0xF6B9,
    0xF698,0xF698,0xEE56,0xE636,0xE5F5,0xE593,0xDD72,0xD531,0xD531,0xD511,0xD4F0,0xD511,0xDD11,0xD4F0,0xD4F0,0xDD11,
    0xDD31,0xDD31,0xDD52,0xDD52,0xDD72,0xDD51,0xDD92,0xE592,0xE593,0xE572,0xE572,0xE593,0xE572,0xDD52,0xE572,0xE572,
    0xE552,0xE552,0xE532,0xE532,0xED52,0xED51,0xE531,0xE511,0xE510,0xED31,0xED11,0xED31,0xED10,0xE4F0,0xE4F0,0xED30,
    0xED31,0xE511,0xE531,0xED52,0xED30,0xE510,0xDD10,0xDD31,0xD4F0,0xD511,0xDD11,0xDCD0,0xDCF0,0xE4CF,0xDC8F,0xDC6E,
    0xD44E,0xD44E,0xCC0D,0xCC0D,0xC3AB,0xBB8B,0xBB6A,0xB36A,0xB349,0xAB08,0xA2E7,0xA2E7,0x9AC7,0x92A7,0x9286,0x8A66,
    0x8A66,0x8266,0x8246,0x8225,0x7A25,0x7A05,0x79E4,0x79E4,0x7A05,0x7A05,0x79E5,0x71E4,0x71C4,0x71E4,0x71C4,0x71C4,
    0x71C4,0x71C4,0x71C4,0x71C4,0x71C5,0x71C5,0x71C4,0x71C4,0x71E4,0x69A3,0x6183,0x6183,0x6982,0x69A3,0x69A3,0x6984,
    0x6164,0x5943,0x5964,0x5943,0x5123,0x6184,0x69E5,0x7206,0x7206,0x7205,0x7A46,0x7A26,0x7A26,0x7A46,0x7A26,0x7A26,
    0x7226,0x7205,0x71E5,0x71E5,0x71E5,0x7205,0x7A26,0x7A05,0x7A05,0x7A25,0x7A25,0x8246,0x8246,0x8246,0x8A66,0x8A66,
    0x8246,0x7A05,0x71C4,0x71C4,0x71C4,0x69A4,0x69A4,0x69A4,0x69A4,0x69A4,0x69A4,0x69A3,0x69A4,0x61A3,0x6183,0x6163,
    0x6163,0x5943,0x5943,0x6164,0x6184,0x69A3,0x6183,0x69A3,0x69A4,0x69A3,0x69A4,0x69C4,0x69C4,0x69C4,0x69C4,0x71E4,
    0x71E4,0x7205,0x7A05,0x7A25,0x7A25,0x7A25,0x7A25,0x7A25,0x7A05,0x7A05,0x7A05,0x7A04,0x7A25,0x7A05,0x7A04,0x7A04,
    0x7A05,0x7205,0x7A25,0x7A25,0x7A46,0x7A46,0x7A46,0x7A25,0x7A25,0x7A25,0x7225,0x7205,0x71E4,0x69A4,0x5963,0x5102,
    0x5943,0x6184,0x69C5,0x7206,0x7A26,0x7A46,0x7A47,0x8287,0x8288,0x8288,0x8AA8,0x8AA8,0x8288,0x8A88,0x8A88,0x8AA8,
    0x92E9,0x92E9,0x92E9,0x92E9,0x92E9,0x9B0A,0x9B0A,0x9B0A,0xA34B,0xA38B,0xA36B,0xAB8C,0xA36C,0xAB8C,0xAB8C,0xA36C,
    0xA38C,0xA36C,0xA38C,0xBC2E,0xBC6F,0xC48F,0xCCD1,0x8B0A,0x5984,0x69E6,0x69E6,0x69E5,0x69E5,0x69E6,0x7205,0x7205,
    0x7205,0x7205,0x7205,0x7205,0x7A06,0x8227,0x82A8,0x832A,0xD636,0xE6B9,0xDE98,0xDEB9,0xDE98,0xDE98,0xDEB9,0xE6B9,
    0xE6B9,0xDE98,0xDE98,0xDE98,0xDEB9,0xE6D9,0xDEB9,0xDEB9,0xE6D9,0xDEB9,0xDE99,0xDE98,0xDE98,0xD678,0xDEB9,0xE6B9,
    0xDE98,0xDE78,0xDE78,0xDE98,0xDEB9,0xDE98,0xDE98,0xDE98,0xD678,0xDE98,0xDE98,0xDE98,0xDE98,0xDEB9,0xDE98,0xD678,
    0xDE98,0xDE98,0xD658,0xD678,0xDE98,0xDEB9,0xDE99,0xDEB9,0xDE98,0xDE98,0xDE98,0xDE78,0xDE99,0xDEB9,0xDE98,0xDEB9,
    0xDE98,0xDE98,0xDE98,0xDE98,0xDEB9,0xDE98,0xDEB9,0xDE99,0xDE98,0xDE98,0xDEB9,0xDEB9,0xDE98,0xDE99,0xDEB9,0xDE98,
    0xDE98,0xDE98,0xDEB9,0xDEB9,0xDE99,0xD678,0xDE98,0xDEB9,0xDEB9,0xDE98,0xE6D9,0xDE99,0xD678,0xDE99,0xDEB9,0xDEB9,
    0xDE99,0xDEB9,0xDE98,0xDEB9,0xDEB9,0xD678,0xDEB9,0xE6D9,0xDE98,0xDE98,0xDEB9,0xE6FA,0xDEB9,0xDEB9,0xDEB9,0xDE98,
    0xDEB9,0xDEB9,0xDEB9,0xE6DA,0xDE98,0xDEB9,0xDEB9,0xDE99,0xE6D9,0xE6D9,0xDEB9,0xD678,0xDEB9,0xDEB9,0xDEB9,0xDEB9,
    0xDEB9,0xDEB9,0xDEB9,0xE6D9,0xE6D9,0xDEB9,0xE6D9,0xDEB9,0xE6DA,0xDE98,0xDE99,0xE6FA,0xDEB9,0xD678,0xE6D9,0xE6D9,
    0xDE98,0xE6D9,0xE6D9,0xDEB9,0xDEB9,0xE6D9,0xE6DA,0xE6DA,0xDE98,0xDEB9,0xDEB9,0xDEB9,0xE6D9,0xE6D9,0xE6D9,0xDED9,
    0xDED9,0xDED9,0xDEB9,0xDED9,0xE6FA,0xDEB9,0xE6D9,0xE6FA,0xDE78,0xEEDA,0xDE98,0xE6B9,0xE6B9,0xDEB9,0xE6D9,0xDED9,
    0xDED9,0xE6D9,0xDEB8,0xDED9,0xDED9,0xDEB9,0xE6D9,0xE6D9,0xE698,0xE6B8,0xE6B8,0xEEB9,0xF699,0xEE57,0xEE16,0xE5D5,
    0xD552,0xD532,0xD511,0xD4F0,0xD4F0,0xD4EF,0xD4EF,0xDD10,0xE531,0xDD31,0xE531,0xE551,0xDD10,0xE531,0xE572,0xE552,
    0xE572,0xEDB3,0xE593,0xE592,0xEDD4,0xEDD4,0xEDF4,0xEDD4,0xF5F4,0xEDD4,0xEDD4,0xEDD4,0xEDB3,0xEDB3,0xF5D4,0xF5F3,
    0xEDB2,0xED92,0xED72,0xED52,0xED72,0xED52,0xED52,0xED51,0xED51,0xED72,0xED51,0xED31,0xED10,0xE4F0,0xECF0,0xECF0,
    0xED10,0xE531,0xE531,0xED31,0xE510,0xE510,0xD4D0,0xD4F1,0xCCD0,0xCCD0,0xD4D0,0xD4AF,0xDCAF,0xD46E,0xD42D,0xD40D,
    0xCBEC,0xBB8A,0xBB8A,0xBB6A,0xB349,0xB369,0xAB29,0xAB08,0xAAE8,0xA2C7,0x9AA7,0x9AA7,0x9286,0x8A66,0x8A65,0x8245,
    0x8246,0x7A26,0x7A25,0x7A05,0x7A05,0x7A05,0x7A05,0x71E4,0x71E4,0x71E5,0x71E5,0x71C4,0x71C4,0x71C4,0x71C4,0x71C4,
    0x71C4,0x71C4,0x71C4,0x71C4,0x71C4,0x71C4,0x71E4,0x71C4,0x69A3,0x6182,0x61A2,0x69A3,0x6982,0x69A3,0x69A3,0x6163,
    0x5943,0x5123,0x5103,0x5143,0x5964,0x61C5,0x69E5,0x7206,0x6A06,0x7206,0x7A26,0x7A26,0x7A46,0x7A46,0x7A26,0x7A46,
    0x7A26,0x7206,0x7205,0x71E5,0x71E5,0x7205,0x7205,0x7205,0x7A05,0x7A05,0x7A25,0x8225,0x8246,0x8246,0x8246,0x8246,
    0x7A25,0x71E5,0x71C4,0x69C4,0x71C4,0x71C4,0x71C4,0x71C4,0x71C4,0x71C4,0x71C4,0x69C3,0x69A3,0x69A3,0x6183,0x6163,
    0x6163,0x6143,0x5943,0x6144,0x6163,0x6183,0x6183,0x69A4,0x69A4,0x69A3,0x69C4,0x71C4,0x71C4,0x71C4,0x71E4,0x71E4,
    0x71E4,0x71E4,0x71E4,0x7204,0x7A05,0x7A05,0x7A25,0x7A25,0x7A25,0x7A25,0x8225,0x7A25,0x7A25,0x7A25,0x7A04,0x7A04,
    0x7A05,0x7205,0x7A25,0x7A25,0x7A25,0x7A46,0x7A25,0x7A25,0x7A25,0x7A25,0x7225,0x7205,0x71E4,0x69C4,0x5963,0x5122,
    0x5943,0x6184,0x69C5,0x7226,0x7A47,0x7A47,0x8267,0x8288,0x8288,0x8AA8,0x8AA8,0x8AA8,0x8AA8,0x8AA8,0x8AC9,0x8AC8,
    0x8AC8,0x92E9,0x92E9,0x92E9,0x92E9,0x9309,0x92E9,0x930A,0x9B4A,0x9B4B,0x9B0A,0x9B2A,0x9B2B,0xA36B,0xABAC,0xA36C,
    0x9B4B,0x9B4B,0xA38C,0xABCD,0xBC4E,0xBC4F,0xC4B0,0x9B8C,0x5984,0x61C6,0x61C6,0x69E6,0x69E6,0x69E6,0x7206,0x7206,
    0x7206,0x7205,0x7206,0x7A06,0x7A06,0x8226,0x8288,0x832A,0xCDF5,0xDE98,0xD658,0xDEB9,0xD657,0xDE98,0xDE98,0xDE98,
    0xE6B9,0xD678,0xDE98,0xE6B9,0xDE78,0xDE98,0xDEB9,0xD678,0xDE98,0xDE99,0xDE98,0xDE98,0xD678,0xDE98,0xDE78,0xDE98,
    0xDEB9,0xDE98,0xDE98,0xDE98,0xDE98,0xD677,0xDE78,0xDE78,0xDE98,0xD678,0xD678,0xDE98,0xDE98,0xDE98,0xD677,0xD677,
    0xDE98,0xDE99,0xDE98,0xDE78,0xD678,0xDEB9,0xDE98,0xDE99,0xDE99,0xDEB9,0xDEB9,0xDE78,0xDEB9,0xDEB9,0xD658,0xDEB9,
    0xE6D9,0xDEB9,0xDE99,0xDE99,0xDEB9,0xDE98,0xDE98,0xDEB9,0xDEB9,0xE6FA,0xDE99,0xDEB9,0xDE98,0xDEB9,0xDEB9,0xDE98,
    0xD678,0xDE98,0xDE98,0xDEB9,0xDEB9,0xDE99,0xDEB9,0xDE98,0xDE98,0xDEB9,0xE6DA,0xDEB9,0xDE99,0xE6D9,0xE6D9,0xDEB9,
    0xDE99,0xE6D9,0xD678,0xDEB9,0xE6D9,0xDEB9,0xDEB9,0xE6DA,0xDE98,0xDEB9,0xDE98,0xDEB9,0xD678,0xDEB9,0xE6DA,0xDEB9,
    0xDEB9,0xE6FA,0xDE98,0xDEB9,0xE6DA,0xE6FA,0xDE99,0xDE98,0xDEB9,0xDEB9,0xDEB9,0xD678,0xE6D9,0xE6D9,0xDE99,0xDEB9,
    0xE6D9,0xE6FA,0xE6D9,0xDE98,0xDEB9,0xDEB9,0xDEB9,0xE6FA,0xDEB9,0xE6D9,0xE6FA,0xE6D9,0xDE99,0xE6D9,0xDEB9,0xDEB9,
    0xDEB9,0xE6D9,0xDEB9,0xDEB9,0xD678,0xE6D9,0xE6FA,0xDEB9,0xDEB9,0xDEB9,0xE6D9,0xE6D9,0xDEB9,0xE6D9,0xE6D9,0xE6DA,
    0xDEB9,0xE6D9,0xE6D9,0xDED9,0xE6D9,0xE6FA,0xE6D9,0xE6D9,0xDEB9,0xDEB9,0xDEB9,0xE6D9,0xE6DA,0xDEB9,0xDEB9,0xDEB9,
    0xE6B9,0xE6D9,0xE6B9,0xE6D9,0xEED9,0xE6B8,0xEEB8,0xF6D9,0xEEB8,0xEE97,0xEE77,0xE5F5,0xDD52,0xD511,0xD4F1,0xCCD0,
    0xD4D0,0xD4F0,0xD4F0,0xDCF0,0xDD10,0xDD31,0xDD31,0xDD31,0xDD31,0xDD31,0xE572,0xE572,0xE572,0xED93,0xE593,0xE5B4,
    0xE5D4,0xEDF5,0xEDF5,0xEDF5,0xEE16,0xF656,0xF657,0xF656,0xFE15,0xF5F4,0xEDB3,0xED93,0xED92,0xED93,0xF5D3,0xFE14,
    0xFE14,0xF5D3,0xF593,0xED92,0xED52,0xED51,0xED72,0xED52,0xED51,0xE531,0xE511,0xE531,0xE510,0xE4F0,0xE4EF,0xE4EF,
    0xE4F0,0xDCD0,0xD4D0,0xD4D0,0xDCF0,0xDCF0,0xD4D0,0xD511,0xD511,0xD4F1,0xCC8F,0xD48F,0xDCAF,0xCC2D,0xC3CC,0xC3AB,
    0xBB8A,0xB36A,0xB36A,0xAB29,0xAB09,0xA308,0xA2C8,0x9AC7,0x9AA7,0x9287,0x9266,0x8A66,0x8245,0x8225,0x7A25,0x7A25,
    0x7A05,0x7A05,0x7A05,0x7A05,0x71E4,0x71E4,0x71E4,0x71C4,0x71C4,0x71C4,0x71C4,0x71C4,0x71C4,0x71C4,0x71C4,0x71C4,
    0x71C4,0x71C4,0x71C4,0x71C4,0x71C4,0x71A4,0x71A4,0x6983,0x6162,0x6983,0x69A3,0x69A3,0x69A3,0x69A3,0x6183,0x5943,
    0x5123,0x4902,0x48E2,0x5143,0x5984,0x61C5,0x69E5,0x7206,0x7206,0x7206,0x7A26,0x7A46,0x7A46,0x7A46,0x7A46,0x7A46,
    0x7A26,0x7226,0x7205,0x71E5,0x71E5,0x7205,0x7205,0x71E5,0x7205,0x7A05,0x7A05,0x7A05,0x7A25,0x7A25,0x8225,0x7A05,
    0x79E4,0x71E4,0x71C4,0x69A4,0x71C4,0x71C4,0x71C4,0x71E5,0x71C4,0x71C4,0x71C4,0x69C4,0x69C4,0x69C4,0x69A4,0x69A3,
    0x6184,0x6163,0x5943,0x5943,0x5943,0x6163,0x6183,0x69A4,0x69A3,0x69C4,0x71C4,0x71E4,0x71E4,0x71E4,0x7204,0x7A05,
    0x7A05,0x7A25,0x7A25,0x7A25,0x7A25,0x7A25,0x7A25,0x7A25,0x8225,0x8245,0x8245,0x7A05,0x7A05,0x7A04,0x7A04,0x7A04,
    0x7A05,0x7A25,0x7A25,0x7A25,0x7A25,0x7A25,0x7A25,0x7A25,0x7A25,0x7A25,0x7225,0x7205,0x71E4,0x69C4,0x6183,0x5942,
    0x5943,0x6184,0x69E5,0x7226,0x7A47,0x8267,0x8267,0x8288,0x8AA8,0x8AA8,0x8AA8,0x8AA8,0x8AA8,0x8AC8,0x8AC9,0x8AC8,
    0x92C9,0x8AC9,0x8AC9,0x92C9,0x92E9,0x9309,0x930A,0x932A,0x9B2A,0x930A,0x8AA8,0x8AA8,0x92C9,0x92E9,0xA34B,0xA38C,
    0x9B4B,0x930A,0x9B6B,0xA38C,0xABED,0xB42E,0xC4D1,0x9BCD,0x5985,0x61C6,0x5985,0x69E6,0x6A06,0x69E6,0x7206,0x7206,
    0x7206,0x7206,0x7226,0x7A26,0x7A06,0x8226,0x8288,0x7AE9,0xCDF5,0xE6B9,0xDE99,0xE6D9,0xD637,0xDE98,0xDE78,0xD657,
    0xDE98,0xDE78,0xDE98,0xDEB9,0xD678,0xDE99,0xDE98,0xDE98,0xDE98,0xDE98,0xD678,0xDE98,0xD678,0xDE98,0xDE98,0xDE98,
    0xDE98,0xDE78,0xDEB9,0xDE98,0xDE98,0xDE78,0xDE98,0xD678,0xD678,0xD657,0xD657,0xD677,0xDE98,0xD678,0xD678,0xDE98,
    0xDE78,0xDE99,0xDE99,0xDE99,0xDE78,0xDE99,0xDE98,0xDEB9,0xDE98,0xDE99,0xDE99,0xDE98,0xE6B9,0xDEB9,0xDE78,0xDEB9,
    0xDE99,0xDE98,0xDE98,0xDEB9,0xDEB9,0xDE99,0xDEB9,0xDEB9,0xD678,0xDEB9,0xDE98,0xDE99,0xDEB9,0xDEB9,0xDE98,0xDE99,
    0xE6D9,0xDEB9,0xDEB9,0xDEB9,0xDE98,0xDEB9,0xDEB9,0xDE98,0xE6D9,0xE6D9,0xDE98,0xDE98,0xDEB9,0xDEB9,0xDEB9,0xDEB9,
    0xDEB9,0xE6DA,0xDE98,0xDEB9,0xDEB9,0xDEB9,0xD678,0xDE98,0xDE98,0xE6D9,0xDEB9,0xDEB9,0xE6D9,0xDEB9,0xD678,0xDEB9,
    0xDEB9,0xDE98,0xDE98,0xDEB9,0xD678,0xDE99,0xE6D9,0xDEB9,0xDE98,0xDE98,0xE6D9,0xE6FA,0xE6D9,0xDE98,0xE6DA,0xE6FA,
    0xDE99,0xDE98,0xE6D9,0xDEB9,0xDEB9,0xE6D9,0xDEB9,0xE6D9,0xDE99,0xE6D9,0xDE99,0xDE99,0xE6D9,0xDEB9,0xE6DA,0xE6DA,
    0xE6D9,0xE6DA,0xDEB9,0xE6D9,0xDEB9,0xDEB9,0xE6D9,0xDEB9,0xE6D9,0xE6D9,0xE6FA,0xE6D9,0xDEB9,0xDEB9,0xE6D9,0xE6DA,
    0xE6B9,0xDEB9,0xDEB9,0xDE98,0xE6D9,0xE71A,0xDEB9,0xDEB9,0xDEDA,0xDEDA,0xDEFA,0xDEDA,0xDEB9,0xE6D9,0xE6D9,0xE6D9,
    0xE6B9,0xE6B9,0xEEB8,0xEEB8,0xF6D9,0xF6B8,0xF697,0xE635,0xDDB4,0xD532,0xCCF0,0xCCF0,0xDCF0,0xD4CF,0xDCF0,0xE510,
    0xE510,0xE530,0xE510,0xE531,0xE531,0xE552,0xDD52,0xE573,0xE593,0xE573,0xEDB4,0xE593,0xEDD4,0xFE15,0xEDF5,0xF677,
    0xF677,0xF677,0xFEB8,0xFED9,0xFE78,0xFE77,0xF636,0xF616,0xF5F4,0xEDB3,0xE572,0xE551,0xE551,0xE551,0xE551,0xED72,
    0xED92,0xF592,0xED72,0xED51,0xE531,0xDCF0,0xDCF0,0xE510,0xE511,0xE511,0xDCF0,0xE510,0xE510,0xDCEF,0xDCCF,0xDCCF,
    0xD4AF,0xD4CF,0xD4F0,0xDD11,0xDD11,0xD4D0,0xD4D1,0xD4F2,0xD512,0xDD32,0xDCF0,0xDCCF,0xCC2C,0xC3EC,0xC3AB,0xB34A,
    0xAB29,0xAB09,0xA2E8,0x9AA7,0x9AC7,0x9AA7,0x9287,0x9287,0x8A66,0x8A66,0x8245,0x8225,0x7A04,0x7A04,0x7A04,0x7204,
    0x71E4,0x71E4,0x71E4,0x71C4,0x71C4,0x69A3,0x71C4,0x71C4,0x71C4,0x71C4,0x71C4,0x71C4,0x71C4,0x71C4,0x71C4,0x71E5,
    0x71E5,0x71E5,0x71C4,0x71C3,0x71C4,0x69A3,0x6162,0x6142,0x6963,0x6983,0x6983,0x6983,0x6183,0x6163,0x5923,0x5102,
    0x48E2,0x48E2,0x4903,0x5164,0x5164,0x59A4,0x69E5,0x7206,0x7206,0x7226,0x7226,0x7A47,0x7A67,0x7A47,0x7A47,0x7A47,
    0x7A46,0x7A26,0x7205,0x7205,0x71E5,0x71E5,0x71E5,0x69E5,0x71E5,0x71E4,0x71E5,0x7A05,0x7A05,0x7A05,0x7A05,0x71E5,
    0x71E4,0x71C4,0x69C4,0x69A4,0x71C4,0x71C4,0x71C4,0x71C4,0x71C4,0x69C4,0x69C4,0x69C4,0x69C4,0x69C4,0x69C4,0x69A4,
    0x69A4,0x6184,0x6163,0x6143,0x5943,0x5962,0x6163,0x6183,0x6183,0x69A3,0x69C4,0x71E4,0x71E4,0x71E4,0x7A05,0x7A25,
    0x7A05,0x7A25,0x7A25,0x7A25,0x7A45,0x7A45,0x7A45,0x7A25,0x7A05,0x7A25,0x7A05,0x71E4,0x71E4,0x71E4,0x71E4,0x7A04,
    0x7A05,0x7A25,0x7A25,0x7A25,0x7A25,0x7A25,0x7A25,0x7A25,0x7A25,0x7A25,0x7225,0x7205,0x7205,0x69C4,0x6183,0x5943,
    0x5963,0x6184,0x69E5,0x7226,0x7A47,0x8287,0x8288,0x8AA8,0x8AA8,0x8AA8,0x8AC8,0x8AC8,0x8AA8,0x8AA8,0x8AC8,0x8AA8,
    0x92E9,0x92E9,0x92E9,0x92E9,0x92E9,0x930A,0x932A,0x92E9,0x92E9,0x8AC9,0x8AC9,0x9B2A,0x9B2A,0x9B2B,0xA36B,0x9B6C,
    0x932B,0x930A,0x9B6B,0xA3AD,0xABED,0xAC2F,0xC4F2,0xAC70,0x59A5,0x61C6,0x5985,0x61C5,0x69E6,0x69E6,0x7206,0x7206,
    0x7A26,0x7A26,0x7A46,0x7A26,0x7A06,0x8226,0x8288,0x7AC9,0xC594,0xE6D9,0xD678,0xDEB9,0xDEB9,0xDE98,0xDEB9,0xDE98,
    0xDE98,0xDEB9,0xE6B9,0xDE98,0xDE98,0xDEB9,0xDE98,0xDEB9,0xDE98,0xDE98,0xDE98,0xDEB9,0xDE98,0xDEB9,0xE6D9,0xDEB9,
    0xDE98,0xDE98,0xDE98,0xDEB9,0xDE78,0xDE78,0xDEB9,0xDE98,0xDE98,0xDE98,0xDE98,0xDE98,0xD678,0xDE98,0xDE98,0xD678,
    0xDE98,0xDE99,0xDE98,0xDE99,0xDE78,0xDE99,0xDEB9,0xDE98,0xDE98,0xDE98,0xDE98,0xDE99,0xDE98,0xDE99,0xDE99,0xDE99,
    0xDE78,0xD678,0xDE98,0xDE98,0xDEB9,0xDEB9,0xDE98,0xDE99,0xDEB9,0xDE98,0xDE98,0xDE98,0xD678,0xDE98,0xDEB9,0xDEB9,
    0xE6FA,0xDEB9,0xE6D9,0xDEB9,0xDE98,0xDEB9,0xDEB9,0xDEB9,0xDEB9,0xDEB9,0xDE98,0xDEB9,0xE6D9,0xDEB9,0xDE98,0xDEB9,
    0xDEB9,0xDE99,0xDEB9,0xE6D9,0xDE98,0xDE98,0xE6D9,0xDEB9,0xDEB9,0xDE99,0xDEB9,0xDE98,0xDEB9,0xDEB9,0xDE98,0xE6D9,
    0xDEB9,0xDEB9,0xDE99,0xDEB9,0xDE98,0xDEB9,0xE6D9,0xDEB9,0xDEB9,0xDE98,0xDE98,0xDEB9,0xE6D9,0xDEB9,0xDEB9,0xDEB9,
    0xDEB9,0xDEB9,0xE6FA,0xDEB9,0xDE99,0xDEB9,0xE6D9,0xE6FA,0xDEB9,0xDEB9,0xE6D9,0xE6D9,0xE6D9,0xDEB9,0xDEB9,0xDE99,
    0xDEB9,0xDEB9,0xDE98,0xDEB9,0xDEB9,0xE6DA,0xDEB9,0xDEB9,0xDEB9,0xDEB9,0xE6FA,0xE6FA,0xE6DA,0xDEB9,0xE6FA,0xE6B9,
    0xE699,0xE6B9,0xE6D9,0xE6D9,0xE6DA,0xE6D9,0xDED9,0xE6D9,0xDEB9,0xDED9,0xCE78,0xDEB9,0xDEB9,0xEEFA,0xDE78,0xE698,
    0xEEB9,0xEE98,0xF698,0xF677,0xE5F5,0xD553,0xCCF1,0xCCB0,0xCCAF,0xCCAF,0xD4F0,0xDCF0,0xDCF0,0xE530,0xE531,0xE530,
    0xE510,0xE531,0xE531,0xE552,0xE552,0xE573,0xEDB4,0xF5F5,0xEDF5,0xEDD4,0xFE36,0xEDD5,0xEDB4,0xFE56,0xF636,0xFE76,
    0xF656,0xF656,0xF656,0xF5F5,0xEDD4,0xF5D5,0xED93,0xE572,0xED72,0xED92,0xE551,0xE510,0xDCF0,0xDCF0,0xDD10,0xE510,
    0xE510,0xE510,0xE510,0xE510,0xDCF0,0xDCD0,0xD4AF,0xDCD0,0xDCF0,0xDCF0,0xDCF0,0xDD10,0xDD10,0xDD10,0xDCEF,0xD4AF,
    0xD4AF,0xDD10,0xDD31,0xDD11,0xDD32,0xDD32,0xD512,0xDD53,0xEDD5,0xF5D5,0xDCF1,0xD4AF,0xC40C,0xBBAB,0xB36A,0xAB29,
    0xA2E8,0x9AC8,0x92A7,0x8A66,0x9286,0x8A45,0x8245,0x8245,0x8225,0x7A25,0x7A04,0x7A04,0x71E4,0x7204,0x7204,0x71E4,
    0x71C4,0x71C4,0x71C4,0x71C4,0x71C4,0x71C4,0x71C4,0x71C4,0x71C4,0x69A4,0x71A4,0x71C4,0x71C4,0x71A4,0x71C4,0x71C4,
    0x71C4,0x71C4,0x71C4,0x71A3,0x6983,0x6962,0x6162,0x6163,0x6983,0x69A4,0x69A4,0x6183,0x5963,0x5122,0x40E1,0x40C1,
    0x40E2,0x4903,0x4943,0x5164,0x5184,0x61C5,0x69E5,0x7206,0x7226,0x7226,0x7226,0x7A67,0x8267,0x7A47,0x8267,0x7A67,
    0x7A46,0x7A26,0x7206,0x7205,0x71E5,0x71E5,0x69E5,0x69C4,0x71E4,0x71E4,0x71E4,0x71E4,0x71E4,0x71E4,0x71E4,0x71E4,
    0x71E4,0x71C4,0x69C4,0x69A4,0x71C4,0x71C4,0x71C4,0x71C4,0x71C4,0x71C4,0x69C4,0x69C4,0x69C4,0x69C4,0x69C4,0x69A4,
    0x69A4,0x69A4,0x6184,0x6163,0x6163,0x5962,0x5942,0x6163,0x6183,0x6183,0x6983,0x69A3,0x69C3,0x71C4,0x71E4,0x7204,
    0x71E4,0x7204,0x7A05,0x7A25,0x7A25,0x7A25,0x7A25,0x7A05,0x71E4,0x71C4,0x71E4,0x71E4,0x71E4,0x71E4,0x7A04,0x7A05,
    0x7A25,0x7A25,0x7A25,0x7A25,0x7A25,0x7A25,0x7A25,0x7A25,0x7A25,0x7A25,0x7205,0x7205,0x7205,0x69C4,0x61A4,0x5963,
    0x5963,0x61A4,0x69E5,0x7226,0x7A67,0x8288,0x82A8,0x8AA8,0x8AA8,0x8AC9,0x8AC9,0x8AC8,0x8AA8,0x92C9,0x92E9,0x92E9,
    0x8AC9,0x92E9,0x930A,0x92E9,0x92E9,0x930A,0x8AC9,0x8268,0x7A47,0x8268,0x8AA9,0x9B0A,0xA34B,0xA36C,0x9B2A,0x8AEA,
    0x8B0A,0x930A,0x9B4B,0xA38C,0xA3CD,0xA40E,0xB491,0xDE17,0x6207,0x59A5,0x59A5,0x59A5,0x61C6,0x69E6,0x71E6,0x7206,
    0x7A27,0x7A46,0x7A46,0x7A26,0x8206,0x8226,0x8288,0x7AC9,0xB532,0xE6D9,0xDE99,0xDE99,0xDEB9,0xD678,0xDE98,0xDE98,
    0xDEB9,0xDE78,0xD678,0xDE98,0xDE98,0xD678,0xDE98,0xDE99,0xDEB9,0xE6D9,0xDE98,0xDE99,0xDEB9,0xDE99,0xDE98,0xDE78,
    0xDE98,0xDE98,0xD637,0xE6B9,0xD678,0xD657,0xDE98,0xDE98,0xD698,0xD678,0xDE98,0xDE98,0xDE98,0xDEB9,0xD678,0xD657,
    0xDE78,0xDE98,0xDE99,0xDE78,0xDE78,0xDE78,0xDE98,0xDE98,0xE6B9,0xDE78,0xDE98,0xDE99,0xD678,0xDE78,0xDE99,0xDE98,
    0xDE99,0xDE98,0xDEB9,0xDE99,0xDEB9,0xDE98,0xDE99,0xDE98,0xDE99,0xDE98,0xDEB9,0xDE99,0xDE98,0xDEB9,0xDE98,0xDE99,
    0xE6D9,0xDE98,0xDE99,0xDE98,0xDEB9,0xDEB9,0xD678,0xE6D9,0xE6D9,0xDE98,0xDE98,0xDEB9,0xE6D9,0xD657,0xCE16,0xE6D9,
    0xDE99,0xDE99,0xDEB9,0xDE99,0xDE99,0xDEB9,0xDE98,0xDEB9,0xDEB9,0xDEB9,0xDEB9,0xDE99,0xDEB9,0xE6D9,0xE6D9,0xE6D9,
    0xD678,0xDEB9,0xDEB9,0xDEB9,0xDEB9,0xE6D9,0xD658,0xD678,0xDEB9,0xDEB9,0xDE98,0xE6FA,0xDEB9,0xE6D9,0xDE98,0xE6D9,
    0xDEB9,0xDEB9,0xDEB9,0xDE98,0xDEB9,0xDEB9,0xE6D9,0xDEB9,0xE6FA,0xE6D9,0xDEB9,0xDEB9,0xDEB9,0xDEB9,0xDEB9,0xD678,
    0xE6FA,0xDEB9,0xE6D9,0xE6FA,0xE6D9,0xDEB9,0xE6DA,0xE6D9,0xDEB9,0xDEB9,0xE6FA,0xDEB9,0xE6D9,0xDEB9,0xDEB9,0xE6FA,
    0xE699,0xE6DA,0xDEB9,0xDE98,0xE6B9,0xDEB9,0xE6D9,0xE6D9,0xDEB9,0xE6DA,0xE6FA,0xDEB8,0xE6B9,0xE698,0xEE98,0xF698,
    0xEE37,0xDDD5,0xD573,0xD511,0xCCB0,0xCCB0,0xD4D0,0xD4F0,0xDCCF,0xDCF0,0xE510,0xE531,0xE531,0xE531,0xE551,0xE551,
    0xE552,0xED93,0xF5D4,0xED93,0xE573,0xEDD4,0xEDB4,0xED93,0xEDD4,0xF5D4,0xF5F5,0xEDD4,0xE573,0xE573,0xDD51,0xDD31,
    0xE551,0xE551,0xDD31,0xD4D0,0xD4CF,0xD4CF,0xDCD0,0xDCF0,0xD4CF,0xDCCF,0xDCCF,0xD48E,0xD48E,0xDCAF,0xDCCF,0xDCCF,
    0xE4F0,0xE510,0xE510,0xE4F0,0xD4AF,0xDCF0,0xDD10,0xDCF0,0xE511,0xE552,0xE531,0xDD31,0xDD10,0xDD10,0xDCEF,0xD4AF,
    0xD4CF,0xDD10,0xE572,0xE573,0xE573,0xE594,0xEDB5,0xF5F5,0xFE16,0xDD12,0xC42E,0xC40D,0xB38B,0xAB6A,0xAB29,0xA2E8,
    0x92A7,0x9266,0x8A66,0x8A46,0x8225,0x8225,0x7A25,0x7A25,0x7A05,0x71E4,0x71C4,0x71C4,0x71E4,0x71E4,0x69E4,0x71E4,
    0x71C4,0x71C4,0x71C4,0x71C4,0x71C4,0x71E4,0x71C4,0x71C4,0x71C4,0x71C4,0x71C4,0x71C4,0x71C4,0x71C4,0x71E5,0x71E5,
    0x71C4,0x69A4,0x69A3,0x6982,0x6962,0x6162,0x6163,0x6983,0x6984,0x6184,0x6184,0x5943,0x4923,0x38C1,0x3081,0x38C2,
    0x4103,0x4923,0x5164,0x5164,0x59A4,0x61E5,0x69E5,0x7226,0x7A47,0x7A47,0x7A47,0x8267,0x7A67,0x8267,0x8267,0x7A47,
    0x7A46,0x7A46,0x7226,0x7205,0x7205,0x7205,0x71E5,0x71E5,0x71E5,0x71C4,0x71C4,0x71E4,0x71E5,0x71E5,0x71E5,0x71E5,
    0x71E4,0x71C4,0x69A4,0x69C4,0x71C4,0x71C4,0x71C4,0x71C4,0x71C4,0x71C4,0x69C4,0x69C4,0x69C4,0x69C4,0x69C4,0x69C4,
    0x69C4,0x69A4,0x69A3,0x6183,0x6183,0x6163,0x6163,0x6163,0x6163,0x6162,0x6183,0x6983,0x69A3,0x71C3,0x71E4,0x71E4,
    0x7204,0x7A05,0x7A05,0x7204,0x7204,0x71E4,0x71E4,0x71E4,0x71E4,0x71E4,0x71E4,0x71E4,0x71E4,0x7205,0x7A05,0x7A25,
    0x7A25,0x7205,0x7205,0x7A25,0x7A46,0x7A25,0x7A25,0x7A25,0x7A25,0x7A25,0x7225,0x7205,0x71E4,0x69C4,0x69C4,0x6184,
    0x5963,0x69C5,0x69E5,0x7206,0x8288,0x8AA8,0x8288,0x8AC9,0x8288,0x8AA8,0x8AC9,0x8AE9,0x92E9,0x92E9,0x92E9,0x92E9,
    0x92E9,0x92E9,0x930A,0x930A,0x92E9,0x92EA,0x8AEA,0x82A8,0x8288,0x8268,0x7A47,0x71E6,0x71E6,0x7206,0x8288,0x8AA9,
    0x8AEA,0x8AEA,0x932B,0x934B,0xA3CD,0x9BCE,0xBD13,0xFF3C,0x72EB,0x5165,0x61C6,0x5965,0x61C6,0x69E6,0x6A06,0x7206,
    0x7A47,0x7A47,0x7A47,0x7A26,0x8226,0x8226,0x8288,0x7AC9,0xB511,0xDEB9,0xDE99,0xDE78,0xDE78,0xDE98,0xDE98,0xDEB9,
    0xDE98,0xDEB9,0xD678,0xDE78,0xDE98,0xDEB9,0xDE99,0xDE98,0xDE98,0xDE98,0xD658,0xDE98,0xDE98,0xDE98,0xDE78,0xE6B9,
    0xDE98,0xDE98,0xDE98,0xDE78,0xDE98,0xDE98,0xD657,0xDE98,0xD678,0xD657,0xDE98,0xDEB8,0xD657,0xD677,0xDE98,0xD657,
    0xDE98,0xD657,0xE6B9,0xDE98,0xDE98,0xDE99,0xDEB9,0xD678,0xD658,0xDEB9,0xDE78,0xD678,0xDE98,0xDE99,0xDEB9,0xDE78,
    0xDE99,0xDE98,0xDEB9,0xDE99,0xDE98,0xDE98,0xDEB9,0xDEB9,0xE6D9,0xDEB9,0xDEB9,0xE6D9,0xDEB9,0xDEB9,0xDEB9,0xDEB9,
    0xDEB9,0xDE99,0xDE99,0xDEB9,0xDEB9,0xDE99,0xDE98,0xDEB9,0xDE99,0xDEB9,0xDEB9,0xDE98,0xDEB9,0xDEB9,0xDEB9,0xDE98,
    0xDE98,0xE6D9,0xDEB9,0xDEB9,0xE6D9,0xDEB9,0xDEB9,0xDEB9,0xD678,0xDEB9,0xDE98,0xE6D9,0xDEB9,0xDE99,0xDE98,0xE6D9,
    0xDEB9,0xE6DA,0xDE98,0xDE98,0xDEB9,0xDEB9,0xDE98,0xE6D9,0xDEB9,0xDEB9,0xDEB9,0xDEB9,0xDE99,0xDEB9,0xDEB9,0xDE98,
    0xE6D9,0xE6D9,0xDEB9,0xE6D9,0xE6D9,0xDE99,0xDEB9,0xDE98,0xDEB9,0xDEB9,0xE6D9,0xDEB9,0xDE98,0xE6D9,0xDEB9,0xDEB9,
    0xE6D9,0xDEB9,0xE6D9,0xE6DA,0xDE98,0xDEB9,0xE6D9,0xDEB9,0xDEB9,0xDEB9,0xE6D9,0xDEB9,0xDE99,0xE6DA,0xE6D9,0xE6FA,
    0xE6D9,0xDEB9,0xE6D9,0xDEB9,0xDE99,0xE6B9,0xE6B9,0xE6B9,0xE6B9,0xE698,0xEEB8,0xEE98,0xF6B8,0xEE57,0xE5F5,0xDD73,
    0xCCD0,0xCCB0,0xCCB0,0xD4D0,0xD4D0,0xDCF0,0xDCD0,0xDCF0,0xE511,0xE510,0xE510,0xED51,0xE572,0xE552,0xE552,0xE572,
    0xE573,0xEDB4,0xED93,0xEDB4,0xED93,0xED93,0xE552,0xDD31,0xDD11,0xDD11,0xD4F0,0xD4D0,0xD4F0,0xD4B0,0xD4AE,0xD4AE,
    0xD4AE,0xD48E,0xD48E,0xD46D,0xCC4D,0xCC2C,0xCC2C,0xCC4D,0xCC6D,0xCC4D,0xCC6D,0xD48E,0xD46D,0xCC4D,0xCC4D,0xD46E,
    0xDC8F,0xE4F0,0xE510,0xE4F0,0xDCCF,0xDCF0,0xE511,0xE531,0xE552,0xED93,0xED93,0xE551,0xDCF0,0xDCF0,0xDCF0,0xDCF0,
    0xDCD0,0xDCF0,0xEDB3,0xF5D4,0xF5D5,0xF5D5,0xE553,0xDCF1,0xD4B0,0xBBED,0xB38B,0xAB6A,0xAB29,0xA329,0x9AE8,0x9287,
    0x8A66,0x8A66,0x8246,0x8225,0x7A05,0x7A05,0x79E4,0x7205,0x71E4,0x71E4,0x71C4,0x71C4,0x71E4,0x71C4,0x69C3,0x71C4,
    0x71C4,0x71C4,0x71C4,0x71C4,0x71C4,0x71C4,0x71C4,0x71C4,0x71C4,0x71C4,0x71C4,0x71C4,0x71C4,0x71C4,0x71C4,0x71A4,
    0x69A4,0x6983,0x6963,0x6162,0x6142,0x6162,0x6163,0x61A4,0x59A4,0x5164,0x4943,0x4102,0x30A1,0x28A1,0x30A1,0x38E2,
    0x4103,0x4944,0x5184,0x5184,0x59A4,0x61C5,0x69E5,0x7206,0x7226,0x7A46,0x7A47,0x8267,0x7A67,0x8287,0x8267,0x7A47,
    0x7A46,0x7A46,0x7226,0x7205,0x7206,0x7206,0x7205,0x7205,0x71E5,0x71E4,0x71E4,0x71E4,0x71E5,0x71E5,0x71E5,0x71E5,
    0x71E5,0x71C4,0x69C4,0x69C4,0x71C4,0x71C4,0x71C4,0x71C4,0x71C4,0x71E5,0x71C4,0x69C4,0x69C4,0x69C4,0x69C4,0x69C4,
    0x69C4,0x69A4,0x69A4,0x69A3,0x61A3,0x6183,0x6183,0x6183,0x6183,0x6183,0x6183,0x6983,0x69A3,0x69A3,0x71C4,0x71E4,
    0x71E4,0x71E4,0x71E4,0x71E4,0x71E4,0x71C4,0x71C4,0x69C4,0x69C4,0x69C4,0x71E5,0x7205,0x7205,0x7205,0x7205,0x7A26,
    0x7A25,0x7A25,0x7A25,0x7A25,0x7A46,0x7A25,0x7A25,0x7A25,0x7A25,0x7A25,0x7205,0x7205,0x7205,0x69E5,0x69E5,0x61A4,
    0x6184,0x69C5,0x69E6,0x7226,0x8287,0x8288,0x8287,0x8AA8,0x8AA8,0x8AA8,0x8AC9,0x9309,0x930A,0x92EA,0x930A,0x930A,
    0x930A,0x92E9,0x930A,0x930A,0x930A,0x930A,0x8AEA,0x8AC9,0x82A9,0x7A67,0x69E6,0x6164,0x5922,0x5102,0x7A26,0x8AC9,
    0x8AEA,0x8AEA,0x8B0A,0x936C,0x9BCE,0x8B8D,0xD5D7,0xFF7E,0x8BAF,0x5185,0x61C6,0x5985,0x59A5,0x61C5,0x69E6,0x7206,
    0x7A47,0x7A67,0x7A67,0x7A46,0x8226,0x8226,0x7A67,0x72A8,0xACD1,0xE6FA,0xD678,0xD678,0xEEFA,0xDE98,0xDE98,0xDE98,
    0xDE98,0xDE98,0xDE78,0xE6B9,0xDEB9,0xDE98,0xDE98,0xDE98,0xD678,0xDEB9,0xDEB9,0xD678,0xD678,0xDE99,0xDE98,0xDE98,
    0xDE78,0xDE78,0xDE98,0xDE78,0xD678,0xDE98,0xDE98,0xDE78,0xDEB9,0xD657,0xD678,0xDEB9,0xDE98,0xDE98,0xDE98,0xDE98,
    0xDE98,0xE6B9,0xD678,0xDE99,0xDE98,0xDE98,0xDEB9,0xDE99,0xDE99,0xE6B9,0xD658,0xDE98,0xDEB9,0xDE78,0xDE99,0xDE78,
    0xDE99,0xDE98,0xDE99,0xDE98,0xD678,0xDE98,0xDE98,0xDEB9,0xDEB9,0xCE37,0xDEB9,0xE6D9,0xDE98,0xDE98,0xD678,0xDE98,
    0xDEB9,0xDEB9,0xDE98,0xE6B9,0xDEB9,0xDEB9,0xDEB9,0xDEB9,0xDE98,0xDE99,0xDE98,0xDEB9,0xE6D9,0xD678,0xD657,0xD678,
    0xDE98,0xDE98,0xDEB9,0xDE98,0xDE98,0xDE98,0xDE99,0xDEB9,0xE6FA,0xDEB9,0xE6D9,0xDEB9,0xDE98,0xE6D9,0xE6D9,0xE6DA,
    0xDE98,0xDE99,0xDEB9,0xE6DA,0xDEB9,0xE6D9,0xDEB9,0xDE98,0xD678,0xE6D9,0xDE99,0xDE98,0xE6DA,0xE6D9,0xDEB9,0xDEB9,
    0xE6D9,0xE6DA,0xDEB9,0xDEB9,0xE6D9,0xE6DA,0xE6DA,0xDE99,0xDEB9,0xDEB9,0xE6D9,0xE6FA,0xE6D9,0xDE98,0xDE98,0xE6D9,
    0xDEB9,0xDEB9,0xDEB9,0xDEB9,0xE6D9,0xE6D9,0xDEB9,0xDEB9,0xDEB9,0xDEB9,0xE6D9,0xE6D9,0xDE99,0xE6D9,0xDEB9,0xDED9,
    0xE6FA,0xDE98,0xE6D9,0xDEB9,0xE6B9,0xEEDA,0xEEB9,0xE699,0xEEB9,0xF698,0xFEB8,0xEE56,0xDD93,0xCCF0,0xCCAF,0xD4AF,
    0xD4AF,0xDCD0,0xDCF0,0xDCD0,0xDCF0,0xE510,0xDCD0,0xE511,0xED52,0xE511,0xE4F0,0xED52,0xED93,0xE552,0xE531,0xE531,
    0xDD11,0xE531,0xD4B0,0xDCF0,0xDCF0,0xD4AF,0xD48F,0xD48F,0xD4AF,0xD48E,0xCC6E,0xCC6E,0xCC4E,0xC42D,0xCC2C,0xCC0C,
    0xC3EB,0xC3EB,0xC3EB,0xC3EB,0xC3EB,0xC3CB,0xBBCB,0xBBCB,0xC40B,0xC40C,0xCC2C,0xCC2C,0xC40C,0xCC0C,0xCC0D,0xD42D,
    0xCC2D,0xD44D,0xCC4D,0xD46E,0xD48E,0xDCF0,0xED72,0xF5B3,0xF5D4,0xFE56,0xFE56,0xFDD4,0xED72,0xE511,0xDCCF,0xD4AF,
    0xDCD0,0xE531,0xF5D4,0xF5D4,0xED73,0xDD11,0xC42E,0xBBAC,0xB38B,0xAB2A,0xA329,0x9AC8,0x9AA7,0x8A67,0x8A46,0x8246,
    0x8226,0x7A25,0x7A05,0x71E5,0x71E4,0x71C4,0x71C4,0x71C4,0x71C4,0x71C4,0x71C4,0x71C4,0x71C4,0x71C4,0x69A4,0x69A4,
    0x69A4,0x69A4,0x71C4,0x71C4,0x71C4,0x71C4,0x71C4,0x71C4,0x71E4,0x71C4,0x71C4,0x71C4,0x71C4,0x69A4,0x6983,0x6983,
    0x6163,0x6163,0x6142,0x6162,0x6162,0x6163,0x5984,0x5184,0x4963,0x4123,0x30C2,0x2040,0x1840,0x2081,0x28C2,0x30E3,
    0x3903,0x4965,0x5985,0x5985,0x61C5,0x69C5,0x69E5,0x69E5,0x7206,0x7A26,0x7A47,0x8267,0x7A47,0x8267,0x8267,0x7A47,
    0x7A46,0x7A46,0x7226,0x7205,0x7206,0x7226,0x7226,0x7205,0x71E5,0x71E5,0x71E5,0x71E4,0x71E5,0x71E4,0x71E5,0x71E5,
    0x71E5,0x71E4,0x71C4,0x71C4,0x71C4,0x71C4,0x71C4,0x69C4,0x71C4,0x71C4,0x69A4,0x69A4,0x69A4,0x69A4,0x69C4,0x69C4,
    0x69C4,0x69C4,0x69C4,0x69C4,0x69A4,0x69A4,0x69A4,0x69A4,0x69A3,0x69A3,0x6983,0x69A3,0x69A3,0x69A3,0x69A3,0x69C3,
    0x71C4,0x71C4,0x71C4,0x71C4,0x69C3,0x69C3,0x69A3,0x69C4,0x69C4,0x69C4,0x7205,0x7205,0x7205,0x7205,0x7A25,0x7A26,
    0x7A46,0x7A25,0x7A46,0x7A46,0x7A46,0x7A46,0x7A25,0x7A25,0x7205,0x7205,0x7225,0x7205,0x7205,0x7205,0x71E5,0x69C5,
    0x61A4,0x69C5,0x69E6,0x7206,0x7A47,0x8288,0x8288,0x8AC8,0x92E9,0x8AC9,0x8AE9,0x92E9,0x930A,0x9B0A,0x92E9,0x92EA,
    0x9B2A,0x9B2B,0x9B2B,0x9B2B,0x9B2A,0x92EA,0x8AC9,0x82A9,0x8288,0x7A47,0x7206,0x69C5,0x6164,0x5944,0x7A47,0x8AEA,
    0x8AEA,0x8AC9,0x8B0A,0x936C,0x93AE,0xA471,0xD5F8,0xC5D8,0x9C52,0x59C6,0x59A6,0x59A5,0x5985,0x61A5,0x61C5,0x69E6,
    0x7226,0x7A47,0x7A67,0x8247,0x8226,0x8226,0x7A67,0x72A8,0xA490,0xE6B9,0xD678,0xDE99,0xDE78,0xDE98,0xDE98,0xDE98,
    0xDE98,0xDE78,0xD678,0xD657,0xDE98,0xDE98,0xDE99,0xDEB9,0xD678,0xDE98,0xD678,0xDE98,0xDE98,0xD678,0xDE98,0xDEB9,
    0xD678,0xD678,0xDE98,0xDE98,0xD678,0xDE98,0xDEB9,0xDE78,0xD678,0xD678,0xD678,0xD657,0xDE98,0xDE78,0xD678,0xD677,
    0xDE78,0xE6D9,0xD637,0xDE98,0xDE78,0xD658,0xDE78,0xDEB9,0xDE78,0xD657,0xDEB9,0xE6DA,0xDE98,0xDE98,0xE6B9,0xDE98,
    0xDE78,0xD678,0xDEB9,0xDE99,0xDEB9,0xDE98,0xDE99,0xDEB9,0xDE98,0xE6D9,0xD678,0xDE99,0xDE98,0xDEB9,0xDEB9,0xE6D9,
    0xDEB9,0xDEB9,0xDE98,0xDE99,0xDE99,0xDEB9,0xDEB9,0xDEB9,0xE6D9,0xDEB9,0xD678,0xD678,0xE6D9,0xDE99,0xDE98,0xE6DA,
    0xDEB9,0xDEB9,0xE6D9,0xDE98,0xDEB9,0xDEB9,0xDE99,0xD658,0xDEB9,0xDEB9,0xE6D9,0xDEB9,0xDEB9,0xDEB9,0xD678,0xDEB9,
    0xDE99,0xDEB9,0xDEB9,0xE6FA,0xDE98,0xDEB9,0xDE99,0xE6DA,0xE6FA,0xE6FA,0xE6D9,0xDEB9,0xE6D9,0xDEB9,0xCE17,0xDEB9,
    0xDE99,0xDEB9,0xE6D9,0xDEB9,0xE6D9,0xDEB9,0xE6D9,0xDEB9,0xE6DA,0xDEB9,0xDEB9,0xDEB9,0xDEB9,0xDE99,0xDEB9,0xE6D9,
    0xDEB9,0xDEB9,0xDE98,0xDEB9,0xE6D9,0xDE98,0xDEB9,0xE6D9,0xE6D9,0xDEB9,0xDE99,0xDEB9,0xDEB9,0xE6D9,0xDEB9,0xDEB9,
    0xD6B9,0xDEB9,0xDED9,0xE6B9,0xE6B9,0xE699,0xEEB9,0xF6DA,0xF6B9,0xE5D5,0xD532,0xCCD0,0xCCAF,0xD4AF,0xDCCF,0xDCCF,
    0xE4CF,0xE4CF,0xE4EF,0xE4EF,0xE4F0,0xE510,0xE510,0xE511,0xE511,0xDCF1,0xE4F1,0xDCF1,0xDCD0,0xDCF0,0xDCD0,0xDCAF,
    0xDCAF,0xD46E,0xCC2D,0xCC4D,0xCC4D,0xCC4D,0xCC2D,0xCC2D,0xCC0C,0xCC0C,0xCC0C,0xC3EC,0xC3EC,0xC3CB,0xBBAB,0xBBAB,
    0xBB8A,0xBB8A,0xB38A,0xAB69,0xAB69,0xAB69,0xAB8A,0xB389,0xB389,0xBBAA,0xBBCA,0xBBAA,0xBBAA,0xBBAB,0xC3CC,0xCC2D,
    0xCBEC,0xBBAB,0xB36A,0xBBAA,0xC3EC,0xCC6E,0xDD11,0xE552,0xE532,0xF5D4,0xFE15,0xFDD4,0xED72,0xDCCF,0xC40D,0xC40C,
    0xCC6E,0xDCF1,0xE532,0xDCF1,0xD48F,0xBBCC,0xAB6A,0xAB29,0xA308,0xA2E8,0x9AA8,0x9267,0x8A46,0x8246,0x8226,0x7A05,
    0x79E5,0x71C4,0x71C4,0x71C4,0x69A4,0x69A3,0x69A4,0x69C4,0x69C4,0x71A4,0x71A4,0x69A4,0x71C4,0x71A4,0x71A4,0x71A4,
    0x71A4,0x71C4,0x71C4,0x71E4,0x71E4,0x71C4,0x71C4,0x71C4,0x71C4,0x71C4,0x71C4,0x71A4,0x69A4,0x6983,0x6963,0x6163,
    0x6142,0x6142,0x6142,0x5942,0x6163,0x5963,0x5163,0x4123,0x30C1,0x1860,0x1020,0x1020,0x0840,0x1060,0x2081,0x30E3,
    0x3903,0x4924,0x5164,0x6185,0x61A5,0x61C5,0x6A06,0x69E5,0x7206,0x7226,0x7A47,0x7A67,0x7A46,0x7A67,0x7A47,0x7A47,
    0x7A46,0x7A46,0x7226,0x7205,0x7A26,0x7A26,0x7A26,0x7206,0x7205,0x7205,0x71E5,0x71E5,0x71E5,0x71E5,0x7205,0x7205,
    0x71E5,0x71E5,0x71C4,0x71C4,0x71C4,0x71C4,0x71C4,0x69C4,0x69A4,0x69A4,0x6183,0x6162,0x6183,0x69A3,0x69A3,0x69A3,
    0x69A3,0x69C3,0x69C3,0x69C4,0x69C4,0x69A4,0x69C4,0x69C4,0x69C4,0x69C4,0x69A3,0x69A3,0x69A3,0x69A3,0x69A3,0x69C3,
    0x69C3,0x69C3,0x69C3,0x69C3,0x69C3,0x69C3,0x69C3,0x69C4,0x69C4,0x71E4,0x7205,0x7205,0x7205,0x7A25,0x7A26,0x7A46,
    0x7A46,0x7A46,0x7A46,0x7A46,0x7A46,0x7A25,0x7A25,0x7A25,0x7205,0x7205,0x7A25,0x7225,0x7205,0x7205,0x7205,0x69E5,
    0x61C5,0x69C5,0x6A06,0x7206,0x7A47,0x8288,0x8AA8,0x8AC8,0x8AC9,0x8AC9,0x92E9,0x930A,0x932A,0x9B0A,0x930A,0x930A,
    0x9B2B,0x9B2B,0x9B2B,0x9B4B,0x9B2B,0x92E9,0x8AEA,0x82C9,0x82C9,0x82A9,0x7A47,0x69C6,0x69C5,0x7206,0x8289,0x8AA9,
    0x8AC9,0x8AEA,0x8B0B,0x936C,0x93AD,0x93EF,0xB535,0xC5F8,0xDE9A,0x82EB,0x61C6,0x61C6,0x59A5,0x61A5,0x61C5,0x6A06,
    0x7206,0x7A47,0x7A47,0x7A46,0x8227,0x8227,0x7A67,0x72A8,0x9C2E,0xDE98,0xDE99,0xDEB9,0xD657,0xDEB9,0xDE98,0xDE98,
    0xDE98,0xDE98,0xDE98,0xD678,0xDE98,0xDEB9,0xDE99,0xDEB9,0xD678,0xDEB9,0xDE99,0xDEB9,0xDE99,0xD678,0xD657,0xDE98,
    0xDE78,0xDE98,0xDE78,0xDE98,0xDE98,0xD678,0xDEB9,0xDE98,0xD678,0xDEB9,0xDE98,0xD677,0xD678,0xD678,0xD678,0xD677,
    0xDE99,0xDEB9,0xD678,0xDE98,0xD678,0xDE78,0xDEB9,0xDE78,0xDE99,0xDE98,0xDE78,0xDE98,0xDE98,0xD678,0xDE98,0xDE98,
    0xDE99,0xDE78,0xDEB9,0xDE98,0xDEB9,0xDE99,0xD678,0xDEB9,0xDE99,0xDE98,0xDE99,0xDE99,0xDE98,0xE6D9,0xDE78,0xDEB9,
    0xDE78,0xDE98,0xDE78,0xD678,0xDEB9,0xDEB9,0xDE78,0xDE78,0xDEB9,0xD678,0xDE98,0xE6D9,0xDE98,0xDEB9,0xDEB9,0xDEB9,
    0xDEB9,0xDEB9,0xE6DA,0xDE98,0xDEB9,0xDE98,0xDEB9,0xDE99,0xDEB9,0xE6B9,0xDE99,0xDEB9,0xDEB9,0xE6D9,0xDE98,0xDEB9,
    0xDEB9,0xDEB9,0xDE99,0xDE99,0xDE98,0xE6D9,0xDEB9,0xDEB9,0xDEB9,0xDEB9,0xE6D9,0xE6D9,0xDEB9,0xDE99,0xD678,0xE6D9,
    0xD678,0xDE98,0xDEB9,0xDEB9,0xE6D9,0xDE99,0xDE99,0xDE78,0xDE99,0xDEB9,0xDEB9,0xDEB9,0xDEB9,0xE6D9,0xDED9,0xDED9,
    0xE6D9,0xE6D9,0xDE99,0xE6B9,0xDE78,0xDE78,0xE6D9,0xE6B9,0xDEB9,0xDE98,0xDEB9,0xDED9,0xDEB9,0xDED9,0xDEB9,0xDEB9,
    0xDEDA,0xDEB9,0xD678,0xE678,0xF6D9,0xEE78,0xEE37,0xDDB5,0xD512,0xCC8F,0xCC6F,0xD48F,0xDCF0,0xDCD0,0xDCCF,0xE4F0,
    0xE4F0,0xE510,0xE510,0xE4F0,0xED31,0xED31,0xDCF0,0xDCF0,0xDCCF,0xD4AF,0xD4B0,0xD48F,0xD48E,0xD46E,0xCC4D,0xCC2D,
    0xCC2C,0xC3EB,0xC3CB,0xC3CB,0xC3CB,0xC3CB,0xBBAB,0xBBAB,0xBB8A,0xBBAA,0xB38A,0xB349,0xBB8A,0xB369,0xAB49,0xAB49,
    0xAB49,0xAB49,0xAB29,0xA328,0xA328,0xA349,0xA349,0xA328,0xAB48,0xAB28,0xAB48,0xB349,0xBB8A,0xBB8A,0xBB8B,0xC3AB,
    0xBBAB,0xBB8A,0xAB29,0xAB29,0xB38A,0xC40C,0xCC4E,0xD4B0,0xCC6F,0xD490,0xDCD0,0xD46E,0xC3EC,0xB38A,0xAB49,0xB38B,
    0xBBCC,0xC40D,0xC42D,0xBBEC,0xB36A,0xA308,0x9AE8,0x9AC7,0x9286,0x8A66,0x8A26,0x8205,0x79E4,0x79E5,0x71E5,0x71A4,
    0x71A4,0x71C4,0x69A4,0x69A4,0x6983,0x6983,0x6984,0x69A4,0x69A4,0x69A4,0x69A4,0x69A4,0x71C4,0x71C4,0x71C4,0x71C4,
    0x71C4,0x71C4,0x71E4,0x71E4,0x71E4,0x71C4,0x71C4,0x71C4,0x71C4,0x71C4,0x69A4,0x6983,0x6983,0x6163,0x6163,0x6163,
    0x6163,0x5943,0x5942,0x5963,0x5163,0x4922,0x30A1,0x2040,0x1000,0x1020,0x1020,0x1020,0x1040,0x1040,0x1860,0x2081,
    0x30A2,0x4124,0x5164,0x5984,0x61A5,0x69C5,0x69E6,0x71E6,0x7206,0x7A26,0x7A26,0x7A47,0x7A46,0x7A67,0x7A66,0x7A46,
    0x7A26,0x7A26,0x7226,0x7226,0x7A46,0x7A46,0x7A26,0x7A26,0x7A26,0x7205,0x7205,0x7205,0x7205,0x7205,0x7205,0x7205,
    0x71E5,0x71E4,0x71E5,0x71C4,0x71C4,0x71E5,0x71E5,0x69C4,0x69A4,0x6184,0x5963,0x5143,0x5122,0x5143,0x61A4,0x69C4,
    0x61A3,0x69A4,0x69A4,0x69C4,0x69A4,0x69A4,0x69C4,0x69C4,0x69C4,0x71C4,0x71C4,0x69C4,0x71C4,0x71C4,0x69A3,0x69C3,
    0x69C3,0x69C3,0x69A3,0x69A3,0x69C3,0x69C3,0x71C4,0x71E4,0x71E5,0x71E5,0x7205,0x7A05,0x7A25,0x7A25,0x7A26,0x7A46,
    0x7A46,0x7A46,0x7A66,0x7A46,0x7A46,0x7A25,0x7225,0x7A25,0x7A25,0x7A25,0x7A26,0x7225,0x7205,0x7205,0x7205,0x71E5,
    0x69C5,0x61C4,0x69E5,0x7226,0x7A67,0x8288,0x82A8,0x8AC8,0x8AC9,0x92E9,0x92EA,0x92EA,0x9AEA,0x9B0A,0x9B0B,0x9B2B,
    0x9B0B,0x9B0B,0x9B0A,0x9B0B,0x9B0A,0x92EA,0x92E9,0x8AE9,0x8AC9,0x8288,0x8267,0x7A47,0x7A47,0x8268,0x8AC9,0x8AC9,
    0x92EA,0x8AEA,0x934C,0x938E,0x93AF,0xB535,0xF75E,0xEF5E,0xFFFF,0xA471,0x59C6,0x59C6,0x59A5,0x5985,0x61A5,0x69C5,
    0x69E5,0x7206,0x7A47,0x7A47,0x8247,0x8247,0x7A67,0x7AA8,0x93ED,0xE6B9,0xDE99,0xDEB9,0xE6D9,0xDEB9,0xDEB9,0xDE98,
    0xDE98,0xD678,0xDEB9,0xDEB9,0xDEB9,0xDEB9,0xDE98,0xDE98,0xD678,0xDEB9,0xDEB9,0xD678,0xD678,0xDEB9,0xD678,0xDE98,
    0xDE98,0xD678,0xD657,0xD657,0xDE98,0xD678,0xDE78,0xDE78,0xD678,0xD678,0xD678,0xDE98,0xD678,0xD657,0xDE98,0xD678,
    0xDE78,0xD678,0xE6B9,0xDEB9,0xDE98,0xD678,0xDE99,0xDE98,0xD658,0xDE99,0xDE78,0xE6B9,0xDE78,0xDE99,0xD678,0xD678,
    0xDE98,0xDEB9,0xDE98,0xDE98,0xDE78,0xDE98,0xDE98,0xDE78,0xE6B9,0xDE98,0xDEB9,0xDE98,0xDE78,0xE6B9,0xDE98,0xE6D9,
    0xDE78,0xDE98,0xDEB9,0xDEB9,0xE6B9,0xDE99,0xDEB9,0xDE98,0xDEB9,0xDE99,0xDE98,0xE6DA,0xD658,0xDE99,0xDEB9,0xE6D9,
    0xE6D9,0xDE98,0xDEB9,0xE6D9,0xDE99,0xD678,0xDE98,0xE6B9,0xE6D9,0xDE99,0xE6B9,0xE6B9,0xDEB9,0xDE99,0xDE98,0xDEB9,
    0xDE99,0xDE99,0xE6B9,0xDE99,0xDE99,0xDEB9,0xDEB9,0xD678,0xDE98,0xDEB9,0xDE98,0xDEB9,0xE6D9,0xDEB9,0xE6D9,0xDE98,
    0xDEB9,0xDEB9,0xDEB9,0xE6B9,0xDE79,0xDEB9,0xDEBA,0xE6DA,0xDE99,0xE6DA,0xE6BA,0xDEB9,0xE6DA,0xDED9,0xD698,0xDEB8,
    0xE6D9,0xDE99,0xDE98,0xE698,0xE698,0xEEFA,0xE6B9,0xE6B8,0xE6D9,0xDED9,0xDEF9,0xDED9,0xDEFA,0xE6DA,0xE6B9,0xE6B9,
    0xDE99,0xDE78,0xEEB9,0xF698,0xEE15,0xE572,0xD4CF,0xCC8E,0xD48E,0xDCAF,0xDCD0,0xDCB0,0xDCF0,0xDCF0,0xDCF0,0xDD11,
    0xDCF0,0xDCF0,0xDCF0,0xDCCF,0xDCCF,0xDCD0,0xD48E,0xD48E,0xD46E,0xCC4D,0xCC4D,0xCC2D,0xC40C,0xC3EB,0xBBCB,0xBBCB,
    0xB38A,0xB38A,0xB369,0xAB49,0xAB49,0xAB4A,0xAB49,0xAB49,0xAB49,0xAB49,0xAB49,0xAB29,0xAB29,0xA308,0xA308,0xA328,
    0xA308,0x9AE7,0x9AC7,0x9AA6,0x9AC7,0x9AE7,0xA308,0x9AE7,0x9AC7,0xA2E7,0xA2E7,0xA308,0xB36A,0xBBAB,0xC3CC,0xBBCC,
    0xBB8B,0xB36A,0xB34A,0xAB29,0xBB6B,0xC3CC,0xC40D,0xD44E,0xCC2E,0xC40D,0xC40C,0xC3CB,0xB349,0xA2E7,0xA2E8,0xB36A,
    0xB36A,0xB36A,0xB36A,0xAB49,0x9AE8,0x92A6,0x8A66,0x8245,0x8225,0x7A04,0x79E4,0x71C4,0x71C3,0x69A4,0x69A4,0x69A4,
    0x69A4,0x69A4,0x6983,0x6984,0x69A4,0x69A4,0x69A4,0x6984,0x69A4,0x69A4,0x69A4,0x69C4,0x69C4,0x69E4,0x71E4,0x71E4,
    0x71E4,0x71E4,0x71E4,0x71E4,0x71E4,0x71C4,0x71C4,0x71C4,0x71A3,0x69A3,0x6983,0x6163,0x6163,0x5943,0x5943,0x5122,
    0x5123,0x5143,0x5164,0x4963,0x30C1,0x2060,0x1820,0x1820,0x1840,0x1841,0x1841,0x1041,0x1840,0x1840,0x1840,0x2040,
    0x2060,0x30C1,0x4123,0x5164,0x51A5,0x61A5,0x69C6,0x71E6,0x71E6,0x7A07,0x7A27,0x7A26,0x7A46,0x7266,0x7266,0x7A46,
    0x7A26,0x7A26,0x7A26,0x7A26,0x7A26,0x7A46,0x7A26,0x7A26,0x7A26,0x7A25,0x7205,0x7205,0x7205,0x7205,0x7205,0x7205,
    0x71E5,0x71E4,0x71E4,0x69C4,0x69C4,0x69E5,0x69E5,0x69C4,0x61A4,0x5963,0x4902,0x30A1,0x2860,0x30A1,0x4923,0x61C5,
    0x61A4,0x6184,0x6984,0x71C4,0x69A4,0x69C4,0x69C4,0x69C4,0x69C4,0x69C4,0x69C4,0x69C4,0x69C4,0x69C4,0x69C4,0x69A4,
    0x69C4,0x69C4,0x69C4,0x69A3,0x69A4,0x69C4,0x71C4,0x71C4,0x71E5,0x7205,0x7205,0x7A05,0x7A25,0x7A25,0x7A25,0x7A26,
    0x7A25,0x7A45,0x7A46,0x7A45,0x7A46,0x7A25,0x7225,0x7A25,0x7A25,0x7A26,0x7A26,0x7226,0x7226,0x7226,0x7226,0x7205,
    0x69E5,0x61C4,0x69E5,0x6A26,0x7247,0x7267,0x82A8,0x82A8,0x8AC9,0x92C9,0x9AEA,0x9AEA,0x9B0A,0xA30A,0x9B0A,0xA32B,
    0xA32B,0xA32B,0x9B2B,0x9B0A,0x92EA,0x930A,0x9309,0x8AE9,0x92E9,0x8AA8,0x8A68,0x8A88,0x8AA9,0x92C9,0x8AC9,0x92C9,
    0x930A,0x932B,0x936E,0x8B8F,0xACD5,0xF75F,0xE73E,0xE73E,0xEF5E,0xCDF7,0x5A48,0x59E7,0x59A5,0x5985,0x6184,0x61A5,
    0x69C6,0x6A06,0x7247,0x7A67,0x7A47,0x8247,0x7A67,0x7AA8,0x938C,0xE678,0xDE98,0xDEB9,0xDE98,0xDE98,0xDEB9,0xD698,
    0xDEB9,0xD698,0xCE78,0xD698,0xD698,0xDE98,0xD678,0xDE98,0xDE98,0xDE98,0xDEB8,0xD678,0xD678,0xD678,0xDE78,0xDE78,
    0xDE98,0xD657,0xDE98,0xDE98,0xDE98,0xE6B9,0xDE78,0xDE78,0xDE98,0xDE98,0xD678,0xDE78,0xDE98,0xD657,0xDE98,0xD657,
    0xDE98,0xD637,0xDEB9,0xD678,0xDE98,0xD658,0xD657,0xDE98,0xD678,0xDE98,0xDE78,0xD678,0xDE78,0xDEB9,0xD658,0xDE78,
    0xD678,0xE6D9,0xDE98,0xDE98,0xDE99,0xDE99,0xE6DA,0xE6B9,0xDE98,0xDE98,0xD658,0xDE98,0xE6D9,0xDE98,0xDE98,0xD678,
    0xDE98,0xDEB9,0xDE98,0xDE98,0xDE78,0xDE78,0xDE99,0xDEB9,0xE6D9,0xDE98,0xDE98,0xDE99,0xDEB9,0xDE98,0xDE98,0xDEB9,
    0xD678,0xDE98,0xD657,0xE6D9,0xDEB9,0xDE98,0xDEB9,0xDE99,0xDE98,0xDE78,0xDEB9,0xD678,0xDE98,0xDEB9,0xDEB9,0xDE99,
    0xDE98,0xE6B9,0xDE98,0xE6D9,0xE6D9,0xD678,0xDEB9,0xDEB9,0xDEB9,0xDEB9,0xDE98,0xCE37,0xDE98,0xDEB8,0xDE98,0xDEB9,
    0xE6D9,0xDEB9,0xE6D9,0xE6D9,0xDE98,0xE6DA,0xE6B9,0xE6D9,0xDEB9,0xE6DA,0xDE99,0xDE99,0xE6DA,0xE6D9,0xDED9,0xE6D9,
    0xDEB9,0xDE78,0xE6B9,0xE6D9,0xE6D9,0xE6B9,0xDE78,0xDEB9,0xDEB8,0xDED9,0xDEB8,0xE6D9,0xE6D9,0xDE78,0xE698,0xEEB9,
    0xEEB9,0xF6D9,0xE636,0xD552,0xC4B0,0xC48E,0xCC8E,0xD4AF,0xDCAF,0xDCAF,0xDCD0,0xDCD0,0xE511,0xE510,0xDCF0,0xDCF0,
    0xDCF0,0xD4AF,0xD48E,0xD46E,0xCC2D,0xC42D,0xC42D,0xC40C,0xBBEC,0xBBCB,0xBBCB,0xB3AB,0xB38A,0xB38A,0xAB69,0xA329,
    0xA329,0xA329,0xA328,0xA308,0xA308,0xA308,0xA308,0x9AE8,0x9AE8,0x9AE8,0xA308,0x9AE8,0x9AE8,0x9AC7,0x9AE8,0x9AE8,
    0x92C7,0x92A7,0x92A6,0x92C7,0x92A6,0x92A7,0x92C7,0x92A7,0x9AA7,0x9AC7,0x9AC7,0x9AC7,0xAB29,0xB38B,0xBBCC,0xBBCB,
    0xB38B,0xAB4A,0xA2E9,0xA309,0xAB2A,0xAB4A,0xB36A,0xAB4A,0xB38B,0xB3AB,0xBBAB,0xBBAB,0xBB8A,0xAB49,0xA308,0xA308,
    0xA308,0xA309,0x9AC8,0x9266,0x8A26,0x8205,0x79E5,0x79C4,0x71C4,0x71A4,0x71A4,0x6984,0x6984,0x6983,0x61A3,0x61A3,
    0x61A3,0x61A3,0x69A3,0x69A3,0x69A4,0x69A4,0x69A4,0x6984,0x69A4,0x71A4,0x71C4,0x71C4,0x71C4,0x71E4,0x71E4,0x71E4,
    0x71E4,0x71E5,0x71E4,0x71E4,0x71E4,0x71C4,0x69A4,0x69C4,0x6983,0x6183,0x6183,0x5942,0x5122,0x5122,0x5143,0x5143,
    0x5143,0x4923,0x38C2,0x2860,0x1840,0x1820,0x2060,0x2060,0x2061,0x2061,0x2061,0x2061,0x2061,0x2061,0x2060,0x2060,
    0x2040,0x2040,0x3081,0x4123,0x5185,0x59A5,0x61A5,0x69C6,0x69C6,0x71E6,0x7A07,0x7A26,0x7A46,0x7246,0x7246,0x7A46,
    0x7A26,0x7A26,0x7A26,0x7A26,0x7A26,0x7A46,0x7A26,0x7A26,0x7A26,0x7A26,0x7A26,0x7205,0x7205,0x7205,0x7205,0x7205,
    0x7205,0x71E5,0x71E4,0x69C4,0x69C4,0x69C4,0x69A4,0x61A4,0x6163,0x5101,0x3860,0x2860,0x2840,0x38A1,0x3881,0x5963,
    0x6184,0x6984,0x6163,0x6963,0x69A3,0x69A4,0x69A4,0x69A4,0x69A4,0x69A4,0x69A4,0x69A4,0x69C4,0x69C4,0x69C4,0x69C4,
    0x69C4,0x69C4,0x69C4,0x69C4,0x69C4,0x69C4,0x71E4,0x71E4,0x7204,0x7205,0x7205,0x7205,0x7205,0x7205,0x7A25,0x7A25,
    0x7A25,0x7A45,0x7A45,0x7A45,0x7A25,0x7A05,0x7205,0x7A25,0x7A26,0x7A26,0x7A05,0x7A05,0x7205,0x7205,0x7205,0x6A06,
    0x6A06,0x69E5,0x69E5,0x6A06,0x7227,0x7227,0x7A68,0x82A8,0x8AC9,0x8AE9,0x930A,0x930A,0x930A,0x9B0A,0x9B2B,0x9B4B,
    0x9B4B,0x9B2B,0x9B2B,0x9B4B,0x932A,0x930A,0x8B0A,0x8AEA,0x930A,0x92EA,0x8AA9,0x8ACA,0x92EA,0x92EA,0x8AEA,0x8AEA,
    0x932B,0x938D,0x8B8E,0xACB4,0xF73E,0xE71E,0xE73E,0xE75E,0xD69B,0xEEFB,0x838E,0x51C6,0x59C6,0x5985,0x6185,0x61A5,
    0x69C5,0x69E6,0x7226,0x7A47,0x7A67,0x8268,0x7A68,0x7A88,0x8B6C,0xE698,0xDEB9,0xDE98,0xD657,0xDE98,0xDE98,0xDE98,
    0xDEB9,0xDEB9,0xDEB9,0xDE98,0xD678,0xD678,0xDEB9,0xDE98,0xD678,0xDEB9,0xD657,0xDE98,0xDEB8,0xD678,0xDE98,0xDE98,
    0xD678,0xD657,0xDEB9,0xDE98,0xD678,0xD637,0xDE98,0xD637,0xDE78,0xD678,0xDE78,0xDE98,0xD657,0xDE98,0xDE98,0xD657,
    0xDE78,0xDE99,0xDE78,0xDE78,0xDEB9,0xDE78,0xD658,0xDE99,0xDE99,0xDEB9,0xDE78,0xD678,0xDEB9,0xDEB9,0xDE98,0xE6D9,
    0xDE78,0xDEB9,0xDE98,0xDE98,0xDE98,0xDE99,0xE6B9,0xDE98,0xD678,0xE6B9,0xDE99,0xDE78,0xDE98,0xD678,0xDEB9,0xDE78,
    0xDE78,0xDE98,0xDE98,0xDE98,0xDE98,0xDE98,0xDEB9,0xDE99,0xDE99,0xDEB9,0xDEB9,0xDE98,0xDEB9,0xDE78,0xDE99,0xDEB9,
    0xDE98,0xDEB9,0xDE98,0xDEB9,0xDE98,0xDEB9,0xDE98,0xDEB9,0xDE99,0xD678,0xDEB9,0xDEB9,0xE6B9,0xDE99,0xDE98,0xDEB9,
    0xDEB9,0xDEB9,0xD678,0xDEB9,0xDEB9,0xD658,0xE6D9,0xDEB9,0xDE98,0xDE98,0xDEB9,0xDEB9,0xE6D9,0xDE78,0xDE98,0xDE98,
    0xDE98,0xE6D9,0xE6B9,0xE6B9,0xDE98,0xE6B9,0xDE98,0xDEB9,0xDE98,0xDEB9,0xDE78,0xDEB9,0xDE98,0xCE16,0xE6B8,0xDE98,
    0xDEB8,0xE6F9,0xDEB9,0xE6F9,0xD698,0xDEB9,0xDEB9,0xDEB9,0xDE98,0xE6D9,0xE6D9,0xE6B8,0xE678,0xEE98,0xF6B9,0xEE77,
    0xE615,0xCD32,0xBC6F,0xC48F,0xCCAF,0xCC8F,0xD4AF,0xDCCF,0xDCCF,0xDCCF,0xE4F0,0xDCD0,0xE4F0,0xDCCF,0xD48E,0xD48E,
    0xD48E,0xCC4D,0xC40D,0xC40C,0xBBCB,0xB38B,0xBBCB,0xB38A,0xAB6A,0xAB49,0xAB49,0xA329,0xA329,0xA329,0x9B08,0x9AE8,
    0x92E8,0x9AC7,0x92C7,0x92C7,0x92A7,0x92C7,0x92C7,0x92A7,0x92A7,0x92A7,0x92A7,0x92A7,0x8A86,0x8AA6,0x8A86,0x8A86,
    0x8266,0x8266,0x8A66,0x8A86,0x8A86,0x8AA6,0x92A7,0x92C7,0x92A7,0x8A87,0x8A86,0x92C7,0x9B09,0x9B09,0x9B09,0x9AE8,
    0x92C8,0x8A87,0x8226,0x8226,0x8A87,0x92A7,0x9AE8,0xA309,0xAB29,0xAB49,0xAB6A,0xB36A,0xB36A,0xAB49,0xA2E8,0x9AA7,
    0x92A7,0x9287,0x8A46,0x79E5,0x79C5,0x79A4,0x71A4,0x71A4,0x7184,0x6984,0x6984,0x6984,0x6984,0x6183,0x61A3,0x61A3,
    0x61A3,0x61A3,0x61A3,0x69C3,0x69C3,0x69C3,0x69A4,0x7184,0x71A4,0x71A4,0x71C4,0x71C4,0x71C3,0x71C4,0x71E3,0x71E4,
    0x71E4,0x71C4,0x71C4,0x69C4,0x69A4,0x6984,0x6184,0x61A4,0x6184,0x5963,0x5963,0x5143,0x5143,0x5163,0x4943,0x4102,
    0x38C1,0x2860,0x2020,0x1820,0x2060,0x2880,0x2060,0x2060,0x2880,0x2881,0x2881,0x2881,0x2881,0x2882,0x2881,0x2881,
    0x2861,0x2860,0x2860,0x2860,0x4123,0x5185,0x5985,0x61C6,0x69C6,0x69E6,0x7206,0x7A26,0x7A27,0x7A46,0x7A46,0x7A46,
    0x7A26,0x7A26,0x7A26,0x7A26,0x7A26,0x7A46,0x7A26,0x7A26,0x7A46,0x7A26,0x7A26,0x7A25,0x7205,0x7205,0x7205,0x7205,
    0x7205,0x71E5,0x71E5,0x71E4,0x69C4,0x61A4,0x6183,0x5942,0x5102,0x48E1,0x40A0,0x3081,0x3081,0x40C2,0x38A1,0x48E2,
    0x48C1,0x6184,0x6163,0x6142,0x6983,0x6183,0x6183,0x6183,0x6183,0x69A3,0x69A3,0x69A4,0x69A4,0x69C4,0x69A4,0x69C4,
    0x69C4,0x69C4,0x69C4,0x69C4,0x69C4,0x71E4,0x71E5,0x71E4,0x7204,0x7204,0x7204,0x7204,0x7204,0x7204,0x7205,0x7A25,
    0x7A25,0x7A45,0x7A45,0x7A25,0x7A25,0x7A25,0x7A25,0x7A25,0x7A26,0x7A26,0x79E5,0x7A05,0x71E5,0x7205,0x69E5,0x6A06,
    0x6A06,0x61E6,0x61E6,0x69E7,0x7228,0x7248,0x7A68,0x8289,0x82A8,0x82C9,0x8AE9,0x8AE9,0x8B09,0x930A,0x932A,0x9B4B,
    0x9B4B,0x934B,0x9B4B,0x9B4B,0x934B,0x932A,0x8B2B,0x936C,0x932B,0x8AEA,0x930B,0x92EB,0x8AEA,0x8B0B,0x932B,0x934B,
    0x93AD,0x8B8D,0x9C51,0xEEFC,0xDEDC,0xCE9B,0xBE19,0xADB8,0xAD96,0xDEBA,0xACD3,0x51E7,0x59C6,0x59A5,0x5985,0x61A5,
    0x61C5,0x69E6,0x6A06,0x7226,0x7A47,0x8267,0x7A68,0x7A68,0x830B,0xDE37,0xDE99,0xDE98,0xD698,0xDEB9,0xDE98,0xCE37,
    0xD657,0xD678,0xDE98,0xDE98,0xD678,0xD678,0xDE98,0xD678,0xD678,0xDE98,0xD657,0xDE98,0xDE98,0xD678,0xDE78,0xDE98,
    0xDE78,0xD678,0xD678,0xDEB9,0xDE98,0xC5F6,0xD678,0xD678,0xDE98,0xD678,0xDE78,0xD678,0xDE78,0xDE98,0xDE78,0xDE98,
    0xD678,0xD658,0xDE98,0xDE78,0xDE78,0xD678,0xDE99,0xDE98,0xD657,0xDE99,0xD678,0xD658,0xD658,0xDE99,0xDE78,0xDE78,
    0xD658,0xD658,0xDE98,0xDE78,0xDE78,0xDE98,0xDE98,0xDE98,0xDE98,0xE6B9,0xDEB9,0xDEB9,0xDE98,0xDE78,0xDEB9,0xE6B9,
    0xDE98,0xDE98,0xDE98,0xDE78,0xDEB9,0xD658,0xDEB9,0xDE98,0xDE98,0xDE99,0xDEB9,0xDE99,0xDE78,0xDEB9,0xD678,0xDE98,
    0xDE98,0xDE98,0xDEB9,0xE6D9,0xE6D9,0xDEB9,0xDEB9,0xDE99,0xDE99,0xDE78,0xDE99,0xDE99,0xDEB9,0xDE78,0xDE78,0xDE78,
    0xE6D9,0xE6D9,0xDE98,0xDEB9,0xDE99,0xDEB9,0xDEB9,0xDE98,0xE6DA,0xDEB9,0xDE98,0xDE99,0xE6B9,0xDE99,0xDEB9,0xDEB9,
    0xE6B9,0xE6D9,0xE6D9,0xDE98,0xE6B9,0xDEB9,0xE6D9,0xE6D9,0xDE98,0xDE78,0xDEB9,0xE6FA,0xE6D9,0xDE78,0xDE98,0xDE98,
    0xDE98,0xDED9,0xDEF9,0xDEFA,0xDED9,0xDEF9,0xDEB9,0xDEB9,0xE6D9,0xDE98,0xE698,0xEE98,0xEE77,0xF637,0xE5B4,0xCCF1,
    0xC48E,0xC48E,0xD4CF,0xCCAF,0xD48F,0xDCF0,0xDCCF,0xDCAF,0xDCF0,0xD48E,0xDCAF,0xD46E,0xCC4D,0xCC4D,0xC40C,0xBBEC,
    0xC40C,0xBBEC,0xB38A,0xAB8A,0xAB8A,0xAB49,0xA329,0xA329,0x9B08,0x9AE8,0x92C7,0x92C7,0x92E8,0x92C7,0x8AA7,0x8AA7,
    0x8A87,0x8A87,0x8A87,0x8A86,0x8A66,0x8A66,0x8A86,0x8266,0x8266,0x8265,0x8245,0x8265,0x8245,0x8245,0x8266,0x8266,
    0x8266,0x8245,0x7A25,0x7A45,0x8246,0x8286,0x8A86,0x8266,0x8266,0x8246,0x8266,0x8A66,0x92A8,0x8AA7,0x8A67,0x7A26,
    0x71E5,0x71C5,0x71C5,0x71E5,0x7A05,0x8246,0x8A66,0x92A7,0x9AC8,0xA2E8,0xA329,0xA309,0xA308,0xA308,0x9AA7,0x8A66,
    0x8225,0x79E4,0x71C4,0x71A4,0x71A4,0x71A4,0x7184,0x6983,0x6963,0x6963,0x6984,0x6984,0x6984,0x69A4,0x69A3,0x6983,
    0x69A3,0x69A3,0x69A3,0x69A3,0x69A3,0x69C4,0x69A3,0x71A3,0x71A3,0x71A3,0x71C3,0x71C3,0x71C3,0x71C4,0x71E4,0x71E4,
    0x71C4,0x71A4,0x6983,0x6983,0x6183,0x6184,0x5964,0x5964,0x5143,0x5143,0x4943,0x4943,0x4102,0x38C1,0x3080,0x2040,
    0x2020,0x2040,0x2060,0x2881,0x2881,0x2881,0x28A1,0x30A1,0x30A1,0x30A1,0x38A1,0x38A1,0x30A1,0x30A2,0x30C2,0x30A2,
    0x30A1,0x30A1,0x2881,0x2860,0x2881,0x38E2,0x4944,0x5185,0x59A5,0x61C5,0x69E6,0x7206,0x7206,0x7A26,0x7A26,0x7A46,
    0x7A46,0x7A26,0x7A26,0x7A26,0x7A26,0x7A46,0x7A26,0x7A26,0x7A46,0x7A46,0x7A26,0x7A26,0x7206,0x7A06,0x7A06,0x7205,
    0x71E5,0x71E5,0x71E5,0x71E4,0x69A4,0x6183,0x6163,0x5943,0x5122,0x5102,0x48E2,0x4902,0x40E2,0x4902,0x4922,0x5143,
    0x48E1,0x5101,0x6183,0x6163,0x6163,0x6163,0x6163,0x6163,0x6163,0x6183,0x6183,0x6183,0x61A3,0x69A4,0x69A4,0x69A4,
    0x69A4,0x69C4,0x69C4,0x69C4,0x69C4,0x69C4,0x71E5,0x71E4,0x7204,0x7204,0x7204,0x71E4,0x71E4,0x7204,0x7204,0x7224,
    0x7A25,0x8245,0x7A45,0x7A25,0x7A25,0x7A25,0x7A25,0x7205,0x7205,0x7205,0x79E5,0x79E5,0x7205,0x7206,0x69E6,0x69E6,
    0x6207,0x61E7,0x59E7,0x5186,0x59C7,0x6208,0x6A48,0x7289,0x7AA9,0x82C9,0x8AE9,0x8B09,0x930A,0x930A,0x930A,0x932A,
    0x934B,0x9B4B,0x9B4B,0x9B4B,0x9B4B,0x9B6B,0x932B,0x934B,0x934B,0x932B,0x9B2B,0x932B,0x932B,0x932B,0x934C,0x93AD,
    0x8BAE,0x8BEF,0xC5B7,0xC5F8,0xA536,0xAD97,0xB5F8,0xBE5A,0xD6DC,0xEF5D,0xE6BA,0x626A,0x59C6,0x59A5,0x5964,0x5985,
    0x61C5,0x69E6,0x6A06,0x7206,0x7A26,0x7A47,0x7A48,0x7A68,0x7AEA,0xCDB5,0xDE78,0xDEB9,0xDEB9,0xDE98,0xDE98,0xD678,
    0xDE98,0xDEB8,0xDE98,0xDE77,0xDEB8,0xDEB9,0xD657,0xDE98,0xDEB9,0xD678,0xDEB9,0xDEB9,0xD698,0xDE98,0xDE98,0xE6B9,
    0xDE98,0xDE78,0xDE78,0xDE98,0xDEB9,0xDE98,0xDE98,0xDE98,0xDE98,0xD678,0xDE98,0xDE78,0xDE98,0xD657,0xD637,0xDE98,
    0xDE99,0xDE98,0xE6B9,0xDE99,0xD637,0xDE99,0xDE99,0xD657,0xDE99,0xDE98,0xD678,0xDE99,0xDEB9,0xDE78,0xDEB9,0xDEB9,
    0xDE99,0xD658,0xDE98,0xDE99,0xE6B9,0xD678,0xDE78,0xDE99,0xDE98,0xDE78,0xDE98,0xDE98,0xD678,0xDE98,0xE6B9,0xDE98,
    0xD678,0xDE98,0xE6D9,0xDEB9,0xDE78,0xDE78,0xDE98,0xDE98,0xDE99,0xE6D9,0xDEB9,0xDE78,0xDE78,0xE6B9,0xDEB9,0xDEB9,
    0xD678,0xDE98,0xDEB9,0xDE98,0xE6D9,0xDE98,0xD678,0xDEB9,0xE6D9,0xD658,0xD678,0xDE98,0xDE99,0xDE98,0xE6D9,0xDEB9,
    0xDEB9,0xE6D9,0xE6D9,0xDE98,0xD678,0xE6DA,0xDEB9,0xDE99,0xD678,0xDE78,0xDE99,0xDEB9,0xDEB9,0xDE99,0xDEB9,0xDEB9,
    0xE6B9,0xDEB9,0xE6DA,0xDE99,0xDE98,0xDE99,0xDE98,0xDE98,0xDEB9,0xE6B9,0xDEB9,0xE6D9,0xDEB9,0xEEDA,0xDE99,0xDEB9,
    0xE6FA,0xD698,0xDEFA,0xDED9,0xDED9,0xDEB9,0xDEB9,0xDE98,0xE698,0xEE98,0xEE77,0xE5F5,0xD532,0xCCB0,0xCC8F,0xCC6E,
    0xD4AE,0xD4AF,0xDCCF,0xD4AF,0xD4AF,0xDCAF,0xD48E,0xCC4E,0xD46E,0xCC0C,0xC40C,0xBBEC,0xBBCB,0xB3AB,0xB3AA,0xAB69,
    0xAB69,0xAB69,0xA329,0x9B08,0x9B08,0x9AC8,0x92A7,0x92A7,0x92A7,0x8A86,0x8A86,0x8A86,0x8266,0x8266,0x8246,0x8246,
    0x8266,0x8246,0x7A46,0x7A46,0x8246,0x8245,0x7A45,0x7A25,0x8245,0x8245,0x7A45,0x7A45,0x7A25,0x7A45,0x7A45,0x7A25,
    0x7A25,0x7A05,0x7205,0x7A05,0x7A25,0x7A25,0x7A25,0x7A25,0x7A25,0x7A25,0x7A25,0x7A25,0x8246,0x8287,0x8267,0x7A26,
    0x71C4,0x69C5,0x69E5,0x71E5,0x71E5,0x71E5,0x8245,0x8A66,0x9286,0x92A7,0x92A7,0x92A7,0x9287,0x8A66,0x8246,0x7A05,
    0x71C4,0x6983,0x6983,0x69A4,0x6983,0x6983,0x6963,0x6162,0x6163,0x6163,0x6183,0x69A3,0x69A4,0x6984,0x6983,0x6984,
    0x69A4,0x71A4,0x71A4,0x6983,0x6983,0x71A4,0x71A4,0x71A3,0x71A4,0x71C4,0x71C4,0x71C4,0x71C4,0x71C4,0x69C4,0x69C4,
    0x6983,0x6983,0x6163,0x5963,0x5943,0x5963,0x5143,0x5123,0x4923,0x4123,0x38E2,0x2880,0x2840,0x2040,0x2040,0x2860,
    0x2880,0x2881,0x28A1,0x28A1,0x28A1,0x30C1,0x38C2,0x38E2,0x40E1,0x40E1,0x40E1,0x40E1,0x40E2,0x40E2,0x38C2,0x38E2,
    0x38E2,0x38E2,0x38E2,0x30E2,0x28A1,0x2860,0x30A1,0x4943,0x5184,0x59A5,0x69E6,0x69E6,0x7206,0x7A06,0x7A06,0x7A46,
    0x7A46,0x7A46,0x7A46,0x7A46,0x7A26,0x7A26,0x7A26,0x7A46,0x7A46,0x7A26,0x7A26,0x7A26,0x7A26,0x7A06,0x7A06,0x7206,
    0x7205,0x71E5,0x71E5,0x71E4,0x69C4,0x69A4,0x6183,0x6163,0x5963,0x5963,0x5943,0x5143,0x5143,0x5123,0x5122,0x5963,
    0x5963,0x5101,0x5963,0x6163,0x6163,0x6163,0x6163,0x6163,0x5962,0x5942,0x5942,0x5942,0x6162,0x6163,0x6183,0x6183,
    0x6183,0x6183,0x69A4,0x69A4,0x69C4,0x69C4,0x69C4,0x69E4,0x69E3,0x69E4,0x71E4,0x71E4,0x7204,0x71E4,0x7204,0x7204,
    0x7A24,0x7A25,0x7A25,0x7A25,0x7A05,0x7A26,0x7205,0x7205,0x7205,0x71E5,0x71E5,0x71E5,0x69E5,0x69E6,0x6207,0x6207,
    0x6228,0x51E7,0x6269,0x9431,0xB575,0x8BEF,0x6269,0x6A89,0x7ACA,0x82A9,0x82A9,0x92EA,0x92C9,0x8ACA,0x92EA,0x930A,
    0x9B2B,0x9B4B,0x9B4B,0x9B4B,0x9B2A,0x9B4B,0x934A,0x9B6B,0x9B4B,0x9B4B,0x9B4B,0x9B4C,0x934B,0x9B6C,0x9BAD,0x838D,
    0x7BAE,0xAD35,0xCE7A,0xCE9A,0xE73D,0xEF9F,0xF7FF,0xFFFF,0xF7FF,0xEF5D,0xDE9A,0x7B6D,0x51C6,0x59A6,0x5144,0x5985,
    0x59A5,0x61C5,0x6A06,0x6A06,0x7206,0x7A27,0x7A47,0x7268,0x72A9,0xBD54,0xEF3B,0xDEB9,0xDEB9,0xDEB9,0xDED9,0xDEB9,
    0xD657,0xDE98,0xDE98,0xDE98,0xDE98,0xDE99,0xDE98,0xDEB9,0xD678,0xD678,0xDE98,0xDE99,0xD678,0xDE78,0xDE98,0xDE98,
    0xDE98,0xDE78,0xDE98,0xD678,0xD678,0xDE78,0xDE98,0xDE78,0xD657,0xD657,0xD678,0xDE78,0xDE78,0xD657,0xD678,0xD678,
    0xDE98,0xD658,0xD658,0xDE78,0xD678,0xDE98,0xD658,0xD678,0xDE98,0xDE78,0xDE98,0xDEB9,0xDE78,0xDE78,0xDE99,0xD678,
    0xDE98,0xDE98,0xDEB9,0xD678,0xDE99,0xD658,0xDE78,0xDE78,0xDE78,0xDEB9,0xDEB9,0xDE78,0xD657,0xDE78,0xDE98,0xDE98,
    0xDEB9,0xD678,0xD657,0xDE98,0xDEB9,0xE6D9,0xDEB9,0xDE98,0xDE98,0xD678,0xDE98,0xE6B9,0xDE99,0xDE78,0xE6D9,0xDEB9,
    0xDE98,0xDEB9,0xDEB9,0xC5F6,0xCE16,0xDEB9,0xCE37,0xDEB9,0xDEB9,0xDE99,0xE6B9,0xDE98,0xDEB9,0xDEB9,0xDE99,0xE6B9,
    0xDE98,0xDEB8,0xDED9,0xD678,0xE6D9,0xDEB9,0xDEB9,0xDEB9,0xD678,0xDE99,0xDEBA,0xDEB9,0xDEB9,0xDEB9,0xD699,0xD699,
    0xDEDA,0xDEDA,0xD699,0xD699,0xDEB9,0xDE99,0xCE58,0xDEBA,0xDE99,0xD699,0xDEBA,0xD678,0xD679,0xDE79,0xDE99,0xDEB9,
    0xDED9,0xDED9,0xD698,0xDEB8,0xE6B9,0xE698,0xEEB9,0xEE98,0xE657,0xE5F5,0xD532,0xCCB0,0xC44F,0xCC6E,0xD4AF,0xD48E,
    0xD48E,0xD48E,0xD4AE,0xD4AE,0xD46E,0xCC4D,0xC40C,0xC3EC,0xBBCB,0xBBCB,0xB3AB,0xAB8A,0xAB49,0xA329,0xA328,0x9AE8,
    0x92E7,0x92C7,0x92C7,0x92A7,0x8A86,0x8246,0x8245,0x8245,0x8225,0x8225,0x8225,0x8225,0x7A45,0x7A45,0x7A45,0x7A25,
    0x7A25,0x7A25,0x7A25,0x7A25,0x7A25,0x7A25,0x7A25,0x7A45,0x7A45,0x7A25,0x7A25,0x7A25,0x7A25,0x7A25,0x7A25,0x7205,
    0x7205,0x7205,0x7205,0x7A25,0x7205,0x7205,0x7225,0x7A25,0x7204,0x7204,0x7204,0x7A05,0x7A25,0x7A46,0x7A26,0x7A26,
    0x7205,0x69C5,0x69C5,0x69C4,0x71C4,0x71E4,0x7A25,0x8246,0x8A66,0x8A66,0x8A66,0x8A87,0x8226,0x79E5,0x79E5,0x71C5,
    0x71A4,0x6984,0x6983,0x6983,0x69A3,0x69A3,0x69A3,0x61A3,0x61A3,0x6183,0x6183,0x6183,0x6183,0x6983,0x6984,0x7184,
    0x7184,0x6984,0x71A4,0x7184,0x6984,0x7184,0x71A4,0x69C4,0x69A4,0x69C4,0x69A4,0x69C4,0x69C4,0x61A4,0x5983,0x5963,
    0x5943,0x5943,0x5122,0x5122,0x4902,0x4902,0x40C2,0x38A1,0x3081,0x2840,0x2040,0x2040,0x2860,0x2880,0x30A1,0x30A1,
    0x30A1,0x28A1,0x30C1,0x38E2,0x3902,0x4103,0x4123,0x4923,0x4943,0x5143,0x5122,0x5122,0x5123,0x4923,0x4902,0x4903,
    0x4923,0x4102,0x4102,0x3902,0x38E2,0x30C1,0x2860,0x30A1,0x4964,0x5184,0x59C5,0x69E5,0x7206,0x7A26,0x7A26,0x7A46,
    0x7A47,0x7A47,0x7A67,0x7A46,0x7A26,0x7A26,0x7A26,0x7A46,0x7A26,0x7A26,0x7A26,0x7A26,0x7A26,0x7A26,0x7A26,0x7A26,
    0x7206,0x7205,0x71E5,0x71E5,0x69C4,0x69C4,0x69C4,0x61A4,0x61A4,0x61A4,0x61A4,0x5964,0x5964,0x5963,0x5963,0x5963,
    0x5963,0x5942,0x5943,0x5963,0x5963,0x6163,0x6163,0x5963,0x5962,0x5963,0x5942,0x5942,0x5942,0x5963,0x5963,0x5963,
    0x6163,0x6183,0x6183,0x6183,0x61A4,0x69A4,0x69C4,0x69C4,0x69C4,0x69C4,0x69E4,0x69E4,0x69E4,0x69E4,0x69E4,0x69E4,
    0x7204,0x7205,0x7205,0x7A25,0x7205,0x7205,0x69E6,0x7206,0x6A06,0x69E6,0x69E5,0x69E6,0x61C6,0x61E6,0x6228,0x51E7,
    0x49C7,0x5229,0x9472,0xBE18,0xB638,0xB5B7,0x8C30,0x628A,0x6248,0x7AAA,0x8289,0x8248,0x8269,0x8AAA,0x92EB,0x930B,
    0x92EA,0x930A,0x9B2B,0x9B2B,0x9B2B,0xA34B,0x9B4A,0x9B4B,0x9B4B,0x9B4B,0x9B6C,0x9B6C,0xA3CE,0x938D,0x8B6C,0x9C71,
    0xCE5A,0xF7BF,0xF7DF,0xF7FF,0xF7FF,0xF7DF,0xEFBF,0xDF1D,0xBE39,0xA535,0xAD56,0x9C72,0x51C7,0x6207,0x5164,0x5964,
    0x5985,0x59A5,0x6A06,0x6A06,0x7227,0x7A27,0x7A27,0x7A68,0x7289,0xACB1,0xFFBE,0xFFBD,0xEF5C,0xCE78,0xD699,0xDEB9,
    0xDE98,0xDE98,0xD657,0xDE78,0xDE98,0xD678,0xD678,0xD678,0xD678,0xDEB9,0xDE78,0xD658,0xDE98,0xDE98,0xD678,0xDE78,
    0xDE98,0xDE98,0xDE98,0xDE78,0xDE78,0xDE78,0xDEB9,0xDE78,0xDE78,0xDE98,0xDE98,0xDE78,0xD678,0xD678,0xDE98,0xD657,
    0xDE98,0xDE78,0xDE99,0xD657,0xDE78,0xDE98,0xDE78,0xDE98,0xD678,0xDE99,0xD658,0xDE98,0xDE99,0xDEB9,0xDE99,0xD678,
    0xDEB9,0xE6B9,0xDE98,0xD637,0xDE98,0xDE98,0xDEB9,0xDEB9,0xDE99,0xDE98,0xD658,0xDE98,0xDE98,0xDE98,0xDE98,0xDE78,
    0xE6B9,0xDE98,0xD678,0xDE78,0xDE98,0xDE78,0xDEB9,0xDE99,0xDE98,0xDE78,0xD678,0xDE98,0xDE98,0xDE99,0xD678,0xD678,
    0xE6D9,0xDEB9,0xDE98,0xE6D9,0xDE98,0xDE98,0xE6D9,0xE6D9,0xD657,0xE6B9,0xE6DA,0xDE98,0xDEB9,0xDE98,0xDE78,0xDE99,
    0xDE98,0xD697,0xDE98,0xDE98,0xE6FA,0xDE99,0xDE99,0xDE99,0xDE99,0xDE9A,0xD6BA,0xD679,0xD679,0xD679,0xD699,0xD69A,
    0xCE58,0xCE58,0xCE58,0xD69A,0xDEBA,0xDEFB,0xDEDB,0xDEFB,0xDEDB,0xDEFB,0xE6FC,0xD69A,0xD69A,0xDEBB,0xDEBB,0xD6BA,
    0xD699,0xD699,0xDE98,0xE698,0xE677,0xEE98,0xE616,0xDD73,0xCD11,0xCCB0,0xCC6F,0xD48F,0xD48F,0xD46E,0xD48E,0xD46E,
    0xCC4D,0xCC2D,0xC42C,0xCC4D,0xC42C,0xBBEB,0xB3AB,0xAB69,0xA349,0xA329,0x9B29,0x9AE8,0x92C7,0x92A7,0x8AA7,0x8A86,
    0x8286,0x8265,0x8266,0x8245,0x7A25,0x7A25,0x7A25,0x7A25,0x7A05,0x7A04,0x7A04,0x7A05,0x7A25,0x7A25,0x7A25,0x7A25,
    0x7A04,0x7A05,0x7A25,0x7A25,0x7A25,0x7A25,0x7A25,0x7A45,0x7A45,0x7A25,0x7A25,0x7A05,0x7A04,0x7A05,0x7A05,0x7204,
    0x7205,0x7A25,0x7A25,0x7A25,0x7A25,0x7A25,0x7A25,0x7204,0x71E4,0x7204,0x7A04,0x7A05,0x7A05,0x7A05,0x7A05,0x7A05,
    0x71E5,0x71E5,0x71E5,0x71E5,0x71E5,0x79E5,0x7A05,0x8225,0x8225,0x8225,0x8246,0x8247,0x7A05,0x71C4,0x71C4,0x69A4,
    0x6184,0x6163,0x6163,0x6184,0x69C4,0x69C4,0x61A4,0x6183,0x5983,0x5963,0x5963,0x5963,0x5983,0x6184,0x6984,0x6984,
    0x6984,0x69A4,0x69A4,0x6984,0x6984,0x6984,0x69A4,0x61C4,0x61C4,0x61A4,0x61C4,0x5984,0x5163,0x5143,0x4943,0x4923,
    0x4902,0x40E1,0x38A1,0x3080,0x3080,0x2860,0x2840,0x2840,0x2840,0x2840,0x2860,0x30A1,0x30A1,0x30A1,0x30A1,0x30C1,
    0x38C2,0x38E2,0x4102,0x4122,0x4943,0x4943,0x5163,0x5143,0x5143,0x5143,0x5943,0x5942,0x5943,0x5143,0x5143,0x5143,
    0x5143,0x5123,0x4922,0x4923,0x4102,0x4102,0x3081,0x2840,0x30A1,0x4102,0x5164,0x59A4,0x69C5,0x71E6,0x7206,0x7A26,
    0x7A47,0x8267,0x7A67,0x7A46,0x7A26,0x7A26,0x7A26,0x7A26,0x7A26,0x7A26,0x7A26,0x7A26,0x7A26,0x7A47,0x7A47,0x7A26,
    0x7A06,0x7A06,0x7A05,0x7205,0x71E5,0x71E5,0x69E5,0x69C5,0x69C5,0x69C4,0x61C5,0x69C5,0x69A5,0x61A4,0x6184,0x6184,
    0x5963,0x5963,0x6183,0x5963,0x5963,0x6183,0x6183,0x5963,0x5963,0x5963,0x5963,0x5942,0x5963,0x5963,0x5942,0x5963,
    0x5963,0x5963,0x5963,0x5963,0x6183,0x6183,0x61A4,0x61A3,0x61A4,0x69C4,0x69C4,0x69C4,0x69C4,0x69E4,0x69E5,0x69E4,
    0x69E5,0x71E5,0x71E5,0x7205,0x7206,0x6A06,0x69E6,0x61E6,0x61E6,0x61E6,0x59E6,0x59E7,0x5A07,0x49A6,0x49E7,0x62AB,
    0x8C11,0x9CB3,0xA4F5,0x9D76,0xAE18,0xC67A,0xDF1C,0xCE59,0x838E,0x5A08,0x6A49,0x7A8A,0x8ACB,0x82CA,0x82AA,0x82CA,
    0x8AEA,0x930B,0x932B,0x930B,0x930A,0x930A,0x932A,0x932A,0x9B4B,0x934C,0x938D,0x938E,0x8B8E,0x9410,0xCDD7,0xF79F,
    0xFFFF,0xE75E,0xDF3E,0xCEBB,0xBE3A,0xB5D8,0xA556,0x9D15,0x9CF5,0xA536,0xB5B7,0xC5D7,0x628A,0x5A07,0x59A5,0x5164,
    0x59A5,0x59A5,0x61E6,0x69E6,0x7206,0x7207,0x7207,0x7A69,0x6A69,0x940F,0xFF9D,0xE73C,0xCE58,0xDEFB,0xDEFB,0xD6B9,
    0xDEB9,0xDEB9,0xE6B9,0xE6DA,0xDE98,0xDE78,0xDE99,0xDE78,0xDE99,0xD658,0xDEB9,0xDE99,0xD678,0xDE99,0xD657,0xD678,
    0xDE78,0xD657,0xD657,0xDE78,0xDE98,0xDE98,0xDE78,0xD657,0xD657,0xD637,0xD637,0xDE98,0xDE98,0xD678,0xDE98,0xD657,
    0xDE98,0xD658,0xDE99,0xDE98,0xDE99,0xD657,0xD637,0xDE98,0xDE78,0xDE99,0xDE99,0xD658,0xCE37,0xDE78,0xDE99,0xDE78,
    0xDE99,0xDE78,0xD658,0xD678,0xDEB9,0xDE98,0xD678,0xD678,0xDE99,0xDE98,0xE6B9,0xDE78,0xDE98,0xE6B9,0xDEB9,0xDE98,
    0xDE98,0xDE98,0xDE98,0xDE98,0xDE98,0xD658,0xDE99,0xDE98,0xDE99,0xDE99,0xDE99,0xDE99,0xDEB9,0xDEB9,0xDEB9,0xDEB9,
    0xDEB9,0xDE98,0xD678,0xD678,0xDE98,0xDE99,0xDEB9,0xE6B9,0xD637,0xD658,0xDE98,0xDE98,0xE6D9,0xDE78,0xDEB9,0xDEB9,
    0xDEB9,0xDEB8,0xDEB8,0xDE98,0xD678,0xDE99,0xDE99,0xDE99,0xDEB9,0xDE99,0xE73C,0xEF5D,0xEF7D,0xF79E,0xFFDF,0xFFDF,
    0xF79E,0xE75D,0xDEFC,0xCE9A,0xC618,0xCE5A,0xDEDB,0xD6BB,0xE71C,0xEF7E,0xEF5E,0xF79F,0xEF7E,0xFFDF,0xFFBF,0xF7DF,
    0xFFDE,0xF79D,0xFFDD,0xF6F9,0xE616,0xD553,0xC48F,0xCCAF,0xCC8F,0xD48F,0xDC8F,0xDC6E,0xD44D,0xCC2C,0xCC2C,0xC40C,
    0xBBEB,0xB3AB,0xB38A,0xB3AA,0xB38A,0xAB69,0xA328,0x9AE7,0x92C7,0x8AA7,0x8AA7,0x8A86,0x8266,0x8266,0x8266,0x8266,
    0x7A65,0x7A45,0x8246,0x8246,0x7A25,0x7A05,0x7A05,0x7A05,0x7A05,0x7A05,0x7A05,0x7A05,0x7A25,0x7A25,0x7A25,0x7A25,
    0x7A25,0x7A25,0x7A25,0x7A25,0x7A25,0x7A25,0x7A25,0x7A05,0x7A25,0x8245,0x7A25,0x7A25,0x7A05,0x7A25,0x7A25,0x7A24,
    0x7A25,0x7A24,0x7A24,0x7A04,0x7A25,0x7A04,0x7204,0x7204,0x7A04,0x7A04,0x7A04,0x71E4,0x7A04,0x7A25,0x7A05,0x7A05,
    0x79E5,0x79E5,0x79E5,0x71E5,0x71E5,0x79E5,0x79E5,0x7A05,0x79E5,0x7A05,0x7A05,0x7A05,0x71C4,0x6984,0x6984,0x6184,
    0x6163,0x5943,0x6164,0x61A4,0x61A5,0x5984,0x5164,0x5143,0x4903,0x4902,0x4903,0x4923,0x4943,0x5163,0x5163,0x5984,
    0x5984,0x59A4,0x5984,0x5984,0x5984,0x5984,0x5163,0x5163,0x4943,0x4922,0x4102,0x38E2,0x30A1,0x3061,0x2840,0x2840,
    0x2840,0x2040,0x2040,0x2040,0x2860,0x2860,0x2860,0x3081,0x30A1,0x30C1,0x30C1,0x30A1,0x38C2,0x38C2,0x38E2,0x4102,
    0x4102,0x4103,0x4923,0x4942,0x5143,0x5163,0x5163,0x5963,0x5984,0x5984,0x5964,0x5963,0x5963,0x5962,0x5963,0x5943,
    0x5963,0x5943,0x5143,0x5143,0x5123,0x4903,0x4103,0x38C2,0x2020,0x30A1,0x4122,0x5164,0x59A4,0x69C5,0x7206,0x7205,
    0x7A46,0x7A67,0x7A47,0x7A47,0x7A46,0x7206,0x7205,0x7226,0x7206,0x7A06,0x7A26,0x7A26,0x7A26,0x7A26,0x7A26,0x7A26,
    0x7A26,0x7A26,0x7A26,0x7A25,0x7205,0x7205,0x71E5,0x71E5,0x69E5,0x69C5,0x69C5,0x69C5,0x69C5,0x69A4,0x69A4,0x61A4,
    0x6184,0x61A3,0x61A4,0x6183,0x6183,0x6183,0x6183,0x6183,0x5963,0x5963,0x5963,0x5942,0x5942,0x5942,0x5942,0x5942,
    0x5942,0x5963,0x5942,0x5942,0x5963,0x5963,0x5963,0x5963,0x6183,0x6183,0x6183,0x6183,0x61A4,0x69C4,0x69C4,0x69E5,
    0x69E5,0x69C4,0x69C5,0x69E5,0x69E5,0x61C6,0x59A6,0x59C6,0x61E7,0x59C6,0x49A6,0x49A6,0x5A49,0x9C72,0xDE7A,0xEF5D,
    0xF7BF,0xF7BF,0xE75E,0xE77F,0xDF5E,0xE77F,0xE77E,0xFFDF,0xF77E,0xC5B7,0x838E,0x6249,0x6A8A,0x7AAB,0x82EB,0x82EB,
    0x82EB,0x82EA,0x8B0B,0x8B0B,0x8B0A,0x934B,0x934B,0x934C,0x8B4C,0x832C,0x836E,0x838F,0x8C32,0xB598,0xC65B,0xB5F9,
    0xA577,0x9D56,0x9D56,0xA577,0xB5F8,0xCE7B,0xD6BC,0xD6BC,0xDEFD,0xDF5E,0xE71D,0xFFDF,0xACB3,0x4985,0x59C6,0x5164,
    0x5184,0x59A5,0x61A5,0x69C6,0x71E6,0x7207,0x7207,0x7248,0x6A69,0x7B4C,0xDE99,0xDEFB,0xE77D,0xF7BE,0xF7DF,0xF79E,
    0xE73C,0xDEDA,0xD699,0xD658,0xBD94,0xB554,0xCE17,0xD678,0xE6BA,0xDE99,0xEF1B,0xE6DA,0xDE79,0xD658,0xD658,0xDE98,
    0xDE98,0xDE98,0xD678,0xD637,0xD677,0xD657,0xD657,0xD657,0xD657,0xD657,0xD678,0xD657,0xDE98,0xD637,0xD657,0xD657,
    0xE6D9,0xD678,0xDE78,0xDE78,0xDE98,0xDE98,0xDE98,0xDE78,0xDE98,0xDE78,0xE6D9,0xD678,0xDE78,0xD678,0xDE78,0xD658,
    0xDE98,0xD678,0xDE99,0xE6B9,0xDE99,0xD658,0xDE98,0xD678,0xD658,0xDE98,0xDE98,0xDE98,0xDE98,0xDE78,0xD657,0xDE78,
    0xDE78,0xD678,0xDEB9,0xDE98,0xDE99,0xDE98,0xDE99,0xD678,0xDE78,0xE6B9,0xDEB9,0xDE98,0xDE78,0xD658,0xDEB9,0xDE78,
    0xDE98,0xDEB9,0xDE98,0xDE98,0xDE98,0xDEB9,0xD698,0xDE98,0xE6D9,0xD678,0xDE98,0xDE98,0xDEB9,0xDEB9,0xDE99,0xDE98,
    0xDE98,0xE6D9,0xE6B9,0xDEB8,0xDE98,0xD678,0xDEBA,0xE6BA,0xDE7A,0xCE18,0xCE79,0xC659,0xCE9A,0xCE7A,0xCE59,0xD69A,
    0xDEFC,0xEF5D,0xF7BF,0xFFDF,0xF79E,0xE73D,0xD6BB,0xC639,0xC619,0xBDF8,0xBDF8,0xC5F9,0xCE3A,0xCE39,0xD67A,0xD69A,
    0xDEDA,0xFF7C,0xE678,0xCD32,0xC4D1,0xCCB0,0xCCAF,0xDCCF,0xDCCF,0xD46E,0xD44E,0xD44D,0xCC0C,0xCBEB,0xBBAA,0xB38A,
    0xAB6A,0xA328,0x9B08,0x9AE7,0x92C7,0x92C7,0x8AA6,0x8A86,0x8A66,0x7A45,0x8246,0x7A45,0x7A45,0x7A25,0x7A25,0x7A45,
    0x7A45,0x7A25,0x7A25,0x7A25,0x7A25,0x7A05,0x7A05,0x7A25,0x7A25,0x7A25,0x7A25,0x7A25,0x7A24,0x7A25,0x7A25,0x7A25,
    0x7A45,0x7A25,0x7A24,0x7A24,0x7A25,0x7A25,0x7A25,0x7A25,0x7A25,0x7A25,0x7A25,0x7A05,0x7A05,0x7A05,0x7A25,0x7A24,
    0x7A04,0x7204,0x7204,0x7A04,0x7A24,0x7A24,0x7204,0x71E4,0x71E4,0x79E4,0x71E4,0x71C3,0x71C3,0x71E4,0x71E4,0x71E4,
    0x79E5,0x79E5,0x79C4,0x79C4,0x79C4,0x71C4,0x71C4,0x71C5,0x71A4,0x71C4,0x71C5,0x71C5,0x69A4,0x6163,0x6164,0x6163,
    0x5963,0x5943,0x5123,0x5102,0x40C2,0x3840,0x3020,0x3020,0x2820,0x2820,0x2820,0x3020,0x3040,0x2840,0x2840,0x3060,
    0x2860,0x2840,0x2840,0x3080,0x3080,0x3080,0x3080,0x2860,0x2840,0x2840,0x2040,0x2040,0x2020,0x2020,0x2020,0x2040,
    0x2060,0x2880,0x30A1,0x30A1,0x30C1,0x38E2,0x38C2,0x38E2,0x38E2,0x38E2,0x38E2,0x40E2,0x40E2,0x40E2,0x4103,0x4923,
    0x4923,0x4923,0x5143,0x5984,0x59A4,0x61A4,0x61A4,0x61A4,0x61A4,0x61A4,0x6184,0x6183,0x6183,0x6162,0x6163,0x6183,
    0x6183,0x5963,0x5943,0x5943,0x5943,0x5123,0x4923,0x4123,0x38C1,0x2860,0x30A1,0x4922,0x5163,0x5984,0x69C5,0x7205,
    0x7226,0x7A46,0x7A46,0x7A47,0x7A46,0x7206,0x7205,0x7A06,0x7205,0x7206,0x7A26,0x7A26,0x7206,0x7A26,0x7A26,0x7A27,
    0x7A27,0x7A26,0x7A26,0x7A06,0x7205,0x7205,0x69E5,0x69C5,0x69C5,0x69C4,0x69A5,0x69A4,0x69A4,0x69A4,0x69A4,0x69A4,
    0x61A4,0x6183,0x61A4,0x61A3,0x6183,0x61A4,0x61A4,0x6183,0x5983,0x5963,0x5963,0x5943,0x5943,0x5943,0x5942,0x5942,
    0x5963,0x5963,0x5963,0x5963,0x5962,0x5942,0x5942,0x5963,0x5943,0x5942,0x5963,0x5983,0x6184,0x6184,0x61A4,0x61A4,
    0x61C5,0x61A4,0x5984,0x61C5,0x59A5,0x5985,0x5185,0x4124,0x38E3,0x3904,0x5249,0x8C10,0xBD96,0xDEBB,0xCE7A,0xBDF9,
    0xAD97,0xAD97,0xAD97,0xA577,0xA578,0xBDF9,0xD6BC,0xE73E,0xEF9E,0xEF5D,0xD67A,0x9492,0x6AEC,0x6249,0x6269,0x6A89,
    0x6A89,0x6AA9,0x72A9,0x72A9,0x72A9,0x7ACA,0x72CA,0x832C,0x834D,0x838F,0xA4D4,0xAD36,0xAD77,0xA598,0x9D78,0xADDA,
    0xC65B,0xD6DD,0xDF3D,0xEFBF,0xF7FF,0xF7DF,0xF7BF,0xFFBF,0xFFDF,0xEFBF,0xEF9F,0xF77E,0xE6BA,0x6228,0x51A5,0x5185,
    0x5164,0x5985,0x5985,0x61A5,0x71E6,0x7206,0x7206,0x6A07,0x7269,0x6AAA,0xD658,0xFFFF,0xEFBF,0xEF9E,0xDF1C,0xCE79,
    0xDEFB,0xDEDA,0xE71B,0xE71B,0xCE37,0xCE17,0xD699,0xDE99,0xEF3B,0xE6DA,0xD678,0xD658,0xD678,0xD658,0xD678,0xDEB9,
    0xD677,0xDE98,0xDE78,0xD678,0xD678,0xD657,0xDE78,0xDE98,0xD678,0xD677,0xDE98,0xD637,0xD657,0xD657,0xD657,0xD657,
    0xD657,0xCE37,0xDE98,0xD657,0xD657,0xDE98,0xDE78,0xDE98,0xDE98,0xDE78,0xDE98,0xD657,0xDE98,0xDE78,0xDE98,0xDE98,
    0xD678,0xD657,0xDE98,0xDEB9,0xDE78,0xD657,0xDEB9,0xDE98,0xDE98,0xDE98,0xDE78,0xDE98,0xDE98,0xD678,0xDE98,0xD657,
    0xDE98,0xDEB8,0xE6B9,0xDE99,0xD678,0xDED9,0xD678,0xDEB9,0xDEB9,0xD658,0xDE99,0xDE79,0xE69A,0xDE79,0xE678,0xDE78,
    0xDE78,0xE6B9,0xD678,0xD698,0xDED9,0xD6B9,0xD6D9,0xD6B9,0xDEB9,0xD678,0xD677,0xDEB8,0xDE77,0xDE98,0xDEB9,0xDE99,
    0xDE99,0xDE99,0xDE79,0xDEBA,0xE71C,0xEF5D,0xEF7E,0xEF5E,0xE6FC,0xD69B,0xCE9A,0xCEBA,0xCEBB,0xCE9A,0xD67A,0xCE59,
    0xCE39,0xDE59,0xDE7A,0xE6DB,0xF75D,0xFFBE,0xFFDF,0xFFFF,0xFFBF,0xFF9F,0xF77E,0xEF3D,0xEF1C,0xDE79,0xDE38,0xDE17,
    0xCD53,0xC4D1,0xBC6F,0xC46E,0xCCAF,0xCC8E,0xD46E,0xD46D,0xD44D,0xCC2D,0xCC0C,0xBBAA,0xB38A,0xAB69,0xA308,0x9B28,
    0x9B08,0x92C8,0x8AA7,0x8A87,0x8A86,0x8A86,0x8266,0x8245,0x7A25,0x7A25,0x7A25,0x7A25,0x7A25,0x7A05,0x7205,0x7204,
    0x7205,0x7A25,0x7A25,0x7A04,0x7A04,0x7A05,0x7A25,0x7A25,0x7A05,0x7A04,0x7A05,0x7A25,0x7A24,0x7A24,0x7A24,0x7A04,
    0x7A04,0x7A24,0x7A24,0x7A04,0x7204,0x7204,0x71E4,0x71E4,0x7204,0x7204,0x7204,0x7A05,0x7A05,0x7A05,0x7A05,0x7A05,
    0x7A05,0x7A05,0x7A05,0x71E4,0x71E4,0x7A04,0x7A04,0x79E4,0x71C3,0x71A3,0x71A3,0x6983,0x6983,0x6983,0x6983,0x69A4,
    0x71C4,0x79C4,0x79C4,0x79C5,0x79C5,0x79C4,0x71A4,0x71A4,0x71A4,0x71A5,0x6984,0x61A5,0x61A5,0x6184,0x5964,0x5123,
    0x40E2,0x38A0,0x3080,0x2840,0x3820,0x4880,0x50E2,0x6963,0x79E5,0x8246,0x92A8,0xA309,0xAB4A,0xAB6B,0x9B2A,0x9B2A,
    0x8AA8,0x69E5,0x5123,0x3880,0x3060,0x3080,0x3081,0x30A2,0x3081,0x3081,0x3081,0x30A1,0x30A1,0x30A1,0x30C1,0x38C1,
    0x30C1,0x30C2,0x38C2,0x38C2,0x38E2,0x40E2,0x40E2,0x40E2,0x4102,0x4102,0x4102,0x4923,0x4923,0x4943,0x5143,0x5143,
    0x5163,0x5184,0x59A4,0x61A4,0x69C5,0x69C4,0x69C4,0x69A4,0x69A3,0x69A3,0x71A3,0x71C3,0x79E4,0x79E4,0x8225,0x8A66,
    0x8246,0x6983,0x6163,0x5963,0x5964,0x5143,0x5143,0x4923,0x40E2,0x38C1,0x3080,0x38C1,0x4102,0x4943,0x5184,0x61C4,
    0x6A06,0x7226,0x7A46,0x7A47,0x7A47,0x7A26,0x7A26,0x7A05,0x7206,0x7206,0x7206,0x7206,0x7226,0x7206,0x7226,0x7226,
    0x7226,0x7A26,0x7A06,0x7206,0x7206,0x71E5,0x69E5,0x69E5,0x69C5,0x61C5,0x61A4,0x69A4,0x61A4,0x61A4,0x61A4,0x61A4,
    0x61A4,0x61A4,0x61A4,0x59A4,0x59A4,0x59A4,0x59A4,0x5983,0x5963,0x5143,0x5143,0x5123,0x5123,0x5123,0x5143,0x5143,
    0x5143,0x5143,0x5163,0x5142,0x5142,0x5162,0x5142,0x5142,0x5162,0x5163,0x5142,0x5143,0x5163,0x5143,0x5143,0x5985,
    0x5164,0x4985,0x4985,0x4144,0x3924,0x2904,0x3986,0x5A8A,0x8C31,0xBDD7,0xDEDB,0xEF5D,0xEF7D,0xDF1C,0xDF1C,0xE73D,
    0xDF1C,0xD71C,0xD6FC,0xDF1C,0xEF9E,0xEF9E,0xEF7E,0xE75D,0xC67A,0xA535,0xB5D7,0xC639,0xBDF8,0xB596,0xAD14,0xAD34,
    0xB555,0xA4D3,0x9C72,0x9C71,0xA492,0xA4D3,0xAD35,0xCE59,0xDEDC,0xE71D,0xF79E,0xEF9E,0xEF9F,0xF7BF,0xF7BF,0xF7DF,
    0xF7DF,0xFFFF,0xF7FF,0xF7DF,0xF7BF,0xF7BF,0xFFFF,0xFFFF,0xFFFF,0xF7DF,0xF7DF,0xE73D,0xFFBF,0x8BF0,0x4986,0x5185,
    0x5144,0x5984,0x59A5,0x59A5,0x69E5,0x7206,0x71C5,0x7207,0x7269,0x6A49,0xACB3,0xC5F9,0xA577,0xADB8,0xBE39,0xDEFC,
    0xEF7D,0xE73C,0xEF5D,0xEF5D,0xEF7E,0xEF9D,0xF7DE,0xF7BE,0xF79D,0xF79D,0xF79D,0xEF5C,0xE71B,0xC637,0xD658,0xD637,
    0xDE78,0xDE98,0xD658,0xDE99,0xDE78,0xCE37,0xDE78,0xDE98,0xDE57,0xDE98,0xDE77,0xD657,0xD677,0xD677,0xDEB8,0xD698,
    0xE6B9,0xDE98,0xDE98,0xDEB9,0xD678,0xE6D9,0xDEB9,0xDE98,0xDE98,0xD678,0xD677,0xDE98,0xD678,0xDEB9,0xD678,0xD657,
    0xCE37,0xDE78,0xDE98,0xDE98,0xE6D9,0xDE78,0xDE78,0xDE98,0xE6B9,0xDE78,0xD657,0xDE99,0xDE99,0xDE98,0xDEB9,0xDEB8,
    0xDE98,0xDE98,0xDEB9,0xDEB9,0xDE99,0xD678,0xDE78,0xDE79,0xDE99,0xDE99,0xE6BA,0xDE99,0xD659,0xDE9A,0xE6D9,0xDEB9,
    0xD678,0xD678,0xCE57,0xDED9,0xE71A,0xD6B9,0xD6B9,0xDEFA,0xDEFA,0xD699,0xD678,0xD698,0xDE98,0xDED9,0xD6B9,0xD699,
    0xDEDA,0xEF1B,0xEF5C,0xF79E,0xF7DF,0xF7DF,0xF7BF,0xF7BF,0xFFBF,0xFFFF,0xFFFF,0xFFFF,0xFFFF,0xFFFF,0xFFDF,0xFFDF,
    0xFF9E,0xFF3C,0xF6DB,0xEE79,0xDE37,0xDE37,0xE658,0xEE99,0xF6DA,0xF6DA,0xF6DA,0xEEBA,0xE679,0xD5B6,0xC513,0xC4B1,
    0xCCB1,0xCCB0,0xCC6F,0xD46E,0xCC4D,0xC42C,0xC40C,0xC3EB,0xBBAB,0xB38A,0xB38A,0xAB49,0xA328,0x9AE8,0x9AC7,0x92C7,
    0x8AA7,0x8AA7,0x8286,0x8266,0x8246,0x7A45,0x7A25,0x7A25,0x7A25,0x7A05,0x7204,0x7A25,0x7A25,0x7A05,0x7A05,0x7A05,
    0x7A05,0x7A25,0x7A25,0x7A04,0x7A04,0x7A04,0x7A05,0x7A05,0x7A04,0x7A04,0x7A05,0x7A04,0x7204,0x71E4,0x71E4,0x71E3,
    0x71E3,0x71E3,0x71C3,0x71C3,0x71C3,0x71E3,0x71E3,0x71E4,0x7A04,0x7A04,0x71E4,0x7A04,0x7A05,0x7A05,0x7A05,0x7A05,
    0x7A05,0x7A05,0x7A04,0x79E4,0x71E4,0x71E3,0x71C3,0x71C3,0x71C3,0x71A3,0x71A3,0x69A3,0x6183,0x6183,0x6183,0x6184,
    0x61A4,0x69A4,0x69A4,0x71C4,0x71C5,0x69C5,0x69C5,0x69C5,0x69C5,0x6184,0x61A5,0x5984,0x4922,0x48E1,0x3880,0x3860,
    0x40A0,0x5102,0x6184,0x7A46,0xA309,0xB3AB,0xB3AB,0xBBEC,0xCC4D,0xD48E,0xDCD0,0xE4F0,0xE510,0xE510,0xDCAF,0xD48E,
    0xD48E,0xCC8F,0xCC8F,0xABAC,0x8287,0x5963,0x40C1,0x40E3,0x4123,0x4103,0x4103,0x40E2,0x40E2,0x38E2,0x38E2,0x4102,
    0x4102,0x4102,0x4102,0x4102,0x4102,0x4123,0x4923,0x4923,0x4923,0x5143,0x5163,0x5163,0x5163,0x5184,0x59A4,0x5984,
    0x59A4,0x59C5,0x61C4,0x69C4,0x69A4,0x6983,0x71C4,0x79E4,0x8225,0x92A6,0x9AC7,0xA2E8,0xA328,0xAB29,0xAB49,0xA329,
    0x9AE8,0x71C4,0x6183,0x61A4,0x5964,0x5964,0x5964,0x5143,0x4922,0x4902,0x40E2,0x38A0,0x38C1,0x4123,0x4943,0x5963,
    0x61A4,0x69C5,0x7226,0x7A46,0x7A46,0x7A26,0x7A26,0x7A05,0x7206,0x7206,0x7206,0x7206,0x7206,0x7206,0x7206,0x7206,
    0x7206,0x7206,0x7206,0x71E6,0x71E6,0x69C5,0x69C5,0x69E5,0x69C5,0x61C5,0x61A4,0x61A4,0x61A3,0x6183,0x6183,0x6183,
    0x6184,0x5983,0x5984,0x5963,0x5163,0x5163,0x5163,0x5143,0x5143,0x5123,0x5123,0x5123,0x5123,0x5123,0x5123,0x5123,
    0x5122,0x5142,0x5142,0x5142,0x5142,0x5142,0x5142,0x5143,0x5143,0x4943,0x4923,0x4943,0x4923,0x4944,0x4964,0x4124,
    0x30E3,0x28C3,0x3103,0x4186,0x6AEB,0x9472,0xC618,0xE75D,0xF7DF,0xF7DF,0xF7BF,0xFFDF,0xFFFF,0xFFFF,0xFFFF,0xFFFF,
    0xFFFF,0xFFFF,0xFFFF,0xF7FF,0xF7DF,0xEF9F,0xE75E,0xEF7F,0xEF9E,0xF7DF,0xF7DF,0xFFFF,0xFFFF,0xFFFF,0xFFFF,0xFFFF,
    0xFFFF,0xFFFF,0xFFFF,0xFFFF,0xFFFF,0xFFFF,0xFFFF,0xF7DF,0xF7DF,0xF7DF,0xF7DF,0xF7DF,0xF7DF,0xFFDF,0xFFDF,0xFFDF,
    0xFFFF,0xFFFF,0xFFFF,0xFFFF,0xFFDF,0xEF9E,0xDF1C,0xC659,0xAD97,0x94F4,0xE73D,0xF7BF,0xFFDF,0xCDD7,0x49C7,0x5185,
    0x5143,0x5984,0x59A5,0x59A5,0x69C5,0x71E6,0x71C5,0x71E6,0x7248,0x6A49,0x8BAF,0xCE3A,0xC65A,0xDF3D,0xF7BF,0xF7BE,
    0xF79E,0xEF7D,0xEF5D,0xE71C,0xE6FC,0xE71C,0xEF5D,0xEF7D,0xEF7E,0xEF7D,0xEF7D,0xEF7D,0xEF3C,0xD679,0xD678,0xDE99,
    0xD658,0xDE78,0xDE78,0xD637,0xDE98,0xDE99,0xDE78,0xDE57,0xD637,0xD637,0xD657,0xD677,0xDE98,0xD657,0xCE36,0xCE57,
    0xDE98,0xD678,0xD657,0xDE98,0xD657,0xD657,0xCE37,0xD657,0xDE98,0xDE98,0xD678,0xDE78,0xD678,0xDE98,0xD678,0xCE37,
    0xDEB9,0xDE78,0xD657,0xD678,0xDEB9,0xDE78,0xE6B9,0xDE98,0xD678,0xDE98,0xE6B9,0xDEB9,0xDEB9,0xD678,0xDE98,0xDEB8,
    0xDE98,0xDE98,0xDE99,0xD679,0xDE79,0xE67A,0xE67A,0xE67A,0xE67A,0xDE9A,0xDE9A,0xDEBA,0xCE79,0xD6B9,0xDED9,0xCE78,
    0xD6B9,0xD6D9,0xDEDA,0xCE38,0xD658,0xDEDA,0xE6DB,0xE73C,0xEF7D,0xEF7D,0xEF3C,0xE6FB,0xCE79,0xD6BA,0xE73C,0xEF7D,
    0xF7BE,0xF7DF,0xF7DF,0xF7DF,0xF7DE,0xF7BE,0xF7BE,0xF7BE,0xFFBE,0xF75C,0xE6FB,0xF75C,0xFF9D,0xFF9D,0xFF5C,0xF6B9,
    0xE637,0xE5F6,0xDDB5,0xEE16,0xEE15,0xE5F5,0xE5F5,0xE5D4,0xD573,0xCD11,0xBCB0,0xBC90,0xC4B0,0xC4B1,0xCC90,0xCC70,
    0xD4B0,0xD48F,0xCC2D,0xCC0D,0xC3EC,0xBBAB,0xBBAB,0xB38A,0xAB49,0xA308,0xA308,0x9AE8,0x92C7,0x92A7,0x92A7,0x8A86,
    0x7A45,0x7A45,0x7A45,0x7A45,0x7A25,0x7A05,0x7204,0x7A05,0x7A25,0x7A25,0x7A05,0x7A25,0x7A25,0x7A25,0x7A25,0x7A25,
    0x7A25,0x7A25,0x7A25,0x7A05,0x7A04,0x7A04,0x7A04,0x7A04,0x7A04,0x7A04,0x7A04,0x7A04,0x7A04,0x79E4,0x71E4,0x71E4,
    0x71E4,0x71E4,0x71C3,0x71C3,0x71E4,0x71E3,0x71E3,0x71E3,0x71E4,0x71E4,0x71E4,0x7205,0x7A05,0x7A05,0x7A04,0x8204,
    0x7A04,0x7A04,0x79E4,0x79E4,0x71E4,0x71E3,0x71C3,0x69C3,0x61A3,0x61A3,0x61A4,0x61A4,0x61A4,0x6184,0x5964,0x5164,
    0x5164,0x5983,0x5983,0x5983,0x5163,0x5163,0x5163,0x5163,0x4942,0x4902,0x40E1,0x38E1,0x38A0,0x40C0,0x5122,0x69A4,
    0x92C8,0xB3AB,0xC3CC,0xCC0D,0xCC2C,0xC40C,0xC40C,0xCC2D,0xD46E,0xD48E,0xDCAF,0xD48F,0xD48F,0xD44D,0xC3EB,0xC3CB,
    0xBBAA,0xBBAA,0xC3EB,0xC40C,0xC42C,0xB38A,0x8A87,0x6184,0x5143,0x5143,0x5143,0x4923,0x4943,0x4923,0x4943,0x4943,
    0x4923,0x4923,0x4923,0x4923,0x4943,0x5163,0x5164,0x5164,0x5164,0x5164,0x5164,0x5184,0x5984,0x5984,0x61A4,0x5984,
    0x61A4,0x69E5,0x69C5,0x69A3,0x71C4,0x7A25,0x9AE8,0xA329,0xAB49,0xAB69,0xAB49,0xAB49,0xAB49,0xAB49,0xAB28,0xA328,
    0xAB49,0x8A66,0x6962,0x69C4,0x6184,0x6184,0x5984,0x5963,0x5143,0x4943,0x4902,0x40E2,0x38C1,0x38C1,0x4102,0x5143,
    0x5963,0x61A4,0x69C5,0x7205,0x7226,0x7A26,0x7A26,0x7A06,0x7206,0x71E6,0x71E6,0x71E6,0x71E6,0x71E6,0x71E6,0x7206,
    0x7206,0x7206,0x7206,0x71E6,0x71E5,0x69E5,0x69C5,0x69C5,0x69C5,0x61A4,0x61A4,0x61A3,0x6183,0x5983,0x5963,0x5963,
    0x5963,0x5163,0x5163,0x5143,0x5143,0x4943,0x4922,0x4902,0x48E2,0x4902,0x4902,0x5122,0x5122,0x5122,0x5122,0x5122,
    0x5122,0x5122,0x4922,0x4922,0x4922,0x4922,0x4923,0x4943,0x4123,0x4944,0x4964,0x4144,0x3903,0x30C2,0x3104,0x4165,
    0x5A8A,0x83CF,0xBD96,0xE6DB,0xEF3D,0xE71D,0xD69B,0xCE5A,0xC63A,0xB5D9,0xBE1A,0xC63A,0xCE5A,0xC63A,0xBE1A,0xBE3A,
    0xBDF9,0xB5F9,0xB5D9,0xBDFA,0xB5B9,0xBDFA,0xCE9C,0xDEFD,0xEF7F,0xF7BF,0xE75E,0xDF1D,0xD6DC,0xCEDC,0xCE9B,0xCEBB,
    0xD6DC,0xD6FC,0xD6FC,0xDEFD,0xDF1D,0xDF1D,0xE73D,0xE73D,0xE75E,0xEF7E,0xEF7F,0xEF7F,0xEF5E,0xE73E,0xE71D,0xDEFC,
    0xDEFC,0xDEFC,0xD6DB,0xD6BB,0xCE7A,0xB5D8,0xAD96,0xBE18,0xCE7A,0x9D15,0xB5B8,0xC619,0xCE39,0xEF1C,0x6ACB,0x4985,
    0x4943,0x5964,0x5984,0x5985,0x61A5,0x69C5,0x71E6,0x71E6,0x6A07,0x6A69,0x8B6E,0xFF9E,0xFFFF,0xF7BF,0xF7BF,0xF79E,
    0xF7DF,0xFFBF,0xF79E,0xF77F,0xF77F,0xF77F,0xEF7F,0xEF5E,0xEF5E,0xEF5E,0xEF3D,0xE6FC,0xEF3D,0xF75D,0xEF3C,0xCE38,
    0xD658,0xC5F6,0xCE17,0xDE98,0xDE98,0xDE98,0xDE78,0xDE78,0xDE57,0xD637,0xDE77,0xDE77,0xD677,0xD698,0xDE98,0xD677,
    0xDE78,0xDE98,0xDE78,0xD657,0xDE78,0xDEB9,0xD657,0xDE78,0xDE98,0xDE98,0xDE98,0xDE98,0xE6B9,0xDE98,0xD657,0xDEB9,
    0xDE98,0xDE98,0xE6B9,0xDE98,0xD657,0xD657,0xD657,0xD678,0xDE98,0xD678,0xD678,0xD678,0xDE98,0xD657,0xD678,0xD678,
    0xD657,0xD678,0xD679,0xD679,0xE69B,0xEE9B,0xEE9B,0xF6DC,0xFF5E,0xFF9F,0xFFBE,0xF77E,0xF79E,0xF79D,0xEF7C,0xF7BE,
    0xDEFB,0xC617,0xDEDA,0xB595,0xBDB6,0xEF5D,0xEF3C,0xEF7E,0xEF9E,0xEF7E,0xF7BE,0xF7DF,0xFFDF,0xF7DF,0xF7DF,0xF7FF,
    0xF7DF,0xEFDF,0xF7DF,0xF7DF,0xF7BE,0xF79D,0xFFDE,0xF75C,0xDE37,0xCDB5,0xC574,0xDDF6,0xEE98,0xEE57,0xE5F5,0xDDB4,
    0xDD93,0xE593,0xEDB3,0xEDB3,0xDD30,0xCCAF,0xC48E,0xC48E,0xCC8F,0xD4F0,0xDD31,0xDD31,0xDCF0,0xD4D0,0xD46F,0xCC4E,
    0xCC2E,0xCC0D,0xC3EC,0xBBAB,0xBB8A,0xB349,0xAB29,0xA329,0x9B08,0x92C8,0x92C7,0x8A87,0x8A86,0x8A66,0x8266,0x8266,
    0x7A45,0x7A25,0x7A25,0x7A45,0x7A25,0x7A25,0x7A25,0x7A25,0x7A25,0x7A05,0x7A05,0x7A25,0x7A25,0x7A25,0x7A25,0x7A25,
    0x7A25,0x7A25,0x7A25,0x7A05,0x7A05,0x7A04,0x7A04,0x71E4,0x7A04,0x7A05,0x71E4,0x71E4,0x71E4,0x71E4,0x71E4,0x71E4,
    0x79E4,0x79E4,0x79E4,0x71E4,0x71E4,0x7204,0x7204,0x71E4,0x71E4,0x69C4,0x69C4,0x69C4,0x69C4,0x71C4,0x71C3,0x71C3,
    0x71C3,0x71C3,0x69A3,0x69C4,0x69C4,0x69C4,0x61A3,0x61A4,0x59C4,0x59A4,0x59A4,0x5184,0x4943,0x4903,0x40E2,0x38A1,
    0x38A1,0x30A1,0x30A1,0x30A0,0x3080,0x3080,0x3080,0x3080,0x3080,0x38A0,0x38C0,0x4921,0x59A3,0x7A66,0x9B29,0xBBEC,
    0xCC0C,0xCBEC,0xCBCB,0xCBCB,0xC3CA,0xC3EB,0xCC2C,0xD44D,0xD46D,0xD48E,0xD48F,0xCC4E,0xC40D,0xC3CB,0xC3AA,0xC3AA,
    0xBB69,0xBB69,0xBBAA,0xBB69,0xBB89,0xC3AA,0xBBCB,0x9B2A,0x71E5,0x5942,0x5963,0x5963,0x5163,0x5163,0x5164,0x5164,
    0x4963,0x5163,0x5163,0x5163,0x5164,0x5984,0x5984,0x5984,0x5984,0x5984,0x5984,0x61C5,0x61C5,0x61C4,0x61C4,0x69C4,
    0x69E5,0x69E5,0x7205,0x8246,0x9AC8,0xA329,0xAB6A,0xAB49,0xAB48,0xAB48,0xAB28,0xAB48,0xAB48,0xAB28,0xAB28,0xAB28,
    0xAB28,0xA2E7,0x7A04,0x71A3,0x69A3,0x69A4,0x61A4,0x5984,0x5963,0x5143,0x4923,0x4922,0x40E2,0x38C1,0x40E2,0x40E1,
    0x5122,0x5163,0x6184,0x61C5,0x69E5,0x7206,0x7A26,0x7206,0x7206,0x71E6,0x71E5,0x71E5,0x71E5,0x71E6,0x71E6,0x71E6,
    0x7206,0x7206,0x71E5,0x71E5,0x71E5,0x69C5,0x69C4,0x69A4,0x61A4,0x6184,0x6184,0x5984,0x5983,0x5963,0x5163,0x5143,
    0x5143,0x4922,0x4922,0x4922,0x4902,0x4902,0x40E2,0x40E2,0x40E1,0x4902,0x4902,0x4902,0x4902,0x5122,0x5122,0x4921,
    0x4922,0x4922,0x4922,0x4902,0x4903,0x4903,0x4123,0x4124,0x4145,0x3904,0x30E4,0x3966,0x5A6A,0x9430,0xBD96,0xE6DB,
    0xF77E,0xFFDF,0xFFFF,0xF7BF,0xF7BF,0xF79F,0xF7DF,0xFFDF,0xEF9F,0xDEFE,0xCE7B,0xBDFA,0xAD99,0xB5B9,0xB5D9,0xBDFA,
    0xC63B,0xCE7C,0xD6BC,0xDEFD,0xD6FD,0xDEFE,0xE73E,0xDF1D,0xCE7C,0xB5DA,0xA578,0x9D16,0x94F6,0x9D36,0x9D36,0xA597,
    0xB5F9,0xB5F9,0xB5D8,0xB5B8,0xB5D8,0xADB8,0xB5B7,0xB5B7,0xAD97,0xAD97,0xB598,0xAD77,0xAD57,0xA537,0x9CF6,0x9CF6,
    0xA535,0xA556,0xAD97,0xB5B7,0xCE5A,0xDF1D,0xF7DF,0xFFFF,0xFFFF,0xF7BF,0xDEFC,0xBDD8,0xC619,0xF77E,0x9C30,0x4985,
    0x4944,0x5144,0x5185,0x5985,0x61A5,0x69C5,0x71C6,0x69E6,0x6A07,0x6A49,0x7AAB,0xE69A,0xFFFF,0xF7BF,0xF7BF,0xF7DF,
    0xF7BF,0xEF7E,0xE73E,0xE71E,0xCE5B,0xC61B,0xCE5B,0xDEDD,0xEF3E,0xE6FD,0xDEBC,0xDEDC,0xEF3D,0xEF3D,0xE6FC,0xCE59,
    0xCE39,0xCE38,0xC5F7,0xCE37,0xD637,0xDE78,0xD657,0xD657,0xDE78,0xD657,0xD677,0xD678,0xD677,0xDE98,0xD657,0xD677,
    0xDE78,0xD637,0xDE78,0xDE78,0xD678,0xDE98,0xD637,0xDE98,0xDE78,0xDE98,0xDE78,0xDE78,0xDE98,0xD637,0xD637,0xD657,
    0xDE98,0xD657,0xDE98,0xDE98,0xDE78,0xE6B9,0xDE98,0xD678,0xD657,0xD678,0xDE98,0xDEB9,0xDE98,0xDE98,0xDEB8,0xD678,
    0xD678,0xDEB9,0xDE9A,0xCE18,0xC5D8,0xBD77,0xBD37,0xB516,0xC597,0xD619,0xE6BB,0xF71D,0xFF7E,0xFF9E,0xFFBE,0xFFBE,
    0xEF3D,0xDE9A,0xDEBA,0xD69A,0xE73C,0xE73D,0xDF3D,0xE77E,0xE75E,0xEF7E,0xF7BF,0xEF9F,0xEFBF,0xF7DF,0xF7BF,0xF7BF,
    0xF7DF,0xF7BF,0xF79E,0xFFBE,0xFFBE,0xFF7D,0xEEB9,0xD594,0xC532,0xD594,0xD574,0xD553,0xD553,0xE5D4,0xEDF4,0xEDB3,
    0xED92,0xE551,0xD4AE,0xC42C,0xC44D,0xCC8E,0xD4AE,0xD4CF,0xDCEF,0xED72,0xEDB2,0xDD10,0xD4AF,0xCC4D,0xCC2D,0xC40C,
    0xBBCB,0xBBCB,0xBBAA,0xAB69,0xAB49,0xA308,0x92C8,0x92C8,0x92A8,0x8A87,0x8266,0x8246,0x8246,0x7A46,0x7A25,0x7A25,
    0x7A25,0x7A25,0x7A25,0x7A05,0x7A25,0x7A45,0x7A25,0x7A25,0x7A25,0x7A25,0x7A25,0x7A45,0x8246,0x7A25,0x7A25,0x7A25,
    0x7A25,0x7A05,0x7A05,0x7A05,0x7A05,0x7204,0x71E4,0x71E4,0x71E4,0x7204,0x71E4,0x71E4,0x71E4,0x71E4,0x71E4,0x71E4,
    0x7A05,0x7A05,0x7A05,0x7A05,0x7A05,0x71E4,0x71E4,0x71E4,0x69C4,0x69C4,0x61A3,0x61A3,0x6183,0x6183,0x6183,0x6183,
    0x6183,0x5983,0x5963,0x5163,0x5163,0x5163,0x5143,0x4943,0x4122,0x38E2,0x30A1,0x2880,0x2840,0x2020,0x2000,0x2020,
    0x2020,0x2040,0x2860,0x30A1,0x38C1,0x40E2,0x4902,0x4922,0x5163,0x59A4,0x6A05,0x8AC8,0xB3EC,0xC46E,0xCC4E,0xCC2D,
    0xC3EB,0xC3AA,0xC3AA,0xC3AA,0xCBCA,0xCBEB,0xCBEB,0xCC2C,0xD42D,0xCC2D,0xCC2D,0xC40D,0xC3EC,0xBBAB,0xB36A,0xB349,
    0xAB28,0xB329,0xAB08,0xAB28,0xB369,0xBB69,0xB349,0xAB6A,0xA309,0x8246,0x6983,0x6183,0x61A4,0x5984,0x59A4,0x59A5,
    0x59A4,0x59A4,0x59A4,0x59A4,0x59A4,0x61A5,0x61A5,0x61C5,0x61C5,0x61C5,0x61E5,0x6A06,0x7226,0x7226,0x7205,0x7A26,
    0x71E5,0x7205,0x92C7,0xAB69,0xAB49,0xAB49,0xAB49,0xAB49,0xAB49,0xB349,0xAB48,0xAB28,0xAB48,0xAB48,0xAB28,0xAB07,
    0xA2E7,0xAB08,0x9AE7,0x8225,0x71C3,0x69A3,0x69A4,0x61A4,0x5983,0x5143,0x5163,0x4922,0x40E2,0x4102,0x4102,0x40E2,
    0x40E2,0x4902,0x5143,0x5964,0x61A4,0x69C5,0x69E5,0x69E5,0x71E6,0x71E6,0x69C5,0x69C5,0x69C5,0x69C5,0x69C5,0x69C5,
    0x69C5,0x69E5,0x71E5,0x71E5,0x69C5,0x69C5,0x61A4,0x61A4,0x6184,0x6184,0x5984,0x5983,0x5963,0x5143,0x5143,0x4923,
    0x4902,0x4102,0x40E2,0x40E2,0x40E2,0x40E2,0x40E2,0x40E2,0x4102,0x4102,0x4102,0x4902,0x4902,0x4901,0x4901,0x4921,
    0x4122,0x4102,0x40E2,0x4103,0x4124,0x3904,0x38E4,0x28C4,0x20A3,0x3125,0x734E,0xBD77,0xDEBC,0xEF7E,0xEF5E,0xDEDC,
    0xD6BC,0xC65B,0xBE1A,0xBE3A,0xBDFA,0xA557,0xAD78,0xBE1A,0xDEFD,0xEF9F,0xF7DF,0xF7DF,0xF7BF,0xEF9F,0xEF9F,0xEF9F,
    0xE75F,0xE73E,0xDF1D,0xCEBC,0xCE7B,0xBE1A,0xA557,0x9CF6,0x94D5,0x8C94,0xA557,0xBE3A,0xD6DC,0xE75E,0xEFBF,0xEFBF,
    0xEFBF,0xF7DF,0xF7BF,0xF7BF,0xEF9F,0xEF9F,0xEF7F,0xEF7F,0xEF7E,0xE73E,0xDF1D,0xD6BD,0xCE9C,0xD6BD,0xD6BD,0xD6DD,
    0xDF1D,0xE75E,0xF7BF,0xFFFF,0xFFFF,0xFFFF,0xFFFF,0xF7DF,0xE75E,0xDEDD,0xD6BC,0xE73D,0xEF7F,0xFFDF,0xC5B7,0x49A6,
    0x4944,0x5144,0x5185,0x5985,0x5985,0x69A5,0x69C6,0x69E6,0x7207,0x7228,0x7269,0xACF4,0xDEFD,0xCE7B,0xC65A,0xBE3A,
    0xADD9,0x94F6,0x8C95,0x9D17,0x9CF6,0x9495,0x9D17,0xB5B9,0xC63B,0xD6BC,0xE73E,0xEF9F,0xEF9F,0xE75E,0xDF1D,0xD6BB,
    0xC619,0xBDF8,0xDEDB,0xDEDA,0xCE37,0xD678,0xD678,0xDE78,0xDE78,0xD678,0xCE37,0xDE78,0xD657,0xDE78,0xD678,0xD657,
    0xDE98,0xD657,0xDE98,0xDE98,0xDE98,0xDE78,0xD678,0xDE78,0xDE98,0xDE98,0xE6B9,0xD657,0xDE98,0xD678,0xDE78,0xDE98,
    0xD657,0xD678,0xDE98,0xD678,0xDE98,0xD678,0xD678,0xD657,0xC5B5,0xDE98,0xCE37,0xD678,0xDE98,0xD678,0xD657,0xDE98,
    0xDE98,0xD638,0xD638,0xD659,0xCE3A,0xD69B,0xD67B,0xCE3A,0xBD77,0xACD4,0xBD15,0xC577,0xCD57,0xDDD8,0xE65A,0xF6FC,
    0xFF3D,0xFF5E,0xFFBF,0xFFBF,0xEFBF,0xEF9E,0xE79E,0xEF7F,0xEF7F,0xEF9F,0xF79F,0xF79F,0xEF7F,0xEF7E,0xF79E,0xF7BF,
    0xFF9E,0xFF9E,0xFF9E,0xFF5C,0xEE99,0xDDD6,0xCD33,0xCCF2,0xD512,0xD512,0xD532,0xDD53,0xE593,0xEDD4,0xED93,0xE531,
    0xDCEF,0xCC6D,0xBBEB,0xB3CB,0xC44D,0xD4AF,0xD4AF,0xDCF0,0xED92,0xFE35,0xED92,0xC44D,0xC44D,0xC40C,0xBBEB,0xB3AA,
    0xAB8A,0xB3CA,0xA369,0x9307,0x9307,0x92E7,0x8AA7,0x8A87,0x8266,0x7A26,0x7A25,0x7A05,0x7A25,0x7A25,0x7205,0x7A25,
    0x7A25,0x7A25,0x7A25,0x7A25,0x7A25,0x7A25,0x7A25,0x7A25,0x7A45,0x7A45,0x7A25,0x7A25,0x7A05,0x7A05,0x7A05,0x7A25,
    0x7A25,0x7A25,0x7A25,0x7A05,0x7205,0x7205,0x7205,0x7205,0x7205,0x7205,0x7205,0x7205,0x7205,0x7205,0x7205,0x7205,
    0x71E4,0x71E4,0x71E4,0x71E4,0x71E4,0x71E4,0x69C4,0x61A4,0x61A3,0x6183,0x5983,0x5983,0x5963,0x5163,0x5163,0x4963,
    0x4943,0x4923,0x4102,0x4102,0x38E2,0x30A1,0x2861,0x2020,0x2020,0x2020,0x2020,0x2860,0x3081,0x3081,0x30A1,0x38C2,
    0x38C2,0x40E3,0x4103,0x4923,0x4923,0x5964,0x61A4,0x69C5,0x71E5,0x8AA8,0xBBED,0xD48F,0xDCD0,0xDCD0,0xE4F0,0xE4F0,
    0xDCAE,0xCC2C,0xC3EA,0xBBAA,0xC3AA,0xC3AA,0xCBEB,0xCC0C,0xCC0C,0xCC2D,0xC3EC,0xBB8B,0xBBAC,0xAB6B,0xA32A,0xA2E9,
    0x9AC8,0x9AE8,0xA2E8,0xA308,0xAB08,0xAB28,0xAB08,0xAB08,0xAB49,0xAB49,0x8A87,0x71E4,0x69C5,0x69C5,0x61E5,0x61C5,
    0x61C5,0x61C5,0x61E5,0x69E5,0x69E5,0x61C5,0x69E5,0x69E5,0x69E5,0x69E5,0x6A06,0x7206,0x7226,0x7A46,0x7A26,0x7A25,
    0x8246,0x9B08,0xA349,0xA328,0xAB28,0xAB49,0xAB28,0xAB28,0xAB48,0xAB28,0xAB28,0xAB08,0xAB28,0xAB07,0xAB08,0xAB27,
    0xAB07,0xAB07,0xA2E7,0xA308,0x9286,0x71E4,0x69A4,0x69A4,0x6184,0x5963,0x5963,0x5143,0x4923,0x4102,0x4102,0x4102,
    0x4102,0x4902,0x4902,0x5123,0x5123,0x5943,0x6184,0x69C5,0x69C5,0x69C5,0x69C5,0x61A5,0x61A5,0x61A5,0x61A5,0x69A5,
    0x61A5,0x61A5,0x61A4,0x61A4,0x61A4,0x61C5,0x61A4,0x5984,0x5963,0x5163,0x5143,0x5143,0x4923,0x4922,0x4102,0x4102,
    0x40E2,0x38C2,0x38C2,0x38E2,0x40E2,0x40E2,0x4102,0x4102,0x4102,0x4103,0x4102,0x4102,0x4102,0x4122,0x3902,0x3902,
    0x38E2,0x38E3,0x3903,0x30E3,0x2062,0x2083,0x3126,0x524B,0x7BD1,0xA4F6,0xA536,0xA516,0x9CD5,0x9D16,0x9D16,0x9D16,
    0x94D5,0x6BB1,0x422B,0x2988,0x4AAD,0x6350,0x6B70,0x6BB1,0x73F3,0x8474,0xA557,0xB5D9,0xADB8,0xB5D8,0xADD8,0xA577,
    0xAD97,0xADB7,0xB5F8,0xBE39,0xB619,0xBE3A,0xCEBB,0xD6DC,0xD6FC,0xD6FC,0xE77E,0xFFFF,0xFFFF,0xFFFF,0xF7DF,0xF7DF,
    0xF7BF,0xF7DF,0xFFDF,0xFFDF,0xFFBF,0xFFDF,0xFFFF,0xF7FF,0xFFFF,0xFFFF,0xEF7F,0xD6DD,0xCE9C,0xD6DD,0xDF1E,0xE73E,
    0xE77E,0xEF9F,0xEF9F,0xEF9F,0xE75E,0xDF1D,0xCEBB,0xC67A,0xCE7B,0xCE5B,0xC65B,0xD6DD,0xC65B,0xA516,0xA4F5,0x62AA,
    0x4965,0x4944,0x5165,0x5985,0x59A5,0x61A6,0x69C6,0x69C6,0x69E7,0x7228,0x7248,0x836E,0xD69C,0xCE5B,0xC65B,0xD6DD,
    0xC69D,0xADBA,0x8CB6,0x94D6,0xA579,0xB5D9,0xB5F9,0xBE1A,0xC67C,0xDF1E,0xE75E,0xD6FC,0xBE19,0xADB7,0xB5D8,0xB598,
    0xB5B8,0x9CF5,0xB596,0xBDD7,0xBDD6,0xD658,0xCE57,0xDE98,0xD657,0xDEB9,0xDE98,0xCE37,0xDE98,0xDEB9,0xD678,0xD657,
    0xD678,0xD657,0xD678,0xD657,0xCE37,0xDE78,0xD657,0xDE78,0xDE98,0xD657,0xDE98,0xD657,0xDE78,0xDE78,0xD657,0xDE78,
    0xD657,0xD678,0xDE98,0xD657,0xDEB9,0xD657,0xCE16,0xDEB9,0xDEB9,0xDE78,0xD657,0xDEB9,0xDEB9,0xD657,0xD657,0xD678,
    0xD678,0xD658,0xD659,0xC5D8,0xB577,0xAD97,0xCE5A,0xDEDC,0xD65A,0xCDD8,0xBD56,0xB4D5,0xBCD5,0xC516,0xC4D5,0xC515,
    0xD5B8,0xCDB8,0xDE5A,0xF75E,0xF79F,0xF7DF,0xEFBF,0xEF7E,0xF77F,0xEF5E,0xEF5E,0xF77F,0xF77E,0xF77E,0xFF5D,0xEEDA,
    0xDE58,0xE658,0xEE58,0xDD95,0xD533,0xD513,0xD4F1,0xD4F1,0xE532,0xE573,0xE573,0xE593,0xEDD4,0xEDB4,0xDD11,0xD4AF,
    0xCC4D,0xC40C,0xBBCA,0xB38A,0xB3CC,0xC44E,0xDD10,0xE572,0xF5D3,0xED92,0xCCAE,0xB3EB,0xBBEC,0xC3EB,0xAB6A,0xA328,
    0xA369,0x9B48,0x9307,0x8AE7,0x8AC7,0x8286,0x8245,0x7A25,0x7A05,0x7A05,0x7A05,0x7A05,0x7225,0x7A25,0x7225,0x7A25,
    0x7A25,0x7A25,0x7A45,0x7A25,0x7A25,0x7A25,0x7A25,0x7A25,0x7A25,0x7A25,0x7A25,0x7A25,0x7A25,0x7A25,0x7A25,0x7A25,
    0x7A25,0x8245,0x7A46,0x7A25,0x71E5,0x71E5,0x7205,0x7205,0x7205,0x7205,0x71E5,0x71E5,0x69E4,0x69E4,0x69C4,0x69C4,
    0x69C4,0x69A4,0x61A3,0x6183,0x6183,0x5983,0x5963,0x5963,0x5963,0x5143,0x4922,0x4943,0x4943,0x4122,0x4102,0x38E2,
    0x30A1,0x2880,0x2860,0x2020,0x2020,0x2040,0x2840,0x2861,0x3081,0x38C1,0x4102,0x4102,0x4102,0x4102,0x4923,0x4923,
    0x4944,0x5124,0x5144,0x5964,0x6164,0x69A5,0x69A4,0x8247,0xAB6B,0xC40D,0xCC2E,0xDCB0,0xF552,0xFDB3,0xF572,0xED51,
    0xE4EF,0xD48D,0xC40B,0xBBAA,0xBB8A,0xBB6A,0xC3AB,0xCBEC,0xCC2D,0xDCAF,0xD46E,0xBB8B,0xB36B,0xAB2A,0x9AC9,0x9288,
    0x9287,0x92A7,0x92A8,0x9AC8,0x9AE8,0x9AE8,0xA308,0xA2E8,0xA2E7,0xA329,0xA329,0x8A87,0x7205,0x69C5,0x69E5,0x69E5,
    0x61C5,0x61C5,0x61C5,0x69C5,0x69E5,0x69E5,0x69E5,0x7206,0x7206,0x7226,0x7226,0x7226,0x7A46,0x7A46,0x8246,0x7A25,
    0x92C7,0xAB49,0x9AE8,0xA308,0xAB49,0xAB48,0xAB49,0xAB28,0xAB08,0xAB08,0xA308,0xA307,0xA308,0xA308,0xAB07,0xAB07,
    0xAB07,0xAB07,0x9AC7,0x9AE7,0xA308,0x8A86,0x71C4,0x71A4,0x69A4,0x6184,0x5963,0x5143,0x4943,0x4923,0x4102,0x4102,
    0x4103,0x4923,0x4903,0x4902,0x4902,0x5122,0x5143,0x5943,0x5984,0x61A5,0x61A5,0x6184,0x5984,0x5984,0x5964,0x5964,
    0x5984,0x5984,0x5984,0x5964,0x5964,0x5964,0x5143,0x5143,0x4943,0x4922,0x4922,0x4922,0x4102,0x38E2,0x38C1,0x38C2,
    0x38C2,0x38E2,0x38E2,0x38E2,0x38E2,0x38E2,0x38E2,0x3902,0x3902,0x3903,0x3903,0x38E3,0x38E3,0x30E3,0x30E2,0x30E3,
    0x28E3,0x20A3,0x1883,0x2926,0x4A2A,0x7B90,0xAD37,0xC63B,0xBE1B,0xAD99,0x94F6,0x94D6,0x94F6,0x9D37,0x94F6,0x6BB1,
    0x3A2C,0x2148,0x3A0B,0x6330,0x6B91,0x73D2,0x73F3,0x6BB2,0x6B91,0x6BB1,0x8494,0xB5FA,0xCE9C,0xC67B,0xC67B,0xD6DC,
    0xDF5D,0xE77E,0xF7DF,0xFFFF,0xFFFF,0xFFFF,0xFFFF,0xFFFF,0xF7DF,0xEF9F,0xE73D,0xD6FC,0xD6DC,0xD6BC,0xCE7B,0xC65A,
    0xC63A,0xC63A,0xD69B,0xE71D,0xEF3E,0xEF5E,0xE73E,0xCEBC,0xBE3A,0xB5B8,0x9D16,0x9D15,0x9D16,0x9D15,0x9D16,0x9D15,
    0x9D15,0xA556,0xA577,0xAD77,0xB5B8,0xBE1A,0xD6DC,0xDF1D,0xCE7C,0x9CF6,0x6B91,0x6391,0x52CE,0x424C,0x630E,0x5A4A,
    0x4165,0x4944,0x4944,0x5185,0x59A6,0x61A6,0x61A6,0x69A6,0x69A6,0x69C6,0x7227,0x72AB,0xAD15,0xDE9B,0xD69C,0xD6DC,
    0xCEBD,0xD6DD,0xDF1E,0xEF5F,0xEF7F,0xF7BF,0xF7BF,0xF7DF,0xF7DF,0xEF9F,0xE75E,0xDF3E,0xDF3D,0xDF3D,0xE73E,0xE73E,
    0xDEDD,0xDEFD,0xDEDC,0xD6BB,0xD699,0xC617,0xCE37,0xCE57,0xCE37,0xD657,0xD678,0xDE99,0xD678,0xCE16,0xD678,0xDE58,
    0xDE98,0xDE98,0xD678,0xD637,0xD678,0xDE98,0xD657,0xDE98,0xD657,0xDE98,0xD678,0xDEB9,0xD657,0xDE98,0xDE98,0xDEB9,
    0xDE98,0xD657,0xDE78,0xDEB9,0xDE78,0xDE98,0xDE98,0xD657,0xDE78,0xD657,0xDE78,0xD657,0xD678,0xD657,0xD677,0xDE98,
    0xE6BA,0xE6BA,0xEEFC,0xDE9B,0xD67A,0xCE7A,0xC618,0xBDF8,0xCE19,0xD65A,0xE6BC,0xE69C,0xCDD9,0xBD16,0xBCD4,0xC536,
    0xBCF5,0xA473,0xB4F5,0xDE19,0xE6BC,0xE6BC,0xEF1D,0xF75E,0xF77E,0xF77F,0xF75E,0xE6BB,0xE69A,0xEEDA,0xE638,0xDDB5,
    0xD594,0xD573,0xD573,0xDD73,0xE553,0xDD12,0xDCF1,0xDCF1,0xDCF1,0xD511,0xDD32,0xDD52,0xDD11,0xD4F0,0xCC8F,0xD4AF,
    0xC42D,0xBBEC,0xB3AB,0xB38A,0xB3CC,0xCC6E,0xE531,0xDD11,0xCCAF,0xC42D,0xBC2C,0xB3EB,0xB38A,0xB36A,0x9AE8,0x92C7,
    0x92E8,0x8AA6,0x8286,0x8286,0x8266,0x7A25,0x7A25,0x7A25,0x7A05,0x7A25,0x7A25,0x7A25,0x7A25,0x7A25,0x7A25,0x7A25,
    0x7A25,0x7A25,0x7A25,0x7A25,0x7A25,0x7A25,0x7A25,0x7A25,0x7A25,0x7A05,0x7A25,0x7A25,0x7A25,0x7A25,0x7A25,0x7204,
    0x7204,0x7204,0x71E5,0x71E5,0x7205,0x71E5,0x71E4,0x69C4,0x69C4,0x69C4,0x69C4,0x69C4,0x69C4,0x61C4,0x61A3,0x61A3,
    0x6183,0x6183,0x5963,0x5962,0x5942,0x5143,0x5123,0x4923,0x4923,0x4923,0x4122,0x4102,0x38C1,0x30A1,0x2860,0x2040,
    0x2040,0x2040,0x2860,0x30A1,0x38A1,0x38C1,0x40E2,0x4102,0x4902,0x4923,0x4943,0x5143,0x5143,0x5143,0x5964,0x5964,
    0x5964,0x5964,0x6185,0x61A5,0x6184,0x71E5,0x92C8,0xBBEC,0xC40D,0xCC0C,0xCC6E,0xDCD0,0xED32,0xED52,0xF572,0xED51,
    0xE4F0,0xD48F,0xC40C,0xBB8A,0xB36A,0xB34A,0xBBAB,0xC3EC,0xCC2D,0xDC8F,0xDC8F,0xCC0D,0xBB8B,0xA32A,0x9288,0x8A26,
    0x8A46,0x8A46,0x8A66,0x8A87,0x92A7,0x92A8,0x9AC8,0x9AC7,0x9286,0x9AA7,0x9AE8,0x9AE8,0x8267,0x71C5,0x69C4,0x69E5,
    0x69E5,0x69E5,0x69E5,0x71E5,0x7226,0x7A26,0x7206,0x7206,0x7A06,0x7A26,0x7226,0x7A26,0x7A26,0x7A26,0x8245,0x92C7,
    0x9AE7,0xA2E7,0xA2E7,0xA2E7,0xAB28,0xA308,0xAB28,0xA308,0xA308,0xA308,0xA308,0xA2E7,0xA308,0xA308,0xA2E7,0xA2E7,
    0xA2E7,0xA2E7,0x9AC7,0x9AC7,0x9AE7,0x9287,0x79E5,0x71A4,0x69A4,0x61A4,0x5964,0x5964,0x5164,0x4923,0x4103,0x40E2,
    0x4102,0x4103,0x4923,0x4903,0x4902,0x4902,0x5103,0x5123,0x5123,0x5143,0x5984,0x5984,0x5984,0x5164,0x5143,0x5123,
    0x5123,0x4943,0x4923,0x4923,0x4923,0x4923,0x4923,0x4123,0x4102,0x4102,0x4102,0x38E2,0x38C2,0x38A1,0x30A1,0x30A1,
    0x38C2,0x38E2,0x38E2,0x38E2,0x38E2,0x30E2,0x30E2,0x30E2,0x30E2,0x30E3,0x28C2,0x30E3,0x30C3,0x20A3,0x18A2,0x1882,
    0x20E4,0x3166,0x422A,0x632E,0x6B91,0x5B0F,0x4A8D,0x428D,0x4ACE,0x5B50,0x6BB2,0x7413,0x6BF2,0x52EE,0x31CA,0x2168,
    0x31EB,0x52CE,0x6330,0x6351,0x6371,0x6351,0x6371,0x6BB2,0x6BD2,0x6BD2,0x5B50,0x5B50,0x9D37,0xE75E,0xFFFF,0xF7DF,
    0xEF7F,0xDF3E,0xD6FD,0xDEFD,0xCEBC,0xB5F9,0xA578,0xA557,0x94F6,0x8CB5,0x8453,0x7C32,0x8453,0x8474,0x8454,0x8474,
    0x8C74,0x8C94,0x8454,0x8C74,0xA517,0xAD78,0xAD98,0x94F5,0x94F5,0xA556,0xBE3A,0xCE9B,0xD6FC,0xD6FC,0xDF3D,0xE75D,
    0xE75D,0xE77E,0xEF9E,0xEFBF,0xF7DF,0xF7FF,0xE75F,0xB5D9,0x8C95,0x7BF3,0x6B91,0x5B51,0x5B51,0x63B2,0x632F,0x4A2A,
    0x3966,0x4145,0x4124,0x5165,0x5985,0x5985,0x61A6,0x69A6,0x69A6,0x69C6,0x7206,0x6A08,0x8B6E,0xE67A,0xE6BC,0xE6DC,
    0xF79F,0xFFBF,0xFFDF,0xFFDF,0xFFBF,0xFFBF,0xF77F,0xEF1D,0xD69B,0xC5F9,0xB598,0xC5F9,0xD69C,0xE73E,0xE73E,0xCE7C,
    0xBDF9,0xAD77,0xA536,0xB5D7,0xDEFC,0xD6BA,0xCE78,0xC617,0xCE57,0xDE98,0xCE57,0xD657,0xCE37,0xD657,0xCE16,0xD658,
    0xD657,0xD678,0xD657,0xDE78,0xDE98,0xDE78,0xD657,0xD678,0xD657,0xDE78,0xD657,0xDE98,0xD657,0xCE36,0xC5D5,0xCE16,
    0xD678,0xDE98,0xDE98,0xDE78,0xDE98,0xD657,0xD657,0xD637,0xD678,0xD678,0xDE78,0xDE98,0xD678,0xD678,0xDE98,0xDE99,
    0xD658,0xDEBA,0xF77E,0xFFDF,0xFF9F,0xFFBF,0xFFDF,0xFFBF,0xF79F,0xFFBF,0xFF9F,0xFF9F,0xFFDF,0xFF9F,0xEEFC,0xD5F8,
    0xCDB7,0xC556,0xAC73,0xAC73,0xB494,0xB473,0xB494,0xB515,0xB556,0xC5D8,0xE69B,0xF6FC,0xF6FB,0xEE58,0xE5D5,0xE5B4,
    0xE5D4,0xDDB3,0xDD93,0xDD72,0xD511,0xD4D0,0xD4F0,0xD4F0,0xCCD0,0xC4AF,0xDD52,0xE5B4,0xD4F1,0xC48F,0xCCB0,0xD4B0,
    0xBC0D,0xAB8B,0xB3AB,0xBBCC,0xC40D,0xCC8E,0xD4AE,0xC40C,0xB3CB,0xB3AA,0xB3CB,0xAB69,0xA308,0x9AA8,0x9287,0x92A7,
    0x8266,0x8246,0x7A45,0x7A25,0x7A05,0x8225,0x8225,0x8225,0x8245,0x8245,0x8245,0x8245,0x7A45,0x7A24,0x7A24,0x7A25,
    0x7A05,0x7A05,0x7A05,0x7204,0x7204,0x7204,0x7204,0x7204,0x7204,0x7204,0x7204,0x71E4,0x71E4,0x71E4,0x71E4,0x71E4,
    0x71E4,0x71C4,0x69C4,0x69C4,0x69C4,0x69C4,0x69A4,0x69C4,0x69C4,0x69A4,0x69A4,0x61A3,0x59A3,0x5983,0x5983,0x5983,
    0x5962,0x5142,0x5142,0x5142,0x5142,0x4903,0x4903,0x40E2,0x38E2,0x38C2,0x30A1,0x2860,0x2040,0x2040,0x2860,0x3080,
    0x30C1,0x38E1,0x4101,0x4101,0x4902,0x5122,0x5122,0x5142,0x5963,0x5964,0x5984,0x61A4,0x61A4,0x6184,0x6184,0x61A4,
    0x6184,0x61A5,0x61C5,0x61C5,0x71E5,0x9309,0xBC0C,0xBBCB,0xC3EB,0xCC2C,0xC44D,0xCCAF,0xCCCF,0xD4F0,0xDCF0,0xDCF0,
    0xDCD0,0xDC8F,0xCC0D,0xBB6B,0xA309,0xA309,0xAB2A,0xB38B,0xB36B,0xB36B,0xBB8B,0xBBAB,0xBB8B,0xAB29,0x9266,0x81C4,
    0x81E4,0x8205,0x8A25,0x8A46,0x8A66,0x9287,0x9287,0x9287,0x9286,0x92A7,0x92A8,0x8A87,0x8AA7,0x7A46,0x69C4,0x69E5,
    0x69E5,0x7205,0x7205,0x7206,0x7226,0x7A26,0x7A26,0x7A26,0x7A26,0x7A26,0x7A26,0x7A26,0x7A46,0x8246,0x8A86,0x9AE8,
    0xA2E7,0xA2E7,0xA2E7,0xA308,0xA2E7,0xA2E7,0xAB28,0x9AE7,0x9AE7,0x9AE8,0x9AE7,0x9AE7,0x9AC7,0x9AE7,0x9AC7,0x9AA6,
    0xA2C7,0xA2C7,0xA2E7,0xA2E8,0x9AE8,0x9AE8,0x8246,0x71C4,0x69A4,0x69A4,0x6184,0x5984,0x5144,0x4944,0x4923,0x38E2,
    0x38E2,0x40E2,0x4903,0x4923,0x4903,0x4903,0x4902,0x5103,0x4902,0x4902,0x4923,0x4943,0x5143,0x4943,0x4943,0x4923,
    0x4922,0x4102,0x4102,0x4103,0x4103,0x4103,0x4103,0x4103,0x38E2,0x38C2,0x38C1,0x38C2,0x38C2,0x38C2,0x38C2,0x38E2,
    0x38E2,0x30C2,0x30C2,0x30C2,0x30C2,0x30C1,0x30C1,0x28C2,0x28C2,0x28A2,0x28C3,0x2082,0x1862,0x28E4,0x3187,0x4209,
    0x528B,0x5AED,0x5B0E,0x52CE,0x426D,0x322C,0x29CB,0x21AA,0x19A9,0x29EB,0x3A4C,0x3A2C,0x2189,0x1948,0x320B,0x52EF,
    0x5B10,0x5B10,0x5B10,0x6330,0x6351,0x6371,0x5B50,0x4ACE,0x3A6C,0x31EB,0x29AB,0x29CB,0x31EC,0x4AAE,0x8454,0xA579,
    0x9D37,0x94B5,0x8C94,0x8434,0x8434,0x8434,0x7C34,0x8454,0x7C34,0x8454,0x8C95,0x8C95,0x8495,0x8495,0x7C75,0x7C75,
    0x7C55,0x7C34,0x7C34,0x73F3,0x6BD3,0x7C14,0x94F6,0xC67B,0xC67B,0xDF3E,0xF7DF,0xF7FF,0xF7FF,0xF7FF,0xFFFF,0xF7FF,
    0xF7DF,0xF7DF,0xE77E,0xD6DC,0xBE1A,0xA557,0x8C75,0x73D3,0x5B10,0x5B0F,0x5310,0x3A4D,0x4ACF,0x6392,0x6370,0x7390,
    0x41C8,0x3945,0x4124,0x4945,0x5165,0x5965,0x6186,0x69A6,0x69A6,0x69A5,0x69C5,0x7207,0x828A,0xBC92,0xEE7A,0xE659,
    0xE67A,0xE69A,0xEEBB,0xE69A,0xDE38,0xD5F8,0xC597,0xBD56,0xC597,0xD63A,0xDE5B,0xCE1A,0xC5B8,0xC5B9,0xBDB9,0xCE5B,
    0xD6DC,0xDEFD,0xE73D,0xE73D,0xE77E,0xEF7E,0xDF1C,0xCE79,0xB574,0xBDB5,0xDE99,0xD678,0xDE99,0xE6B9,0xDE58,0xD617,
    0xD678,0xDE78,0xD637,0xD657,0xDE78,0xDE78,0xDE78,0xD657,0xDE98,0xDE99,0xDE78,0xD658,0xDE98,0xDE99,0xD657,0xD657,
    0xD657,0xDE78,0xD678,0xDE78,0xDE98,0xD657,0xD657,0xDE98,0xDE98,0xD637,0xDE98,0xD678,0xDEB8,0xD677,0xD677,0xDE98,
    0xACF2,0xA492,0xD639,0xF73E,0xFF7F,0xFF9F,0xEF1D,0xDE7C,0xD61B,0xCDFA,0xD63B,0xD63B,0xD65B,0xDE9B,0xF75D,0xFFDF,
    0xFF9E,0xEF1C,0xE69A,0xE67A,0xDE59,0xDE39,0xDE39,0xDE39,0xDE59,0xE679,0xEE99,0xEE79,0xDDF6,0xE5D5,0xE5D4,0xEDD4,
    0xE5B3,0xE593,0xE593,0xDD72,0xE572,0xDD52,0xD511,0xCCF0,0xCCF0,0xD510,0xE593,0xFE56,0xE593,0xDD11,0xDD11,0xDCF0,
    0xC42D,0xAB2A,0xB36B,0xBBEC,0xBBEC,0xC42D,0xC40C,0xB3AA,0xA349,0xAB69,0xA328,0x92A6,0x8A86,0x8246,0x8246,0x8246,
    0x7A05,0x7A04,0x7A05,0x7A25,0x7A25,0x7A25,0x8225,0x7A25,0x7A25,0x7A25,0x7A05,0x7A05,0x7A04,0x71E4,0x71E4,0x7204,
    0x71E4,0x71E4,0x71E4,0x71C4,0x71C4,0x71E4,0x71C4,0x71C4,0x71C4,0x69C4,0x69C4,0x69C4,0x69C4,0x71C4,0x69C4,0x69C4,
    0x71C4,0x69C4,0x69C4,0x61C4,0x61A4,0x61A4,0x61A4,0x61A4,0x5983,0x5983,0x5983,0x5963,0x4963,0x4963,0x4963,0x4943,
    0x4922,0x4922,0x4102,0x4102,0x38E1,0x30C1,0x28A1,0x2880,0x2860,0x2860,0x2880,0x2880,0x30C1,0x3902,0x4102,0x4922,
    0x4942,0x4943,0x5142,0x5143,0x5163,0x5963,0x5983,0x5984,0x61C5,0x61C5,0x61E6,0x61E5,0x69E5,0x69E5,0x69C5,0x69C5,
    0x69E5,0x7205,0x69E4,0x7A46,0x9B29,0xAB8A,0xAB8A,0xBBAB,0xC3CB,0xC3EB,0xC40C,0xC42D,0xC42D,0xCC2D,0xCC2D,0xCC2D,
    0xCC2D,0xCC0D,0xC3AB,0xB34A,0x9AE8,0x9287,0x9266,0x9287,0x9AC8,0xA309,0xA308,0xA2E8,0xAB09,0xA329,0x9287,0x8205,
    0x79E5,0x7A05,0x8205,0x8225,0x8246,0x8A66,0x8A87,0x8A66,0x8A67,0x8A87,0x8A87,0x8267,0x8267,0x8246,0x7205,0x71E4,
    0x69E5,0x7205,0x6A05,0x7205,0x7205,0x7205,0x7226,0x7226,0x7226,0x7226,0x7226,0x7A26,0x7A46,0x8266,0x92A7,0x92C7,
    0x9AC7,0x9AC7,0x9AA7,0x9AC7,0x9AA7,0x9AA7,0x9AC7,0x9AC7,0x9AC7,0x9AC7,0x9AC7,0x9AC7,0x9AA7,0x9AC7,0x9AA7,0x9AA6,
    0x9AC7,0x9AC7,0x9AC7,0x9AC7,0x9AC7,0x9AC7,0x8A67,0x71C4,0x69A4,0x69A4,0x61A4,0x5984,0x5163,0x5143,0x5143,0x4123,
    0x38E2,0x38C2,0x38E2,0x4102,0x4903,0x4902,0x4902,0x40E2,0x40E2,0x40E2,0x40E2,0x40E2,0x4102,0x4902,0x4923,0x4923,
    0x4923,0x4123,0x4103,0x4103,0x40E2,0x38E2,0x38E2,0x38C2,0x38C2,0x30C2,0x30C2,0x30C2,0x30C2,0x30C2,0x30C2,0x30E2,
    0x30E2,0x30C2,0x28C1,0x30C1,0x28A1,0x28A1,0x28A2,0x2082,0x1882,0x1862,0x18A4,0x3187,0x526C,0x5ACD,0x52AC,0x4A6C,
    0x4A4B,0x4A6C,0x4A8D,0x4A8D,0x426D,0x426C,0x424C,0x3A4C,0x3A2C,0x3A2C,0x29CA,0x29AA,0x3A4D,0x52CF,0x5B0F,0x52EF,
    0x5B0F,0x5B30,0x5B30,0x52CE,0x428D,0x31EB,0x1948,0x10E7,0x1107,0x1928,0x2169,0x29AA,0x31EB,0x31EB,0x29AA,0x320C,
    0x3A4D,0x3A4D,0x3A6D,0x428E,0x5310,0x5310,0x42AE,0x428E,0x428E,0x3A6D,0x3A6D,0x428E,0x428E,0x428E,0x426E,0x3A4D,
    0x3A2D,0x3A0C,0x3A4D,0x3A4D,0x428E,0x5B30,0x7C13,0xB5F9,0xCE9C,0xC67B,0xB5D9,0xB5D9,0xB5D8,0xA577,0xADB8,0xB5F9,
    0xB5F9,0xB5F9,0x9D36,0x8CD5,0x94D6,0x8C95,0x7C13,0x6350,0x52CE,0x428D,0x426D,0x42AE,0x530F,0x5B50,0x530F,0x5AED,
    0x31A7,0x3125,0x3924,0x4144,0x4965,0x5165,0x5985,0x61A6,0x69A6,0x69C6,0x61A5,0x69E6,0x7A07,0x8ACA,0xC491,0xCCF2,
    0xCCD2,0xC4D2,0xBCB1,0xB470,0xBCB2,0xCCF3,0xD555,0xDD75,0xCCF3,0xCD14,0xE5B6,0xDD96,0xBCB3,0xA3F0,0xA451,0xEEDC,
    0xFFDF,0xFFDF,0xFFBF,0xFFBF,0xFFDF,0xEFBF,0xEFBF,0xEF9F,0xBE18,0x9CF3,0xB5B6,0xCE58,0xD678,0xD657,0xDE98,0xD637,
    0xDE78,0xDE78,0xD657,0xDE98,0xDE98,0xDE78,0xDE78,0xD657,0xD678,0xD678,0xD678,0xD678,0xD658,0xDE98,0xE6B9,0xDE98,
    0xDEB9,0xD678,0xD657,0xDE98,0xD657,0xDE98,0xDE98,0xD678,0xD657,0xD657,0xDE98,0xD657,0xD677,0xD656,0xD657,0xDE78,
    0xCDB5,0x9410,0xC557,0xE67C,0xE67B,0xCE1A,0xC598,0xCDFA,0xCDFB,0xC5BA,0xBD79,0xBD58,0xBD78,0xC578,0xCDF8,0xEEFB,
    0xFFBE,0xFF9E,0xFF9D,0xFF7D,0xFF5C,0xF75C,0xFF5C,0xF71B,0xF6BA,0xEE98,0xE617,0xDDB5,0xDDB4,0xE5D4,0xE593,0xE5B3,
    0xE573,0xE573,0xE593,0xE593,0xEDD4,0xEDB3,0xDD51,0xD4F0,0xD510,0xDD51,0xE593,0xEDD4,0xDD11,0xD4D0,0xCC8F,0xD48F,
    0xD46E,0xBBAB,0xB38B,0xBBCB,0xAB8A,0xAB8A,0xAB6A,0x9B28,0x92E8,0x92E8,0x8AA7,0x8246,0x7A25,0x7A05,0x7205,0x7A25,
    0x7A25,0x7A25,0x7A25,0x7A25,0x7A25,0x7A25,0x7A05,0x71E5,0x71E5,0x71E5,0x69C4,0x69C4,0x69C4,0x69C4,0x69C4,0x69C4,
    0x69E4,0x69E4,0x69E4,0x69E4,0x69C4,0x69C4,0x61A4,0x6184,0x6184,0x6184,0x6184,0x5984,0x6184,0x6184,0x5963,0x5963,
    0x5963,0x5963,0x5984,0x5984,0x5984,0x5183,0x5163,0x5143,0x4942,0x4922,0x4902,0x4102,0x4102,0x3902,0x3902,0x38E2,
    0x38C2,0x30A1,0x30A1,0x2880,0x2860,0x2080,0x2080,0x2880,0x30C1,0x38E1,0x38E1,0x4122,0x4942,0x5163,0x5163,0x5163,
    0x5163,0x5984,0x5984,0x59A4,0x59A4,0x59A5,0x61C5,0x61E5,0x61E6,0x6206,0x6A06,0x6A06,0x61E5,0x69E5,0x6A06,0x6A05,
    0x69E5,0x71E4,0x8A86,0x9B28,0xA36A,0xA349,0xAB49,0xB36A,0xB38A,0xBB8B,0xBBAB,0xBBCB,0xBBCB,0xBB8B,0xBB8B,0xBB8B,
    0xB38B,0xB38A,0xAB29,0xA2E8,0x92A7,0x8225,0x8205,0x8225,0x8A66,0x92A7,0x9AA7,0x9AA7,0x9AA8,0x9AE9,0x8A87,0x7A05,
    0x71E5,0x71E5,0x71E5,0x71E5,0x7A05,0x7A26,0x8246,0x7A46,0x7A46,0x8267,0x8267,0x8246,0x7A26,0x7A26,0x7A26,0x7205,
    0x69E5,0x69E5,0x69E5,0x69E5,0x6A05,0x7205,0x7205,0x7205,0x7226,0x7226,0x7226,0x7A26,0x7A46,0x8287,0x8A87,0x8AA7,
    0x92A7,0x92A7,0x92A7,0x9287,0x92A7,0x92A7,0x92A7,0x92A7,0x92A7,0x92A7,0x92A7,0x92A7,0x92A7,0x92A7,0x9AA7,0x9AA7,
    0x9AA6,0x92A6,0x92A6,0x92A6,0x92A6,0x92A7,0x8A87,0x79E5,0x69A4,0x69C4,0x61A4,0x6183,0x5963,0x5963,0x5143,0x4943,
    0x4103,0x38E2,0x38C2,0x38C2,0x38C2,0x40E2,0x4102,0x4122,0x4102,0x40E2,0x40E2,0x40C1,0x38C1,0x40E2,0x38E2,0x38E2,
    0x38E2,0x38E2,0x40E2,0x40E2,0x38E3,0x38E2,0x38E2,0x38C2,0x30C2,0x30C2,0x30C3,0x30C2,0x30C2,0x30C2,0x28C2,0x28C1,
    0x28C2,0x28C2,0x28C1,0x28C1,0x20A2,0x20A2,0x20A3,0x1883,0x1883,0x2946,0x4A4B,0x4A8C,0x320A,0x2989,0x1927,0x1927,
    0x2127,0x2147,0x31A9,0x424C,0x52CD,0x52AD,0x4A8D,0x4AAD,0x426D,0x4A8D,0x4AAE,0x5B0F,0x5B10,0x5B10,0x52CF,0x4AAE,
    0x426D,0x320B,0x21A9,0x1948,0x1948,0x2189,0x29AA,0x3A2B,0x428D,0x428D,0x428D,0x426D,0x426D,0x42AE,0x42AE,0x42AE,
    0x42AF,0x42CF,0x42CF,0x42CF,0x324D,0x21AB,0x218B,0x218A,0x218A,0x198A,0x196A,0x196A,0x218A,0x2169,0x2169,0x29CB,
    0x3A0C,0x426D,0x5310,0x6BB2,0x73F3,0x73F3,0x73F2,0x6B91,0x6BB2,0x7C33,0x94D6,0x9D17,0xA578,0xADB9,0xB5DA,0xB61B,
    0xB5FA,0xADBA,0xA578,0x9D37,0x8CD6,0x73D2,0x5B50,0x5B4F,0x6391,0x6BB2,0x6392,0x5B71,0x5330,0x530F,0x4ACD,0x4A8C,
    0x422A,0x2926,0x3144,0x3944,0x4165,0x5165,0x5144,0x5965,0x5985,0x61A6,0x59A5,0x61A6,0x71E6,0x9B2B,0xDD33,0xD4B1,
    0xCC90,0xCC91,0xD4F2,0xDD95,0xEDF7,0xEDB6,0xE574,0xE533,0xD4D1,0xD4B1,0xDCD2,0xDCF2,0xE513,0xED75,0xEDD6,0xEDF7,
    0xEE38,0xF6DB,0xFF1D,0xFF7E,0xF75E,0xF79F,0xEF7F,0xDF3E,0xDF1D,0xE73D,0xE71C,0xD6BA,0xD678,0xC5D6,0xC5D5,0xD657,
    0xD657,0xDE78,0xDE78,0xDE98,0xD657,0xCE37,0xDE78,0xD657,0xD658,0xD658,0xD637,0xDE98,0xDE78,0xDE78,0xDE78,0xD658,
    0xD678,0xD678,0xDE78,0xDE98,0xD657,0xD657,0xDE98,0xDE98,0xDE98,0xD657,0xCE16,0xD678,0xD678,0xD678,0xDE98,0xDE78,
    0xDE78,0xA492,0xBD56,0xACD5,0xC5B8,0xE6DC,0xFF7F,0xF77F,0xEF1E,0xDE7C,0xD63A,0xD619,0xD619,0xD639,0xD617,0xD5F7,
    0xDE38,0xE638,0xE658,0xE638,0xE617,0xDE17,0xDE17,0xE617,0xDE16,0xE616,0xE616,0xE5F5,0xE5D4,0xE5B4,0xE593,0xE593,
    0xE573,0xE572,0xE552,0xDD31,0xDD11,0xD4F0,0xCCAF,0xC46E,0xCCAF,0xD4F0,0xD4F0,0xCCAF,0xC44E,0xBC2D,0xBBEC,0xBBEC,
    0xBC0C,0xBBCB,0xAB49,0xAB49,0xA329,0x9B08,0x9AE8,0x92A7,0x8A87,0x8A66,0x7A25,0x7A05,0x7205,0x7A25,0x7205,0x7A26,
    0x7A46,0x7A46,0x7226,0x7205,0x69E5,0x69C4,0x69C4,0x61A4,0x61A4,0x61A4,0x6184,0x69C4,0x61A4,0x61A4,0x61A4,0x61A4,
    0x59A3,0x59A3,0x59A3,0x5983,0x5983,0x5983,0x5963,0x5163,0x5163,0x5163,0x4963,0x4943,0x4943,0x4943,0x4922,0x4102,
    0x4102,0x4102,0x40E1,0x40E1,0x40E1,0x40C1,0x38C1,0x38A1,0x38A0,0x38A0,0x3080,0x3080,0x3080,0x2860,0x2880,0x3080,
    0x3080,0x2880,0x2880,0x30A1,0x38E1,0x4102,0x4102,0x4102,0x4922,0x5143,0x5163,0x5183,0x5983,0x59A3,0x59A4,0x59A4,
    0x59A5,0x61C5,0x61C5,0x61E5,0x61E5,0x69E5,0x6A06,0x6A06,0x6A26,0x7247,0x7247,0x7226,0x7206,0x7206,0x7205,0x7205,
    0x7A26,0x8286,0x9B29,0xA349,0xA329,0x9B08,0xA308,0xA309,0xAB49,0xAB4A,0xAB29,0xAB29,0xAB29,0xA309,0xA309,0xA2E8,
    0x9AC8,0x9AE8,0x9AC8,0x8A66,0x8246,0x79E5,0x79E4,0x79E5,0x8205,0x8A46,0x9287,0x9287,0x9267,0x8AA8,0x8246,0x71E4,
    0x71C4,0x71C4,0x71C4,0x71E5,0x7A05,0x7A26,0x7A05,0x7A05,0x7A05,0x7A25,0x7A26,0x7A26,0x7A26,0x7A26,0x7A05,0x71E5,
    0x7205,0x7226,0x7205,0x7205,0x7205,0x7205,0x7205,0x7205,0x7205,0x7205,0x7226,0x7A26,0x7A46,0x8266,0x8266,0x8A66,
    0x8A66,0x8A66,0x8A86,0x8A66,0x8A86,0x8A87,0x9287,0x8A87,0x8A87,0x8A87,0x9287,0x9287,0x9286,0x9286,0x92A7,0x92A6,
    0x92A6,0x9286,0x92A6,0x9AA6,0x92A6,0x92A7,0x92A7,0x7A25,0x71C4,0x69C4,0x61A4,0x6184,0x5983,0x5963,0x5143,0x4943,
    0x4123,0x4103,0x40E2,0x38C2,0x38C1,0x38E2,0x40E2,0x4102,0x4102,0x4102,0x4102,0x40E2,0x40E2,0x38C2,0x38C1,0x38A1,
    0x30A1,0x30A1,0x30A1,0x38C1,0x30C2,0x30C2,0x30C2,0x30C2,0x30C2,0x30C2,0x30C2,0x28A2,0x28A2,0x28A1,0x28A1,0x28A1,
    0x28C2,0x28C2,0x20A1,0x20C2,0x20A2,0x1883,0x1883,0x20C4,0x3146,0x39A8,0x31A8,0x2988,0x2127,0x10C5,0x18E6,0x18E6,
    0x1907,0x1907,0x2147,0x2988,0x31C9,0x31EA,0x3A0A,0x3A0A,0x31CA,0x31CA,0x29AA,0x31AA,0x2989,0x298A,0x2969,0x2148,
    0x1928,0x1928,0x2189,0x3A2C,0x4ACE,0x52EF,0x4ACE,0x4AAD,0x426C,0x3A2C,0x320B,0x3A2C,0x3A4C,0x3A4D,0x3A4D,0x3A4D,
    0x324D,0x3A6D,0x428E,0x4ACF,0x4ACF,0x42AF,0x4ACF,0x4AEF,0x4AF0,0x5330,0x5B51,0x5B71,0x6391,0x6392,0x6BB2,0x6BB2,
    0x6BB2,0x73D3,0x6BD3,0x6BB2,0x6BB2,0x6BB2,0x6391,0x6BD2,0x6BD2,0x6B92,0x73F3,0x8475,0x8CD6,0x94F7,0x8CB6,0x8495,
    0x8475,0x73F3,0x6BD2,0x530F,0x29CB,0x2169,0x29AA,0x31EB,0x3A2C,0x4AAF,0x5310,0x5B51,0x6392,0x6BB3,0x73D3,0x73B2,
    0x6B50,0x41EA,0x2904,0x3144,0x3924,0x4145,0x5186,0x4944,0x5164,0x5985,0x5985,0x61A6,0x69C6,0x8AEB,0xDD33,0xE534,
    0xE574,0xED95,0xF638,0xF658,0xEE17,0xEDF6,0xF616,0xF5D5,0xE553,0xED53,0xF554,0xF575,0xF575,0xED14,0xE534,0xD512,
    0xCCF3,0xC4F3,0xC514,0xD5D7,0xFFBF,0xEF3D,0xC5B8,0xB5B7,0xCE7A,0xF7BF,0xFFFF,0xFFDF,0xF79E,0xE71C,0xDE99,0xD658,
    0xDE98,0xDE98,0xDE98,0xD657,0xD678,0xDE78,0xE6B9,0xDE78,0xD657,0xDE99,0xDE78,0xDE98,0xDE78,0xDE99,0xD678,0xDE78,
    0xCE16,0xD678,0xDE98,0xCE37,0xD637,0xDE98,0xD657,0xD657,0xDEB9,0xD677,0xDE98,0xD678,0xD658,0xDE99,0xDE98,0xB574,
    0xB534,0x838E,0x732E,0xD61A,0xFFBF,0xF79E,0xDEBB,0xC5F8,0xB556,0xBD76,0xD618,0xE69A,0xE659,0xDDF7,0xE617,0xEE38,
    0xE5F7,0xEE37,0xEE37,0xEE37,0xEE37,0xF637,0xF657,0xF658,0xEE57,0xE616,0xE5F5,0xE5D5,0xE5F5,0xE5D4,0xE5B4,0xE5B3,
    0xDD52,0xDD11,0xCCB0,0xC44E,0xBC2D,0xBBEC,0xBC0C,0xBC0D,0xBC0D,0xBC0D,0xB3EC,0xB3AB,0xB3CB,0xB3CB,0xAB8A,0xA36A,
    0xA369,0x9B29,0x92E7,0x92A7,0x92A7,0x8A66,0x8246,0x8226,0x8226,0x7A05,0x7A05,0x7A25,0x7A26,0x7A26,0x7225,0x7225,
    0x7206,0x69E5,0x61C5,0x61A4,0x59A4,0x5984,0x5984,0x5164,0x5984,0x5984,0x5164,0x5144,0x5143,0x5123,0x4923,0x4923,
    0x4122,0x4102,0x40E1,0x38E1,0x38E1,0x38C1,0x38C1,0x38A1,0x30A1,0x30A1,0x28A1,0x28A0,0x28A0,0x2880,0x2880,0x2860,
    0x2040,0x2040,0x2840,0x2840,0x2840,0x2840,0x2840,0x2860,0x2860,0x3080,0x3080,0x3080,0x30A1,0x38A1,0x38A1,0x38C2,
    0x4102,0x4102,0x4102,0x4123,0x4943,0x5142,0x5142,0x5963,0x5963,0x5983,0x59A4,0x61A4,0x61C4,0x61C4,0x61C5,0x61E6,
    0x61E6,0x6206,0x6A06,0x6A26,0x6A26,0x7226,0x7226,0x7226,0x7226,0x7A46,0x7A46,0x7A46,0x7A46,0x7225,0x7205,0x7A46,
    0x92E8,0xA369,0xA349,0x9AE8,0x9B08,0x9B08,0x9AE8,0x92C8,0x92C8,0x92A8,0x8A87,0x9287,0x8A87,0x8A67,0x8A67,0x8A87,
    0x8A67,0x8A87,0x8A87,0x8246,0x7A25,0x71E5,0x71E5,0x71C4,0x79E5,0x7A05,0x8226,0x8226,0x8206,0x8246,0x7A05,0x71C4,
    0x71C4,0x71C4,0x71C4,0x71E5,0x71E5,0x71E5,0x71E5,0x71E5,0x7205,0x71E5,0x7A05,0x7A05,0x71E5,0x7205,0x7A05,0x7A05,
    0x71E5,0x7A26,0x7A06,0x7205,0x7205,0x7205,0x7205,0x7205,0x7205,0x7205,0x7226,0x7226,0x7A26,0x7A46,0x8246,0x8245,
    0x8245,0x8245,0x8245,0x8246,0x8246,0x8A66,0x8A66,0x8A66,0x8A66,0x8A87,0x8A87,0x8A87,0x8A86,0x9286,0x9286,0x9286,
    0x9286,0x8A66,0x9286,0x92A6,0x9286,0x8A86,0x8A87,0x7A26,0x71C4,0x69A4,0x61A4,0x6184,0x5984,0x5963,0x5143,0x4943,
    0x4943,0x4123,0x4102,0x40E2,0x40E2,0x38C2,0x38C2,0x38E2,0x40E2,0x40E2,0x40E2,0x40E2,0x40E2,0x38E2,0x38E2,0x38C2,
    0x38C2,0x30C1,0x30A1,0x30A1,0x30A1,0x30A1,0x30A1,0x30A1,0x28A1,0x28A1,0x28A1,0x28A1,0x28A1,0x28A1,0x28A1,0x20A2,
    0x20A2,0x20A2,0x20A2,0x18A2,0x1883,0x18A4,0x20E4,0x3146,0x39C8,0x41E9,0x41E9,0x420A,0x420A,0x424B,0x424B,0x424B,
    0x424C,0x4A6C,0x4A6C,0x4A6C,0x4A8D,0x4A8D,0x52AD,0x4A8D,0x4A8C,0x4AAD,0x426C,0x422C,0x39EB,0x29AA,0x29AA,0x29AA,
    0x31CA,0x31EB,0x31EA,0x31EA,0x31EB,0x31EB,0x3A2C,0x428D,0x52CE,0x5B30,0x5B50,0x5B51,0x5B71,0x5B51,0x5330,0x52EF,
    0x4AEF,0x5310,0x5B50,0x5310,0x4ACF,0x42AE,0x4AAF,0x52EF,0x5310,0x5B50,0x5B71,0x5B71,0x6371,0x6392,0x6371,0x6392,
    0x6BB2,0x6BB2,0x6BB2,0x6BD3,0x6BD3,0x6BD3,0x6BB3,0x4ACF,0x29EB,0x218A,0x29CB,0x29EB,0x29EB,0x29CB,0x322C,0x42AE,
    0x5330,0x5330,0x5330,0x5330,0x5330,0x5330,0x5310,0x42AE,0x3A4D,0x320C,0x3A2D,0x428F,0x4AAF,0x4ACF,0x4A8E,0x31AA,
    0x3189,0x39C9,0x3166,0x28E4,0x28E4,0x4145,0x4966,0x4924,0x5144,0x5165,0x59A5,0x5985,0x61A6,0x8269,0xCC91,0xDD13,
    0xF595,0xFDF7,0xFE38,0xF618,0xFE58,0xFE37,0xF5F6,0xF5B5,0xED74,0xE513,0xDC91,0xCC0F,0xBB8E,0xB34D,0xAB8D,0xAB8D,
    0xABAD,0xAC0F,0xAC30,0xB471,0xE659,0xDE59,0xDE39,0xEEFC,0xEF5E,0xEF5E,0xEF3E,0xEF7E,0xF79E,0xFFDF,0xF79E,0xDEFB,
    0xDE78,0xCE16,0xD657,0xDE98,0xDE98,0xDE78,0xD678,0xCE37,0xDE78,0xDE98,0xCE37,0xDE78,0xD637,0xD657,0xDE78,0xD657,
    0xD658,0xD658,0xD678,0xD678,0xDE78,0xDEB9,0xD678,0xD678,0xDE78,0xD657,0xD678,0xD638,0xD638,0xBD74,0x9470,0x7BAD,
    0x7B8D,0x6AEB,0x6B0D,0xEEFD,0xFFBF,0xCDF8,0xACD3,0xB4F3,0xBD14,0xD5B6,0xD5B6,0xE637,0xEE57,0xE5D6,0xE5D5,0xE5F6,
    0xEDF6,0xEDF6,0xF637,0xF657,0xFE57,0xFE77,0xFE98,0xFEB8,0xFE98,0xF677,0xF636,0xEDF5,0xEDF4,0xEDD4,0xEDB3,0xE572,
    0xD4D0,0xCC8F,0xBC2D,0xBC0D,0xBC0D,0xBBEC,0xBC0D,0xBBEC,0xB3AB,0xAB8B,0xA329,0x9AE8,0x9B08,0x9B28,0x9B08,0x9308,
    0x92E7,0x8AA6,0x8286,0x7A45,0x7A25,0x7A05,0x71E5,0x7A05,0x7A26,0x7205,0x7A26,0x7A26,0x7206,0x6A05,0x69C4,0x61A4,
    0x5983,0x5163,0x5164,0x4944,0x4944,0x4943,0x4123,0x40E2,0x38E2,0x38C2,0x38A1,0x38A1,0x3081,0x3081,0x3060,0x2860,
    0x2860,0x2040,0x2040,0x2040,0x2040,0x2040,0x2040,0x2060,0x2060,0x2060,0x2060,0x2060,0x2060,0x2060,0x2860,0x2880,
    0x2881,0x28A1,0x3081,0x30A1,0x30A1,0x38C1,0x38C2,0x38E2,0x38E2,0x38E2,0x38E2,0x38E2,0x4102,0x4923,0x4923,0x4943,
    0x4943,0x4943,0x5164,0x5164,0x5164,0x5983,0x5984,0x5984,0x5984,0x61A4,0x61C5,0x61E5,0x61E5,0x61E6,0x6206,0x6227,
    0x6A26,0x6A26,0x7226,0x7246,0x7226,0x7226,0x7A26,0x7A46,0x7A46,0x7A46,0x8266,0x8287,0x8AC8,0x92E8,0x92E8,0x92E8,
    0x9B09,0x9AE8,0x9B08,0x9AE7,0x92C7,0x92C7,0x8A87,0x8267,0x8A87,0x8267,0x7A26,0x7A05,0x79E5,0x71E5,0x7A05,0x8226,
    0x8246,0x8246,0x8226,0x8226,0x7205,0x71E5,0x71E5,0x71C4,0x71E5,0x71E5,0x71E5,0x71C4,0x71C5,0x7A06,0x71E5,0x69C5,
    0x71E5,0x7205,0x7205,0x71E5,0x71E5,0x71E5,0x71E5,0x7205,0x7206,0x7205,0x7206,0x7A26,0x7205,0x71E5,0x7205,0x7206,
    0x71E6,0x7A26,0x7A06,0x7A06,0x7A06,0x7A06,0x7A06,0x7A06,0x7A06,0x7226,0x7A26,0x7A46,0x7A26,0x7A26,0x7A26,0x7A46,
    0x8246,0x7A25,0x7A25,0x8226,0x8226,0x8246,0x8266,0x8266,0x8266,0x8A67,0x8A87,0x8A87,0x8A67,0x8A67,0x8A66,0x8A86,
    0x8A86,0x8A86,0x8A86,0x9286,0x92A7,0x92A7,0x8AA8,0x8246,0x71E5,0x69C4,0x61A4,0x6184,0x5984,0x5963,0x5163,0x5164,
    0x4943,0x4923,0x4102,0x4103,0x4102,0x38E2,0x38C2,0x38C2,0x38E2,0x38E2,0x38E2,0x38C2,0x38C2,0x38E2,0x38E2,0x38E2,
    0x38C2,0x30C2,0x30C1,0x30C1,0x30C1,0x28C1,0x28C1,0x28A1,0x28A1,0x28A1,0x28A1,0x28A1,0x28A1,0x28A1,0x28A2,0x20A2,
    0x20A2,0x18A3,0x1882,0x1083,0x2105,0x39A8,0x420A,0x41E9,0x39A8,0x3187,0x2947,0x2947,0x2947,0x2106,0x1907,0x2147,
    0x2147,0x2127,0x2127,0x2148,0x2968,0x2168,0x2148,0x2168,0x2147,0x1927,0x1927,0x2168,0x31C9,0x39EB,0x424C,0x426C,
    0x3A2B,0x31EB,0x3A0B,0x426D,0x4AAE,0x52EF,0x5B0F,0x530F,0x52CE,0x4ACE,0x42AE,0x426D,0x320C,0x29CA,0x218A,0x218A,
    0x29CA,0x3A0B,0x424C,0x428E,0x4A8E,0x52EF,0x6392,0x73F3,0x73F3,0x6BD2,0x6BD2,0x6BB2,0x6BB2,0x6BB2,0x6BD3,0x6BD3,
    0x6BD3,0x6BB2,0x6BB2,0x6BB2,0x6371,0x5310,0x3A4D,0x21AB,0x218A,0x29AB,0x29EC,0x322D,0x428E,0x52F0,0x52F0,0x52F0,
    0x428E,0x3A6E,0x426E,0x4ACF,0x6372,0x6BF3,0x6BF3,0x6392,0x6372,0x5B51,0x5B31,0x5B51,0x5310,0x52EF,0x424C,0x29A9,
    0x2968,0x2988,0x39E9,0x41E9,0x2905,0x1882,0x30E4,0x4165,0x4945,0x4965,0x5185,0x5985,0x6185,0x7A27,0xC450,0xCC70,
    0xD470,0xDCD2,0xE534,0xE554,0xE575,0xDCF2,0xCC50,0xD490,0xCC70,0xC3EF,0xB3AD,0xA34C,0x9B0C,0xAB8E,0xBC50,0xC491,
    0xBC91,0xD595,0xEE59,0xE659,0xD5D7,0xCD97,0xCDB7,0xC5D8,0xC5F9,0xBDF9,0xCE3A,0xDEBC,0xE6FD,0xE73D,0xE73D,0xEF5E,
    0xD678,0xD657,0xD657,0xDEB9,0xD657,0xDE78,0xD657,0xD637,0xDE98,0xCE37,0xD658,0xDE99,0xDE98,0xDE78,0xDE98,0xD658,
    0xDE98,0xDE78,0xDE98,0xD657,0xD657,0xD637,0xDE98,0xD678,0xD657,0xD657,0xD657,0xCE17,0xBD75,0xAD13,0xB574,0xC5F6,
    0xAD13,0x83EF,0x5A69,0x9C52,0xCD97,0xBCD3,0xCD34,0xEE38,0xF678,0xF658,0xF657,0xF616,0xF5F5,0xEDD5,0xEE15,0xEE15,
    0xEE36,0xEE15,0xF636,0xF636,0xFE56,0xF656,0xF656,0xF636,0xF656,0xF636,0xF615,0xEDD4,0xEDB3,0xE572,0xDD10,0xCC8E,
    0xBC2D,0xBC0C,0xBBEC,0xBBEC,0xBC0C,0xBC0D,0xBBEC,0xB3CC,0xAB6A,0xA309,0x92C7,0x8A86,0x8AA6,0x8AA7,0x8AA6,0x8AA6,
    0x82A6,0x7A65,0x7245,0x7A25,0x7A05,0x7205,0x7206,0x7206,0x7226,0x7226,0x7226,0x7206,0x61A4,0x5963,0x5143,0x4902,
    0x40E2,0x38A1,0x30A1,0x30A1,0x2881,0x2881,0x2881,0x2881,0x2861,0x2861,0x2860,0x2860,0x2860,0x2860,0x2860,0x2860,
    0x2060,0x2861,0x2881,0x2861,0x2881,0x2881,0x2881,0x28A1,0x30A1,0x30A1,0x30A1,0x30A2,0x30A2,0x38C2,0x38C2,0x38E2,
    0x4103,0x4103,0x4102,0x4102,0x4103,0x4103,0x4103,0x4123,0x4123,0x4123,0x4123,0x4923,0x5143,0x5143,0x5163,0x5164,
    0x5164,0x5184,0x5984,0x59A5,0x59A5,0x61C5,0x61C5,0x61C5,0x61C5,0x61C5,0x61E6,0x6206,0x61E6,0x61E6,0x6A27,0x6A26,
    0x6A26,0x7247,0x7226,0x7246,0x7A66,0x8266,0x8AA7,0x9B08,0x9B29,0xA349,0xABAB,0xABAB,0xABAB,0xABAB,0xA34A,0x9AE8,
    0x92C8,0x92C7,0x92A7,0x92A7,0x8A87,0x8A87,0x8246,0x7A26,0x7206,0x7206,0x7205,0x71E5,0x69A4,0x69A4,0x71C4,0x71E5,
    0x71E5,0x7A06,0x7A26,0x7A26,0x7226,0x7205,0x69E5,0x69C4,0x69C5,0x71E5,0x71E5,0x71E5,0x71C5,0x71E5,0x7205,0x71E5,
    0x71E5,0x71E5,0x7205,0x7205,0x7205,0x7205,0x7205,0x7205,0x7206,0x7A06,0x7A06,0x7A06,0x7A26,0x7A26,0x7205,0x7A26,
    0x7A06,0x7A06,0x7A06,0x7A26,0x7A26,0x7A27,0x7A26,0x7A26,0x7A26,0x7A26,0x7A26,0x7A26,0x7A26,0x7A26,0x7A26,0x7A26,
    0x7A26,0x7A26,0x7A26,0x7A26,0x8246,0x8246,0x8246,0x8246,0x8267,0x8A67,0x8267,0x8267,0x8A67,0x8A87,0x8A87,0x8A87,
    0x8A87,0x8A87,0x8A87,0x9287,0x92A7,0x92A7,0x92A8,0x8267,0x71C5,0x69C5,0x61A4,0x61A4,0x5984,0x5164,0x5143,0x5163,
    0x5143,0x4943,0x4923,0x4123,0x4102,0x38E2,0x38E2,0x38C2,0x38E2,0x38E2,0x38E2,0x38E2,0x38C2,0x38E2,0x38E2,0x30C2,
    0x30C2,0x30C2,0x30C1,0x30C1,0x28C1,0x28A1,0x28A1,0x28C2,0x28C2,0x28A2,0x28A1,0x2881,0x28A2,0x28A2,0x2082,0x1882,
    0x1042,0x1042,0x20E5,0x39A8,0x39C9,0x3188,0x2126,0x20E5,0x18C5,0x18A5,0x18A4,0x10A4,0x18C5,0x18E6,0x2127,0x2148,
    0x29A9,0x31A9,0x31A9,0x31A9,0x31A9,0x29A9,0x2968,0x2988,0x29A8,0x31C9,0x31EA,0x3A2B,0x424C,0x4A8D,0x4AAD,0x4A8D,
    0x52AE,0x5B0F,0x52EF,0x5B0F,0x52EF,0x4A6D,0x2169,0x1928,0x2148,0x2169,0x1928,0x1928,0x1928,0x1949,0x29CA,0x3A0C,
    0x4AAE,0x5AEF,0x5B0F,0x4ACF,0x426D,0x426D,0x4AAE,0x428E,0x3A4C,0x428D,0x52EF,0x530F,0x4ACF,0x428E,0x426D,0x3A4D,
    0x3A4D,0x3A2C,0x322C,0x29CB,0x218A,0x2169,0x1949,0x1949,0x29CB,0x3A4D,0x42AF,0x5310,0x4AF0,0x320C,0x216A,0x1929,
    0x10E8,0x08C7,0x1128,0x1969,0x21AA,0x21AA,0x322C,0x4ACF,0x5B71,0x6370,0x6370,0x6370,0x634F,0x5B2F,0x52CD,0x4A8C,
    0x426B,0x428C,0x4A8C,0x52AC,0x62ED,0x524A,0x2905,0x2082,0x3104,0x4965,0x51A6,0x5985,0x61A5,0x7A07,0xBBEE,0xD470,
    0xCC2F,0xCC2F,0xB36C,0xA34B,0xB3AD,0xCC50,0xD471,0xCC71,0xD4D2,0xCC91,0xC4B1,0xCD14,0xDDD6,0xEE59,0xFF5D,0xFF5E,
    0xF6FC,0xE67A,0xC576,0xB515,0xB536,0xBD97,0xCE19,0xDE9B,0xEF5E,0xF77F,0xEF7F,0xCE5A,0x9CF5,0x9CF5,0xAD57,0xCE7B,
    0xD657,0xD657,0xD678,0xCE16,0xDE78,0xDE98,0xDE78,0xDEB9,0xD637,0xC5D5,0xD678,0xD678,0xD678,0xD678,0xDE78,0xD637,
    0xD658,0xD678,0xDE98,0xD657,0xC5B5,0xC5F6,0xE6B9,0xD637,0xCE37,0xDE98,0xDE99,0xDE58,0xDE78,0xDEB9,0xE6FA,0xE6DA,
    0xE6DA,0xBD75,0x6AAA,0x5A29,0xC514,0xFE59,0xFE58,0xFE58,0xEDD5,0xDD32,0xD4B0,0xC44F,0xE532,0xFE15,0xE5B3,0xDD93,
    0xDD93,0xDD72,0xD552,0xCD10,0xCCF0,0xCCCF,0xCCF0,0xD511,0xDD31,0xDD52,0xDD52,0xD511,0xDD51,0xD4CF,0xC44D,0xBBEC,
    0xB3CB,0xBBEB,0xB3CB,0xB3CB,0xB3AB,0xB3AB,0xB3AB,0xAB8B,0xA34A,0x9B08,0x92C7,0x8AA7,0x92C7,0x8AC7,0x82A6,0x8266,
    0x7A45,0x6A04,0x6A04,0x7225,0x7206,0x7206,0x7226,0x7226,0x69E6,0x61C5,0x5984,0x5123,0x40C1,0x38C1,0x38A1,0x3880,
    0x3080,0x3080,0x30A1,0x30A1,0x30A2,0x30C2,0x30A1,0x30A1,0x30A1,0x30A1,0x30A1,0x3081,0x30A1,0x30A1,0x30A1,0x30A1,
    0x30A2,0x30A2,0x30A2,0x30A2,0x30A2,0x30C2,0x30C2,0x30C2,0x38C2,0x40C2,0x40E3,0x4103,0x4903,0x4103,0x4903,0x4903,
    0x4903,0x4903,0x4923,0x4923,0x4123,0x4923,0x4944,0x4944,0x4944,0x4944,0x4964,0x5164,0x5164,0x5184,0x5984,0x59A5,
    0x59A5,0x59A5,0x59C5,0x61C5,0x61C5,0x61E6,0x61E6,0x6206,0x6A06,0x6206,0x6206,0x6A26,0x6A27,0x6A27,0x7247,0x7226,
    0x7226,0x8287,0x9309,0xA36A,0xABCB,0xBC0C,0xBC0C,0xBC2C,0xBC0C,0xBBEB,0xB3CB,0xB3AB,0xAB8A,0xA349,0x9B29,0x9AE8,
    0x8AA7,0x8A87,0x8266,0x8246,0x8246,0x7A25,0x7205,0x71E5,0x69C5,0x69C5,0x71E5,0x71C5,0x69C4,0x69A4,0x69A4,0x69A4,
    0x69A4,0x69C4,0x71C5,0x71E5,0x7205,0x7226,0x69E4,0x69C4,0x71E5,0x71E5,0x71E5,0x7205,0x71E5,0x7205,0x7206,0x7205,
    0x71E5,0x7205,0x71E5,0x7205,0x7206,0x7226,0x7226,0x7206,0x7206,0x7226,0x7226,0x7A26,0x7A47,0x7A47,0x7A46,0x7A47,
    0x8247,0x7A27,0x7A27,0x7A27,0x7A26,0x7A27,0x7A27,0x7A27,0x8247,0x7A47,0x7A26,0x7A26,0x7A26,0x7A26,0x7A26,0x7A26,
    0x7A26,0x7A26,0x7A26,0x8246,0x8247,0x8267,0x8267,0x8267,0x8267,0x8267,0x8267,0x8267,0x8A67,0x8A67,0x8A67,0x8A67,
    0x8A87,0x8A87,0x8A87,0x8A87,0x8AA7,0x8AA8,0x92C8,0x8A87,0x7205,0x69C5,0x61C5,0x61A4,0x5984,0x5164,0x5143,0x5143,
    0x4943,0x4943,0x4943,0x4923,0x4123,0x3902,0x38E2,0x38C2,0x30C2,0x30C2,0x30C2,0x30C2,0x30C2,0x30C2,0x30C2,0x30C2,
    0x30C2,0x28C2,0x28C2,0x28C1,0x28C1,0x28A1,0x28C2,0x20A2,0x20A2,0x20A2,0x20A2,0x20A2,0x2082,0x1862,0x1842,0x1862,
    0x18A4,0x2106,0x3167,0x2947,0x20E6,0x18A5,0x10A4,0x18C5,0x2106,0x2947,0x3188,0x39C9,0x41EA,0x39EA,0x31C9,0x39EA,
    0x31EA,0x31CA,0x31CA,0x31C9,0x31CA,0x39EA,0x3A0B,0x3A2B,0x3A0A,0x3A2B,0x426C,0x426C,0x4A6D,0x4A8D,0x4A8D,0x4A8D,
    0x4AAE,0x5B2F,0x5B0F,0x4AAE,0x3A2C,0x31EB,0x31EB,0x3A2C,0x3A2C,0x3A0B,0x3A2C,0x424D,0x4AAE,0x52EF,0x5B30,0x6371,
    0x6B71,0x6B91,0x6B92,0x6BB3,0x6BB3,0x5B51,0x428E,0x29CB,0x29CA,0x320B,0x3A4D,0x426D,0x428D,0x426D,0x322C,0x31EB,
    0x29EB,0x21AA,0x2169,0x1949,0x1969,0x218A,0x31EC,0x426E,0x5330,0x5B31,0x4AAF,0x320C,0x218A,0x218A,0x218A,0x29AB,
    0x426E,0x52EF,0x530F,0x4ACE,0x42AD,0x530F,0x5B50,0x4AAF,0x428E,0x7412,0xB5FA,0xBE3A,0xB5F9,0xBE3A,0xC65A,0xC69B,
    0xCEBC,0xCEBC,0xD6DD,0xDF1D,0xE73E,0xEF3E,0xDEDC,0x9CB3,0x526A,0x3966,0x4165,0x51A6,0x61E6,0x7A48,0x92EA,0xBBEE,
    0xCC70,0xDCB1,0xD491,0xD4B1,0xED74,0xF5B7,0xE555,0xCCB2,0xCCF3,0xC4D2,0xBCF3,0xB514,0xD639,0xD679,0xCE3A,0xC5D9,
    0xB536,0xAD36,0xB578,0xC5F9,0xD67B,0xE6FD,0xEF3E,0xEF3E,0xE73E,0xD6BC,0xAD57,0x9494,0x9CF5,0xCE7B,0xF7BF,0xF7DF,
    0xD637,0xDE98,0xCE37,0xCE16,0xD678,0xD678,0xD657,0xD657,0xDE78,0xDEB9,0xD678,0xDE78,0xD678,0xD657,0xD678,0xD658,
    0xD678,0xD657,0xD657,0xDE98,0xE6FA,0xD657,0xDE98,0xDEB9,0xDE98,0xDE78,0xD657,0xE699,0xDE58,0xCE37,0xCE37,0xD678,
    0xDE99,0xDE58,0xAC91,0xB4B2,0xF659,0xF5F7,0xE575,0xD4D1,0xC44F,0xBC0D,0xBC0D,0xC42E,0xD490,0xD4B0,0xBC6E,0xBC6E,
    0xC46E,0xBC4D,0xB40C,0xB3CB,0xB40C,0xBC4D,0xCCCF,0xCCCF,0xD4F0,0xDD31,0xD4F0,0xBC0C,0xB3EC,0xB3CB,0xB3AB,0xB3AB,
    0xB3AA,0xAB8A,0xAB8A,0xAB6A,0xA349,0xA349,0xA34A,0xA349,0x9B09,0x92E8,0x92E8,0x92E7,0x8AC7,0x82A7,0x8266,0x7A46,
    0x7205,0x69E5,0x7205,0x7226,0x6A26,0x6A26,0x61E5,0x59A4,0x5143,0x40E2,0x38A1,0x38A1,0x38C1,0x38C1,0x38C1,0x38C1,
    0x38C2,0x38C1,0x38C2,0x38C2,0x30C2,0x30C2,0x30C2,0x30C2,0x30C2,0x30C2,0x30A2,0x30C2,0x30C2,0x38C2,0x38C2,0x38C2,
    0x38C2,0x38E3,0x38E2,0x38C2,0x40E3,0x4103,0x4103,0x4103,0x4123,0x4923,0x5143,0x5164,0x5144,0x5144,0x5144,0x5144,
    0x5143,0x5143,0x4943,0x5164,0x5164,0x5164,0x4944,0x5164,0x5164,0x5164,0x5164,0x5184,0x5984,0x59A4,0x61A5,0x61C5,
    0x61C5,0x61C5,0x61E5,0x61E6,0x69E6,0x6A06,0x6A06,0x6A06,0x7226,0x7247,0x7267,0x7246,0x7226,0x7A67,0x82A7,0x92E8,
    0xA36A,0xBC0C,0xC44D,0xC46E,0xBC0C,0xB3CB,0xB3AA,0xB3CB,0xB3AA,0xAB6A,0xA349,0xA349,0xA349,0x9B08,0x92C8,0x92C8,
    0x8246,0x8246,0x7A26,0x7A25,0x7A25,0x7205,0x71E5,0x69E5,0x69C5,0x69C5,0x69C5,0x71C5,0x71E5,0x71C5,0x69C4,0x69A4,
    0x69A4,0x69A4,0x69A4,0x69C4,0x7205,0x7A46,0x71E4,0x69C4,0x71E5,0x71C4,0x71C4,0x71E5,0x7A05,0x7206,0x7206,0x7205,
    0x7205,0x7206,0x7226,0x7226,0x7A26,0x7A26,0x7A26,0x7226,0x7226,0x7226,0x7226,0x7A26,0x7A26,0x7A46,0x7A47,0x7A47,
    0x7A47,0x7A47,0x7A47,0x7A47,0x7A26,0x7A27,0x7A26,0x7226,0x7A27,0x7226,0x7206,0x7206,0x7206,0x7A26,0x7A26,0x7A26,
    0x7A47,0x7A47,0x7A47,0x8247,0x8267,0x8267,0x8267,0x8267,0x8287,0x8287,0x8287,0x8287,0x8A67,0x8A67,0x8A67,0x8A67,
    0x8A87,0x8A87,0x8A87,0x8A87,0x8A87,0x8AA8,0x8AA8,0x8287,0x7206,0x69E5,0x61A5,0x59A4,0x5984,0x5164,0x5143,0x5143,
    0x5143,0x5143,0x4943,0x4943,0x4123,0x4103,0x38E3,0x30C2,0x30A2,0x30A1,0x30A2,0x30A2,0x30C2,0x30C2,0x30C2,0x30C2,
    0x28A2,0x28C2,0x28C2,0x28C2,0x28A2,0x20A2,0x20A2,0x20A2,0x20A2,0x20A2,0x1882,0x1041,0x0800,0x0801,0x1863,0x20E4,
    0x2905,0x20C5,0x18A5,0x18A5,0x18C5,0x20E6,0x2927,0x3188,0x39A9,0x31A9,0x31A9,0x3188,0x2968,0x2968,0x2989,0x3A0A,
    0x3A0B,0x424B,0x424C,0x424C,0x4A6C,0x4A6C,0x4A8C,0x4A8C,0x3A4C,0x422C,0x422C,0x31EB,0x39EB,0x31CB,0x31CA,0x31CB,
    0x3A0B,0x4A6D,0x4A8D,0x4A6D,0x4A8D,0x4A8D,0x5AEF,0x5B0F,0x5AEF,0x5AEF,0x52AE,0x4A6D,0x4A8D,0x52AE,0x4A8E,0x4A8D,
    0x424D,0x3A4C,0x424D,0x3A4D,0x3A4D,0x428E,0x52F0,0x5330,0x5310,0x52EF,0x52EF,0x4AEF,0x4ACE,0x4AAE,0x42AE,0x4AAE,
    0x42AE,0x428E,0x428E,0x428E,0x4ACF,0x52EF,0x4ACE,0x428D,0x3A2C,0x29CA,0x2189,0x29AA,0x320B,0x426D,0x4ACE,0x5B30,
    0x6B92,0x6371,0x7C33,0xADD8,0xCEBB,0xC67B,0x8C95,0x73D3,0x5B10,0x6BD2,0x94D5,0xBE3B,0xE73E,0xF7BF,0xF7DF,0xEFBF,
    0xE77F,0xDF7F,0xE73F,0xE73F,0xE75F,0xEF7F,0xF7BF,0xFFFF,0xEF5D,0xAD36,0x5A8B,0x4186,0x49A6,0x6A49,0x7AAA,0x8ACA,
    0xA36D,0xB3EF,0xD4F3,0xDD34,0xC492,0xB472,0xAC31,0x936E,0x832C,0x72EC,0x6AEC,0x83F0,0xBDD8,0xA536,0xA557,0xBDFA,
    0xCE7B,0xCE7B,0xCE5B,0xC65B,0xC65B,0xC63B,0xBE1A,0xBDFA,0xAD57,0xA536,0x9D16,0xA536,0xAD77,0xB5B8,0xB5D9,0xAD77,
    0xCE37,0xDE98,0xD657,0xE6B9,0xD657,0xD678,0xDE78,0xD657,0xDE78,0xD657,0xD658,0xD637,0xDE99,0xDE98,0xCE37,0xD658,
    0xDEB9,0xD657,0xE6B9,0xDE98,0xD637,0xDE78,0xDE78,0xDE78,0xDE98,0xD657,0xD657,0xDE99,0xD658,0xD657,0xD678,0xDE98,
    0xD637,0xE678,0xEE78,0xE5F7,0xCCD2,0xC450,0xC470,0xD4F1,0xDD11,0xE572,0xE572,0xDD31,0xCCB0,0xBC0D,0xBC0D,0xBBEC,
    0xBBEC,0xAB8B,0xAB8A,0xAB6A,0xAB8A,0xAB6A,0xB38A,0xB3EB,0xBC0C,0xB3CB,0xABAB,0xAB8A,0xA349,0xAB6A,0xA369,0xA349,
    0xA349,0xA349,0xA349,0x9B28,0x9B08,0x9B08,0x9B29,0x9B09,0x92E8,0x92C7,0x8AA7,0x8286,0x7A66,0x7A25,0x7225,0x7205,
    0x7226,0x7A46,0x7A46,0x6A06,0x59C5,0x5184,0x4122,0x38C1,0x3080,0x30A1,0x38C2,0x38E2,0x38C2,0x38C2,0x38C2,0x38E2,
    0x38E2,0x38E2,0x40E2,0x38E2,0x38E2,0x38C2,0x38C2,0x38C2,0x38E2,0x38E2,0x38E2,0x40E2,0x4102,0x4102,0x4103,0x4103,
    0x4903,0x4903,0x4923,0x4903,0x4923,0x4943,0x4943,0x5143,0x5143,0x5163,0x5163,0x5184,0x5183,0x5163,0x5163,0x5163,
    0x5163,0x5164,0x5164,0x5164,0x5164,0x5164,0x5144,0x5164,0x5184,0x5984,0x5985,0x59A5,0x61C5,0x61C5,0x61C5,0x61E5,
    0x69E6,0x6A06,0x6A06,0x6A26,0x6A26,0x6A06,0x7246,0x7A87,0x7A66,0x7A46,0x8266,0x8AC7,0x9B29,0xABAA,0xBBEB,0xC40C,
    0xC42C,0xC42C,0xBBEB,0xB3CA,0xB3AA,0xAB8A,0xAB69,0xA328,0xA328,0x9B08,0x9AE7,0x9AE8,0x92E8,0x8AA7,0x8287,0x8246,
    0x7A25,0x7A26,0x7A26,0x7A26,0x7A26,0x7205,0x7205,0x7205,0x71E5,0x69C4,0x69C4,0x69C4,0x71C5,0x71C4,0x69C4,0x69C4,
    0x69C4,0x69A4,0x69C4,0x71E4,0x71E4,0x7225,0x7205,0x71E4,0x71E5,0x71C4,0x71C4,0x79E5,0x7A05,0x7A26,0x7A26,0x7206,
    0x7206,0x7226,0x7A26,0x7A26,0x7A26,0x7226,0x7A26,0x7A26,0x7A26,0x7226,0x7206,0x7A26,0x7206,0x7206,0x7A26,0x7206,
    0x7206,0x7206,0x7226,0x7226,0x7206,0x7226,0x7206,0x69E5,0x69E5,0x7205,0x71E5,0x71E5,0x7205,0x7206,0x7206,0x7206,
    0x7226,0x7227,0x7A47,0x7A47,0x7A47,0x8267,0x7A67,0x8267,0x8267,0x8267,0x8267,0x8267,0x8268,0x8268,0x8267,0x8267,
    0x8267,0x8A87,0x8A67,0x8267,0x8A67,0x8A87,0x8267,0x7A26,0x69E5,0x69C5,0x61A4,0x5984,0x5984,0x5163,0x5143,0x5143,
    0x5143,0x4943,0x4943,0x4943,0x4123,0x4103,0x3903,0x38E3,0x30C2,0x30A2,0x30A2,0x30A2,0x28A2,0x28A2,0x28A2,0x28A2,
    0x28A2,0x28C2,0x28C2,0x28C2,0x20A2,0x20A2,0x20A2,0x20A2,0x1861,0x1041,0x1041,0x1862,0x18C4,0x20E5,0x2925,0x2926,
    0x2926,0x2947,0x3168,0x41CA,0x4A2B,0x420A,0x420A,0x39E9,0x31A9,0x39C9,0x39EA,0x422B,0x4A6D,0x4A8D,0x52AD,0x52CE,
    0x52CD,0x4A8D,0x424C,0x424B,0x422B,0x3A0B,0x39EA,0x31CA,0x2989,0x2969,0x2169,0x2169,0x31CB,0x3A0B,0x426D,0x4A8E,
    0x52AE,0x5AEF,0x5B30,0x5B0F,0x52AE,0x5AEF,0x6350,0x5B30,0x5B0F,0x5B0F,0x5ACE,0x4A4C,0x39EA,0x31CA,0x29AA,0x2989,
    0x2149,0x1949,0x1949,0x216A,0x21AB,0x29EC,0x320C,0x320C,0x320C,0x320C,0x322C,0x2A0C,0x2A0B,0x320B,0x320B,0x320B,
    0x29CB,0x218A,0x320C,0x42AE,0x4AEF,0x5B50,0x5B30,0x426D,0x3A4C,0x424C,0x424C,0x52EE,0x6B91,0x7C13,0x7C13,0x8434,
    0x94D6,0xBE1A,0xE77F,0xF7DF,0xE77E,0xCEBC,0xB5B9,0x8434,0x73D2,0x7413,0x6BD2,0x73B2,0x8C94,0xA537,0xA557,0x9D37,
    0x9537,0x9517,0x94D6,0x9CF6,0xAD57,0xA577,0x9CF6,0x9CF5,0xA556,0xAD77,0xBD98,0xAD36,0x8C11,0x6AED,0x6AAB,0x728B,
    0x728A,0x8AEC,0x9B6E,0xAC10,0xBCF4,0xCDF8,0xE6DB,0xEF1C,0xDEBB,0xCE59,0xDEDB,0xF79F,0xDEFD,0xBDFA,0xC65B,0xBE1A,
    0xAD98,0xA557,0xA578,0xA557,0xAD78,0xB5B9,0xBDFA,0xC63B,0xBE1A,0xB5FA,0xBDFA,0xAD98,0xA577,0xA557,0xAD77,0xBDF9,
    0xDE78,0xD637,0xD657,0xDE78,0xDE98,0xDE78,0xDE98,0xD678,0xCE37,0xDE78,0xD678,0xD658,0xE6B9,0xD678,0xCE37,0xDEB9,
    0xDE78,0xCDF6,0xDE78,0xD657,0xD657,0xD678,0xD657,0xD657,0xD657,0xD678,0xD657,0xD637,0xD637,0xD678,0xD658,0xDE98,
    0xDE38,0xDDD6,0xCCF2,0xB40F,0xE574,0xEDD5,0xE574,0xE573,0xED93,0xD4F0,0xC44E,0xBC0C,0xBC0D,0xB3CC,0xAB6A,0xA329,
    0xA329,0xA329,0xAB29,0xAB29,0xAB6A,0xAB6A,0xAB49,0xB3AB,0xBBEC,0xB3AB,0xAB49,0xA349,0xAB6A,0xAB69,0xA328,0xA328,
    0xA328,0x9B28,0x9B29,0x9B28,0x9B08,0x92E8,0x92E8,0x92E8,0x8AC8,0x8AA8,0x8287,0x7A66,0x7A46,0x7A46,0x7A46,0x7A46,
    0x7226,0x7247,0x69E5,0x5984,0x4123,0x30A1,0x30A0,0x30A1,0x30A1,0x30A1,0x30A1,0x30C1,0x30C1,0x38E2,0x38E2,0x38E2,
    0x38E2,0x38E2,0x38E2,0x40E2,0x4102,0x4102,0x40E2,0x4102,0x4102,0x4102,0x4923,0x4923,0x4923,0x4943,0x4943,0x5144,
    0x5144,0x5144,0x5144,0x5144,0x5144,0x5143,0x5143,0x5164,0x5164,0x5184,0x5183,0x5183,0x5184,0x51A4,0x51A4,0x51A4,
    0x51A4,0x59A4,0x59A4,0x5984,0x5984,0x5984,0x5984,0x59A5,0x61C5,0x61C5,0x61E5,0x61E6,0x6A06,0x6A06,0x6A06,0x6A06,
    0x7247,0x7247,0x7247,0x7A67,0x7A87,0x8287,0x7A45,0x8286,0x92E8,0xA369,0xB3CB,0xBC0C,0xC42C,0xC42C,0xBBEB,0xBBCB,
    0xB3AA,0xAB8A,0xAB69,0xA349,0x9B08,0x9B08,0x92C8,0x8A87,0x8A86,0x8A86,0x8A66,0x8266,0x8267,0x8266,0x7A46,0x7A25,
    0x7A25,0x7226,0x7206,0x7206,0x7A26,0x7A26,0x7A26,0x7205,0x71E5,0x71C4,0x69A4,0x69A4,0x69A4,0x69A4,0x69A4,0x69A4,
    0x69A4,0x69A4,0x69C4,0x71E4,0x71E5,0x7A05,0x7A46,0x7A46,0x7A26,0x7A05,0x7A05,0x7A06,0x7A05,0x7206,0x71E6,0x69E5,
    0x69E5,0x69E5,0x69E5,0x7206,0x7206,0x7206,0x7226,0x7A06,0x7226,0x7A26,0x7227,0x7A47,0x7207,0x7207,0x7A48,0x69E6,
    0x61A5,0x59A5,0x61C5,0x5164,0x4923,0x5144,0x5984,0x61A5,0x69C6,0x69C5,0x69C5,0x69C5,0x69C5,0x69C5,0x69C5,0x71E6,
    0x71E5,0x71E6,0x7206,0x7206,0x7A06,0x7A06,0x7A06,0x7A27,0x7A47,0x7A27,0x7A47,0x7A47,0x8247,0x8247,0x8247,0x8247,
    0x8247,0x8267,0x8247,0x8247,0x8267,0x8267,0x7A47,0x69E5,0x61A4,0x61A5,0x5984,0x5964,0x5143,0x4943,0x4923,0x4943,
    0x4943,0x4923,0x4103,0x4123,0x4123,0x3903,0x3903,0x38E3,0x30E3,0x30C2,0x28A2,0x28A2,0x2882,0x2082,0x2082,0x2082,
    0x1841,0x1862,0x1861,0x1041,0x1041,0x1041,0x1041,0x1041,0x1882,0x28E4,0x3125,0x3166,0x3146,0x3146,0x3147,0x3167,
    0x39A8,0x4A4B,0x62EE,0x62EE,0x5AAD,0x528C,0x526C,0x4A6C,0x4A6C,0x424B,0x422B,0x39EB,0x31AA,0x2989,0x2168,0x2968,
    0x2989,0x2989,0x2989,0x2989,0x2968,0x31A9,0x422B,0x426D,0x4AAE,0x52CF,0x5B30,0x6351,0x5B30,0x5B10,0x52AF,0x4A6E,
    0x3A0D,0x29AA,0x218A,0x2989,0x2169,0x31EB,0x424C,0x424C,0x4AAE,0x52CE,0x630E,0x632F,0x52AD,0x528D,0x4A8D,0x4A6D,
    0x4A8E,0x4AAF,0x4AAF,0x428F,0x428E,0x428F,0x428F,0x3A6E,0x3A6E,0x428F,0x4AF0,0x4AF0,0x4AF0,0x5310,0x5B50,0x5B51,
    0x5B50,0x5B51,0x5B50,0x4ACF,0x42AE,0x5B50,0x8454,0xAD78,0xC65C,0xC63B,0xBE1A,0xC65B,0xB5FA,0xA557,0xB5B9,0xD6DD,
    0xE77F,0xEF7F,0xE75F,0xD6FC,0xBDF9,0xA536,0xAD77,0xCE5B,0xDEFD,0xDF3E,0xCEBD,0xBE1A,0x94D5,0x8453,0x94B5,0x9D37,
    0x9D58,0x9D78,0xA557,0xA516,0x94F6,0x94D5,0x94D5,0x9D15,0xAD97,0xBE19,0xDEDC,0xF7DF,0xF7DF,0xEF5E,0xE6DD,0xDE9B,
    0xDE5A,0xDE5A,0xE67B,0xF6FD,0xFF9F,0xFFFF,0xF7FF,0xF7DF,0xFFDF,0xFFDF,0xFFFF,0xF79F,0xF7BF,0xFFBF,0xF7BF,0xE75E,
    0xDF1E,0xDF1E,0xE73E,0xE75E,0xDF1D,0xD6DC,0xCE9B,0xCE7B,0xCEBC,0xD6DC,0xDF1D,0xE73E,0xE73D,0xEF7E,0xF7DF,0xFFFF,
    0xDE78,0xD637,0xDE98,0xDE78,0xDE78,0xCE16,0xD657,0xDE98,0xD657,0xCE16,0xDE98,0xD657,0xDE98,0xDE98,0xDE98,0xDE98,
    0xD637,0xE6B9,0xD657,0xD637,0xDE98,0xDE78,0xD657,0xDE78,0xD637,0xD657,0xDE78,0xDE78,0xE698,0xE678,0xE678,0xDDF7,
    0xCD13,0xDD95,0xEDB5,0xED94,0xE573,0xDD32,0xDD12,0xD4D0,0xCC6F,0xB3CC,0x9B08,0xA328,0xB3AB,0xB38A,0xAB8A,0xB3AB,
    0xB3AB,0xB3AB,0xB3CB,0xB3CB,0xB3AB,0xB3CB,0xB3EB,0xBBEC,0xB3AB,0xAB6B,0xB38B,0xAB8A,0xA349,0xA349,0xA349,0xA36A,
    0xA36A,0x9B29,0x9AE9,0x92C8,0x92C8,0x8AA7,0x8287,0x8287,0x8287,0x8287,0x8267,0x7A46,0x7A46,0x7A67,0x7A67,0x7247,
    0x7227,0x61E6,0x5144,0x38E2,0x30C1,0x38C1,0x38E2,0x38E2,0x38E2,0x38E2,0x40E2,0x38E2,0x38C2,0x38E2,0x38E2,0x3902,
    0x4102,0x4102,0x4102,0x4102,0x4102,0x4923,0x4923,0x4923,0x4943,0x5144,0x5144,0x5164,0x5984,0x5984,0x5964,0x5164,
    0x5164,0x5164,0x5164,0x5964,0x5164,0x5164,0x5184,0x5984,0x5984,0x59A4,0x5984,0x59A4,0x59A4,0x59C5,0x59C5,0x59A4,
    0x59A4,0x5984,0x5984,0x59A4,0x59A4,0x61C4,0x61C5,0x6A05,0x6A06,0x6A06,0x6A26,0x7226,0x7226,0x7246,0x7246,0x7A47,
    0x7A67,0x7A67,0x7A67,0x7A67,0x8287,0x8A86,0x9B08,0xAB8A,0xBBEC,0xBC0C,0xBBEC,0xB3CB,0xB3CB,0xB3AB,0xABAB,0xA36A,
    0xA349,0x9B09,0x92C8,0x92C8,0x8A87,0x8AA8,0x8AA8,0x8267,0x8266,0x8266,0x8266,0x8266,0x8266,0x8267,0x7A46,0x7A46,
    0x7226,0x7226,0x7226,0x7205,0x71E5,0x71E5,0x71E5,0x71C5,0x71C5,0x71C5,0x69A4,0x69C4,0x69A3,0x61A3,0x69A4,0x61A4,
    0x61A4,0x61A4,0x61A4,0x69A4,0x69A5,0x71C5,0x71C5,0x71E5,0x71E6,0x71E6,0x71E6,0x69C5,0x69A5,0x69A5,0x61A4,0x61A4,
    0x61A4,0x6184,0x61C5,0x6A06,0x69E5,0x69E5,0x69E5,0x69C5,0x69C5,0x69E6,0x69E6,0x69E7,0x6A08,0x61A7,0x5145,0x5166,
    0x59C7,0x51C6,0x3944,0x6248,0x93EF,0x8BAE,0x6228,0x40E3,0x4104,0x4904,0x4924,0x4904,0x5144,0x5965,0x5964,0x6164,
    0x6184,0x6184,0x6984,0x6985,0x69A5,0x71C5,0x71E6,0x71E6,0x7206,0x7206,0x71E6,0x71E6,0x7206,0x7A06,0x7A06,0x7A06,
    0x7A27,0x7A27,0x7A27,0x7A07,0x7207,0x6A06,0x61C5,0x5985,0x5164,0x5164,0x4923,0x4944,0x4923,0x4102,0x4123,0x3923,
    0x3903,0x4123,0x4124,0x4124,0x38E3,0x38E3,0x30E3,0x30E3,0x30E4,0x28E4,0x28C3,0x20A3,0x1883,0x1862,0x1043,0x1863,
    0x1884,0x1884,0x18A3,0x2104,0x20E4,0x2925,0x3166,0x3146,0x3967,0x3146,0x3105,0x3105,0x30E6,0x2906,0x3147,0x3988,
    0x31A8,0x39C9,0x3A0A,0x3A0A,0x31E9,0x2988,0x2947,0x2147,0x1906,0x1906,0x1906,0x1927,0x2168,0x31A9,0x3A0A,0x320A,
    0x31CA,0x31CA,0x31AA,0x31CA,0x39CA,0x39EA,0x4A6C,0x4AAD,0x4AAE,0x4A8D,0x4A6D,0x3A2C,0x39EC,0x31AB,0x31CC,0x31AC,
    0x31CC,0x320C,0x320C,0x3A4D,0x428D,0x532F,0x73F2,0x73F2,0x7C13,0x8C94,0x9CF5,0x8C53,0x6B90,0x632F,0x5AEE,0x52AE,
    0x4A6D,0x4A6E,0x528F,0x52CF,0x52CE,0x4A8E,0x4A8E,0x4A8E,0x4A8E,0x426E,0x426E,0x426F,0x424E,0x3A6D,0x428E,0x428E,
    0x428E,0x428E,0x4ACE,0x530F,0x5B50,0x6371,0x6370,0x73D1,0xAD98,0xD6BC,0xC61A,0xC63A,0xCE7B,0xE71E,0xF79F,0xEFBF,
    0xEF9F,0xDF3D,0xC65A,0xAD97,0xB5D8,0xE71D,0xF79E,0xF7BF,0xFFBF,0xFFFF,0xFFFF,0xFFFF,0xDF1D,0xB5F8,0xB5F9,0xCEBC,
    0xD6FE,0xD71E,0xDF3E,0xD6FD,0xCEFD,0xC69B,0xC67B,0xC67A,0xD71D,0xEFDF,0xF7FF,0xF7FF,0xEFBF,0xEF9F,0xE75F,0xCE7C,
    0xBE1A,0xD6DC,0xEF7F,0xF7BF,0xF7BF,0xE73E,0xDF1D,0xDF1D,0xE73E,0xE71D,0xE6FC,0xF77E,0xEF3C,0xC5F8,0xAD76,0xD6BB,
    0xF7BF,0xFFDF,0xFFFF,0xFFFF,0xFFDF,0xFFFF,0xFFFF,0xFFDF,0xFFFF,0xFFFF,0xFFFF,0xFFFF,0xF79D,0xF79D,0xEF3C,0xEF3C,
    0xDE78,0xD657,0xD657,0xDE78,0xD657,0xDE78,0xDE78,0xDE98,0xE6B9,0xDE78,0xDE98,0xDE78,0xD657,0xD637,0xDE78,0xDE78,
    0xE6B9,0xDE78,0xE6B9,0xDE78,0xDE78,0xDE78,0xDE78,0xDE78,0xD657,0xDE98,0xE6B9,0xD677,0xD657,0xE698,0xFEFB,0xEE58,
    0xEDF7,0xE595,0xD4F2,0xC42E,0xB3CC,0xABAC,0xAB8C,0xB3CC,0xAB6B,0x9AE8,0x92C7,0xA349,0xBBEC,0xC40C,0xC42D,0xC44D,
    0xC42D,0xBBEC,0xB3CB,0xB3AB,0xB3CB,0xAB8A,0xA349,0xA329,0x9AE9,0x9AE8,0xA329,0xA329,0x9AE8,0xA329,0x9B29,0x9B08,
    0x92C7,0x8A87,0x8A87,0x8266,0x8266,0x8266,0x8267,0x7A67,0x7A66,0x7A66,0x7A66,0x7A46,0x7A67,0x7A67,0x6A06,0x61E5,
    0x61C5,0x4902,0x38A1,0x30A1,0x30C1,0x3902,0x4122,0x4102,0x4123,0x4123,0x4102,0x4102,0x4102,0x4102,0x4102,0x4102,
    0x4102,0x4102,0x4102,0x4102,0x4902,0x4922,0x4902,0x4923,0x4923,0x5143,0x5143,0x5964,0x5964,0x5984,0x5984,0x5984,
    0x59A5,0x59A5,0x59A5,0x59A5,0x59A5,0x59A5,0x59A5,0x61A5,0x61A5,0x61A4,0x61C4,0x61C5,0x61A4,0x61A4,0x61A4,0x59A4,
    0x59A4,0x61A4,0x61C4,0x61C5,0x69E5,0x6A06,0x6A06,0x7226,0x7246,0x7226,0x7247,0x7A67,0x7A47,0x7A67,0x7A67,0x7A67,
    0x7A66,0x8287,0x8287,0x8267,0x92E8,0xA34A,0xB3CB,0xBBEC,0xB3AB,0xAB8A,0xA349,0xA329,0xA329,0x9B28,0x9AE8,0x92C8,
    0x92C7,0x8AA7,0x8AA7,0x8AA7,0x8A87,0x8A87,0x8A87,0x8267,0x8A87,0x8287,0x8287,0x8287,0x8287,0x8287,0x8267,0x8267,
    0x7A67,0x7226,0x7226,0x7205,0x71E5,0x69C4,0x69A4,0x69A4,0x69A4,0x69A4,0x69A4,0x69A4,0x69A4,0x69A3,0x6183,0x6183,
    0x6184,0x6184,0x6184,0x6184,0x6163,0x6164,0x6163,0x6164,0x6164,0x6184,0x6164,0x6184,0x5964,0x5984,0x6184,0x5984,
    0x5984,0x59A4,0x59A5,0x59A5,0x59A5,0x5984,0x5184,0x5184,0x4944,0x5164,0x51A5,0x5185,0x38E3,0x51C7,0x8B8E,0xCDB6,
    0xDE18,0xC5B6,0xBD75,0xC5B6,0xCDD6,0xC5B6,0xB4F3,0x7B0C,0x6249,0x6249,0x6A69,0x6208,0x5165,0x38C2,0x4944,0x4923,
    0x4923,0x4923,0x4943,0x4943,0x4943,0x5164,0x5184,0x5184,0x59A5,0x59A5,0x59C5,0x61C6,0x69E6,0x61C5,0x69E6,0x6A06,
    0x6A07,0x6A07,0x6A07,0x61E7,0x61C6,0x59C6,0x5185,0x5185,0x5185,0x51A5,0x49A5,0x4144,0x4143,0x4144,0x3923,0x3143,
    0x2903,0x28E2,0x20C2,0x20A2,0x18A2,0x20C2,0x18C2,0x1081,0x1882,0x1882,0x1042,0x1042,0x1883,0x18A4,0x2946,0x4A0A,
    0x5ACD,0x528B,0x4A4A,0x39C8,0x39C8,0x41C8,0x39A8,0x3167,0x3147,0x3147,0x3167,0x3167,0x3968,0x39A9,0x39A9,0x3188,
    0x2988,0x2988,0x2147,0x2168,0x2989,0x31CA,0x3A4C,0x428D,0x4ACE,0x5B30,0x6391,0x7413,0x8475,0x8474,0x7413,0x7413,
    0x6371,0x6330,0x6351,0x6330,0x5B2F,0x5AEE,0x52AD,0x4A8E,0x3A4D,0x31EB,0x3A4C,0x4AAD,0x5B2F,0x73D2,0x7C13,0x8454,
    0x8C95,0x94F6,0x94F6,0x8474,0x73F2,0x94B5,0x9D16,0x9CF5,0xB5B8,0xD69B,0xD6BA,0xD69B,0xCE39,0xC63A,0xCE5A,0xCE5A,
    0xCE7B,0xCE9B,0xC63B,0xBDFA,0xBE1A,0xB5D9,0xB5D9,0xADB9,0xAD99,0x9D38,0x94D7,0x7C34,0x6371,0x52EF,0x4AAE,0x4ACE,
    0x52EF,0x5B0F,0x5B50,0x5B50,0x6370,0x7412,0x94B5,0xAD77,0xBDF9,0xBE19,0xC619,0xC63A,0xC619,0xC619,0xD67B,0xCE9B,
    0xC65A,0xBE19,0xC65A,0xE73D,0xF7BF,0xEF5D,0xDEDB,0xD69A,0xE71C,0xEF5D,0xEF7D,0xFFFF,0xFFFF,0xF7BF,0xE77E,0xD6DC,
    0xC65B,0xBE1A,0xADD9,0xAD98,0xADB8,0xADB8,0xBE3A,0xE75F,0xF7DF,0xEF9F,0xD6FD,0xC67B,0xADB8,0x9D16,0x9D16,0xA557,
    0xB5F9,0xCE7B,0xD6DC,0xCE7B,0xC63A,0xBE19,0xA556,0x9CF5,0xA535,0xB597,0xC618,0xB596,0x83CF,0x736D,0x9472,0xD6BA,
    0xEF5D,0xF77D,0xEF3D,0xEF3D,0xF77D,0xF79E,0xFFBF,0xFFBE,0xF79D,0xE6FA,0xC5D6,0x9C91,0x83CE,0x83EE,0xAD13,0xAD13,
    0xDE78,0xDE78,0xD637,0xD657,0xDE78,0xDE78,0xCE16,0xD637,0xDE78,0xD637,0xD637,0xDE78,0xDE78,0xD657,0xD637,0xDE78,
    0xDE78,0xDE78,0xD637,0xD657,0xD657,0xDE78,0xD657,0xD657,0xDE78,0xDE78,0xD657,0xD677,0xDE98,0xEE99,0xDDD6,0xDD75,
    0xD4F3,0xBC0F,0xAB8C,0x92E9,0x8A87,0x8267,0x71C4,0x7A26,0xA32A,0xAB8B,0xB3CC,0xB3CB,0xB38A,0xB3AB,0xB3CB,0xB3CB,
    0xB3CB,0xB3AB,0xB3AB,0xABAB,0xB3CB,0xABAB,0xA36A,0xAB8B,0xAB6A,0xA34A,0x9B09,0x92C8,0x9B09,0x9B29,0x92C8,0x8AA7,
    0x8266,0x8246,0x8246,0x8246,0x7A46,0x7A46,0x7A46,0x7A46,0x7A46,0x7A67,0x7A67,0x7246,0x7226,0x6A06,0x61C5,0x5164,
    0x4102,0x38C2,0x40E2,0x4123,0x4122,0x4122,0x4122,0x4122,0x4923,0x4923,0x4922,0x4923,0x4922,0x4122,0x4922,0x4943,
    0x4943,0x5143,0x5143,0x5143,0x5143,0x5163,0x4923,0x5123,0x5143,0x5163,0x5943,0x5163,0x5964,0x5964,0x5964,0x5984,
    0x5984,0x5984,0x5984,0x5984,0x5984,0x5984,0x59A4,0x61A4,0x61A4,0x61A4,0x61C4,0x61C4,0x61A4,0x61A4,0x61C4,0x61C4,
    0x69E5,0x6A05,0x7226,0x7226,0x7246,0x7A46,0x7246,0x7A46,0x7A67,0x7A67,0x7A67,0x7A67,0x7A46,0x7A67,0x7A67,0x7A67,
    0x8287,0x7A66,0x8266,0x8AC8,0x9B4A,0xA34A,0x9B08,0x9B08,0x9B08,0x9AE8,0x92E8,0x92C7,0x92C7,0x8AA7,0x8A87,0x8286,
    0x8A86,0x8AA7,0x8A87,0x8AA7,0x8A87,0x8A87,0x8A87,0x8A87,0x8A87,0x8A87,0x8A87,0x8A87,0x8287,0x8267,0x8267,0x8267,
    0x7A66,0x7A46,0x7A46,0x7226,0x71E5,0x69C4,0x69C4,0x69A4,0x69A4,0x69A4,0x6983,0x69A3,0x69A4,0x6184,0x6163,0x6184,
    0x6184,0x6184,0x5984,0x5963,0x5943,0x5964,0x5964,0x5143,0x5123,0x5143,0x5143,0x5143,0x5144,0x5143,0x5143,0x5144,
    0x5164,0x5164,0x4964,0x4944,0x4965,0x4965,0x4144,0x4144,0x4144,0x3903,0x30E3,0x4165,0x9410,0xDE79,0xEEFB,0xD659,
    0xCDF7,0xC5B6,0xAD13,0x9C91,0x9471,0x9C91,0xA4D2,0xB534,0x7B4C,0x628A,0x732C,0xCDB6,0xEEFB,0x730B,0x1840,0x30E3,
    0x30E2,0x30C2,0x28C2,0x28E2,0x28E2,0x30E2,0x3103,0x3923,0x3924,0x3944,0x4144,0x4965,0x4964,0x5165,0x5165,0x4965,
    0x4944,0x4124,0x38E3,0x30C2,0x30C2,0x28A2,0x30C3,0x2881,0x30E3,0x4165,0x28A2,0x28A2,0x2081,0x1820,0x1881,0x20A2,
    0x2903,0x3103,0x3965,0x41A6,0x39A6,0x39E7,0x3A07,0x4208,0x41E8,0x4A2A,0x5AAC,0x736F,0x8C32,0xAD56,0xC5F9,0xD67B,
    0xD69B,0xBDD8,0xB597,0x8C73,0x52AC,0x31A9,0x39A9,0x31A9,0x31A9,0x39CA,0x39CA,0x31A9,0x31A9,0x31A9,0x31A9,0x31A9,
    0x3A0B,0x4A6C,0x6350,0x73F2,0x7414,0x7434,0x6C14,0x6BF3,0x7434,0x73F3,0x6391,0x530F,0x52CF,0x52EF,0x532F,0x5B30,
    0x530F,0x5B10,0x5B30,0x52EF,0x52EF,0x52EF,0x52CE,0x4ACF,0x6392,0x8C96,0xA578,0xA597,0xADB7,0xB5D8,0xBE39,0xD6DB,
    0xDF1D,0xCE9C,0xAD78,0x9494,0x9493,0x9CF4,0xC5F8,0xEF3D,0xEF3D,0xC5D7,0xAD14,0xAD34,0xAD34,0xAD55,0xBDD7,0xC638,
    0xDEDB,0xFFBF,0xFFFF,0xFFFF,0xF7DF,0xEF9F,0xEF7E,0xD6DC,0xC65A,0xAD97,0xAD77,0xADB8,0xADB8,0xAD99,0xAD99,0xB5D9,
    0xB5B9,0xADB8,0xB5B8,0xB5D9,0xC67B,0xE73E,0xEF9F,0xF7DF,0xFFFF,0xF7BF,0xF79F,0xF77E,0xEF5D,0xE73D,0xEF7E,0xEF9E,
    0xEF7E,0xEF9E,0xEF5D,0xDEDB,0xB576,0x8C10,0x736D,0x6B0B,0x736D,0x9471,0xA4F2,0xAD55,0xDEFB,0xFFDF,0xF79E,0xDEFC,
    0xCE9B,0xC65A,0xB5F9,0xB5D9,0xB5B9,0xA578,0xAD78,0xAD78,0xA537,0xA537,0x9D37,0x9D16,0xA556,0xB5B8,0xCE9B,0xE75E,
    0xF7BF,0xF79F,0xEF7E,0xEF5E,0xEF5E,0xEF5D,0xD69B,0xD69A,0xD69A,0xCE38,0xA4D3,0x7B8E,0x7B8D,0x83CE,0x7BAE,0x736D,
    0x9C91,0xC5F7,0xCE38,0xCE17,0xD659,0xD658,0xD679,0xCE17,0xB554,0xAD33,0x9CB1,0x83CD,0x8BEE,0xB533,0xBDB5,0xDE99,
    0xE6D9,0xDE78,0xDE78,0xCE16,0xD637,0xDE98,0xDE78,0xD657,0xD657,0xD637,0xDE78,0xD637,0xDE78,0xD657,0xDE78,0xDE98,
    0xD657,0xE6B9,0xD637,0xDE98,0xD657,0xD637,0xDE98,0xE6B9,0xDE98,0xD657,0xD637,0xDED9,0xDED9,0xCDB5,0xBC71,0xBC10,
    0xB36D,0x9ACA,0x7A06,0x71E5,0x8AA8,0xBC0D,0xBC0D,0xB3CC,0xBBED,0xB3EC,0xB3AB,0xA349,0xA329,0xAB6A,0xABAB,0xABAB,
    0xABAB,0xABAB,0xAB8B,0xB3CB,0xAB8B,0xABAB,0xB3CC,0xAB6A,0x9B09,0x8A87,0x8266,0x8246,0x8266,0x8266,0x7A25,0x7A25,
    0x7A25,0x7A46,0x7A25,0x7A05,0x7205,0x7205,0x7A66,0x7A87,0x7246,0x7226,0x6A06,0x6A06,0x61E5,0x5143,0x40E2,0x4102,
    0x4103,0x4923,0x4123,0x4123,0x4922,0x4122,0x4943,0x4943,0x4943,0x4943,0x4943,0x5163,0x5163,0x5163,0x5163,0x5183,
    0x5984,0x5984,0x5984,0x5963,0x5963,0x5984,0x5963,0x5984,0x59A4,0x61A5,0x61A5,0x61A4,0x6184,0x6184,0x6184,0x6184,
    0x6184,0x6184,0x61A4,0x61A4,0x61A4,0x61A4,0x61A4,0x61A4,0x61A4,0x61C4,0x61C4,0x61C4,0x69C4,0x69E5,0x6A05,0x6A05,
    0x7205,0x7226,0x7226,0x7226,0x7226,0x7226,0x7226,0x7246,0x7A46,0x7A46,0x7A46,0x7A46,0x7A66,0x7A46,0x7A66,0x7A66,
    0x8267,0x8246,0x8A87,0x92E8,0x8AC7,0x92C7,0x92A7,0x92C8,0x92A8,0x8AA7,0x8AA7,0x8AA7,0x8AA7,0x8A87,0x8AA7,0x8AA7,
    0x8AA7,0x8AA7,0x8AA7,0x8A87,0x8AA7,0x8287,0x8287,0x8287,0x8A87,0x8287,0x8287,0x8287,0x8267,0x8266,0x7A46,0x7A46,
    0x7226,0x7226,0x7206,0x69E5,0x61A4,0x6183,0x5963,0x5963,0x6163,0x6163,0x6163,0x6163,0x5963,0x5963,0x6184,0x5984,
    0x5963,0x5963,0x5943,0x5143,0x5184,0x5163,0x5143,0x4923,0x4923,0x4103,0x4123,0x4123,0x4123,0x4103,0x4103,0x4103,
    0x4104,0x4124,0x4965,0x4145,0x30E3,0x28A3,0x2882,0x2082,0x28E4,0x41A7,0x7B8E,0xCDF8,0xE6BB,0xCE58,0xBDD7,0xBDB6,
    0xA4D2,0x9430,0x9450,0xAD13,0xC5B6,0xCDF7,0xCDF7,0xCDF7,0x6AEB,0x5228,0x4A07,0x7B4D,0xE6BA,0xFF9E,0x5A8A,0x0800,
    0x20C3,0x18A3,0x20A3,0x1882,0x1061,0x1041,0x1861,0x1841,0x1820,0x1820,0x1821,0x2061,0x2041,0x30A2,0x38E4,0x4966,
    0x6229,0x72CB,0x834D,0x93D0,0x9C51,0x9C10,0x8BAF,0x8BAF,0x8BAF,0x8BF0,0x93F0,0x7B6E,0x8BEF,0x9C51,0xACB3,0xCD77,
    0xE619,0xE65A,0xDE19,0xC515,0x9C31,0x9411,0x9C52,0xA4D4,0xBD97,0xCE3A,0xE6FD,0xFFBF,0xFFFF,0xFFFF,0xFFFF,0xFFFF,
    0xFFDF,0xF7BF,0xEF7F,0xDF1E,0xB5B9,0x7BF2,0x422B,0x2989,0x298A,0x2989,0x2989,0x31CA,0x428C,0x4ACD,0x52EE,0x6370,
    0x7413,0x7C13,0x6370,0x530F,0x4AEF,0x3A8E,0x4B0F,0x63B2,0x5B50,0x5B30,0x6B91,0x6B91,0x5B0F,0x4AAD,0x426C,0x428D,
    0x4ACE,0x4ACF,0x5310,0x52EF,0x4AAE,0x424C,0x3A4C,0x7414,0x9D58,0x9517,0x8494,0x8473,0x94D4,0xBE38,0xE77D,0xFFFF,
    0xFFFF,0xFFFF,0xFFDF,0xFFFF,0xFFDF,0xFFDF,0xFFDF,0xEF3C,0xD658,0xBDB6,0xAD34,0xA4F3,0xAD34,0xAD14,0xAD13,0x9CD2,
    0x9491,0xB575,0xDEBA,0xEF5D,0xFFDF,0xFFFF,0xFFFF,0xFFDF,0xF7BF,0xEF7E,0xE75D,0xDEFC,0xD69B,0xCE7B,0xC619,0xC63A,
    0xDEFD,0xEF7E,0xF79F,0xFFDF,0xFFFF,0xFFDF,0xF79E,0xDEFB,0xD69A,0xDEDB,0xEF7D,0xF77D,0xF79D,0xF79D,0xEF5C,0xE71C,
    0xD679,0xB575,0x9471,0x736D,0x734C,0x736D,0x9450,0xAD13,0xACF2,0xCE37,0xCE37,0xBD95,0xB595,0xC617,0xEF3C,0xFFFF,
    0xFFFF,0xFFFF,0xF7DF,0xF7DF,0xF7BF,0xEF7F,0xE73E,0xD69C,0xC63A,0xBE1A,0xCE7C,0xD6DC,0xE73D,0xEF9E,0xFFDF,0xFFDF,
    0xF7BF,0xF7BF,0xFFDF,0xFFFF,0xFFDF,0xFFBF,0xFFBE,0xDE9A,0xAD13,0x83AE,0x5AAA,0x62AA,0x5A69,0x5A48,0x62CA,0x62EA,
    0x83EE,0xAD13,0xB574,0xB574,0xBD95,0xA4D2,0xA4F2,0xCE37,0xD636,0xD657,0xDE98,0xE6D9,0xE6B9,0xD657,0xE6B9,0xDE98,
    0xDE78,0xDE78,0xD657,0xDE78,0xDE98,0xDE98,0xDE78,0xD657,0xD657,0xDE78,0xD637,0xD657,0xDE78,0xDE98,0xD657,0xDE78,
    0xDE78,0xD637,0xCE16,0xDE98,0xDE98,0xDE78,0xD657,0xD657,0xD657,0xDE78,0xDE78,0xD677,0xDE77,0xAC50,0x930B,0x9269,
    0x79A6,0x79C6,0x92A9,0xBC2E,0xEDD4,0xFE56,0xF5D4,0xCC8F,0xAB8B,0x9B29,0x9B29,0xA36A,0xABAB,0xB3CB,0xABCC,0xABAB,
    0xA36A,0xA36A,0xA36A,0xA36A,0x9B29,0x92E8,0x8AA7,0x8246,0x7A25,0x7A05,0x7A05,0x7205,0x7205,0x7205,0x71E5,0x7205,
    0x7205,0x7225,0x7A46,0x7226,0x7A26,0x7246,0x7226,0x6A05,0x6A26,0x6A06,0x59A4,0x4102,0x40E2,0x40E2,0x40E2,0x4102,
    0x4103,0x4123,0x4123,0x4123,0x4122,0x4943,0x4943,0x4943,0x4943,0x4943,0x4943,0x5143,0x5163,0x5184,0x5183,0x5183,
    0x5984,0x59A4,0x5984,0x5984,0x5964,0x5984,0x5984,0x5984,0x5984,0x59A4,0x61A4,0x61A5,0x61A5,0x61A5,0x61A5,0x61A5,
    0x61C5,0x69E5,0x69C5,0x61C5,0x61A5,0x61C5,0x69C5,0x69C5,0x69C5,0x69C4,0x69E5,0x69E5,0x69E5,0x7226,0x7246,0x7226,
    0x7226,0x7226,0x7226,0x7A26,0x7A26,0x7A26,0x7A46,0x7A46,0x7A66,0x7A46,0x7A46,0x7A46,0x7A46,0x7A46,0x7A46,0x8266,
    0x8267,0x8287,0x8AA7,0x92C8,0x8AA7,0x8AA8,0x92C8,0x8AA8,0x8AA8,0x92C8,0x8AA8,0x8AA8,0x8AA8,0x8AA8,0x8AA7,0x82A7,
    0x8AA7,0x82A7,0x82A7,0x8287,0x8287,0x8287,0x8287,0x8287,0x8287,0x8266,0x7A46,0x7A46,0x7A46,0x7226,0x7206,0x6A05,
    0x69E5,0x61C5,0x5984,0x5963,0x5143,0x5143,0x5122,0x5122,0x5122,0x5143,0x5122,0x5122,0x5122,0x5123,0x5143,0x5143,
    0x5143,0x4923,0x4923,0x4103,0x4123,0x4103,0x4123,0x4123,0x3903,0x38E2,0x30C2,0x30E2,0x30C2,0x30C2,0x28A2,0x30C3,
    0x30C3,0x2882,0x2042,0x30C4,0x5A4A,0x836E,0xACB4,0xCDD8,0xDE7B,0xEEBC,0xF73D,0xDE7A,0xC5F8,0xC5F7,0xA4F3,0x8C10,
    0x9410,0xACB2,0xBD55,0xC596,0xB514,0xA4B2,0x9C51,0x83AE,0x6AAA,0x6ACB,0x51E8,0x4186,0x9C31,0xF75D,0xE6BB,0x3146,
    0x0000,0x0801,0x1021,0x1021,0x2083,0x2062,0x30C4,0x51C8,0x6A8B,0x7AED,0x936F,0x938F,0xA452,0xBD15,0xD5B8,0xDE19,
    0xDE39,0xDDF9,0xDDF9,0xEE9B,0xFF1D,0xFF1D,0xF6DC,0xFF5E,0xFF5E,0xF6FD,0xF6FC,0xE69B,0xE69B,0xF73D,0xEEBB,0xDDD9,
    0xC4F5,0xBC94,0xBC94,0xB453,0xAC53,0x93B0,0x7B2D,0x838F,0x9473,0x8C73,0x9494,0xA516,0xB5B8,0xBDF9,0xB5B8,0xAD97,
    0xAD97,0xAD97,0x9CD5,0x73D1,0x6B70,0x6B91,0x73D2,0x73F2,0x7413,0x8455,0x8495,0x7413,0x6BD2,0x73F2,0x7C33,0x7C33,
    0x6370,0x52EE,0x52EE,0x5B0F,0x6390,0x73F2,0x8454,0x8C74,0xA536,0xCE7B,0xF77F,0xFFFF,0xF79F,0xE73D,0xB5D9,0x8453,
    0x73F2,0x8CB6,0x94D7,0x8C95,0x8475,0x8C95,0x9D37,0xA578,0x9D57,0x9D57,0xB61A,0xCEBC,0xEF9F,0xFFFF,0xF7DF,0xE73E,
    0xD6DC,0xD6FC,0xE75E,0xF7BF,0xF7BF,0xF7BF,0xD6BA,0xAD34,0x9CF2,0x9471,0x8BEF,0x8BEF,0x9430,0xA4B2,0xB555,0xB554,
    0xAD34,0xB574,0xAD34,0xBDB6,0xD699,0xE6FB,0xDEBA,0xE73C,0xF7BE,0xFFFF,0xFFFF,0xF7DF,0xFFBF,0xF79E,0xF77E,0xF75D,
    0xEF5D,0xF75D,0xE6FB,0xDEDB,0xDEDA,0xBDD7,0x9491,0x6B4C,0x4A68,0x4A48,0x630B,0x7BAD,0x7BCD,0x9C91,0xA4F2,0xA4F3,
    0xA4F2,0xA4D2,0xB554,0xC5D6,0xC5F6,0xD658,0xDE99,0xDE98,0xDEB9,0xDE78,0xDE78,0xE6FA,0xDEB9,0xCE37,0xC5F6,0xCE58,
    0xE6FA,0xF79D,0xF7BE,0xF7DE,0xFFFF,0xFFFF,0xFFFF,0xFFFF,0xFFFF,0xFFFF,0xFFFF,0xFFFF,0xFFFF,0xFFFF,0xFFDF,0xFFFF,
    0xFFFF,0xFFFF,0xFFBE,0xEF5C,0xCE58,0x9C91,0x6B2B,0x5A69,0x5A68,0x7B6C,0x838D,0xA4B1,0xC5B5,0xBD94,0xC5B5,0xD657,
    0xD637,0xD657,0xD678,0xD658,0xD637,0xDE98,0xD658,0xD637,0xDE98,0xD657,0xCDF6,0xD637,0xDE78,0xDE57,0xD657,0xCE16,
    0xCE16,0xCDF6,0xC5D5,0xDE98,0xD637,0xD637,0xDE78,0xD657,0xDE78,0xE6B9,0xD637,0xDE78,0xCE16,0xDE98,0xDE78,0xD637,
    0xD657,0xDE78,0xDE98,0xD657,0xDE78,0xDE78,0xD657,0xDE78,0xDE78,0xDE78,0xD657,0xDE57,0xE678,0xB491,0x92CA,0x9289,
    0xA2C9,0xD44F,0xF5B4,0xEDB4,0xDD11,0xDCF1,0xBC2D,0x9B29,0x9B09,0xA36A,0xB3CC,0xB3EC,0xB3CC,0xAB8B,0xA38B,0xA36A,
    0x9B4A,0x9B29,0x92E8,0x8AA7,0x8267,0x7A46,0x7A26,0x7A25,0x7A25,0x7A25,0x7205,0x7205,0x7205,0x7226,0x7226,0x7226,
    0x7226,0x7246,0x7226,0x7226,0x7247,0x7247,0x6A06,0x59E5,0x5184,0x38C1,0x38C2,0x30A1,0x30A1,0x30C1,0x30C2,0x38E2,
    0x38E2,0x38E2,0x38E2,0x38E2,0x38E2,0x3902,0x4102,0x4102,0x4102,0x4102,0x4923,0x4943,0x4943,0x4943,0x4943,0x4943,
    0x4943,0x5163,0x5164,0x5143,0x5164,0x5164,0x5164,0x5164,0x5164,0x5964,0x5964,0x5964,0x5984,0x6184,0x61A5,0x61A5,
    0x61A5,0x69C5,0x69C5,0x61A5,0x61A5,0x61C5,0x61C5,0x61C5,0x69C5,0x69E5,0x69E5,0x69E5,0x7205,0x7226,0x7226,0x7226,
    0x7226,0x7A46,0x7A26,0x7A46,0x7A46,0x7A46,0x7A46,0x7A46,0x7A46,0x7A66,0x7A66,0x7A46,0x7A47,0x7A47,0x7A46,0x7A46,
    0x8267,0x8287,0x8287,0x8287,0x8A87,0x8A87,0x8287,0x8287,0x8A87,0x8287,0x8267,0x8287,0x8287,0x8267,0x8287,0x8287,
    0x8287,0x7A87,0x8287,0x7A67,0x7A67,0x7A47,0x7A47,0x7A46,0x7226,0x7205,0x69E5,0x69E5,0x69C5,0x61A4,0x6184,0x5984,
    0x5984,0x5163,0x5143,0x4923,0x4902,0x4102,0x4902,0x4102,0x4102,0x4102,0x4123,0x4123,0x4123,0x4103,0x4103,0x4103,
    0x38C2,0x38C2,0x38E2,0x38E3,0x3103,0x30E2,0x28A2,0x28A1,0x20A2,0x2081,0x1861,0x2081,0x1881,0x1862,0x2062,0x1021,
    0x1001,0x3105,0x8BB0,0xDE5A,0xFF5E,0xFF7F,0xF6FD,0xD619,0xC577,0xD619,0xCDD8,0xCDD8,0xD618,0xBD76,0x9C92,0x9C92,
    0xA471,0x8BAF,0x72CB,0x5A29,0x51A7,0x4986,0x4986,0x51E7,0x5A29,0x6ACB,0x6AAB,0x5A29,0x7B4E,0xCDD8,0xF73E,0xD65A,
    0x6B0D,0x62CC,0x732E,0x9C11,0xBCF5,0xAC53,0xBCB4,0xE61A,0xE61A,0xE5D9,0xDD98,0xC4D5,0xBCD5,0xCD77,0xC515,0xBCD5,
    0xCD77,0xD5F9,0xCD98,0xCD77,0xBD16,0xB4B4,0xAC93,0xA453,0xAC73,0xA453,0x9C32,0xA473,0x9C12,0x9C32,0x93F1,0x836F,
    0x93B0,0xAC73,0xB4F5,0xBD36,0xCDD8,0xCE19,0xB576,0x94B3,0x8C73,0x8412,0x7BF1,0x73D1,0x7C11,0x7BF1,0x8432,0x8C93,
    0x8C93,0x8C94,0x94B5,0x9D16,0xA537,0xA537,0xA578,0xB5FA,0xC65C,0xCE9D,0xC67C,0xC67C,0xADB8,0x9D16,0x8473,0x7C12,
    0x7C32,0x94D5,0xB5B8,0xCE7B,0xDEFD,0xE73E,0xE71D,0xEF5D,0xFFFF,0xFFBE,0xD659,0x9C92,0x838E,0xA4F3,0xD6DC,0xE73D,
    0xBDF9,0x9494,0x8453,0x7C12,0x8C94,0xAD78,0xBDF9,0xC65B,0xC67A,0xCE9B,0xE75E,0xF7DF,0xEF7E,0xCE9C,0xAD58,0x9496,
    0x8C74,0x8453,0x8C94,0x9CF5,0xA576,0xB5D7,0xC659,0xD6BA,0xD6B9,0xCE58,0xBD75,0x9C72,0x838E,0x7B4D,0x732C,0x62CA,
    0x6AEB,0x6B0B,0x6B0B,0x7BAE,0x83CF,0xA4D3,0xD659,0xD659,0xBDB6,0xB576,0xC638,0xDEDB,0xE6FB,0xE6DB,0xE6DA,0xDEBA,
    0xD658,0xCE37,0xBD95,0x9C91,0x83CE,0x62CA,0x5289,0x630A,0x7BCD,0x8C4F,0xA512,0xBDB5,0xB553,0xCE16,0xDE98,0xDE98,
    0xDE78,0xDE98,0xCE16,0xBD74,0xC5D5,0xDE99,0xDE77,0xDE78,0xD657,0xD657,0xD677,0xD657,0xD657,0xE6D9,0xDE99,0xDE78,
    0xCE37,0xCE17,0xCE57,0xD678,0xCE37,0xC617,0xD678,0xD678,0xD658,0xD679,0xCE38,0xCE38,0xBDD7,0xC617,0xCE38,0xBDD6,
    0xB575,0xA4F3,0x8C30,0x7B8D,0x62CA,0x6B2B,0x8C0F,0xA4D2,0xB533,0xA4D2,0x940F,0xB533,0xDE78,0xDE98,0xDE77,0xD657,
    0xD637,0xDE98,0xDE78,0xD657,0xD657,0xD636,0xDE77,0xD636,0xD636,0xD636,0xD636,0xD657,0xD657,0xCE16,0xCDF5,0xD636,
    0xD657,0xDE78,0xD657,0xDE98,0xD637,0xD637,0xD657,0xDE98,0xDE98,0xD657,0xD657,0xDE78,0xDE78,0xD657,0xDE98,0xDE98,
    0xD657,0xDE78,0xDE78,0xD637,0xDE78,0xD657,0xD637,0xDE98,0xDE78,0xDE98,0xDE98,0xE678,0xDD95,0xF617,0xFE37,0xFE37,
    0xED32,0xCC4F,0xBC0D,0xB3CD,0xABAC,0xA329,0x8A67,0x8AA7,0x9B29,0xA38B,0xB3CC,0xB40D,0xABAB,0x9309,0x8AC8,0x8287,
    0x8266,0x7205,0x7205,0x7A46,0x7A25,0x7225,0x7225,0x7A45,0x7A45,0x7225,0x7225,0x7225,0x7226,0x7226,0x7226,0x7226,
    0x6A06,0x7247,0x7247,0x6A27,0x61E6,0x5184,0x4123,0x30A1,0x30A1,0x30A1,0x30A1,0x30C2,0x30A1,0x2881,0x30A1,0x30A1,
    0x30A1,0x30C2,0x30C2,0x30C2,0x30C1,0x30C1,0x38C2,0x38E2,0x3902,0x4103,0x4123,0x4923,0x4123,0x4943,0x4944,0x4944,
    0x4943,0x4943,0x4943,0x5143,0x4923,0x4923,0x4943,0x4943,0x4923,0x4943,0x5143,0x5143,0x5144,0x5144,0x5964,0x5964,
    0x5964,0x5984,0x5984,0x61A5,0x61A5,0x61C5,0x61C5,0x61C5,0x61C5,0x69C5,0x69C5,0x7206,0x7A47,0x7226,0x7226,0x7A47,
    0x7A47,0x7A47,0x7246,0x7A47,0x7A47,0x7A46,0x7A67,0x7A67,0x7A67,0x7A67,0x7A47,0x7A47,0x7A47,0x7A47,0x7226,0x7226,
    0x7226,0x7A26,0x7A26,0x7A26,0x7A26,0x7A26,0x7A26,0x7A26,0x7A26,0x7A26,0x7A26,0x7A26,0x7A26,0x7A26,0x7226,0x7226,
    0x7206,0x7206,0x6A06,0x69E5,0x69C5,0x69C5,0x69C5,0x61A5,0x61A4,0x61A4,0x5984,0x5984,0x5964,0x5164,0x5164,0x5143,
    0x4923,0x4123,0x4103,0x40E2,0x38E2,0x38E2,0x38E2,0x38E2,0x38E2,0x38E2,0x30E2,0x30E3,0x30E2,0x30E2,0x30C2,0x28C3,
    0x2082,0x2081,0x20A2,0x2081,0x1861,0x1861,0x1841,0x1041,0x1041,0x1061,0x1041,0x1041,0x0820,0x0821,0x1063,0x2905,
    0x7B90,0xE6DC,0xEF1D,0xBD57,0xB515,0xA473,0x836F,0x9C11,0xDE19,0xD5D8,0xBD56,0xDE7A,0xE69A,0xC596,0x9C71,0x732C,
    0x49C7,0x3925,0x4145,0x4966,0x51C7,0x51A7,0x4186,0x4186,0x3104,0x49C7,0x626A,0x5A29,0x5A49,0x83AF,0xDE5A,0xEF1C,
    0xEEFD,0xCDF9,0xC5B8,0xBD16,0xB4D4,0xA453,0x93B0,0xA432,0xB494,0xC516,0xDDD9,0xEE3A,0xE63A,0xD5D8,0xCD97,0xDE19,
    0xEEBC,0xF71D,0xFF5F,0xFF5F,0xEEBC,0xDE19,0xC557,0xB4D4,0xB4F5,0xCD97,0xCDD8,0xD619,0xDE5A,0xBD56,0xBD77,0xC619,
    0xCE3A,0xD69B,0xDEDC,0xDEFC,0xDEDB,0xCEBA,0xCEDB,0xC699,0xC67A,0xCE5A,0xCE7B,0xCE5A,0xC65A,0xC65A,0xC63A,0xB5D9,
    0xA556,0x94D5,0x94D5,0x94B5,0x9CD5,0xB5B8,0xBE1A,0xBDF9,0xB598,0xAD77,0xA536,0x9D15,0xA536,0xAD56,0xB5B7,0xCE5A,
    0xD6BB,0xEF7E,0xFFDF,0xFFBF,0xF79E,0xF73C,0xE6BA,0xD638,0xAD13,0x730B,0x3944,0x3123,0x41A5,0x7B6C,0xC617,0xC5F7,
    0xCE59,0xEF3D,0xEF5E,0xE73E,0xEF7E,0xF77E,0xEF5E,0xE73D,0xE71C,0xF79E,0xF7BF,0xE71D,0xC61A,0xAD78,0x9CD6,0x8434,
    0x8C74,0x8453,0x8453,0x7BF1,0x7BF0,0xBDF7,0xD699,0x9CD2,0x842F,0x738D,0x83AE,0x9C91,0x8BEF,0x730C,0x5248,0x3985,
    0x41C6,0x3985,0x41A6,0x41C6,0x4A07,0x5249,0x83CF,0x9450,0x6B2C,0x630B,0x6B4C,0x6B2C,0x736C,0x736C,0x732B,0x7B6C,
    0xAD33,0xD657,0xDE98,0xDEB9,0xDE98,0xCE37,0xD698,0xDED9,0xDE98,0xDE98,0xD678,0xD677,0xD677,0xD677,0xDE98,0xD657,
    0xD637,0xDE98,0xD657,0xDE77,0xD657,0xCDF5,0xDE98,0xDE78,0xD677,0xD677,0xD677,0xDE97,0xD657,0xD657,0xDE78,0xDE98,
    0xD658,0xDE98,0xCE36,0xCE36,0xD677,0xC5F5,0xC5F5,0xC5D5,0xC5F5,0xC5D5,0xBDB5,0xC5F6,0xB575,0xAD34,0xBD95,0xB574,
    0xB553,0xB533,0xBD95,0xBD74,0xC5D5,0xDE78,0xE6D9,0xE6B9,0xDE98,0xE6B9,0xE6B9,0xDE98,0xCE37,0xDE78,0xD657,0xDE77,
    0xD657,0xD636,0xD636,0xD657,0xDE77,0xCE15,0xDE77,0xD657,0xDE77,0xDE98,0xD636,0xCE16,0xD636,0xD677,0xD636,0xD636,
    0xDE98,0xDE78,0xD657,0xD657,0xD637,0xDE78,0xDE78,0xDE78,0xD657,0xD637,0xDE78,0xDE78,0xD657,0xD657,0xD657,0xD657,
    0xD657,0xD657,0xDE78,0xD637,0xD657,0xDE78,0xDE98,0xDE98,0xD637,0xD657,0xE698,0xEE17,0xCC92,0xDD53,0xE533,0xDCF1,
    0xCC8F,0xBBCD,0xAB6B,0x9AE9,0x71C4,0x6983,0x9B29,0xBC0C,0xB3CC,0xABCC,0xABAB,0xA38B,0x9329,0x8287,0x8267,0x7225,
    0x7A26,0x7A26,0x7225,0x7A26,0x7225,0x7205,0x7205,0x7205,0x7205,0x7225,0x7225,0x7226,0x7226,0x7226,0x7247,0x7247,
    0x6A27,0x6206,0x5185,0x4103,0x30A1,0x2880,0x28A1,0x28A1,0x30C2,0x28A2,0x2881,0x28A2,0x2881,0x2881,0x2881,0x28A1,
    0x28A1,0x30A2,0x30C2,0x30C2,0x30C2,0x30C2,0x38E2,0x3903,0x3903,0x3903,0x3903,0x38E2,0x38E2,0x40E2,0x4103,0x4943,
    0x4944,0x4944,0x4944,0x4944,0x4923,0x4903,0x4103,0x4103,0x4103,0x4103,0x4103,0x4103,0x4903,0x4923,0x4923,0x5123,
    0x5123,0x5123,0x5143,0x5164,0x5984,0x5984,0x59A5,0x61A5,0x61A5,0x61A5,0x69C5,0x6A06,0x7206,0x6A06,0x6A06,0x7226,
    0x7226,0x7226,0x7226,0x7246,0x7246,0x7226,0x7A47,0x7A47,0x7A47,0x7247,0x7226,0x7226,0x6A06,0x69E6,0x69E5,0x69C5,
    0x69E5,0x7205,0x69E5,0x69E5,0x69C5,0x71E5,0x71E5,0x71E5,0x71E5,0x69C5,0x69C5,0x69C5,0x69A5,0x69A4,0x61A5,0x61A5,
    0x61A5,0x6184,0x6184,0x5964,0x5964,0x5964,0x5944,0x5944,0x5143,0x5143,0x4923,0x4923,0x4923,0x4903,0x4103,0x40E2,
    0x38E2,0x38E2,0x30C2,0x30C2,0x30C2,0x30C2,0x28C2,0x28C2,0x28A2,0x28A1,0x20A2,0x20A2,0x1882,0x1861,0x1061,0x1061,
    0x1061,0x1041,0x0821,0x0800,0x0000,0x0000,0x0000,0x0000,0x0000,0x0000,0x0841,0x20E4,0x31A7,0x420A,0x630E,0x8C53,
    0xA4D5,0x7B90,0x6ACD,0x7B0E,0x832E,0x8B4F,0xB4B3,0xEEFB,0xE679,0xB4F3,0xACD3,0xA4D3,0x7B8E,0x5249,0x41C7,0x3124,
    0x3145,0x3124,0x3104,0x28A3,0x28A2,0x2062,0x1000,0x0820,0x1040,0x0800,0x1841,0x1882,0x1841,0x3965,0x9430,0xEEFC,
    0xDEBA,0xDE9A,0xD659,0xDE5A,0xD63A,0xB535,0xBD77,0xE67B,0xF71D,0xEEFC,0xE69B,0xD619,0xC596,0xC596,0xBD76,0xB515,
    0xACB4,0xB515,0xC5B8,0xC5B8,0xD65A,0xEEFC,0xEEDC,0xF71D,0xF75D,0xF75E,0xFF9F,0xFFBF,0xF77E,0xD67A,0xE6FC,0xDEFD,
    0xD6BB,0xC639,0xC619,0xC619,0xC639,0xC659,0xC679,0xBE59,0xCE59,0xCE5A,0xCE7A,0xCE9B,0xCE5A,0xBDD8,0xAD77,0xA536,
    0x9D16,0x9CF5,0x9CF5,0xA536,0xAD56,0xBDD8,0xBDD8,0xC619,0xCE39,0xCE59,0xC618,0xBD96,0xD659,0xE6BB,0xDEBA,0xE6DB,
    0xD659,0xBDB6,0xC5D6,0xB595,0x9CB1,0x83CE,0x8C0F,0x7B8D,0x5A68,0x4A07,0x4A06,0x62CA,0x8C2F,0xCE16,0xD636,0xC5B5,
    0xB533,0x8C30,0x9C71,0xB575,0xD659,0xE6FB,0xF79D,0xFFDF,0xFFDF,0xFFFF,0xFFFF,0xFFFF,0xFFDF,0xF79E,0xDEDC,0xBDD9,
    0xB598,0xB597,0xB5B8,0xB5B7,0xC5F8,0xCE38,0x8C2F,0x83EE,0xAD12,0xC5F5,0xDE57,0xE6B9,0xDE98,0xD637,0xDE98,0xD657,
    0xC5F6,0xC5F6,0xD657,0xD637,0xCDF6,0xCE16,0xC5F6,0xDE78,0xD657,0xC5F6,0xCE57,0xC616,0xCE16,0xC5F6,0xD637,0xD657,
    0xDE98,0xDE78,0xDE98,0xDEB8,0xE6D9,0xDE98,0xDE98,0xDE78,0xD677,0xD678,0xD636,0xCE16,0xDE98,0xD636,0xD636,0xDE98,
    0xDE77,0xD636,0xDE98,0xDE98,0xDE78,0xCE36,0xD657,0xC5F6,0xD657,0xDE97,0xD677,0xD677,0xD677,0xDE78,0xD677,0xD677,
    0xDE98,0xDE98,0xD657,0xC5D5,0xD657,0xE6B8,0xDE77,0xDE77,0xDE98,0xD677,0xDEB8,0xD677,0xDE99,0xDE99,0xDEB9,0xE6B9,
    0xE6D9,0xE6B9,0xEEFA,0xDE78,0xDE78,0xDE77,0xD636,0xCE16,0xCE16,0xD637,0xCE37,0xCE17,0xD657,0xDE78,0xC5F5,0xCE36,
    0xD656,0xD656,0xD656,0xD657,0xD677,0xCE36,0xD657,0xCE36,0xCE16,0xD657,0xDE77,0xD657,0xD657,0xD677,0xD656,0xD657,
    0xD637,0xDE78,0xE6D9,0xDE78,0xD657,0xDE78,0xD637,0xD637,0xDE78,0xDE78,0xDE98,0xDE78,0xD637,0xDE78,0xD637,0xD657,
    0xDE78,0xD637,0xDE98,0xDE98,0xD657,0xDE78,0xDE98,0xDE78,0xD657,0xD657,0xDE78,0xBC51,0x92AA,0x9B2B,0xAB8C,0xB3CD,
    0xC42E,0xB3AC,0x8A47,0x71A4,0x8A46,0xCC8F,0xED92,0xDD31,0xCCAF,0xB3CC,0x9B4A,0x92E8,0x8287,0x7A26,0x7205,0x7205,
    0x7226,0x7206,0x7205,0x7205,0x7205,0x7205,0x7225,0x7205,0x7205,0x7205,0x6A05,0x6A06,0x7226,0x7227,0x6A47,0x61C5,
    0x4923,0x30C2,0x3081,0x30A1,0x28A1,0x28A1,0x28C2,0x28A2,0x28A2,0x28A2,0x2881,0x28A1,0x2081,0x2881,0x2881,0x2881,
    0x2881,0x2881,0x28A1,0x28A1,0x28C2,0x30E2,0x30E2,0x30E3,0x3903,0x38E3,0x38E2,0x38E3,0x38E2,0x38E2,0x38E2,0x3903,
    0x4123,0x4124,0x4123,0x4103,0x40E3,0x4103,0x4103,0x38E3,0x38E2,0x38E2,0x38E2,0x40E3,0x40E3,0x4103,0x4103,0x4103,
    0x4903,0x4903,0x4923,0x4923,0x4923,0x4923,0x5144,0x5184,0x5984,0x5984,0x5984,0x5984,0x61A5,0x61E5,0x61C5,0x61C5,
    0x61C5,0x61C5,0x61C5,0x69C5,0x69C5,0x61C5,0x69E5,0x69C5,0x69C5,0x61C5,0x61A5,0x61A5,0x59A5,0x61A5,0x61A5,0x61A5,
    0x61A5,0x61A5,0x61A4,0x61A4,0x61A4,0x6184,0x6184,0x6184,0x6184,0x6184,0x6184,0x5964,0x5963,0x5963,0x5943,0x5143,
    0x5123,0x5123,0x4903,0x5123,0x5123,0x4903,0x4903,0x48E3,0x40E2,0x40E2,0x40E2,0x38E2,0x38E2,0x38C2,0x30A1,0x30A1,
    0x3081,0x2882,0x2881,0x2061,0x2061,0x2061,0x1841,0x1861,0x1861,0x1860,0x1041,0x1041,0x1041,0x1041,0x1041,0x0821,
    0x1061,0x0841,0x1062,0x20E4,0x39A7,0x5AAB,0x62EC,0x630C,0x73AF,0x8C31,0xA514,0x9473,0xAD76,0xB598,0x634F,0x528C,
    0x39A8,0x2926,0x62AC,0x93D0,0xB4B4,0xDDD9,0xF71C,0xDE99,0xB554,0x8C0F,0x6AEB,0x3985,0x0820,0x1081,0x18A2,0x2103,
    0x2903,0x28E3,0x1841,0x1841,0x1861,0x1882,0x1882,0x1081,0x10A2,0x1081,0x1061,0x1081,0x1882,0x18A2,0x3145,0x9471,
    0xFFDF,0xFFBE,0xFFBE,0xFFDF,0xFFDF,0xFFBF,0xEF5D,0xDEDB,0xC618,0xC618,0xC618,0xD67A,0xE6FB,0xEF1C,0xEF1C,0xEEFC,
    0xEF1C,0xEF1C,0xE71C,0xE71C,0xEF1D,0xEF3D,0xEF1C,0xEF1C,0xE73C,0xEF5D,0xF79E,0xF79E,0xF79E,0xFFDF,0xF79E,0xFF9F,
    0xFF7F,0xFF9F,0xFFBF,0xFFBF,0xFFFF,0xFFDF,0xFFFF,0xFFFF,0xFFFF,0xFFDF,0xFFBF,0xFFFF,0xFFDF,0xF7BF,0xF79F,0xEF7F,
    0xEF5F,0xE75E,0xE73E,0xE71D,0xE73D,0xEF5E,0xF79E,0xFFDF,0xFFDF,0xFFFF,0xFFDE,0xEEDB,0xDE59,0xBD55,0x83CE,0x62CA,
    0x5227,0x49E6,0x8C0E,0xCE16,0xD637,0xD637,0xD678,0xE6D9,0xDE98,0xD658,0xCE17,0xDE99,0xDEB9,0xE6B9,0xD615,0xD616,
    0xEED9,0xBD74,0x734C,0x5A89,0x5227,0x5268,0x732B,0x83CF,0xA4B3,0xC596,0xD679,0xE6FB,0xF79D,0xFFFE,0xFFFF,0xFFFF,
    0xFFFF,0xFFDF,0xFFFF,0xFFFF,0xE6DB,0xB554,0xCDF6,0xDE77,0xDE36,0xDE56,0xDE77,0xCE15,0xD656,0xCE36,0xBDB4,0xE6D8,
    0xDED8,0xD677,0xD677,0xDE77,0xD657,0xE6B8,0xDE97,0xDE98,0xE6D8,0xD677,0xDEB8,0xCE35,0xDE98,0xDEB9,0xE6D9,0xE6D9,
    0xD677,0xD657,0xD677,0xCE36,0xD656,0xD657,0xD677,0xD678,0xD637,0xD677,0xDE78,0xCE16,0xDE98,0xD656,0xDE57,0xDE77,
    0xD636,0xDE77,0xDE77,0xD677,0xDE98,0xDE98,0xCE36,0xDE78,0xDEB8,0xD697,0xC615,0xDE98,0xD677,0xD657,0xD657,0xD637,
    0xD677,0xDEB8,0xDE78,0xDE78,0xCDF6,0xD637,0xDE78,0xCE16,0xD657,0xDE97,0xDE77,0xCE16,0xCE37,0xD637,0xD637,0xD637,
    0xD657,0xD636,0xDE57,0xDE77,0xD637,0xD657,0xDE78,0xD657,0xDEB9,0xD678,0xD658,0xDEB9,0xD678,0xD657,0xDE78,0xDE77,
    0xCE16,0xCE36,0xD657,0xD636,0xD657,0xD677,0xD657,0xCE16,0xCE16,0xD657,0xCE57,0xCE57,0xD657,0xD657,0xD677,0xD657,
    0xE6B9,0xD657,0xD657,0xDE78,0xD657,0xDE78,0xDE98,0xD657,0xDE98,0xD637,0xCDF6,0xDE78,0xD657,0xD657,0xDE78,0xDE78,
    0xDE98,0xDE98,0xE6B8,0xDE77,0xDE77,0xD637,0xD657,0xDE78,0xD657,0xDE78,0xE699,0x9B6D,0x8A8A,0x92EB,0x92AA,0x8227,
    0x8A68,0xAB4B,0xBBEE,0xC42E,0xD48F,0xD46E,0xCC4D,0xC42D,0xB3CB,0xA329,0x92C8,0x8A87,0x8266,0x7A26,0x7206,0x7A26,
    0x7226,0x7226,0x7206,0x7226,0x7205,0x6A05,0x6A05,0x7225,0x7205,0x7206,0x6A27,0x6227,0x59E7,0x4964,0x30E2,0x2880,
    0x2880,0x28A1,0x28C2,0x30C2,0x28A2,0x28A2,0x2881,0x20A1,0x20A2,0x20A1,0x2061,0x2081,0x2881,0x2881,0x2881,0x2081,
    0x2881,0x28A2,0x28A2,0x20A1,0x20A1,0x20A2,0x28C2,0x28C2,0x28C2,0x28C3,0x3104,0x3103,0x30E3,0x28C3,0x28C3,0x28C3,
    0x28C3,0x28C3,0x28A3,0x2883,0x2082,0x2082,0x2082,0x2062,0x2062,0x2062,0x2061,0x2041,0x2041,0x2061,0x28A2,0x30C3,
    0x30C3,0x38E3,0x3904,0x4104,0x4104,0x4924,0x4925,0x4925,0x4945,0x4944,0x5164,0x4964,0x4964,0x5185,0x5185,0x5164,
    0x5164,0x5164,0x5164,0x5164,0x5185,0x5185,0x5164,0x5164,0x5164,0x5165,0x5164,0x5144,0x4944,0x4944,0x4923,0x4944,
    0x5144,0x5144,0x5144,0x5164,0x4944,0x5144,0x4924,0x5144,0x5144,0x5144,0x5144,0x4923,0x4923,0x4903,0x4103,0x3923,
    0x4123,0x3902,0x3902,0x3902,0x38E2,0x30E2,0x30C2,0x30C2,0x28C2,0x28C2,0x28A2,0x2081,0x2081,0x2061,0x1861,0x1840,
    0x1840,0x1061,0x1061,0x1061,0x1041,0x1841,0x1040,0x1000,0x0800,0x1000,0x1000,0x1021,0x1041,0x1862,0x20A3,0x2904,
    0x4A08,0x732D,0x9431,0xB535,0xDE99,0xEF5D,0xF77D,0xEF5D,0xE6FC,0xDEBB,0xC5F8,0xCE3A,0xE6FC,0x7BD0,0x4A6B,0x630D,
    0x9473,0xB597,0xD63A,0xCE39,0xE6DC,0xEEFC,0xDE79,0xBD75,0x9430,0x62CA,0x3985,0x20A2,0x1061,0x1040,0x0800,0x0820,
    0x1041,0x1040,0x1861,0x1861,0x1882,0x20A2,0x20C2,0x20C2,0x2903,0x2903,0x2924,0x3144,0x2924,0x3164,0x3164,0x3164,
    0x840F,0xF77D,0xFFFF,0xF7BE,0xEF7D,0xE73C,0xDEDA,0xDEDA,0xEF5D,0xFFDE,0xFFFF,0xFFFF,0xFFFF,0xFFDE,0xFFBE,0xFFDF,
    0xFFBE,0xFFDF,0xFFFF,0xFFBE,0xFFBE,0xFFBE,0xFFBE,0xFFBE,0xFFDF,0xFFFF,0xFFDF,0xFFFF,0xFFDE,0xFFFF,0xFFDF,0xFFDE,
    0xFFFF,0xFFDE,0xFFBE,0xF79D,0xF77D,0xEF5C,0xEF5C,0xE71B,0xE6FB,0xEF1B,0xEF1B,0xF75C,0xFF9E,0xF77D,0xF77D,0xFFBE,
    0xFF7D,0xFF9D,0xFFBE,0xF77D,0xF75C,0xEF1B,0xDE99,0xD658,0xC5D6,0xAD13,0x9C71,0x8BEE,0x732B,0x732B,0x732B,0x838D,
    0x8C0E,0xACF2,0xBD94,0xD657,0xD657,0xD657,0xDE78,0xDE78,0xDE78,0xDE78,0xD678,0xCE17,0xD637,0xDE78,0xD636,0xDE98,
    0xD636,0xCE16,0xE6B9,0xD637,0xC5D5,0xB533,0x944F,0x8BEE,0x7B8C,0x732B,0x83AD,0x944F,0xA4D1,0xC5F6,0xD657,0xDEB9,
    0xE6FA,0xE6BA,0xD658,0xCE17,0xBDB5,0xDEB9,0xDE98,0xCE16,0xD657,0xD657,0xDE97,0xDE97,0xDE98,0xDE97,0xC5F5,0xCDF5,
    0xDE98,0xCE16,0xD677,0xE6D9,0xDEB8,0xCDF6,0xCE16,0xCE36,0xCE16,0xDE98,0xE6B9,0xCE16,0xDE98,0xDE98,0xD637,0xD637,
    0xD657,0xCE16,0xDE98,0xDE77,0xDE78,0xDE78,0xDE98,0xDE78,0xDE78,0xDE98,0xDE98,0xDE78,0xDE77,0xD637,0xD657,0xD657,
    0xD636,0xD657,0xDE78,0xD677,0xD657,0xD637,0xD657,0xD637,0xD637,0xDE78,0xD657,0xD637,0xD677,0xD677,0xD657,0xDE98,
    0xD657,0xD657,0xD658,0xDE78,0xD657,0xD637,0xDE98,0xD657,0xCE16,0xDE98,0xDE78,0xD637,0xDE78,0xDE78,0xDE78,0xD637,
    0xDE78,0xD657,0xD637,0xDE98,0xD637,0xCE16,0xDE78,0xDE78,0xD678,0xD657,0xDE78,0xD637,0xD657,0xD657,0xDE78,0xDE98,
    0xCE16,0xCE16,0xDE78,0xDE98,0xCE16,0xCE37,0xD657,0xDE98,0xDE98,0xDE98,0xD657,0xD657,0xD637,0xCE36,0xDE98,0xCE36,
    0xD657,0xD637,0xD657,0xCE16,0xD657,0xDE78,0xD657,0xD657,0xDE78,0xDE78,0xDE78,0xCE16,0xDE78,0xDE98,0xDE78,0xD637,
    0xCE16,0xD637,0xCE16,0xD657,0xDE77,0xDE98,0xD657,0xD657,0xDE78,0xD637,0xE6B9,0xB470,0x69A6,0x6985,0x71A6,0x9AEB,
    0xB3AD,0xED54,0xFDD5,0xC44E,0x9287,0x92A7,0xAB6B,0xAB6B,0x9B09,0x92C8,0x8AA8,0x8AA8,0x8267,0x7A26,0x7A27,0x7A27,
    0x7226,0x7226,0x7226,0x7226,0x7246,0x7246,0x6A26,0x7226,0x6A26,0x6206,0x51A6,0x3944,0x20A2,0x1881,0x1860,0x1880,
    0x20A1,0x20A2,0x20A2,0x28A2,0x28A2,0x20A2,0x2081,0x2081,0x18A1,0x1881,0x1860,0x2061,0x2081,0x2081,0x20A2,0x2082,
    0x2082,0x2082,0x2081,0x20A2,0x20A2,0x20A2,0x20A2,0x20A2,0x20A2,0x20A3,0x20A3,0x2082,0x2082,0x28C3,0x28C4,0x28C4,
    0x3105,0x3125,0x3987,0x41A8,0x3987,0x3125,0x30E4,0x28C4,0x3105,0x3925,0x3925,0x4166,0x4186,0x3905,0x28C4,0x2083,
    0x2062,0x2062,0x2042,0x2062,0x28A3,0x2862,0x2862,0x2882,0x2862,0x2061,0x2061,0x2882,0x2882,0x2061,0x2062,0x2882,
    0x28A3,0x28A3,0x30C3,0x28C2,0x28C2,0x30E3,0x30C3,0x30C3,0x38E3,0x30E3,0x30C3,0x30A2,0x28A2,0x2881,0x2882,0x2061,
    0x2041,0x2882,0x2882,0x28A2,0x2882,0x2882,0x2882,0x28A2,0x30A2,0x2862,0x2861,0x30A2,0x2862,0x2861,0x2062,0x2083,
    0x1862,0x1842,0x1862,0x1862,0x1862,0x1842,0x1842,0x1042,0x0841,0x0841,0x1082,0x1062,0x1082,0x1882,0x18C3,0x20C3,
    0x20C3,0x18E3,0x18A2,0x20E3,0x20E3,0x2924,0x3965,0x5208,0x62AA,0x7B2C,0x7B6D,0x83AF,0x9430,0x9C51,0xB514,0xD639,
    0xE6BB,0xF71C,0xEEFC,0xE6DB,0xD658,0xB554,0x9CB2,0x8C30,0x8410,0xA4D3,0xCE59,0xD69B,0x9CB3,0x7BF0,0xCE39,0xF7BE,
    0xFFFF,0xFFFF,0xFFBF,0xF77E,0xEF5D,0xD69A,0xBD96,0x9450,0x62AA,0x3124,0x1861,0x20C2,0x28E3,0x3124,0x3124,0x3124,
    0x2923,0x3144,0x3123,0x39A5,0x3985,0x41C6,0x41E6,0x41C6,0x41C6,0x49E6,0x41C6,0x4A07,0x5AA9,0x6B0B,0x8C2F,0x9CB1,
    0x9CB1,0xBD95,0xD699,0xF77D,0xFFDE,0xFFDE,0xFFFF,0xFFFF,0xFFBE,0xE73C,0xE71B,0xE73C,0xF79D,0xF77D,0xFF9D,0xFF9D,
    0xFFBE,0xFFBE,0xFF9D,0xFFBE,0xFFBE,0xFFBE,0xFFBE,0xFFBE,0xF75C,0xDEBA,0xCE58,0xD658,0xE6DA,0xD699,0xD678,0xCE37,
    0xBDB5,0xA512,0x9CD2,0x9491,0x8C50,0x83EE,0x736C,0x736C,0x736C,0x6B0B,0x7B6D,0x7B8D,0x9450,0x9C91,0x9470,0x9C70,
    0x9C91,0xA4B1,0x9450,0x942F,0x9450,0x942F,0x9450,0x9C50,0x9450,0x9C50,0xACF2,0xB553,0xCE16,0xD637,0xDE78,0xD657,
    0xE6B9,0xDE78,0xCDF6,0xDE78,0xDE78,0xDE98,0xD637,0xDE78,0xE6B9,0xD657,0xD657,0xD657,0xD657,0xD637,0xD657,0xDE77,
    0xD657,0xCE16,0xDE78,0xDE77,0xDE78,0xE6B9,0xE6D9,0xE6B9,0xDE98,0xDE98,0xCE16,0xD657,0xCDF6,0xDE78,0xCDF6,0xD657,
    0xD637,0xCE16,0xCE16,0xD637,0xDE98,0xD657,0xD657,0xD657,0xD657,0xDEB9,0xDE98,0xD678,0xDE78,0xDEB8,0xD657,0xD657,
    0xDEB8,0xD657,0xDEB8,0xD657,0xD657,0xCE37,0xE6B9,0xDEB9,0xDE78,0xD657,0xD658,0xDE98,0xDE98,0xD636,0xD657,0xE6B8,
    0xDE98,0xE6D9,0xD657,0xD657,0xD637,0xD637,0xD657,0xCE16,0xDE98,0xDE78,0xE6B9,0xDE98,0xDE78,0xE6B9,0xD657,0xCE16,
    0xDE98,0xD657,0xD657,0xDE98,0xD657,0xD657,0xDE98,0xD657,0xD636,0xD637,0xD637,0xD657,0xD657,0xD657,0xD657,0xD636,
    0xD657,0xD657,0xDE78,0xD657,0xDE78,0xDE78,0xDE98,0xD657,0xD637,0xD657,0xDE98,0xDE78,0xD657,0xDE78,0xDE98,0xDE78,
    0xD637,0xD637,0xDE98,0xD657,0xD657,0xDE78,0xD657,0xD637,0xD637,0xCE16,0xCE37,0xD678,0xD657,0xD657,0xDE78,0xD678,
    0xDEB9,0xDE78,0xD657,0xD657,0xD657,0xDE98,0xD678,0xD657,0xD657,0xD637,0xD677,0xD657,0xD677,0xD677,0xC5D5,0xCE16,
    0xD657,0xDE78,0xD657,0xCE16,0xDE78,0xDE78,0xD657,0xCE16,0xD637,0xDE98,0xD657,0xD637,0xD637,0xDE78,0xDE98,0xD637,
    0xCDF6,0xCE16,0xD637,0xD657,0xD636,0xD657,0xDE78,0xDE78,0xDE78,0xD637,0xE699,0xBCB2,0x7228,0x8289,0xBC2F,0xED95,
    0xBC0E,0xBBEE,0xC46F,0xBC2E,0x8AA8,0x8AA8,0x9B2A,0x8AC9,0x7A47,0x8288,0x82A8,0x82A8,0x7A67,0x7A47,0x7A47,0x7A47,
    0x7A26,0x7227,0x7226,0x6A26,0x6A46,0x6A26,0x6206,0x5A06,0x49A5,0x3944,0x20A2,0x1021,0x1041,0x1041,0x1061,0x1881,
    0x18A1,0x18A2,0x1882,0x1882,0x2082,0x1861,0x1861,0x1881,0x1081,0x1081,0x1861,0x1061,0x1041,0x1041,0x1041,0x1021,
    0x1021,0x1041,0x1041,0x1042,0x1062,0x1082,0x1883,0x18A3,0x1883,0x1883,0x18A3,0x28E5,0x41A7,0x5229,0x7B6E,0x8BF1,
    0x8BF1,0xACF5,0xBD97,0xBD97,0xB576,0xAD15,0xA472,0x93B0,0x7B2E,0x834E,0x8BB0,0xA452,0xA473,0xACB4,0xB4B4,0x93F1,
    0x7B4E,0x730D,0x6AAC,0x5A4A,0x5A2A,0x5A29,0x5A29,0x5A6A,0x6ACB,0x6B0D,0x62CC,0x524A,0x41E8,0x41C8,0x3987,0x3166,
    0x3146,0x3146,0x3145,0x2925,0x2925,0x3125,0x3145,0x3145,0x41A7,0x49E8,0x4A08,0x5229,0x5A6A,0x5A6A,0x5A8A,0x4A29,
    0x3986,0x3986,0x3145,0x3145,0x3146,0x28E4,0x20C4,0x28E4,0x3145,0x41A7,0x49E8,0x41A7,0x49C8,0x5209,0x524B,0x524C,
    0x4A2B,0x4A0B,0x4A2B,0x526C,0x526C,0x526C,0x526C,0x528C,0x528B,0x4209,0x3187,0x3187,0x3187,0x2967,0x3167,0x3187,
    0x39C8,0x4208,0x5ACB,0x6B0C,0x83EF,0x9451,0x9C92,0xA4D3,0xA4B2,0xA491,0xACD3,0xC5D7,0xDE79,0xD638,0xDE7A,0xEEFB,
    0xDE9A,0xD639,0xBD55,0x9410,0x6AEA,0x5268,0x734C,0x8C0F,0xB534,0xCE18,0xDE9A,0xDEBB,0xE6FC,0xF79E,0xFFDF,0xF77E,
    0xF79E,0xFFDF,0xFF9E,0xEF3C,0xD659,0xAD34,0x8C30,0x5268,0x3123,0x3964,0x3985,0x39A5,0x41C6,0x4A07,0x41E6,0x4A07,
    0x4A07,0x4A27,0x5248,0x5247,0x5A68,0x5A68,0x5A88,0x5AA9,0x62A9,0x6B0A,0x7B8C,0xAD12,0xCE57,0xDE98,0xDEB9,0xDE98,
    0xDEB9,0xD658,0xBDB5,0xBDB5,0xCE58,0xCE37,0xC617,0xBDD6,0xB595,0xAD33,0x840F,0x8C50,0xAD13,0xB554,0xAD33,0xBD95,
    0xBDB6,0xBDB6,0xC5D6,0xC5F6,0xC5F6,0xBD95,0xB554,0xC5D6,0xA4B2,0x5AAA,0x5248,0x5248,0x8C0F,0xBD95,0xAD13,0xB574,
    0xBDB5,0xBDB5,0xC5F6,0xCE16,0xCE16,0xC5F6,0xC5F6,0xCE16,0xCDF6,0xC5F6,0xC5F6,0xCDF6,0xCE17,0xD657,0xD657,0xD637,
    0xD678,0xD637,0xD637,0xDE78,0xD657,0xDE99,0xDE98,0xDE98,0xE6D9,0xE6B9,0xDE99,0xE6B9,0xE6B9,0xCE16,0xD657,0xD657,
    0xD657,0xDE98,0xDE78,0xD657,0xDE78,0xE6B9,0xDE78,0xD657,0xDE78,0xD657,0xD657,0xDE98,0xDE98,0xD637,0xDE78,0xDE77,
    0xDE98,0xD657,0xD636,0xDE77,0xDE77,0xDE77,0xDE77,0xCE16,0xCE16,0xD637,0xD636,0xCE16,0xCDF5,0xD657,0xD657,0xDE78,
    0xD657,0xDE98,0xDE98,0xDE78,0xCE37,0xDE78,0xDE98,0xDE98,0xD678,0xD657,0xD657,0xDE98,0xD677,0xD657,0xCE36,0xDE78,
    0xDE78,0xD657,0xDE98,0xD657,0xD637,0xD657,0xDE98,0xD657,0xDE98,0xD657,0xCE16,0xD678,0xDE78,0xD657,0xD657,0xD657,
    0xD637,0xDE78,0xDE78,0xDE78,0xDE77,0xDE98,0xDE78,0xD657,0xDE78,0xD637,0xDE78,0xDE98,0xD657,0xDE78,0xE6B9,0xDE98,
    0xDE77,0xE6B9,0xD636,0xD637,0xD657,0xDE78,0xDE77,0xD657,0xDE98,0xD657,0xDE98,0xD657,0xCE16,0xD657,0xDE78,0xD636,
    0xD657,0xDE77,0xDE78,0xDE78,0xDE78,0xD657,0xD657,0xD657,0xD657,0xD657,0xD637,0xDE78,0xDE78,0xDE78,0xD657,0xDE78,
    0xDE78,0xDE98,0xDE78,0xD657,0xD657,0xDE78,0xD657,0xD678,0xD678,0xD678,0xD637,0xDE98,0xD678,0xCE16,0xDE98,0xCDF6,
    0xCE37,0xCE37,0xDE78,0xD657,0xD637,0xD637,0xD637,0xD657,0xD657,0xCE36,0xD657,0xCE36,0xD657,0xD657,0xDE98,0xDE78,
    0xDE98,0xDE98,0xD657,0xD657,0xD637,0xD637,0xE6B9,0xDE78,0xD657,0xDE78,0xCE16,0xDE98,0xD657,0xDE78,0xDE98,0xDE78,
    0xDE78,0xDE78,0xDE77,0xDE98,0xDE78,0xD658,0xD658,0xDE78,0xD658,0xD637,0xEEDA,0xAC30,0x8AEB,0x9B4C,0xAB8D,0xA36C,
    0x9B0A,0x9B2A,0x9B2A,0x9B4A,0x8AC9,0x7A68,0x7A47,0x69E6,0x69E6,0x7227,0x7A47,0x7A47,0x7A47,0x7A67,0x7A46,0x7226,
    0x7206,0x7206,0x6A06,0x6206,0x6206,0x59C6,0x4985,0x3923,0x28E3,0x20C2,0x18A3,0x18A3,0x18A3,0x1083,0x1062,0x1041,
    0x1041,0x1041,0x1041,0x1041,0x1041,0x1021,0x1041,0x0821,0x0821,0x0861,0x1062,0x1062,0x1062,0x1083,0x18C4,0x18A4,
    0x20E5,0x2925,0x2926,0x2967,0x3188,0x31A8,0x3188,0x3188,0x31A8,0x39A8,0x39C9,0x4A0A,0x5A8C,0x6AED,0x8BF1,0x9411,
    0x8C11,0xA4D4,0xBD97,0xCE19,0xCE59,0xC5F8,0xA493,0x9411,0x93F1,0x9C32,0x9C52,0xA452,0x9C32,0xA452,0xB4F5,0x9C32,
    0x9C53,0xAD15,0xACF5,0xCDF9,0xD65A,0xD639,0xCE19,0xDE9B,0xFF9F,0xF7DF,0xF7BF,0xEF7F,0xE73E,0xE73E,0xE71D,0xD6BC,
    0xCE7B,0xCE5A,0xCE7A,0xCE9A,0xD69A,0xD6BB,0xDEDC,0xDEFC,0xE71D,0xEF3D,0xEF7E,0xF77E,0xF7BF,0xF7BF,0xF7BF,0xEF5D,
    0xE71C,0xDEFC,0xCE7A,0xC639,0xC618,0xC619,0xCE39,0xCE3A,0xCE5A,0xD69B,0xDEBB,0xDEBC,0xE71D,0xEF3D,0xE71D,0xDEFD,
    0xD6BC,0xCE7B,0xCE7B,0xD69B,0xD69B,0xCE7B,0xC63A,0xBDF9,0xB598,0xB5B8,0x9CD5,0x8C73,0x9493,0x94D4,0xA515,0xAD77,
    0xBE19,0xD69A,0xDE9A,0xBD95,0xA4D3,0x9451,0x8C30,0x9430,0x9C71,0xA4B2,0xACD3,0xA4B2,0x9C51,0x8BEF,0x8C10,0x9430,
    0x838E,0x730C,0x5A69,0x41C6,0x5227,0x5207,0x8BEE,0xBD95,0xCDF7,0xCE17,0xCE38,0xDEBA,0xF77D,0xF77D,0xF79E,0xF79D,
    0xF77D,0xD679,0xBD95,0xA4D2,0x9450,0x62EB,0x3985,0x3144,0x3985,0x39A5,0x41E6,0x5A88,0x62EA,0x62A9,0x734B,0x7BAD,
    0xA4F1,0x9C90,0xA4B1,0x9C90,0xB553,0xBDB5,0xBD94,0xC5D5,0xCDF6,0xCE37,0xD677,0xDEB9,0xE6D9,0xDE98,0xCE16,0xDE98,
    0xD657,0xCE36,0xDEB9,0xD678,0xD658,0xCE16,0xC5F6,0xD678,0xD678,0xDE99,0xD678,0xD657,0xD678,0xD678,0xD657,0xDE78,
    0xD657,0xDE78,0xDE78,0xD637,0xD637,0xCDF6,0xC5B5,0xD637,0xD678,0xDE78,0xD658,0xDE98,0xD678,0xE6B9,0xDE98,0xDE78,
    0xDE98,0xD657,0xDE78,0xDE98,0xDE78,0xD677,0xDE98,0xDE98,0xD677,0xDEB8,0xD657,0xE6B9,0xE6D9,0xD657,0xD677,0xDEB8,
    0xDE78,0xD657,0xDE98,0xE6B8,0xD637,0xD657,0xD637,0xCE16,0xD657,0xDE77,0xD637,0xDE78,0xDE98,0xE6B9,0xDE78,0xE6D9,
    0xDE78,0xDE78,0xD657,0xE6B9,0xDE78,0xD657,0xDE98,0xD637,0xD637,0xDE98,0xDE78,0xDE78,0xD657,0xD657,0xDE98,0xD657,
    0xDE98,0xE6B8,0xDE78,0xDE78,0xD657,0xDE77,0xDE77,0xDE98,0xE6B8,0xD657,0xDE78,0xDE98,0xD636,0xDE98,0xDE98,0xE6B8,
    0xDE78,0xDE98,0xD657,0xDE98,0xD678,0xDE98,0xD678,0xDE78,0xDE78,0xD637,0xDE98,0xDE98,0xD657,0xD657,0xD677,0xDE78,
    0xDEB8,0xDE98,0xD677,0xDE98,0xD657,0xCE16,0xD657,0xDE78,0xE6B9,0xDE98,0xDE78,0xD657,0xD657,0xDE98,0xDE78,0xD657,
    0xDE98,0xDE77,0xDE77,0xD657,0xE6D9,0xCDF5,0xACF2,0xCDF6,0xDE78,0xDE98,0xDE78,0xD657,0xDE98,0xD657,0xCE17,0xDE98,
    0xD657,0xD657,0xCE16,0xDE77,0xDE78,0xDE78,0xD657,0xD636,0xDE98,0xDE98,0xDE98,0xD657,0xD636,0xD657,0xDE77,0xD657,
    0xD636,0xD637,0xCE16,0xDE78,0xDE98,0xD637,0xD657,0xDE78,0xDE78,0xE6B9,0xDE78,0xDE78,0xDE78,0xDE98,0xD657,0xD657,
    0xDE78,0xDE78,0xCE16,0xDE78,0xDE98,0xDE78,0xD657,0xDE98,0xD678,0xDE98,0xD657,0xD657,0xD657,0xD657,0xD678,0xCE37,
    0xD637,0xD637,0xDE98,0xD637,0xDE78,0xDE98,0xD658,0xD657,0xD677,0xD657,0xCE36,0xD657,0xD677,0xCE36,0xD677,0xCE16,
    0xD637,0xD637,0xD637,0xDE78,0xD637,0xDE78,0xDE98,0xD637,0xD657,0xDE78,0xD657,0xD637,0xDE78,0xD657,0xD657,0xD637,
    0xD657,0xDE78,0xD636,0xD637,0xD657,0xC5B5,0xCE17,0xD638,0xCE17,0xE6DB,0xCDF7,0x7ACB,0x82AA,0x8ACA,0x8AA9,0x92CA,
    0x8AA9,0x8AA8,0x8288,0x7226,0x5964,0x5943,0x5943,0x5943,0x7206,0x8267,0x8288,0x7A67,0x7226,0x7247,0x7206,0x69E5,
    0x61C5,0x61E5,0x59C6,0x51C6,0x4985,0x3944,0x30E3,0x2904,0x2905,0x2925,0x3146,0x3147,0x2947,0x3167,0x3967,0x3146,
    0x2905,0x18C3,0x1082,0x1042,0x0842,0x0821,0x0842,0x0862,0x10A3,0x1925,0x2105,0x2146,0x2987,0x39C9,0x420A,0x422A,
    0x422B,0x4A6B,0x4A6B,0x424B,0x426C,0x4A6C,0x4A8C,0x5B0E,0x634F,0x6B4F,0x7390,0x6B70,0x7370,0x8BF1,0x9432,0xA4D4,
    0xCE19,0xDEDC,0xF79F,0xF7BF,0xFFFF,0xFFDF,0xE6FC,0xDE7A,0xE6BB,0xE6DC,0xD65A,0xDE9B,0xE6DC,0xDE9B,0xDE9B,0xDE7B,
    0xCE1A,0xCDF9,0xCE3A,0xE6FD,0xEF3E,0xEF5E,0xEF7E,0xEF9E,0xF79F,0xEF9F,0xF79F,0xF7DF,0xF7BF,0xF7BF,0xF7DF,0xF7DF,
    0xF7BF,0xEF9F,0xEF9E,0xEFBE,0xEF9E,0xF7BE,0xF7BF,0xF7BF,0xF79E,0xF79E,0xFFBF,0xF7BF,0xF7BF,0xF7BF,0xF7BF,0xF7BF,
    0xF7DF,0xF7BF,0xF7BE,0xF7BF,0xEF5D,0xEF7E,0xF79E,0xEF7E,0xEF7E,0xF79E,0xF79F,0xF7BF,0xF7BF,0xFFBF,0xF7BE,0xF7BD,
    0xF7BD,0xF7DE,0xFFFE,0xFFDE,0xFFFE,0xFFDE,0xFFFE,0xF7DE,0xF7BF,0xFFDF,0xFFDF,0xFFDF,0xFFDF,0xFFDF,0xFFDF,0xF79F,
    0xF77E,0xEF3C,0xBDB6,0xA4D2,0x9471,0x9471,0x83AE,0x7B8D,0x7B6C,0x5A48,0x3964,0x2903,0x28E3,0x3144,0x3124,0x3124,
    0x3124,0x3103,0x2903,0x20C2,0x20A1,0x28A1,0x41C5,0x6ACA,0x6AEA,0x732B,0x7B6C,0x83CE,0xACF2,0xA4D2,0xBDB6,0xCE37,
    0xBDD5,0xA4F2,0xA4F2,0x9470,0x83CD,0x736C,0x7BAD,0x9C70,0xA4B1,0xB553,0xB573,0xCDF6,0xD657,0xBD94,0xDE98,0xD678,
    0xDE98,0xDEB8,0xDE97,0xDE98,0xD657,0xD677,0xD677,0xD677,0xDE97,0xD657,0xD677,0xD677,0xD657,0xDE97,0xDEB8,0xDEB8,
    0xD657,0xD677,0xCE36,0xDEB9,0xDE98,0xD678,0xDEB8,0xDE98,0xE6D9,0xDE98,0xD657,0xD678,0xD657,0xD657,0xE6B9,0xD637,
    0xDE78,0xDE98,0xD657,0xDE78,0xDE98,0xDE78,0xE6B9,0xDE78,0xD637,0xDE78,0xDE78,0xDE98,0xDE98,0xD637,0xDE98,0xE6B8,
    0xDE77,0xD636,0xDE98,0xDE98,0xDE77,0xDE77,0xD636,0xD657,0xD677,0xD677,0xDE98,0xD677,0xD657,0xDE98,0xD677,0xDEB8,
    0xD677,0xD657,0xCDF5,0xD657,0xDE98,0xDE77,0xDE77,0xDE98,0xDE98,0xDE77,0xD657,0xDE78,0xD658,0xDE78,0xDE78,0xDE98,
    0xD657,0xE6B9,0xDE78,0xDE78,0xDE98,0xDE98,0xDE98,0xDE78,0xD657,0xDE98,0xE6B9,0xDE78,0xDE98,0xDE78,0xDE98,0xD657,
    0xDE77,0xDE77,0xDE78,0xDE77,0xDE98,0xE6B9,0xDE78,0xDE77,0xDE98,0xE6B8,0xCE16,0xE6B9,0xDE98,0xDE98,0xD636,0xDE77,
    0xE6B9,0xDE98,0xD657,0xDE98,0xD678,0xD657,0xDEB9,0xDE98,0xD678,0xDE78,0xD677,0xD677,0xDE98,0xDE98,0xD657,0xD637,
    0xDE78,0xDE98,0xD677,0xD657,0xDE78,0xDE98,0xDE98,0xD657,0xD678,0xD678,0xDEB9,0xD657,0xD657,0xDE98,0xDE98,0xDE98,
    0xE6B8,0xD636,0xDE78,0xDE78,0xDE98,0xDE78,0xD657,0xDE98,0xDE98,0xD637,0xDE98,0xD657,0xDE78,0xD657,0xD637,0xD636,
    0xDE78,0xD657,0xD657,0xDE77,0xDE78,0xD657,0xDE98,0xD657,0xD657,0xDE77,0xD637,0xDE77,0xD657,0xDE98,0xDE77,0xDE78,
    0xDE98,0xDE98,0xD637,0xDE78,0xDE78,0xD657,0xE6B9,0xD657,0xD637,0xD637,0xD637,0xD657,0xD637,0xD657,0xD637,0xD657,
    0xD657,0xD637,0xDE98,0xDE78,0xDE78,0xD678,0xCE37,0xD678,0xD657,0xD657,0xD678,0xD657,0xD657,0xD678,0xD678,0xD657,
    0xCE37,0xD657,0xD657,0xCE37,0xD678,0xD678,0xD657,0xD678,0xD657,0xD657,0xD657,0xD677,0xD657,0xDE98,0xCE36,0xD637,
    0xD637,0xD637,0xD637,0xDE78,0xD657,0xD657,0xD637,0xD657,0xDE98,0xD637,0xCE16,0xDE78,0xD657,0xD637,0xDE78,0xD657,
    0xD637,0xD657,0xD636,0xD657,0xDE58,0xD637,0xD617,0xCDF7,0xF77D,0xC5B6,0x5A49,0x7B0D,0x830C,0x82CB,0x7A48,0x71A6,
    0x71A5,0x6163,0x5943,0x69C5,0x7A67,0x7206,0x7A06,0xA32A,0xAB8B,0xABAB,0xA34A,0x8267,0x7206,0x69E6,0x61E5,0x61E5,
    0x59C6,0x51A5,0x4144,0x3103,0x28E3,0x20C3,0x20A2,0x20C4,0x20C4,0x18A4,0x20C5,0x20E6,0x2906,0x3147,0x41A9,0x49C9,
    0x49E9,0x39C8,0x3187,0x3146,0x2905,0x2905,0x2925,0x2946,0x2966,0x2987,0x31C8,0x3A0A,0x424B,0x424B,0x3A0A,0x3A0A,
    0x39EA,0x3A0A,0x426C,0x52CD,0x6390,0x7C33,0x8C95,0x8474,0x8453,0x8C74,0x9CF5,0xB5F9,0xD6BC,0xDE9B,0xDE9C,0xF75E,
    0xF77F,0xEF3D,0xEF5E,0xEF7E,0xEF5D,0xEF7E,0xF79F,0xFFDF,0xF7BF,0xFFBF,0xFFDF,0xF7BF,0xFFBF,0xFFDF,0xFFBF,0xFFBF,
    0xFFBF,0xFFBF,0xFFDF,0xFFBF,0xF7BF,0xF79F,0xF79E,0xEF9E,0xF79E,0xF7BE,0xF77D,0xF79E,0xF79E,0xF79E,0xF7BE,0xF79E,
    0xFFDF,0xFFDF,0xFFFF,0xFFFF,0xFFDE,0xFFFF,0xFFBE,0xFFBE,0xFFBE,0xFF9E,0xEF1B,0xEF3C,0xE73C,0xEF5C,0xEF5C,0xF79D,
    0xFFDE,0xFFDE,0xFFBE,0xFFDE,0xFFBE,0xFFBE,0xFFDF,0xFFFF,0xFFDF,0xFFBE,0xFFDE,0xF79D,0xF77D,0xF77D,0xF77C,0xF79C,
    0xF77C,0xF77C,0xF77C,0xEF5B,0xF77C,0xF77C,0xF77C,0xF77C,0xFF9E,0xF77D,0xFFBE,0xFFBE,0xFFBF,0xFFBF,0xF77D,0xE6DB,
    0xBDB6,0xAD13,0x8C0F,0x6B0B,0x5268,0x39A5,0x20A2,0x20A1,0x1881,0x1881,0x28C2,0x3123,0x28E2,0x3123,0x3123,0x3144,
    0x3985,0x49C6,0x49E6,0x5A68,0x730A,0x942E,0xA490,0x9C70,0xC5B5,0xB553,0xB553,0xC5D5,0xDE99,0xD678,0xD678,0xD678,
    0xDEB9,0xE6FA,0xE6D9,0xE6F9,0xDE98,0xE6B9,0xE6D9,0xE6F9,0xE6D9,0xDEB8,0xDE98,0xD677,0xDEB8,0xDEB8,0xDE98,0xD677,
    0xD677,0xD657,0xD636,0xD657,0xD656,0xCE16,0xD657,0xCE16,0xD657,0xDE77,0xD657,0xDE97,0xD677,0xDE77,0xDE77,0xD677,
    0xD677,0xDE98,0xDE98,0xE6B8,0xDE78,0xD637,0xDE78,0xD637,0xD657,0xE6B9,0xDE77,0xD657,0xDE77,0xDE78,0xDE77,0xD657,
    0xDE98,0xDE78,0xDE77,0xDE98,0xDE77,0xD657,0xD657,0xDE78,0xDE78,0xDE57,0xDE77,0xDE57,0xDE57,0xDE98,0xDE78,0xD657,
    0xDE97,0xDE77,0xDE77,0xD657,0xDE77,0xDE98,0xDE98,0xD657,0xDEB8,0xDE77,0xDE77,0xDE98,0xD677,0xDE77,0xDE77,0xCE36,
    0xE6B8,0xDE97,0xD657,0xDE77,0xDE98,0xD657,0xDE98,0xDE98,0xD657,0xDE98,0xE6B8,0xD637,0xD657,0xDE78,0xDE98,0xD657,
    0xDE78,0xDE98,0xDE98,0xD637,0xDE78,0xE6B9,0xDE78,0xDE78,0xD657,0xDE98,0xDE78,0xDE78,0xDE98,0xD657,0xDE98,0xDE98,
    0xDE98,0xDE78,0xDE98,0xD657,0xDE77,0xDE78,0xD657,0xDE98,0xD636,0xDE98,0xDE78,0xDE98,0xDE78,0xDE98,0xDE78,0xD657,
    0xD637,0xDE78,0xD657,0xDE78,0xDE78,0xD657,0xD657,0xCE37,0xDEB9,0xDE98,0xD657,0xD657,0xD677,0xD657,0xD657,0xDEB8,
    0xD657,0xDE98,0xDE98,0xD678,0xDEB9,0xDE98,0xCE37,0xD637,0xC5B5,0xD678,0xDE78,0xD678,0xDE98,0xD637,0xD637,0xD657,
    0xDE77,0xD637,0xD657,0xD657,0xD636,0xDE98,0xDE78,0xDE78,0xDE78,0xDE98,0xDE78,0xD657,0xDE78,0xDE78,0xE6B9,0xDE78,
    0xD657,0xDE77,0xDE78,0xDE78,0xDE98,0xDE77,0xDE98,0xDE98,0xDE78,0xDE98,0xDE78,0xDE98,0xDE78,0xDE78,0xDE77,0xD636,
    0xDE77,0xDE78,0xD657,0xD657,0xDE98,0xDE98,0xD657,0xD657,0xDE98,0xD657,0xDE78,0xDE78,0xD657,0xD637,0xE6B9,0xDE98,
    0xDE78,0xDE78,0xD657,0xD657,0xDE78,0xD678,0xD678,0xD637,0xD657,0xD637,0xDE98,0xD657,0xD657,0xCE16,0xD657,0xDE98,
    0xD637,0xD637,0xD657,0xDE78,0xCE16,0xD657,0xCE37,0xD637,0xD657,0xD677,0xDE98,0xD657,0xD677,0xD677,0xD677,0xD657,
    0xD657,0xDE98,0xD637,0xCE16,0xD657,0xD657,0xD637,0xDE78,0xD657,0xCDF6,0xD637,0xDE98,0xD637,0xD657,0xCE16,0xE6B9,
    0xDE98,0xDE98,0xDE78,0xDE98,0xD637,0xCE17,0xCDF7,0xE6BA,0xFF7E,0xE6DB,0xACF4,0xAC93,0x7AEC,0x82EC,0x7A69,0x8AAA,
    0xC490,0xD533,0xE574,0xEDD5,0xFE57,0xDD12,0xC44F,0xDCF0,0xDCF0,0xCC8F,0x92E9,0x7A67,0x6A06,0x61C5,0x59C6,0x49A5,
    0x4165,0x3904,0x28E3,0x28E3,0x28E4,0x2925,0x3166,0x3967,0x3988,0x41C9,0x4A2A,0x526B,0x524B,0x522B,0x5A2B,0x626C,
    0x62AC,0x734E,0x83F1,0x9473,0x9C94,0x9C94,0x9473,0x9473,0x8C52,0x73B0,0x636F,0x636F,0x6BD1,0x8453,0x94D5,0x9D16,
    0xA557,0xAD98,0xB5DA,0xADB9,0x94D5,0x7C12,0x73D1,0x7C12,0x9D36,0xCE9B,0xE75E,0xEF7F,0xF7DF,0xF79F,0xF79F,0xEF5E,
    0xE71D,0xE71D,0xE71C,0xEF3D,0xEF5D,0xF79E,0xFFDF,0xF7BF,0xF7BF,0xF79E,0xF7BF,0xF79E,0xF7BF,0xF7BE,0xF79E,0xF79F,
    0xFF9F,0xF79E,0xF77E,0xF79E,0xFFBF,0xFFDF,0xFFDF,0xF7BE,0xF7BE,0xFFBD,0xF75C,0xEF3B,0xE71B,0xE6DA,0xDEDA,0xDEDA,
    0xDEDA,0xDE99,0xCE58,0xC5D5,0x9CD1,0x9470,0x9470,0x8C2F,0x83EE,0x83AD,0x732B,0x7B6C,0x6B0A,0x62A9,0x62CA,0x83CD,
    0xACF2,0xBD74,0xC5F6,0xC5F6,0xC5F6,0xC5D6,0xC5B5,0xBD74,0xBD95,0xBD95,0xDE78,0xEF1B,0xFF9D,0xFF9D,0xFF9D,0xFF9E,
    0xFF9E,0xFF7E,0xFF7E,0xFF7E,0xFF9E,0xF75D,0xE6DB,0xE69A,0xDE79,0xDE78,0xD637,0xCE17,0xBD75,0x9450,0x62AA,0x4185,
    0x49E7,0x41C6,0x41A5,0x4A07,0x41C6,0x5268,0x5A88,0x5A68,0x5A68,0x62A9,0x62EA,0x732B,0x940F,0x8BEE,0x9C91,0xAD12,
    0xB533,0xC5D6,0xC5D6,0xDE78,0xDE78,0xE698,0xDE78,0xDE78,0xDE98,0xDE77,0xE6D9,0xDE98,0xDE98,0xDE98,0xD678,0xD678,
    0xD678,0xD678,0xD637,0xDE77,0xDE77,0xDE98,0xDE78,0xD678,0xDE78,0xC5D5,0xD657,0xDE98,0xD657,0xDE98,0xD657,0xDE78,
    0xDE98,0xD657,0xDE98,0xDE77,0xDEB8,0xD657,0xE6B8,0xDEB8,0xD657,0xD677,0xD637,0xDE98,0xDE77,0xD657,0xDE98,0xD636,
    0xDE98,0xCE16,0xDE98,0xD657,0xD657,0xE6D9,0xDE98,0xD677,0xDE98,0xE6B9,0xDE98,0xDEB8,0xE6D9,0xDE98,0xDE98,0xDE78,
    0xD637,0xDE78,0xD636,0xDE98,0xDE78,0xE6B8,0xDE78,0xD637,0xDE98,0xD657,0xD657,0xE6B8,0xD637,0xDE78,0xD637,0xDE77,
    0xE6B8,0xE6B8,0xD636,0xD657,0xDE98,0xDE77,0xDE98,0xE6B8,0xDEB8,0xDE98,0xDE97,0xDE77,0xD677,0xD657,0xDE98,0xD657,
    0xD657,0xDE77,0xDE98,0xE6B8,0xDE98,0xDE98,0xDE98,0xDE77,0xD636,0xD657,0xE6B8,0xDE78,0xD657,0xD637,0xDE78,0xD637,
    0xDE78,0xD637,0xDE78,0xDE98,0xD657,0xD637,0xD637,0xE6B9,0xDE98,0xD657,0xDE78,0xDE78,0xDE98,0xDE78,0xDE78,0xDE77,
    0xD657,0xDE78,0xDE98,0xD657,0xDE78,0xDE98,0xD637,0xE6D9,0xE6B8,0xCE16,0xDE78,0xD657,0xDE78,0xE6B8,0xD657,0xE6B8,
    0xD637,0xD657,0xDE78,0xCE37,0xD678,0xE6B9,0xCE37,0xDE78,0xDE98,0xCE37,0xD677,0xCE36,0xDE98,0xDE98,0xD637,0xDEB8,
    0xDE98,0xCE36,0xDE77,0xD678,0xDE78,0xDE98,0xD678,0xDE98,0xD678,0xD637,0xDE98,0xC5F6,0xDE78,0xDE98,0xDE77,0xD637,
    0xDE77,0xD657,0xDE98,0xDE98,0xDE77,0xDE98,0xD637,0xD637,0xDE98,0xE6B9,0xDE78,0xDE78,0xD637,0xDE98,0xD657,0xD657,
    0xD657,0xD657,0xDE98,0xDE78,0xD657,0xD657,0xD637,0xDE77,0xD657,0xDE78,0xD657,0xDE98,0xDE78,0xD657,0xDE98,0xDE78,
    0xD637,0xDE77,0xD657,0xD658,0xDE78,0xD657,0xD657,0xD657,0xDE78,0xDE78,0xD657,0xDE78,0xD657,0xD657,0xD657,0xD637,
    0xD637,0xDE78,0xC5D5,0xDE98,0xD657,0xD637,0xD657,0xD637,0xD678,0xCE16,0xD657,0xD657,0xDEB9,0xD637,0xD657,0xDE78,
    0xD678,0xD657,0xD657,0xD678,0xD657,0xD678,0xD637,0xDE98,0xD657,0xCE36,0xD657,0xCE16,0xD657,0xDE98,0xCE36,0xCE36,
    0xD657,0xDE78,0xDE78,0xD637,0xDE98,0xDE78,0xD657,0xCE16,0xD637,0xD657,0xD637,0xD657,0xD637,0xCE16,0xD657,0xD657,
    0xD637,0xDE78,0xD657,0xD657,0xDE78,0xD658,0xCE17,0xEEFC,0xFF7E,0xFF9F,0xFFFF,0xEEFD,0xA493,0xA452,0xD555,0xEDD6,
    0xF5F7,0xEDD6,0xDD33,0xC491,0xB3EE,0x8AC9,0x9B0A,0xAB8B,0xA32A,0x92C8,0x7206,0x7227,0x59C6,0x51A6,0x4185,0x3124,
    0x2904,0x2904,0x2904,0x3146,0x3187,0x39A8,0x41E9,0x41E9,0x4A0A,0x420A,0x4A2A,0x4A4B,0x5ACC,0x9C93,0x9CB4,0x732F,
    0x522A,0x4A09,0x5A6B,0x730E,0x9411,0xACF5,0xD63A,0xE6BC,0xDEBB,0xEF3E,0xDF1D,0xE75E,0xEF9F,0xEF9F,0xEFBF,0xEF9F,
    0xE77F,0xCE9C,0x9D16,0x7C32,0x7C12,0x9D36,0xBE1A,0xDEFD,0xEF9F,0xF79F,0xEF7E,0xEF7D,0xEF9E,0xEF7E,0xEF5E,0xEF5E,
    0xE71D,0xDEFC,0xE71C,0xDEDB,0xEF3C,0xDEBA,0xBDB6,0xDEBB,0xFFDF,0xF7BE,0xF7BE,0xFFBF,0xF79E,0xF77E,0xF7BE,0xF7BE,
    0xF77D,0xFFDF,0xFFDF,0xF79D,0xE71B,0xE6DA,0xD679,0xCE38,0xC5D6,0xAD12,0xAD12,0xAD12,0xA4D1,0xA4F1,0xA4D1,0x9470,
    0x9C90,0xAD12,0x9C90,0x9470,0x8C2F,0x6B2B,0x5248,0x49E6,0x3964,0x2903,0x3144,0x3143,0x3964,0x3985,0x3143,0x3164,
    0x3143,0x39A5,0x49E6,0x41A5,0x3984,0x4185,0x3123,0x28E2,0x3964,0x49E6,0x62A9,0x7B6C,0x9C70,0xB554,0xD618,0xC5B7,
    0xC596,0xBD96,0xACF4,0x9C92,0x83CF,0x83AF,0x838F,0x838E,0x83CD,0x8C0E,0x7B6C,0x7B6C,0x7B8C,0x8BEE,0xA4D1,0xAD12,
    0xAD12,0xC5D5,0xCDF6,0xCE37,0xD678,0xDEB9,0xDEB9,0xD657,0xD657,0xDEB8,0xDEB8,0xD637,0xE6D9,0xDE78,0xE6D9,0xE6D9,
    0xDE78,0xE6B9,0xE6B9,0xDE78,0xD616,0xDE78,0xD637,0xDE78,0xDE78,0xD637,0xD657,0xD677,0xCE36,0xD637,0xD637,0xD657,
    0xDE78,0xDE98,0xD657,0xCDF5,0xD657,0xDE77,0xDE77,0xDE98,0xDE78,0xD678,0xDE78,0xDE78,0xDE98,0xD678,0xDE78,0xDE99,
    0xD677,0xD677,0xDEB8,0xDE98,0xDE98,0xD677,0xDEB8,0xDE98,0xDE98,0xD657,0xDE98,0xDE98,0xDE77,0xE6B9,0xD637,0xD657,
    0xDE78,0xD637,0xDEB8,0xDEB8,0xD677,0xD677,0xD698,0xD677,0xE6F9,0xD657,0xDE98,0xDEB8,0xCE36,0xDE98,0xDE98,0xD657,
    0xDE98,0xE6F9,0xCE16,0xDE98,0xD637,0xCE36,0xDE98,0xDEB8,0xDE98,0xDEB8,0xDE98,0xD677,0xDEB8,0xDE98,0xD657,0xD657,
    0xDE78,0xD637,0xE6D9,0xDE98,0xDE98,0xD657,0xDE78,0xDEB8,0xDE78,0xD677,0xD657,0xD657,0xDE98,0xDEB8,0xDE78,0xDE98,
    0xDE78,0xD657,0xD657,0xDE98,0xDE78,0xDE98,0xD637,0xDE77,0xE6B9,0xDE98,0xDE98,0xDE98,0xDE98,0xDE78,0xDE98,0xD657,
    0xDE78,0xDE78,0xD657,0xDE78,0xD657,0xD637,0xD657,0xE6B9,0xCE37,0xE6B9,0xDE98,0xD637,0xE6D9,0xD657,0xDE78,0xDE98,
    0xE6B8,0xDE98,0xDE77,0xDE98,0xE6B8,0xDE98,0xD636,0xD657,0xD657,0xDE78,0xDE78,0xE6B8,0xDE78,0xD637,0xDE78,0xDE78,
    0xDE98,0xD678,0xD678,0xD678,0xDE98,0xDE98,0xD657,0xDE98,0xD657,0xDE78,0xD677,0xD657,0xE6B9,0xCE37,0xCE16,0xDE98,
    0xD657,0xD637,0xDE77,0xD657,0xD637,0xDE98,0xDEB9,0xDE78,0xD678,0xDE98,0xDE98,0xD657,0xD637,0xD636,0xDE77,0xDE77,
    0xDE98,0xDE77,0xDE98,0xDE98,0xD657,0xD657,0xDE98,0xD657,0xDE78,0xDE78,0xD637,0xDE98,0xD637,0xD657,0xDE78,0xDE77,
    0xDE98,0xD657,0xD657,0xDE98,0xDE98,0xE6B8,0xD657,0xDE77,0xD637,0xD657,0xD657,0xDE78,0xD657,0xD657,0xD637,0xD637,
    0xD657,0xDE78,0xDE78,0xDE98,0xDE98,0xD657,0xD657,0xD637,0xCE16,0xDE98,0xDE98,0xD657,0xD657,0xDE78,0xCE16,0xDE78,
    0xD637,0xDE78,0xDE78,0xDE78,0xD657,0xD637,0xD657,0xDE98,0xDEB9,0xCE16,0xD678,0xD657,0xD657,0xD637,0xDE78,0xDE78,
    0xDE78,0xD657,0xD657,0xD678,0xCE37,0xCE16,0xDE98,0xCE37,0xD677,0xD677,0xD657,0xD657,0xCE36,0xD657,0xCE16,0xDE98,
    0xE6B9,0xCE16,0xD657,0xD637,0xD637,0xD657,0xD657,0xD637,0xD657,0xD657,0xD637,0xDE98,0xDE78,0xDE78,0xDE78,0xDE78,
    0xD637,0xDE98,0xDE78,0xD637,0xD658,0xD658,0xC5D7,0xCDF7,0xDE5A,0xE69B,0xDE7B,0xE6FD,0xEEFD,0xCDB7,0xABF0,0xAB8E,
    0xB3AE,0xAB4C,0x9B0B,0x8AAA,0x7A27,0x7207,0x8288,0x8288,0x8267,0x7226,0x6A27,0x6207,0x4986,0x3125,0x20E4,0x18A3,
    0x20C4,0x2905,0x2926,0x3167,0x3167,0x2926,0x2126,0x3187,0x39C9,0x424A,0x634E,0x94B3,0xBE19,0xF79F,0xFFFF,0xE6FD,
    0xD65A,0xCDF9,0xBD56,0xACD4,0xA473,0xACB4,0xACD4,0xACF5,0xA4F5,0x9CB3,0xA536,0xB5B8,0xB5D8,0xAD98,0xA577,0xA537,
    0x94D5,0x8C74,0x94F5,0xBDF9,0xD6DC,0xEF7E,0xF7DF,0xF79F,0xF79E,0xF79E,0xF79E,0xF79E,0xF79E,0xEF7E,0xE73D,0xEF5D,
    0xE6FC,0xE71C,0xDEBA,0xE6DB,0xC5D6,0x62AA,0x41C7,0x5AAA,0x9C92,0xF75D,0xFFBE,0xFF9E,0xFF9E,0xFFDF,0xFFBE,0xF77D,
    0xEF3C,0xD699,0xB574,0xAD13,0x9CB1,0xAD13,0xC5B5,0xCE17,0xCE17,0xC5F6,0xD657,0xDED9,0xDED9,0xDED9,0xDEB9,0xE6D9,
    0xE6F9,0xDED9,0xE6DA,0xE6FA,0xEF3B,0xE6DA,0xD658,0xBD74,0xA4D2,0x8BEE,0x62A9,0x4A07,0x4A07,0x4A07,0x41A5,0x3985,
    0x39A5,0x3985,0x3123,0x2923,0x3144,0x3144,0x3124,0x49E6,0x49E7,0x4A07,0x4A07,0x5A69,0x5A68,0x5A48,0xA4D2,0x9C91,
    0x62EA,0x5A89,0x4A27,0x3985,0x62CA,0xA4F2,0xBDB5,0xCDF6,0xD678,0xD698,0xDEB9,0xDEB9,0xE6FA,0xE71A,0xDED9,0xE6FA,
    0xE6D9,0xE6DA,0xDE99,0xDE99,0xD678,0xD678,0xCE37,0xCE16,0xD698,0xDED8,0xDE98,0xDE78,0xDE78,0xDE98,0xCDF6,0xD637,
    0xD657,0xCE16,0xDE98,0xD657,0xDE78,0xDE78,0xD637,0xD657,0xD678,0xD698,0xDE98,0xDEB8,0xDEB8,0xDE98,0xDE99,0xDE78,
    0xDE78,0xDE98,0xDE77,0xE6B8,0xDE57,0xDE77,0xDE77,0xD657,0xD678,0xDE78,0xDE98,0xD678,0xD658,0xDE78,0xD678,0xDE78,
    0xDE98,0xDEB9,0xD657,0xDE78,0xDE98,0xD657,0xDE98,0xD657,0xDE98,0xD658,0xDE78,0xDE78,0xD637,0xDE98,0xDE98,0xD658,
    0xDE78,0xDE58,0xDE98,0xD698,0xDEB8,0xDEB8,0xD657,0xD677,0xDEB8,0xD657,0xDE98,0xDE98,0xD678,0xDE98,0xD678,0xDE98,
    0xDE98,0xCE36,0xD677,0xE6F9,0xD678,0xD677,0xD677,0xDE98,0xD678,0xD678,0xDE98,0xDE98,0xDE98,0xDE98,0xD677,0xD678,
    0xDE98,0xD678,0xDE98,0xD658,0xD678,0xD657,0xD657,0xCE37,0xE6B9,0xDE98,0xD658,0xDE98,0xDE99,0xD658,0xCE37,0xDEB9,
    0xDEB9,0xD658,0xE6B9,0xD657,0xD658,0xDE99,0xDE78,0xDE98,0xDE99,0xDE78,0xE6B9,0xD657,0xDE78,0xDE98,0xDE78,0xE6B9,
    0xDE78,0xE6B9,0xDE98,0xDE98,0xD657,0xE6B9,0xDE78,0xDE98,0xD657,0xDE98,0xDE78,0xDE78,0xDE98,0xDE78,0xDE78,0xC5D5,
    0xD636,0xDE77,0xD657,0xE6B8,0xDE77,0xDE78,0xDE78,0xDE78,0xDE77,0xE6B8,0xD657,0xDE77,0xE6B8,0xD657,0xE6B9,0xDE98,
    0xD657,0xD657,0xD657,0xDE98,0xDE78,0xD678,0xD657,0xDE98,0xDE98,0xD637,0xD677,0xDE98,0xDE98,0xD677,0xDE98,0xDE98,
    0xD657,0xDE98,0xD657,0xDE98,0xDE98,0xD678,0xD657,0xDE98,0xD678,0xD657,0xDE98,0xE6D9,0xDE78,0xD637,0xDE78,0xDE77,
    0xD657,0xD657,0xDE78,0xDE78,0xDE98,0xDE77,0xDE98,0xDE78,0xDE78,0xDE98,0xDE98,0xDE78,0xD657,0xDE98,0xDE98,0xD657,
    0xDE98,0xD657,0xDE98,0xDE77,0xDE77,0xDE98,0xD657,0xCE16,0xDE77,0xDE57,0xD616,0xD657,0xD657,0xDE77,0xCE16,0xCE16,
    0xD657,0xDE98,0xD637,0xCE16,0xD657,0xDE78,0xD657,0xDE78,0xD637,0xD657,0xDE78,0xD657,0xDE78,0xDE98,0xD657,0xD657,
    0xDE78,0xD657,0xDE78,0xD637,0xDE98,0xDE98,0xD657,0xD657,0xD637,0xDE78,0xDE78,0xCE16,0xD657,0xD678,0xD657,0xCE37,
    0xDE98,0xDE78,0xD637,0xCE16,0xDE78,0xD657,0xDE98,0xCE36,0xD677,0xD637,0xCE37,0xDEB8,0xD637,0xCE36,0xDE98,0xD677,
    0xD657,0xD637,0xD657,0xD657,0xDE98,0xD637,0xD657,0xDE98,0xD637,0xD657,0xD657,0xCE16,0xD637,0xD657,0xC5D5,0xDE78,
    0xCE16,0xD637,0xCE37,0xCDF6,0xD617,0xD617,0xB4F4,0x9C52,0x9452,0xA4F4,0xC5F9,0xDEDC,0xEF1D,0xF73D,0xD596,0x82AB,
    0x82AB,0x8ACB,0x7A8A,0x61C7,0x5166,0x6207,0x6207,0x61E6,0x59A6,0x51A5,0x4145,0x28E3,0x1882,0x1062,0x0842,0x18A4,
    0x20E5,0x20E5,0x18C4,0x2106,0x39E9,0x5ACD,0x8411,0xA515,0xC639,0xE73D,0xF79F,0xF7DF,0xF7DF,0xEF9F,0xEF9E,0xF7BF,
    0xFFBF,0xFF9F,0xFF9F,0xF77F,0xEF3D,0xEF1D,0xEF3D,0xEF1D,0xE6FC,0xE71D,0xDF1D,0xD6DC,0xC65A,0xBE19,0xBE19,0xB5D8,
    0xBDF9,0xD6BC,0xE75E,0xEF9F,0xFFDF,0xF7DF,0xF7BF,0xF7BF,0xF79E,0xF7BE,0xF7BE,0xF79E,0xF79E,0xF79F,0xEF7E,0xE71C,
    0xE6FC,0xDEBA,0xDE9A,0xBD75,0x6289,0x4185,0x5208,0x41C7,0x3965,0x7B4D,0xD659,0xF71C,0xEEFB,0xDE9A,0xB555,0x9450,
    0xA4F2,0xBD95,0xB553,0xC5F6,0xDE78,0xE6B9,0xDE98,0xDE98,0xDE78,0xDE98,0xD678,0xDE98,0xD657,0xD678,0xD657,0xD657,
    0xD698,0xD678,0xD678,0xD658,0xDE78,0xD658,0xDE98,0xDE99,0xE6B9,0xDE99,0xC5D6,0xBD74,0xAD33,0xB553,0x9C91,0x736C,
    0x734B,0x6B0A,0x734C,0x62CA,0x62A9,0x62CA,0x62CA,0x83AD,0x83CE,0x9C70,0xA4B1,0xB533,0xBD74,0xBD74,0xDE78,0xDEB8,
    0xCE36,0xCE37,0xBDB4,0xBDB4,0xD677,0xDEB9,0xDE78,0xD678,0xDEB9,0xCE57,0xD678,0xD678,0xD678,0xD657,0xDE98,0xD678,
    0xD657,0xD678,0xDE98,0xE6B9,0xD637,0xDE78,0xD657,0xDE98,0xCE16,0xD657,0xDE98,0xE6B8,0xDE78,0xDE78,0xD636,0xD657,
    0xE6B9,0xD637,0xD657,0xDE78,0xDE78,0xD657,0xDE78,0xD657,0xDE98,0xDE98,0xCE57,0xD657,0xDEB8,0xDE98,0xDE98,0xD657,
    0xDE78,0xDE78,0xD637,0xE698,0xDE57,0xE6B9,0xDE78,0xDE98,0xD678,0xCE16,0xDEB9,0xE6B9,0xD678,0xDEB9,0xD657,0xD657,
    0xD658,0xE6B9,0xDE78,0xD678,0xD678,0xD637,0xDE78,0xD658,0xD678,0xDE99,0xDE78,0xDE99,0xDE99,0xD637,0xD657,0xD637,
    0xDE78,0xDE98,0xDE98,0xDEB9,0xDE98,0xDE98,0xCE37,0xD657,0xD657,0xDEB8,0xDE98,0xDE98,0xCE37,0xDE98,0xDE98,0xDE78,
    0xDE98,0xD678,0xDEB9,0xD678,0xD678,0xE6D9,0xDEB9,0xDE98,0xE6B9,0xD678,0xD657,0xE6D9,0xDE78,0xDE98,0xDE98,0xDEB9,
    0xDEB9,0xDE98,0xDE98,0xDE78,0xDE78,0xDEB9,0xDE99,0xDE99,0xD658,0xD678,0xE6B9,0xE6D9,0xD657,0xDE98,0xDE98,0xCE37,
    0xDE98,0xD678,0xDE78,0xDE78,0xDE99,0xE6B9,0xDE98,0xD678,0xDE78,0xD657,0xD658,0xD657,0xDE78,0xDE78,0xDE78,0xE6B9,
    0xD637,0xD657,0xE6D9,0xDEB9,0xE6B9,0xDE78,0xD637,0xE6B9,0xDE98,0xDE78,0xDE78,0xE6B9,0xD678,0xD657,0xE6D9,0xE6D9,
    0xD677,0xDE78,0xDE98,0xDE98,0xDE78,0xDE78,0xD677,0xDE98,0xDE98,0xD657,0xDE78,0xD677,0xDEB8,0xD637,0xCE16,0xDE98,
    0xDE98,0xDE98,0xDEB9,0xDEB9,0xD637,0xDE98,0xDE98,0xD678,0xDE98,0xDE98,0xD657,0xDE98,0xD657,0xDE78,0xDE98,0xCE16,
    0xDE78,0xDE98,0xD657,0xDE78,0xC5D5,0xD657,0xDE78,0xD657,0xDEB9,0xD657,0xDE78,0xDE78,0xDEB8,0xDE98,0xCE16,0xD637,
    0xDE98,0xD637,0xD657,0xDE77,0xDE98,0xDE77,0xD637,0xD657,0xDE98,0xD657,0xD637,0xD637,0xD657,0xDE98,0xE6B9,0xD657,
    0xDE77,0xD657,0xDE78,0xD657,0xD657,0xDE78,0xDE98,0xD657,0xD657,0xDE78,0xDE78,0xD677,0xD677,0xDE78,0xDE98,0xD657,
    0xD677,0xD657,0xD677,0xD657,0xE6B9,0xDE98,0xD637,0xDE78,0xDE78,0xD637,0xD657,0xDE98,0xD657,0xDE98,0xDE98,0xD678,
    0xDE98,0xDE98,0xD637,0xDE78,0xD657,0xD657,0xD657,0xD678,0xD637,0xD637,0xD657,0xD657,0xDE78,0xD637,0xD657,0xCE16,
    0xD637,0xCE37,0xD678,0xD678,0xD657,0xD678,0xD678,0xCE37,0xD657,0xD657,0xD657,0xD657,0xCE16,0xC5D5,0x8BEE,0xAD12,
    0xD637,0xD657,0xD657,0xDE98,0xD637,0xD637,0xD637,0xD657,0xDE78,0xCDF6,0xCE16,0xD657,0xD657,0xD637,0xDE78,0xD657,
    0xD637,0xDEB9,0xCE57,0xD637,0xEEBA,0xEEDA,0xFF1C,0xE69B,0xD65A,0xE6FC,0xEF3D,0xEF5D,0xE73C,0xDE79,0xD5F8,0xBCF4,
    0x830C,0x6A4A,0x6249,0x836D,0xBD34,0xCDD7,0xB535,0x9430,0x7B6D,0x5249,0x3166,0x3986,0x39A7,0x41E8,0x528B,0x632E,
    0x7BF1,0x9473,0xA515,0xC619,0xDEDC,0xF77F,0xFFBF,0xFFDF,0xFFDF,0xF79E,0xEF7E,0xEF7E,0xEF7E,0xF77E,0xF7BF,0xF7BF,
    0xF7BF,0xF7BF,0xF7BF,0xF7BF,0xF7BF,0xF7BF,0xEF9E,0xEF9E,0xF7BF,0xF7BF,0xF7BF,0xFFDF,0xFFDF,0xFFDF,0xFFFF,0xFFDF,
    0xFFDF,0xF7BF,0xEF5E,0xF79E,0xEF7E,0xF79E,0xF7BF,0xF79F,0xF79F,0xF79F,0xF7BF,0xF7BF,0xF79F,0xF7BF,0xEF5D,0xE6FC,
    0xEF3C,0xE6DB,0xB554,0x5A69,0x4185,0x62CA,0x6AEA,0x6AEB,0x6AEB,0x6ACA,0x8C0F,0xB533,0xACF3,0x8C0F,0x8BEF,0xBD74,
    0xDE78,0xE6B9,0xDE78,0xD657,0xDE78,0xDE78,0xDE78,0xDE98,0xD657,0xDE98,0xD678,0xCE16,0xDEB9,0xD657,0xCE37,0xDE98,
    0xDE78,0xDE78,0xDE98,0xDE78,0xDE78,0xD657,0xDE98,0xDE78,0xDE78,0xE698,0xCE16,0xDE99,0xDE78,0xE6B9,0xE6FA,0xDE78,
    0xD657,0xCE37,0xDEB9,0xD657,0xD657,0xDE78,0xDE78,0xD637,0xCE16,0xDE98,0xDE98,0xE6B9,0xEEFA,0xEEFA,0xD678,0xDE98,
    0xE6B9,0xD637,0xE6B9,0xE6B9,0xD637,0xD637,0xD678,0xD678,0xDE98,0xD657,0xD657,0xDE78,0xDE98,0xD657,0xDE78,0xDE78,
    0xDE98,0xDE78,0xD657,0xDE98,0xD657,0xE6B9,0xDE78,0xDEB9,0xDE98,0xDEB9,0xDE78,0xD657,0xD637,0xDE78,0xDE98,0xE6B9,
    0xDE98,0xDE78,0xDE78,0xDE98,0xCE16,0xDE98,0xDE98,0xD678,0xE6B9,0xD657,0xDE98,0xDE78,0xD657,0xE6B9,0xDE98,0xDE98,
    0xDE78,0xD678,0xDE98,0xDE98,0xDEB9,0xDE98,0xD657,0xDE78,0xDE78,0xD678,0xDE98,0xD657,0xD678,0xDE98,0xDE78,0xDE98,
    0xDE98,0xDE98,0xDEB8,0xDE78,0xDE98,0xD637,0xE6B9,0xE6D9,0xD637,0xDE78,0xDE98,0xD637,0xDE78,0xDE78,0xDE98,0xE6D9,
    0xDE98,0xDE78,0xCE37,0xDEB9,0xDE78,0xDE98,0xDEB9,0xDE98,0xDEB9,0xD678,0xD657,0xDEB9,0xDE98,0xD637,0xDE98,0xE6D9,
    0xDE98,0xD657,0xDE98,0xDEB9,0xDE78,0xD657,0xDEB9,0xD678,0xD637,0xDE98,0xDEB9,0xD657,0xE6B9,0xDE78,0xDE98,0xD678,
    0xDE78,0xD677,0xE6B9,0xDE98,0xDE98,0xDEB9,0xD678,0xDE78,0xCE16,0xD678,0xDE98,0xD678,0xD637,0xD678,0xDE98,0xDE98,
    0xDE98,0xDE98,0xD657,0xE6B9,0xD678,0xD657,0xDE98,0xDE78,0xDE98,0xDE78,0xD678,0xD657,0xDE98,0xE6B9,0xD657,0xD657,
    0xDE98,0xE6B9,0xD657,0xD637,0xDE98,0xDEB9,0xD678,0xE6D9,0xDE78,0xDE98,0xDE78,0xD678,0xDEB9,0xD657,0xD657,0xD678,
    0xDE78,0xDEB9,0xDE78,0xDE78,0xDE98,0xDE98,0xD637,0xD678,0xE6D9,0xD678,0xD678,0xDE98,0xD657,0xDE98,0xDE98,0xDEB9,
    0xDE98,0xDE78,0xCE37,0xD678,0xDE98,0xDE78,0xD678,0xDE98,0xDEB9,0xDE78,0xD637,0xD678,0xD657,0xD657,0xD657,0xDE78,
    0xDE78,0xDE98,0xDE78,0xDE98,0xD657,0xDEB9,0xE6B9,0xDE78,0xDE78,0xD657,0xDE98,0xD678,0xD678,0xDE78,0xDE78,0xD657,
    0xDE98,0xD657,0xDE78,0xDE98,0xDE78,0xD657,0xDE78,0xD657,0xDE78,0xDE98,0xDE98,0xD657,0xDE78,0xD637,0xDE78,0xDE78,
    0xDE78,0xDE78,0xDE78,0xD657,0xD657,0xDE78,0xDE98,0xDE98,0xDE78,0xD678,0xDE78,0xD657,0xDE98,0xDE98,0xDEB9,0xD637,
    0xDE78,0xD678,0xDE98,0xDE78,0xD637,0xDE78,0xDE78,0xDE78,0xDE78,0xDE78,0xDE78,0xDE78,0xD678,0xDE78,0xD678,0xD657,
    0xDE98,0xDE78,0xD637,0xDE98,0xD657,0xD678,0xD637,0xD657,0xDE98,0xCE37,0xD637,0xDE98,0xD657,0xD657,0xDE78,0xDE98,
    0xDE78,0xDE78,0xD657,0xDE78,0xDE78,0xD637,0xD637,0xDE78,0xD657,0xCDF6,0xD636,0xDE77,0xD657,0xD616,0xCDD5,0xCE16,
    0xD637,0xD657,0xD637,0xD657,0xD657,0xDE78,0xDE78,0xCDF6,0xD657,0xD657,0xDE78,0xDE98,0xD657,0xD637,0xD637,0xDE98,
    0xD657,0xD637,0xCE37,0xCE17,0xB513,0xBD34,0xD5F8,0xF6FC,0xF73D,0xEF3D,0xEF5E,0xEF5D,0xEF3C,0xEEFC,0xD5F8,0xD5F8,
    0xA431,0x9BF0,0xE67A,0xFF7D,0xFF7D,0xFF9F,0xFFBF,0xFFBF,0xFFBF,0xEF3D,0xDEDB,0xDEFC,0xDEFC,0xE71C,0xEF3D,0xF77F,
    0xFFBF,0xFFDF,0xFFDF,0xFFBF,0xF79F,0xF77E,0xEF5E,0xEF5D,0xEF5D,0xF77E,0xF75E,0xF77E,0xF77E,0xF77E,0xF79E,0xFFBF,
    0xF79E,0xF79E,0xF79E,0xF7BF,0xFFBF,0xF79E,0xFFBF,0xF7BF,0xF79E,0xF79E,0xF77E,0xF77E,0xFFDF,0xFFDF,0xFFBF,0xFFBF,
    0xFFDF,0xF79E,0xF77E,0xF77E,0xF77E,0xF79E,0xF79E,0xFFBF,0xFFDF,0xFFDF,0xFFBF,0xFFDF,0xFFBF,0xFFBF,0xFFDF,0xEF5C,
    0xD679,0xB575,0x8C2F,0x942F,0x9C90,0x8C0F,0x9C50,0xC5B5,0xDE78,0xD637,0xDE58,0xD658,0xDE99,0xE6B9,0xDE79,0xE6B9,
    0xD657,0xD657,0xDE78,0xDE98,0xDE98,0xD637,0xDE78,0xD657,0xDE98,0xDE78,0xE6B9,0xDE98,0xDE78,0xDEB9,0xDE78,0xDEB9,
    0xD678,0xD678,0xD637,0xDE78,0xDE78,0xDE98,0xDE78,0xD657,0xDE78,0xE6B9,0xDE78,0xE6B9,0xDE78,0xCE37,0xDE78,0xDE78,
    0xDE98,0xDE78,0xD657,0xD657,0xD657,0xD657,0xD637,0xD637,0xDE78,0xDE78,0xD657,0xD657,0xDE78,0xDE98,0xDE98,0xCE16,
    0xE6B9,0xD657,0xD657,0xDEB9,0xDE98,0xE6B9,0xDE98,0xCE16,0xD678,0xD657,0xDE78,0xDE78,0xDE98,0xDEB9,0xD657,0xDE98,
    0xDEB9,0xD657,0xD657,0xD678,0xD637,0xE6D9,0xDE98,0xDE78,0xDEB9,0xDEB9,0xD657,0xD637,0xDE98,0xEEFA,0xDE78,0xD657,
    0xDE98,0xDE98,0xDE98,0xD657,0xD657,0xD678,0xD637,0xDE98,0xDEB9,0xDE78,0xDE98,0xDE98,0xDE98,0xD678,0xCE37,0xD657,
    0xDE78,0xDEB9,0xD678,0xD657,0xDE98,0xD678,0xDE98,0xDE98,0xCE37,0xD657,0xDE98,0xDE98,0xDE98,0xDE98,0xDE98,0xDEB9,
    0xDE78,0xD657,0xD657,0xDE98,0xE6B9,0xDE78,0xDE98,0xD678,0xE6B9,0xD657,0xDE98,0xDE78,0xD678,0xDEB9,0xD678,0xDEB9,
    0xDE78,0xDE98,0xDE98,0xD637,0xE6B9,0xDEB9,0xD637,0xDE98,0xDE98,0xDE98,0xDE78,0xD657,0xDE78,0xD678,0xDEB9,0xD657,
    0xE6D9,0xDE98,0xD678,0xDE98,0xDE98,0xDE98,0xDE78,0xD678,0xDE98,0xD657,0xDE78,0xDE78,0xD657,0xDEB9,0xDE78,0xD637,
    0xD657,0xDE98,0xE6B9,0xDE78,0xDE98,0xDE78,0xD678,0xDE78,0xDE98,0xDEB9,0xD657,0xDEB9,0xE6B9,0xD657,0xD678,0xDEB9,
    0xDE98,0xDE98,0xDE98,0xDE98,0xD637,0xE6D9,0xE6B9,0xDE78,0xDEB9,0xE6D9,0xE6B9,0xDE98,0xD657,0xDE78,0xD657,0xE6B9,
    0xD637,0xD657,0xD657,0xD657,0xD657,0xD678,0xDEB9,0xDE98,0xD678,0xDEB9,0xDE98,0xDE78,0xDE98,0xDEB9,0xE6D9,0xD678,
    0xD678,0xDE98,0xD678,0xDEB9,0xD657,0xD657,0xD678,0xDEB9,0xD678,0xD678,0xD678,0xE6FA,0xDEB9,0xDE78,0xDE98,0xDE78,
    0xDE98,0xD657,0xDE98,0xD678,0xD678,0xDE78,0xDE98,0xD657,0xD657,0xDE98,0xDE98,0xD678,0xDE78,0xE6B9,0xD678,0xDEB9,
    0xD657,0xD678,0xDE98,0xD678,0xDE98,0xD678,0xDEB9,0xD637,0xD678,0xDEB9,0xE6D9,0xDE98,0xDE78,0xDE78,0xDE98,0xD657,
    0xE6B9,0xE6B9,0xDE78,0xD637,0xD657,0xDE98,0xDE78,0xDE78,0xD657,0xDE78,0xDE98,0xDE78,0xDE78,0xD637,0xDE78,0xDE78,
    0xDE98,0xDE78,0xE6B9,0xE6D9,0xD657,0xD637,0xDE78,0xD637,0xE6B9,0xD678,0xD657,0xDE98,0xDEB9,0xD657,0xD678,0xD657,
    0xDE98,0xD678,0xD657,0xDE98,0xDE98,0xD657,0xCE16,0xD637,0xDE98,0xD657,0xDE78,0xDE78,0xD678,0xD657,0xD657,0xD657,
    0xD678,0xDE78,0xDE98,0xDE98,0xD657,0xDE98,0xD657,0xD657,0xD678,0xDE98,0xD657,0xD678,0xDE98,0xCE16,0xCE37,0xDE78,
    0xD637,0xDE98,0xDE78,0xD657,0xDE78,0xD637,0xDE78,0xDE77,0xD657,0xDE78,0xD637,0xD657,0xD636,0xCE16,0xD657,0xD657,
    0xD657,0xDE98,0xD657,0xD637,0xDE78,0xCE16,0xD657,0xD657,0xCDF6,0xD637,0xD637,0xCE16,0xDE98,0xDE78,0xCDF6,0xD637,
    0xCDF6,0xD637,0xBD74,0xB514,0x836D,0x72EB,0x7B0C,0x9410,0xE69A,0xF71C,0xDEBA,0xE71C,0xF77E,0xF73D,0xFF5D,0xF6FC,
    0xE69A,0xF71C,0xEEDB,0xF73C,0xFF7E,0xFFBF,0xFFDF,0xFFBF,0xF7BF,0xF79F,0xFFDF,0xFFDF,0xF7BF,0xFFFF,0xFFDF,0xFFBF,
    0xF75E,0xEF5D,0xEF5D,0xEF5D,0xF75E,0xEF5D,0xF79E,0xFFBF,0xF75D,0xF77D,0xF77D,0xFF9E,0xFF9E,0xFFBE,0xFFBE,0xFFBE,
    0xFF9E,0xFFBF,0xFFBE,0xFF9E,0xF79E,0xFF9E,0xFF9E,0xF77D,0xFF9E,0xFFBE,0xFF9E,0xDEBA,0xB575,0xA4D3,0xC5D6,0xE6FB,
    0xEF1C,0xF75D,0xF77D,0xF77D,0xF75C,0xF75C,0xEF3C,0xE6DB,0xDE9A,0xDE9A,0xDE9A,0xDE99,0xD679,0xD678,0xCE38,0xC5F7,
    0xBDB5,0xC5F6,0xD678,0xE6B9,0xD637,0xB553,0xB533,0xB553,0xC5D5,0xCDF6,0xE699,0xDE78,0xE6B9,0xD637,0xC5D5,0xD657,
    0xDE78,0xDE98,0xDE98,0xDE98,0xDE78,0xDE78,0xE6B9,0xCE16,0xDE98,0xDE98,0xD637,0xD657,0xDE98,0xD657,0xD657,0xDE98,
    0xCE16,0xDE98,0xD657,0xDE98,0xDE78,0xD657,0xDE98,0xDE78,0xDE98,0xDE78,0xDE78,0xD657,0xD678,0xD637,0xD678,0xD678,
    0xD657,0xD637,0xD678,0xD657,0xDE98,0xDE98,0xCE16,0xD637,0xE6B9,0xD637,0xD657,0xDE98,0xE6B9,0xD657,0xDEB9,0xDE98,
    0xD678,0xE6B9,0xD657,0xD637,0xDE98,0xD637,0xDE98,0xDE98,0xDE98,0xD657,0xDE78,0xCE37,0xDE78,0xD657,0xDE78,0xD657,
    0xD637,0xD657,0xDE98,0xD657,0xE6D9,0xD657,0xD678,0xDE98,0xDE98,0xD678,0xDE98,0xDE78,0xD657,0xDE98,0xDE78,0xD657,
    0xDE98,0xDE98,0xDE78,0xE6B9,0xE6B9,0xDE78,0xDEB9,0xD678,0xDEB9,0xD678,0xD678,0xDE78,0xD657,0xD678,0xD657,0xDE98,
    0xD678,0xD657,0xDEB9,0xE6D9,0xD657,0xDE98,0xDEB9,0xDE98,0xE6B9,0xD678,0xD657,0xDE98,0xE6D9,0xD657,0xD657,0xD657,
    0xDE98,0xDEB9,0xDE78,0xE6B9,0xDE98,0xD678,0xD657,0xCE16,0xEEFA,0xD678,0xDE98,0xDE98,0xDE98,0xDE98,0xDE98,0xE6B9,
    0xD678,0xDE78,0xDE98,0xDE98,0xDE98,0xD637,0xDE78,0xD657,0xD657,0xDE98,0xDE98,0xD657,0xD678,0xDE78,0xDEB9,0xD678,
    0xDEB9,0xDE98,0xDE98,0xD678,0xE6D9,0xDE78,0xD678,0xDE98,0xDE98,0xE6B9,0xDE78,0xDE98,0xDE98,0xDE78,0xDE98,0xE6D9,
    0xD678,0xD637,0xDE98,0xDE98,0xDE98,0xD657,0xE6B9,0xDE98,0xD678,0xDE78,0xD678,0xE6D9,0xD678,0xD657,0xDE98,0xCE16,
    0xDEB9,0xDE98,0xDE98,0xDE98,0xD678,0xE6B9,0xD657,0xE6B9,0xDE78,0xD657,0xDE98,0xDE78,0xDE98,0xD678,0xE6B9,0xE6B9,
    0xDE78,0xDE98,0xE6B9,0xDEB9,0xE6B9,0xDE98,0xDE98,0xD678,0xDE98,0xD678,0xD678,0xD637,0xD657,0xD657,0xD657,0xDE98,
    0xDE78,0xD657,0xD657,0xDE98,0xD678,0xD678,0xDE98,0xDEB9,0xCE16,0xDE98,0xDE98,0xCE37,0xD657,0xDE78,0xDEB9,0xCE37,
    0xD657,0xDE98,0xDE98,0xD678,0xDE98,0xD657,0xDE98,0xD678,0xD637,0xDE98,0xD678,0xD657,0xD678,0xDE98,0xD657,0xD678,
    0xDE98,0xDE78,0xD678,0xDEB9,0xDE98,0xD657,0xDE98,0xD657,0xD637,0xAD12,0xBD94,0xD657,0xDE78,0xDE98,0xD657,0xD657,
    0xE6B9,0xD657,0xD657,0xDE78,0xDE78,0xDE98,0xDE78,0xDE98,0xDE98,0xD657,0xDE78,0xDE98,0xDE78,0xD657,0xDE98,0xD637,
    0xDE78,0xD657,0xD637,0xD657,0xD657,0xD657,0xDE98,0xD637,0xD678,0xCE16,0xD637,0xCE37,0xD657,0xD678,0xDE78,0xD657,
    0xDE78,0xD657,0xDE78,0xD637,0xDE78,0xD657,0xE6D9,0xDE78,0xD637,0xDE78,0xDE78,0xD657,0xDE78,0xD657,0xD678,0xDE78,
    0xCE37,0xD678,0xC5D5,0xCE16,0xD637,0xD678,0xD678,0xD678,0xD637,0xD657,0xD657,0xD657,0xDE78,0xD657,0xD657,0xDE78,
    0xDE98,0xD637,0xCDF6,0xDE98,0xD657,0xDE78,0xDE98,0xCE16,0xD657,0xCE16,0xDE77,0xD657,0xCE16,0xDE77,0xD636,0xD657,
    0xD657,0xD637,0xD637,0xD637,0xD657,0xD657,0xD657,0xDE78,0xD657,0xDE78,0xD657,0xCE16,0xD657,0xCE16,0xCDF6,0xD637,
    0xEEFA,0xBD95,0x7B4D,0x9C51,0x93EF,0x8BAE,0x834D,0x7B4D,0x9410,0x9430,0x83AE,0x9451,0xB555,0xB555,0xBD55,0xA4B3,
    0x9431,0x8BF0,0x7B8E,0x6B4C,0x9451,0xAD14,0xC5D6,0xD659,0xE6DB,0xE71C,0xE6FC,0xDEBB,0xCE59,0xC5F8,0xCE38,0xDEDB,
    0xEF5D,0xF77D,0xF75D,0xEF5D,0xF77D,0xF75D,0xE6DB,0xBD96,0x9C71,0x9430,0x9430,0x9C92,0xC5D7,0xDE79,0xDE9A,0xE6FB,
    0xE6DB,0xEEFB,0xEF1C,0xF73C,0xF75C,0xF73C,0xF75D,0xEEFB,0xD659,0xAD13,0x7B8D,0x4A07,0x5248,0x62EA,0x9450,0xC5B6,
    0x9470,0x7B6C,0x6B0B,0x62CA,0x732C,0x734C,0x7B6C,0x9450,0xA4D2,0xAD33,0xC5B6,0xCDF7,0xCE17,0xD678,0xCE37,0xD657,
    0xDEB8,0xDE98,0xDE78,0xD657,0xEEF9,0xEF1A,0xEEF9,0xEEF9,0xDE98,0xD657,0xD636,0xCE16,0xD657,0xDE98,0xE6B8,0xDE78,
    0xD658,0xE6B9,0xE6B9,0xD657,0xDE98,0xD657,0xDE78,0xD637,0xD657,0xDE98,0xD678,0xD678,0xDEB9,0xD678,0xD678,0xDE98,
    0xDE98,0xDE98,0xDE98,0xDE78,0xDE98,0xD657,0xE6B9,0xDE98,0xDE78,0xD637,0xDE78,0xD637,0xDEB9,0xDEB9,0xDE98,0xDE78,
    0xCE37,0xDE98,0xDE78,0xDEB9,0xDE78,0xD657,0xD657,0xDE98,0xD657,0xE6B9,0xE6B9,0xD637,0xEEFA,0xDE78,0xD657,0xE6D9,
    0xDE98,0xD657,0xDE78,0xD657,0xDE98,0xE6D9,0xCE37,0xDE98,0xDEB9,0xD678,0xE6B9,0xDE78,0xDEB9,0xD657,0xDE98,0xDE98,
    0xDE98,0xDE98,0xDE98,0xCE16,0xDE78,0xD678,0xCE16,0xD657,0xDEB9,0xDE98,0xDE98,0xDE98,0xDE98,0xD657,0xDE98,0xD637,
    0xD637,0xDE78,0xDE78,0xD657,0xDE78,0xDEB9,0xDEB9,0xDE98,0xD678,0xD678,0xE6B9,0xD657,0xD678,0xE6FA,0xDE98,0xE6B9,
    0xDE78,0xDE98,0xDE78,0xD637,0xE6D9,0xDE98,0xDE78,0xDE78,0xDE98,0xD657,0xD678,0xDE98,0xE6B9,0xD637,0xDE98,0xDE98,
    0xCE37,0xE6D9,0xDE78,0xDE98,0xDE98,0xDE78,0xDE98,0xDE98,0xD637,0xDE98,0xDE98,0xD657,0xE6B9,0xDE98,0xD657,0xD657,
    0xD637,0xDE98,0xDE78,0xD678,0xDE98,0xD657,0xE6B9,0xD678,0xDEB9,0xDE78,0xD657,0xDEB9,0xDE98,0xDE78,0xDE98,0xDEB9,
    0xDEB9,0xD637,0xD657,0xDE98,0xDEB9,0xD657,0xD678,0xDEB9,0xD657,0xDE98,0xE6B9,0xDE98,0xDE98,0xE6B9,0xD678,0xE6D9,
    0xDE98,0xCE37,0xD678,0xD678,0xDE98,0xDE78,0xDE98,0xDE78,0xDE98,0xE6D9,0xD657,0xD678,0xDE98,0xDE98,0xDEB9,0xD657,
    0xD678,0xE6D9,0xD657,0xDE98,0xDE98,0xDEB9,0xDE98,0xD637,0xCE16,0xE6B9,0xDEB9,0xD678,0xDE98,0xE6B9,0xDE78,0xDE98,
    0xD678,0xDE98,0xD678,0xD637,0xD657,0xD657,0xD657,0xDE98,0xDE78,0xCE16,0xD657,0xD657,0xDE98,0xDE98,0xD637,0xDE98,
    0xE6D9,0xDEB9,0xDE78,0xD657,0xDEB9,0xDE98,0xD657,0xD657,0xD678,0xDE78,0xDE98,0xD678,0xDE98,0xD657,0xD657,0xDE78,
    0xDEB9,0xE6B9,0xD657,0xD678,0xE6D9,0xDE98,0xD637,0xD657,0xDE98,0xDE78,0xDE78,0xDE98,0xD678,0xDE78,0xD678,0xDE98,
    0xDE78,0xD657,0xDE78,0xD657,0xDE98,0xDE98,0xD657,0xDE98,0xE6B9,0xC5B5,0xB574,0xCE16,0xD678,0xD637,0xE6B9,0xDE98,
    0xDE98,0xD637,0xD637,0xD657,0xDE78,0xDE78,0xDE98,0xD637,0xD637,0xD657,0xDE78,0xD637,0xD657,0xDE78,0xDE98,0xD657,
    0xDE78,0xDE78,0xD657,0xD657,0xDE78,0xD657,0xDE78,0xDE78,0xDE98,0xD678,0xD678,0xD657,0xD678,0xD678,0xD678,0xD637,
    0xDE78,0xD678,0xDE78,0xDE98,0xD657,0xDE98,0xD637,0xDE78,0xDE98,0xD637,0xDE78,0xCE16,0xD657,0xD657,0xDE78,0xDE78,
    0xD637,0xD678,0xDE78,0xDE78,0xDE78,0xD637,0xD678,0xDE78,0xD657,0xDE98,0xDE78,0xCE16,0xD657,0xD657,0xD637,0xDE78,
    0xCE16,0xDE78,0xDE78,0xD657,0xD637,0xDE78,0xD637,0xD657,0xDE98,0xDE77,0xDE78,0xD657,0xDE98,0xE6B8,0xD657,0xD657,
    0xDE78,0xD637,0xD637,0xDE78,0xD637,0xDE98,0xD637,0xD657,0xD657,0xCE16,0xDE98,0xD637,0xD657,0xDE98,0xD637,0xE6B9,
    0xC5B5,0x83AD,0x732C,0x628A,0x5228,0x5A49,0x5A28,0x5208,0x5A48,0x5A69,0x5A69,0x49E7,0x3966,0x49E7,0x5229,0x5228,
    0x4A08,0x4A07,0x4207,0x6B6C,0x736C,0x838C,0xACD2,0xB513,0xB554,0xBD74,0xB534,0xB554,0xB554,0xA4B2,0xA4D2,0xB554,
    0xBD95,0xCE17,0xDE99,0xCE38,0xB575,0x9471,0x62EB,0x49E7,0x3124,0x2903,0x3144,0x5A69,0x5A89,0x6B0B,0x838D,0x6B0B,
    0x62CA,0x62AA,0x62CA,0x838D,0xA4B2,0xA4B2,0x8BEF,0x7B6D,0x7B6D,0x83CE,0x9450,0xAD13,0xB553,0xCE16,0xCDF6,0xDE78,
    0xE6B9,0xACF2,0x942F,0x942F,0xA4B1,0xAD12,0xC5B5,0xE6DA,0xE6DA,0xE6DA,0xDE98,0xD658,0xD678,0xDEB9,0xCE37,0xDE98,
    0xDEB8,0xD657,0xCE36,0xD657,0xDE77,0xDE77,0xDE77,0xCE16,0xDE77,0xDE77,0xCE16,0xD657,0xD636,0xDE77,0xDE77,0xDE78,
    0xD657,0xDE98,0xDE78,0xD637,0xDE98,0xDE98,0xE6B9,0xDE98,0xDE98,0xD657,0xD657,0xDEB9,0xD657,0xDE98,0xDE98,0xDE78,
    0xD678,0xD657,0xE6B9,0xDE98,0xDE98,0xDE78,0xDE78,0xD657,0xE6B9,0xDE98,0xE6B9,0xD657,0xD657,0xDE98,0xDE78,0xD657,
    0xDE78,0xE6B9,0xCE16,0xD657,0xDE98,0xE6B9,0xDE78,0xDE98,0xCE16,0xDE98,0xDE98,0xCDF6,0xE6B9,0xDE98,0xCE16,0xD637,
    0xCE16,0xD637,0xDE98,0xDE78,0xD657,0xE6D9,0xDE98,0xDE98,0xD637,0xD657,0xE6D9,0xDE78,0xD637,0xE6B9,0xDE78,0xD657,
    0xCE16,0xDE78,0xD657,0xDE98,0xDE78,0xD678,0xDE98,0xD678,0xD678,0xD657,0xD657,0xE6B9,0xD657,0xD637,0xD657,0xDE98,
    0xE6B9,0xD657,0xE6B9,0xDE98,0xD657,0xDE98,0xDE98,0xDE78,0xD678,0xE6D9,0xD678,0xD657,0xDE98,0xD678,0xDE98,0xD657,
    0xD657,0xDE98,0xDE78,0xDE98,0xEEFA,0xD657,0xDE98,0xDE78,0xD657,0xD657,0xDE78,0xD657,0xD637,0xD657,0xDE98,0xDE98,
    0xCE16,0xDE78,0xDE98,0xDE98,0xD637,0xDE78,0xDEB9,0xD678,0xD678,0xDE98,0xDE78,0xD657,0xD657,0xDE78,0xDEB9,0xDE78,
    0xDE98,0xD657,0xDE98,0xE6D9,0xDE98,0xD657,0xD657,0xDE98,0xDE78,0xDE98,0xDE98,0xD657,0xDE78,0xD657,0xD657,0xDE98,
    0xDEB9,0xD657,0xD678,0xDE78,0xD637,0xD678,0xD678,0xE6B9,0xDEB9,0xD678,0xDEB9,0xD657,0xCE16,0xDE78,0xDE78,0xD678,
    0xDE78,0xE6D9,0xDE98,0xD657,0xD657,0xD657,0xD657,0xDE98,0xDE78,0xD657,0xDE78,0xDE98,0xDE98,0xDEB9,0xDE78,0xD657,
    0xD678,0xD657,0xD657,0xD657,0xDEB9,0xCDF6,0xD637,0xDE98,0xD678,0xDE98,0xDEB9,0xDE98,0xD678,0xDE98,0xD637,0xD678,
    0xCE37,0xD678,0xDE98,0xDE98,0xD637,0xCE37,0xDE78,0xDE98,0xDE78,0xDE78,0xDE98,0xE6D9,0xE6B9,0xD678,0xD657,0xCE16,
    0xD637,0xDE98,0xE6B9,0xD637,0xDE78,0xDE98,0xDE78,0xDE98,0xDE98,0xD678,0xDEB9,0xDE98,0xDE98,0xD678,0xE6D9,0xDE78,
    0xD678,0xD657,0xDE98,0xD678,0xDE78,0xE6B9,0xDE98,0xD657,0xDEB9,0xDE78,0xD678,0xDE98,0xDE78,0xD657,0xDE98,0xDE98,
    0xD678,0xD657,0xDE78,0xCE16,0xD678,0xD678,0xCE16,0xDE98,0xCE37,0xDE78,0xE6D9,0xDE98,0xE6B9,0xDE78,0xE6D9,0xDE98,
    0xD657,0xD657,0xDE78,0xD637,0xDE78,0xD657,0xDE78,0xDE78,0xDE78,0xD637,0xD657,0xD637,0xDE78,0xD657,0xDE78,0xDE78,
    0xD657,0xD657,0xDE98,0xDE78,0xD637,0xDE98,0xD657,0xDE78,0xD637,0xD678,0xDE98,0xD657,0xD678,0xDEB9,0xCE16,0xD657,
    0xDE98,0xD657,0xD657,0xDE78,0xD637,0xE6B9,0xDE78,0xD657,0xD637,0xD657,0xDE98,0xCE37,0xD637,0xCE16,0xD637,0xD657,
    0xD637,0xDE78,0xDE98,0xCE16,0xD637,0xD657,0xCE16,0xDE78,0xCE37,0xCE37,0xDE78,0xD657,0xD657,0xDE98,0xD678,0xD657,
    0xD637,0xDE78,0xDE78,0xD637,0xDE78,0xCE16,0xCDF6,0xDE77,0xD657,0xDE98,0xD657,0xD636,0xD637,0xE6B9,0xDE78,0xDE78,
    0xD657,0xDE98,0xDE78,0xCDF6,0xD637,0xDE98,0xCE16,0xDE98,0xD657,0xC5D5,0xD637,0xD637,0xCE16,0xD657,0xD657,0xE6D9,
    0xBD74,0x734B,0x62AA,0x5228,0x41C6,0x3965,0x3965,0x3124,0x28C2,0x3103,0x3144,0x20C2,0x1882,0x3124,0x3124,0x20C2,
    0x1061,0x1061,0x3985,0x738D,0xA4B1,0xDE36,0xDE57,0xDE57,0xE698,0xE698,0xE698,0xE698,0xE678,0xDE57,0xE6D9,0xDE99,
    0xD657,0xC5D6,0xAD33,0x9C91,0x8C2F,0x9CB1,0xAD13,0xB554,0xB554,0xB554,0xBD74,0xC5D6,0xC5D6,0xD637,0xD637,0xB554,
    0xBD95,0xB513,0xACD2,0xACF2,0xBD74,0xA4D2,0xA4B1,0xBD95,0xD637,0xE6D9,0xDE98,0xDE98,0xD657,0xD657,0xD657,0xD637,
    0xD637,0xDE77,0xEF1A,0xE6D9,0xE6B9,0xE6B9,0xDE78,0xD637,0xD637,0xDE78,0xD637,0xD657,0xD657,0xDE98,0xD657,0xDEB8,
    0xD677,0xD657,0xDE78,0xDE77,0xD636,0xD637,0xD657,0xD657,0xD636,0xDE77,0xDE98,0xDE77,0xDE77,0xDE77,0xD657,0xDE78,
    0xD657,0xCDF6,0xCDF6,0xCE16,0xDE78,0xE6B9,0xD657,0xDE98,0xD657,0xD657,0xDE78,0xE6B9,0xD657,0xDE98,0xDE98,0xD657,
    0xD678,0xDE78,0xD637,0xD637,0xD657,0xDE98,0xDE78,0xE6B9,0xDE78,0xD657,0xE6B9,0xDE98,0xDE78,0xCE37,0xDE98,0xDE98,
    0xD678,0xD657,0xDE98,0xDE98,0xD657,0xDE78,0xCE16,0xDE98,0xDE98,0xD657,0xDE78,0xD637,0xDE78,0xE6B9,0xDEB9,0xDEB9,
    0xD657,0xD657,0xD678,0xDE98,0xDE98,0xCE16,0xDEB9,0xDE98,0xDE98,0xDE78,0xD657,0xE6B9,0xDE98,0xDE98,0xDE78,0xD678,
    0xDE98,0xDE98,0xD678,0xE6D9,0xDE98,0xD678,0xD657,0xDE98,0xDE98,0xD637,0xE6D9,0xE6B9,0xDE98,0xDE78,0xE6B9,0xDE98,
    0xD637,0xDE78,0xDE98,0xDE98,0xE6D9,0xDE98,0xDE78,0xD678,0xD657,0xDE98,0xD657,0xDE78,0xDE98,0xDE78,0xD657,0xDE98,
    0xDE78,0xD657,0xDEB9,0xD678,0xD657,0xDEB9,0xDE78,0xDEB9,0xD657,0xDE98,0xDE78,0xD657,0xE6B9,0xE6B9,0xD678,0xD678,
    0xE6B9,0xE6B9,0xDE98,0xD657,0xDEB9,0xDE98,0xDE78,0xDE98,0xE6B9,0xDE98,0xDE78,0xDEB9,0xDE78,0xDE78,0xDE98,0xD657,
    0xDEB9,0xDE78,0xDE78,0xD657,0xD678,0xDE98,0xDE78,0xDE98,0xD678,0xDE98,0xDEB9,0xD657,0xDE98,0xDEB9,0xE6D9,0xDE98,
    0xD637,0xE6B9,0xD678,0xE6B9,0xE6D9,0xD657,0xD657,0xDE78,0xDE98,0xDE98,0xE6B9,0xD678,0xE6D9,0xD657,0xDE98,0xDE98,
    0xE6B9,0xDE98,0xDE98,0xDE98,0xDEB9,0xDE98,0xDE78,0xDE98,0xD678,0xD657,0xD678,0xD657,0xD678,0xDE78,0xD657,0xDE98,
    0xDE98,0xD657,0xDE98,0xDE98,0xDEB9,0xD657,0xDEB9,0xDE98,0xDEB9,0xD657,0xD678,0xDE78,0xD678,0xDE78,0xDE98,0xE6FA,
    0xDE78,0xDE78,0xD678,0xD678,0xDEB9,0xDE98,0xDE98,0xDEB9,0xDE78,0xDE98,0xD678,0xD678,0xDE78,0xDE78,0xDE98,0xDE98,
    0xD678,0xD637,0xD657,0xDE78,0xDE98,0xD657,0xDE78,0xDE98,0xDEB9,0xDE98,0xDE98,0xD657,0xDE98,0xD657,0xD678,0xDEB9,
    0xDE98,0xD678,0xDEB9,0xD637,0xD657,0xD678,0xD657,0xCE37,0xD678,0xDE78,0xDE78,0xD657,0xD678,0xD657,0xDE98,0xDE78,
    0xCE37,0xDE98,0xDE98,0xDE98,0xDE78,0xD678,0xDE78,0xDE98,0xDE78,0xD657,0xDE78,0xD678,0xDE78,0xDE78,0xD637,0xD657,
    0xDE78,0xCE16,0xD637,0xDE78,0xDE78,0xDE78,0xDE78,0xDE98,0xDE78,0xDE78,0xDE78,0xDE98,0xD657,0xDE78,0xDE98,0xD657,
    0xE6B9,0xD657,0xDE78,0xE6B9,0xD657,0xD657,0xE6B9,0xDE98,0xD678,0xD678,0xD678,0xD657,0xDE78,0xD678,0xD657,0xDE98,
    0xD678,0xD678,0xDE78,0xD637,0xDE78,0xDE98,0xD657,0xD657,0xDE98,0xDE78,0xD637,0xDE98,0xDE98,0xD678,0xCE37,0xD637,
    0xD657,0xD657,0xD657,0xDE78,0xDE78,0xD637,0xD657,0xCE16,0xDE78,0xD637,0xDE98,0xCE16,0xD657,0xD657,0xD637,0xD657,
    0xD637,0xCE16,0xDE78,0xCDF6,0xDE78,0xDE98,0xD637,0xD657,0xD636,0xD636,0xD657,0xDE78,0xD637,0xCE16,0xCDF5,0xD636,
    0xD657,0xD657,0xD637,0xD637,0xD637,0xD637,0xD657,0xDE78,0xDE78,0xCE16,0xDE78,0xDE98,0xD657,0xCE16,0xDE78,0xDE78,
    0xCDF6,0x9CB1,0x738D,0x39A6,0x3985,0x3985,0x2903,0x2903,0x2903,0x3103,0x28E3,0x28E3,0x2903,0x20C2,0x3965,0x5AA9,
    0x736C,0x9C90,0xBDB5,0xD658,0xDE98,0xDE56,0xDE56,0xD615,0xD616,0xDE36,0xD5F5,0xD616,0xD616,0xD616,0xCE16,0xCE37,
    0xCE16,0xD657,0xE6D9,0xDE98,0xD657,0xDE98,0xE6B9,0xDE78,0xDE98,0xDE98,0xDE98,0xCE37,0xDE98,0xCE16,0xCE16,0xDEB9,
    0xDE78,0xDE78,0xDE98,0xE6B9,0xDE78,0xDE78,0xDE78,0xD637,0xD617,0xD637,0xD636,0xD637,0xD657,0xD677,0xD677,0xDE78,
    0xCE36,0xCE36,0xD657,0xCE36,0xD657,0xDEB8,0xD657,0xD657,0xDE77,0xD677,0xE6D9,0xD636,0xDE98,0xDE98,0xE6B8,0xE6B9,
    0xD657,0xD636,0xD657,0xCE16,0xD636,0xDE98,0xD657,0xDE98,0xCE16,0xDE98,0xDE78,0xD657,0xD636,0xE6B9,0xDE77,0xD637,
    0xE6B9,0xCDF6,0xCE16,0xDE78,0xCE16,0xD657,0xD637,0xDE98,0xDE78,0xDE98,0xCE37,0xDE78,0xDE78,0xDE78,0xD678,0xDE98,
    0xE6B9,0xD678,0xDE98,0xE6D9,0xE6B9,0xD637,0xDE78,0xDE78,0xDE98,0xDE98,0xDE78,0xD657,0xDE98,0xD678,0xD657,0xD678,
    0xDE98,0xDEB9,0xDEB9,0xE6D9,0xD657,0xD657,0xE6B9,0xDE98,0xDE78,0xCE16,0xDE98,0xE6B9,0xDE78,0xD657,0xDE98,0xDE98,
    0xDE98,0xDEB9,0xDE78,0xD678,0xD657,0xD678,0xD657,0xD657,0xD678,0xDEB9,0xDE78,0xDE98,0xDEB9,0xCE37,0xDE78,0xDE78,
    0xDE98,0xD657,0xD657,0xD678,0xD637,0xD678,0xDEB9,0xD637,0xCE16,0xE6D9,0xDE98,0xD657,0xDE98,0xD657,0xD657,0xDE98,
    0xDE78,0xDE78,0xDE98,0xD657,0xDE98,0xD657,0xD657,0xDEB9,0xDE78,0xD657,0xD678,0xDE98,0xDE98,0xD657,0xD657,0xDE78,
    0xDE78,0xD657,0xDE78,0xD678,0xDE78,0xDE98,0xD657,0xDE98,0xDE78,0xDE98,0xDE78,0xDEB9,0xE6B9,0xDE78,0xDE98,0xDEB9,
    0xDE78,0xDE98,0xDE78,0xD678,0xDE98,0xDE98,0xDE98,0xDE98,0xD657,0xDE98,0xDE98,0xD678,0xD637,0xE6B9,0xDE98,0xD657,
    0xDE98,0xDE78,0xD678,0xDEB9,0xD678,0xDE98,0xDEB9,0xD657,0xDE98,0xDE98,0xDE78,0xE6B9,0xD678,0xD657,0xDE98,0xDE98,
    0xDE98,0xDE98,0xDE98,0xD678,0xDE98,0xD678,0xCE37,0xDE98,0xE6B9,0xDE98,0xD678,0xDEB9,0xDEB9,0xDE98,0xDE78,0xD678,
    0xDE98,0xD657,0xE6B9,0xDE98,0xDE98,0xDEB9,0xDEB9,0xDE98,0xD678,0xE6D9,0xDEB9,0xD678,0xE6B9,0xD657,0xD657,0xDE98,
    0xD657,0xDE98,0xDE98,0xD678,0xDE98,0xDEB9,0xDE78,0xDE98,0xDE78,0xDE78,0xE6FA,0xD657,0xD678,0xE6D9,0xD678,0xD657,
    0xDE78,0xD678,0xD678,0xD678,0xDE98,0xDE78,0xD678,0xDE98,0xDE98,0xDE98,0xDEB9,0xD678,0xD657,0xD678,0xDE98,0xDE78,
    0xDEB9,0xD657,0xD657,0xDEB9,0xDE78,0xDE98,0xDE98,0xD657,0xDE78,0xD657,0xD657,0xE6D9,0xDE98,0xE6D9,0xD678,0xDEB9,
    0xD657,0xDE78,0xD657,0xD637,0xD678,0xDEB9,0xDE98,0xD657,0xDE78,0xDEB9,0xDE78,0xD657,0xD678,0xD678,0xDE98,0xDE98,
    0xD657,0xE6B9,0xD678,0xDE78,0xDE98,0xDE78,0xD657,0xD637,0xDE98,0xD657,0xDE98,0xD637,0xD657,0xD657,0xD657,0xD657,
    0xDE78,0xDE78,0xD657,0xE6B9,0xDE98,0xDE98,0xD637,0xDE78,0xD657,0xE6B9,0xDE78,0xE6D9,0xDE78,0xD637,0xDE98,0xD637,
    0xDE78,0xD637,0xDE98,0xDE78,0xD657,0xD637,0xD637,0xD657,0xDE78,0xDE98,0xDE78,0xD657,0xD678,0xD657,0xDE98,0xDE78,
    0xD678,0xD678,0xDE78,0xD657,0xDE98,0xD637,0xCE16,0xD657,0xD637,0xD657,0xD657,0xDE78,0xD657,0xDE98,0xD637,0xD678,
    0xDE98,0xD678,0xD678,0xD657,0xD657,0xD637,0xD657,0xCE16,0xD678,0xCE37,0xD657,0xCE37,0xD678,0xDE78,0xDE98,0xD657,
    0xD637,0xD637,0xDE78,0xD637,0xCE16,0xD657,0xD657,0xD657,0xD657,0xD637,0xD657,0xCE16,0xD657,0xCE16,0xCE16,0xCE16,
    0xDE78,0xDE78,0xCE16,0xD657,0xDE78,0xDE78,0xD637,0xD637,0xDE98,0xDE78,0xDE78,0xD657,0xDE78,0xD637,0xD657,0xD657,
    0xD657,0xDE98,0xCE37,0x6B4C,0x4A47,0x4A47,0x39A5,0x3985,0x3145,0x3965,0x3985,0x5228,0x62EA,0x83CD,0xB553,0xC5D5,
    0xDEB9,0xDE98,0xD657,0xD657,0xD657,0xD656,0xCE36,0xD677,0xD657,0xCE16,0xD657,0xD637,0xC5B5,0xDE78,0xCE16,0xCE16,
    0xE6B8,0xDE78,0xD677,0xDE98,0xD657,0xD657,0xD637,0xCE16,0xC5F5,0xCE16,0xD677,0xDE98,0xD657,0xCE36,0xD657,0xC5F5,
    0xD657,0xDE57,0xD637,0xD657,0xD636,0xCDF6,0xDE77,0xE698,0xDE57,0xCDF5,0xD677,0xD657,0xCE36,0xDE78,0xDE98,0xDE98,
    0xDE98,0xD677,0xCE36,0xCE36,0xDE98,0xDE98,0xDE98,0xDE98,0xCE36,0xDE98,0xD677,0xDEB8,0xDEB8,0xD657,0xDE78,0xDE77,
    0xD657,0xDE78,0xE6B9,0xDE78,0xD678,0xE6FA,0xD658,0xD637,0xCE16,0xD658,0xCE16,0xD657,0xDE78,0xD657,0xD637,0xD637,
    0xD657,0xDE98,0xDE98,0xE6B9,0xD657,0xDE78,0xDE78,0xD657,0xD657,0xDE98,0xD657,0xE6B9,0xDE98,0xDE78,0xDE78,0xD678,
    0xDE98,0xDE98,0xDE78,0xCE16,0xDE78,0xE6B9,0xDE78,0xD637,0xDE78,0xDE78,0xDE98,0xD657,0xD657,0xD678,0xDEB9,0xDE98,
    0xD637,0xDE78,0xD657,0xD657,0xDEB9,0xE6B9,0xD637,0xD657,0xE6B9,0xDE78,0xDE78,0xDE78,0xD657,0xD657,0xDE78,0xD657,
    0xDE98,0xDE78,0xDE98,0xD657,0xCE37,0xE6D9,0xDE78,0xDE98,0xD637,0xDE78,0xDE98,0xD657,0xDE78,0xDE98,0xD678,0xE6D9,
    0xD657,0xDE98,0xDEB9,0xDE78,0xD657,0xE6D9,0xDE98,0xD637,0xDE98,0xE6B9,0xD678,0xD637,0xDE98,0xDE78,0xDE98,0xDE98,
    0xDE98,0xDE78,0xE6D9,0xD657,0xDE78,0xDE98,0xDE98,0xDE98,0xDEB9,0xDEB9,0xDE98,0xD657,0xD657,0xD657,0xDEB9,0xDE78,
    0xE6B9,0xE6D9,0xDE78,0xD657,0xDE98,0xD657,0xDE98,0xDE98,0xE6B9,0xDE78,0xD657,0xDE98,0xD657,0xD657,0xDE98,0xDE98,
    0xDE98,0xD657,0xD657,0xDEB9,0xD657,0xD657,0xDE98,0xDE78,0xD678,0xDE78,0xDE98,0xDE98,0xDE98,0xE6D9,0xDE98,0xD678,
    0xDE98,0xDE98,0xD678,0xDEB9,0xDE98,0xD657,0xDE98,0xD657,0xDEB9,0xDEB9,0xDE78,0xDE98,0xD678,0xDE98,0xE6D9,0xD678,
    0xDE78,0xD657,0xD657,0xDEB9,0xD678,0xDE98,0xDEB9,0xD678,0xDE78,0xDE98,0xDE98,0xD657,0xE6B9,0xD657,0xDE98,0xDE98,
    0xD678,0xDE78,0xDE78,0xD657,0xDE98,0xDE98,0xDE78,0xD657,0xD657,0xE6B9,0xDE98,0xD678,0xDE78,0xDEB9,0xDE98,0xDE98,
    0xD657,0xDEB9,0xDE98,0xD678,0xDE78,0xE6D9,0xD657,0xE6B9,0xD657,0xDE78,0xE6D9,0xDE98,0xD657,0xDE98,0xDE98,0xDE98,
    0xDE78,0xDE98,0xDE98,0xDE78,0xD678,0xD678,0xD657,0xD657,0xDE78,0xC5F6,0xD657,0xDE98,0xD678,0xD678,0xDE98,0xDE78,
    0xDE98,0xDE98,0xD657,0xDE78,0xDE98,0xCE37,0xDE98,0xDE98,0xDE98,0xDE98,0xD637,0xD678,0xD657,0xD678,0xD637,0xDE98,
    0xD657,0xDE98,0xD678,0xDEB9,0xE6D9,0xDE98,0xD678,0xDE78,0xD657,0xDEB9,0xD678,0xDE98,0xDEB9,0xE6B9,0xDE78,0xDE98,
    0xDE98,0xDE78,0xDE78,0xCE37,0xDE98,0xDEB9,0xD657,0xDE78,0xDE98,0xD657,0xDE78,0xD657,0xDE98,0xDE98,0xE6B9,0xDE98,
    0xD657,0xDE98,0xD657,0xDE98,0xE6B9,0xDE98,0xDE78,0xDE98,0xD657,0xD657,0xCDF6,0xD657,0xDE78,0xD637,0xCE16,0xD657,
    0xDE78,0xD657,0xDE98,0xD637,0xD637,0xDE78,0xD657,0xCE16,0xCDF6,0xDE98,0xD678,0xD637,0xD657,0xCE16,0xBD94,0xCDF6,
    0xDE78,0xCE16,0xD637,0xDE78,0xDE98,0xDE98,0xDE78,0xDE78,0xDE78,0xCE16,0xD657,0xDE78,0xD657,0xDE98,0xD637,0xDE98,
    0xD678,0xD678,0xDE78,0xD657,0xD657,0xD657,0xD637,0xD678,0xCE16,0xCE37,0xDE78,0xDE98,0xD657,0xCE16,0xDE98,0xCE16,
    0xDE78,0xD657,0xD657,0xD637,0xCDF6,0xCE16,0xDE78,0xDE78,0xCE16,0xCE16,0xD636,0xDE77,0xD657,0xD657,0xDE77,0xD657,
    0xCDF5,0xD657,0xDE78,0xE6B9,0xDE98,0xDE78,0xD657,0xDE98,0xD637,0xD637,0xD657,0xDE78,0xDE98,0xD637,0xCE16,0xD637,
    0xD657,0xCE36,0xCE37,0xC637,0x9490,0x83EE,0x7BAD,0x7BAD,0x83CE,0x9C71,0xACF3,0xCDF6,0xDE78,0xD658,0xD657,0xBDB5,
    0xD657,0xD616,0xDE57,0xCDF6,0xD636,0xD698,0xD678,0xCE16,0xCE37,0xDEB9,0xCE37,0xCE37,0xCE16,0xD658,0xE698,0xDE77,
    0xD657,0xE6B8,0xD636,0xD657,0xD657,0xD657,0xDE77,0xD657,0xD657,0xE6B8,0xD657,0xD636,0xD657,0xD677,0xDE77,0xD636,
    0xD677,0xDE77,0xCE16,0xDE78,0xE6B8,0xCDF5,0xD657,0xE6D9,0xE6B9,0xD677,0xD657,0xDE78,0xDE98,0xC5F5,0xD637,0xD677,
    0xD637,0xDE98,0xDEB8,0xD657,0xE6D9,0xD657,0xD677,0xDE98,0xDE98,0xDE98,0xD657,0xD677,0xD657,0xCDD5,0xD657,0xD637,
    0xDE98,0xDE98,0xE6B9,0xDE98,0xDE78,0xD658,0xD637,0xDE78,0xD658,0xDE78,0xD658,0xDE98,0xDE98,0xDE78,0xD658,0xDE98,
    0xD657,0xDE98,0xD657,0xD637,0xD657,0xDE78,0xDE98,0xD657,0xE6B9,0xDE98,0xE6B9,0xDEB9,0xD657,0xD678,0xD657,0xD678,
    0xDE98,0xDE98,0xD657,0xDE78,0xE6B9,0xD657,0xD657,0xD657,0xD637,0xE6B9,0xDE98,0xD657,0xDEB9,0xDE98,0xD657,0xDE98,
    0xDEB9,0xCE37,0xDE98,0xCE16,0xD657,0xDE78,0xDE78,0xD657,0xD637,0xDE78,0xDE98,0xDE98,0xE6B9,0xDE78,0xD657,0xD678,
    0xDE98,0xD657,0xDE78,0xDE98,0xDE98,0xDE78,0xD678,0xDE98,0xE6D9,0xD657,0xCE37,0xE6D9,0xDE98,0xE6D9,0xC5F6,0xDE98,
    0xDE98,0xDE98,0xDE78,0xDE98,0xD678,0xDE98,0xDE78,0xDE78,0xDE98,0xD637,0xDE98,0xDE98,0xDE98,0xDE78,0xDE78,0xDE98,
    0xD657,0xDE98,0xDE98,0xD657,0xD657,0xDEB9,0xDE98,0xD678,0xDE98,0xDEB9,0xE6D9,0xD678,0xD678,0xDE98,0xDE78,0xDE98,
    0xD657,0xD657,0xE6D9,0xD657,0xDE98,0xDE98,0xD657,0xDE78,0xDE98,0xE6B9,0xDE98,0xCE16,0xDE78,0xE6D9,0xD678,0xD637,
    0xD678,0xDE78,0xE6B9,0xDE98,0xD678,0xDE98,0xD678,0xDE98,0xE6D9,0xDEB9,0xD678,0xD657,0xDE98,0xD678,0xDE98,0xDEB9,
    0xDE98,0xDE98,0xD657,0xCE16,0xE6B9,0xDE78,0xDE98,0xD657,0xDE78,0xDE98,0xE6B9,0xD657,0xE6B9,0xD657,0xD678,0xD657,
    0xD678,0xE6D9,0xE6B9,0xDEB9,0xD678,0xD678,0xE6B9,0xD678,0xDE98,0xDE98,0xDE78,0xD657,0xD678,0xD678,0xD678,0xDE98,
    0xDE98,0xDEB9,0xDE78,0xDE98,0xDE98,0xD678,0xDE78,0xE6B9,0xD678,0xDE98,0xDE78,0xDE78,0xD657,0xDEB9,0xD657,0xDEB9,
    0xE6D9,0xDE78,0xDE78,0xDEB9,0xDE78,0xE6D9,0xD678,0xD657,0xDE98,0xDEB9,0xE6D9,0xD657,0xD637,0xCE16,0xD657,0xE6D9,
    0xE6D9,0xDEB9,0xDE98,0xE6B9,0xD678,0xDE78,0xD678,0xD657,0xDE98,0xD678,0xDE78,0xDE98,0xE6B9,0xDE78,0xD657,0xDEB9,
    0xD657,0xDE78,0xDE78,0xCE16,0xDE78,0xD657,0xD657,0xE6D9,0xD657,0xDE78,0xDE98,0xDE98,0xDE98,0xD678,0xDE98,0xDE98,
    0xDE98,0xD678,0xDE78,0xDE98,0xCE37,0xDE98,0xD678,0xD678,0xD637,0xD678,0xD637,0xDE78,0xD637,0xD657,0xD637,0xDE98,
    0xD678,0xCE16,0xDE98,0xD678,0xD657,0xDE98,0xD657,0xDE98,0xDE78,0xD657,0xCDF6,0xD657,0xDE78,0xD657,0xD637,0xDE78,
    0xDE78,0xDE78,0xDE78,0xDE78,0xD657,0xD657,0xD657,0xDE78,0xD657,0xD657,0xDE78,0xDE78,0xD637,0xD637,0xD657,0xDE98,
    0xD657,0xCE16,0xD637,0xD657,0xDE98,0xD637,0xDE98,0xDE78,0xDE78,0xD678,0xD657,0xDE98,0xD657,0xD637,0xBD94,0xBD94,
    0xD637,0xDE78,0xDE98,0xDE78,0xD657,0xDE98,0xD657,0xCE16,0xD657,0xDE98,0xD657,0xD637,0xDE78,0xDE78,0xD657,0xDE78,
    0xD657,0xCE16,0xD657,0xD678,0xD678,0xCE37,0xD678,0xDE78,0xD657,0xCE37,0xD657,0xD657,0xD657,0xCE16,0xD657,0xD657,
    0xDE98,0xD657,0xD637,0xD637,0xDE98,0xD657,0xCE16,0xCE16,0xD657,0xDE78,0xD637,0xD657,0xCE16,0xD657,0xD657,0xD657,
    0xDE78,0xDE77,0xCDF5,0xCE16,0xD637,0xD657,0xD636,0xDE77,0xD636,0xD657,0xD657,0xD657,0xCE16,0xD637,0xD637,0xD637,
    0xDE78,0xD637,0xCDF6,0xDE98,0xDE98,0xCDF6,0xD637,0xDE78,0xDE98,0xEEDA,0xE6B9,0xD637,0xD657,0xCE16,0xD657,0xD637,
    0xD637,0xD637,0xE6D9,0xCDF6,0xD657,0xD657,0xDE98,0xCE16,0xDE98,0xD678,0xCDF6,0xD657,0xD637,0xDE78,0xD657,0xD637,
    0xD657,0xD657,0xDE78,0xDE78,0xD637,0xD657,0xDE98,0xDE98,0xDE78,0xD657,0xDE78,0xDE98,0xD657,0xDE78,0xDE98,0xDE78,
    0xD657,0xDE78,0xD678,0xD678,0xD677,0xCE37,0xCE16,0xCE37,0xCE16,0xDE98,0xDE78,0xDE78,0xE6B9,0xD657,0xDE78,0xD657,
    0xDE98,0xD657,0xDE98,0xD637,0xDE78,0xD637,0xDE78,0xDE78,0xCE16,0xCE16,0xD637,0xDE57,0xDE78,0xDEB9,0xDE98,0xD657,
    0xDE78,0xDEB9,0xD657,0xD657,0xDE78,0xD657,0xDE78,0xD678,0xCE37,0xDEB9,0xD657,0xDE78,0xE6D9,0xE6D9,0xD657,0xD657,
    0xD657,0xD657,0xD678,0xDE78,0xD657,0xDE78,0xDEB9,0xD637,0xDE98,0xCE16,0xDE98,0xDE98,0xD637,0xD657,0xD657,0xDE98,
    0xD637,0xE6D9,0xD678,0xD657,0xDEB9,0xDE78,0xDEB9,0xDE98,0xDE98,0xD678,0xD657,0xDE98,0xD637,0xDE98,0xDE78,0xE6B9,
    0xDE78,0xD678,0xDE78,0xDE98,0xDEB9,0xD678,0xDEB9,0xE6D9,0xE6D9,0xDEB9,0xDE98,0xD678,0xDE78,0xD678,0xDE98,0xDE98,
    0xD657,0xDE98,0xD657,0xDE98,0xE6D9,0xDE78,0xDE98,0xDE98,0xD657,0xD657,0xD657,0xDEB9,0xD657,0xD657,0xDE78,0xD637,
    0xDEB9,0xDE98,0xDE78,0xDE98,0xDEB9,0xDE98,0xD678,0xDE98,0xD678,0xD678,0xE6B9,0xDE78,0xCE37,0xDE98,0xDE98,0xDE98,
    0xDEB9,0xE6D9,0xD657,0xDE98,0xDEB9,0xDE98,0xD678,0xD657,0xDE98,0xD678,0xD657,0xDE78,0xD657,0xDEB9,0xD657,0xDE78,
    0xD657,0xDE78,0xDE98,0xD678,0xDE78,0xD678,0xE6D9,0xD657,0xD678,0xE6B9,0xE6D9,0xDE78,0xD678,0xE6B9,0xD657,0xDEB9,
    0xE6B9,0xDE78,0xD637,0xDE98,0xDEB9,0xDEB9,0xD657,0xDE98,0xDEB9,0xE6D9,0xDEB9,0xD678,0xE6B9,0xD637,0xD678,0xDE78,
    0xDE98,0xDE98,0xE6B9,0xDE98,0xD657,0xDE98,0xDE78,0xD678,0xE6B9,0xDE98,0xDE98,0xD678,0xDE78,0xDE78,0xDE78,0xDEB9,
    0xDEB9,0xD637,0xD657,0xCE37,0xDE98,0xE6B9,0xDE98,0xDE98,0xE6B9,0xD657,0xD657,0xDE78,0xD657,0xDE98,0xDEB9,0xCE37,
    0xDE78,0xDE78,0xDE98,0xDE98,0xDEB9,0xDE98,0xDEB9,0xD657,0xD637,0xDE98,0xDE98,0xDE98,0xDEB9,0xE6D9,0xDE78,0xDE98,
    0xD657,0xDE78,0xD678,0xDE78,0xD657,0xD678,0xD637,0xE6D9,0xDE78,0xD657,0xDE98,0xDEB9,0xE6B9,0xDE98,0xDE98,0xD678,
    0xD657,0xD637,0xD657,0xD678,0xD657,0xDEB9,0xDE98,0xDE98,0xDE78,0xDE98,0xCE16,0xDE78,0xDE98,0xDE98,0xD678,0xD657,
    0xDE98,0xD678,0xDE78,0xD678,0xD637,0xDE78,0xDE98,0xD657,0xDEB9,0xDE78,0xD637,0xD678,0xDE98,0xD678,0xE6B9,0xD637,
    0xDE98,0xD678,0xDE98,0xDE78,0xD678,0xDE98,0xDE78,0xD657,0xDEB9,0xDEB9,0xD657,0xDE98,0xD657,0xD678,0xDEB9,0xD678,
    0xDE78,0xDE78,0xD637,0xE6D9,0xDE98,0xDE98,0xCDF6,0xD637,0xE6B9,0xDE98,0xDE98,0xDE98,0xD657,0xD657,0xDE78,0xD637,
    0xD657,0xDE98,0xDE78,0xDE78,0xD657,0xD657,0xD657,0xDE78,0xDE78,0xD657,0xD657,0xDE98,0xDE78,0xD637,0xDE78,0xD657,
    0xD637,0xDE78,0xDE78,0xD637,0xDE78,0xCE16,0xD657,0xD657,0xD637,0xD637,0xDE78,0xDE78,0xD637,0xDE78,0xDE78,0xDE98,
    0xE6B9,0xD657,0xDE98,0xDE98,0xD657,0xCE16,0xDE78,0xD657,0xD657,0xD678,0xDE98,0xDE98,0xCE16,0xD657,0xDE78,0xDE78,
    0xD657,0xDE78,0xDE78,0xD637,0xD657,0xDE78,0xDE98,0xDE78,0xE6B9,0xDE98,0xD637,0xCE16,0xCE16,0xDE98,0xD657,0xD637,
    0xD637,0xDE78,0xDE98,0xDE78,0xD657,0xD657,0xD637,0xDE78,0xE6B9,0xD657,0xD637,0xC5D5,0xD657,0xCE16,0xDE78,0xD637,
    0xDE78,0xCE16,0xDE77,0xD637,0xDE77,0xD636,0xDE77,0xD636,0xDE98,0xDE78,0xD637,0xD637,0xD657,0xE6B9,0xD657,0xDE98,
    0xDE78,0xCE16,0xD657,0xD657,0xD657,0xCE16,0xDE78,0xDE78,0xD657,0xCE16,0xD637,0xCE36,0xDE78,0xCE16,0xDE98,0xDE98,
    0xCE16,0xD637,0xD657,0xD657,0xD657,0xCDF6,0xD637,0xD637,0xDE78,0xD657,0xDE78,0xD657,0xD657,0xDE98,0xD657,0xD637,
    0xDE78,0xDE78,0xDE78,0xDE98,0xD657,0xE6B9,0xD657,0xC5D5,0xCE16,0xE6B9,0xE6B9,0xD637,0xD637,0xDE98,0xD637,0xD637,
    0xD657,0xCE16,0xD637,0xD678,0xD657,0xDE98,0xDEB9,0xCDF6,0xCDF6,0xDE98,0xBD94,0xC5D5,0xE6B9,0xDE78,0xDE98,0xDE78,
    0xD657,0xD657,0xE6D9,0xD657,0xCE16,0xD657,0xE6B9,0xCDF6,0xBD74,0xE6B9,0xE6B9,0xDE98,0xE6B9,0xDE98,0xD678,0xD678,
    0xD657,0xD657,0xDE98,0xD657,0xD637,0xDE98,0xDE98,0xD657,0xDE98,0xDE78,0xD657,0xD678,0xCE16,0xD657,0xD678,0xDEB9,
    0xD678,0xD657,0xDE78,0xDE98,0xDE78,0xD657,0xDEB9,0xD657,0xD678,0xDE98,0xDE78,0xDE78,0xE6B9,0xDEB9,0xDE78,0xDE78,
    0xDE78,0xD678,0xDE98,0xD657,0xD678,0xD657,0xE6B9,0xDE78,0xD678,0xD657,0xD637,0xDE98,0xDEB9,0xE6B9,0xCE37,0xDE98,
    0xDE78,0xDEB9,0xDE98,0xD657,0xDE78,0xDE78,0xDE98,0xDE78,0xD657,0xDEB9,0xE6D9,0xDEB9,0xD657,0xDE78,0xE6D9,0xD657,
    0xDE98,0xE6B9,0xDEB9,0xDE98,0xD657,0xDE78,0xD678,0xDEB9,0xCE16,0xDE98,0xDEB9,0xD637,0xD678,0xDE98,0xE6B9,0xD678,
    0xD678,0xD657,0xDE78,0xDE78,0xD678,0xDE78,0xDE98,0xDE98,0xDE78,0xE6B9,0xD657,0xD678,0xD657,0xE6D9,0xDE78,0xCE16,
    0xD657,0xD657,0xDE98,0xD678,0xDE78,0xDE98,0xDE98,0xD678,0xE6B9,0xD678,0xD657,0xE6B9,0xDE98,0xE6B9,0xDE98,0xE6B9,
    0xDE98,0xD657,0xD678,0xE6B9,0xDE98,0xD657,0xDE78,0xD657,0xDE98,0xD678,0xD657,0xE6B9,0xD678,0xDE98,0xDE98,0xE6D9,
    0xD657,0xD637,0xDEB9,0xCE37,0xDEB9,0xE6D9,0xD657,0xD678,0xD678,0xD637,0xD678,0xDE98,0xDE98,0xDE78,0xDE98,0xD657,
    0xDEB9,0xDEB9,0xD678,0xDE98,0xDE78,0xDE98,0xDE98,0xD678,0xD678,0xDE78,0xDE98,0xDE98,0xDE98,0xDE98,0xDE98,0xCE37,
    0xDE98,0xD678,0xDEB9,0xCE37,0xDE78,0xD657,0xDE98,0xE6D9,0xDE78,0xD678,0xE6D9,0xDE98,0xE6D9,0xDE78,0xE6B9,0xDE98,
    0xD657,0xD678,0xE6D9,0xD678,0xD678,0xD657,0xDE78,0xE6D9,0xDEB9,0xD678,0xD678,0xDEB9,0xDE78,0xD657,0xDE78,0xD678,
    0xD657,0xE6D9,0xDE78,0xDE98,0xCE16,0xD657,0xE6D9,0xD637,0xCE16,0xD678,0xDE98,0xDE98,0xDE98,0xDE78,0xDEB9,0xDE78,
    0xCE16,0xD678,0xD678,0xD678,0xD678,0xDE78,0xDEB9,0xD657,0xD657,0xE6D9,0xDE78,0xDEB9,0xD657,0xD657,0xD657,0xD678,
    0xD678,0xDE98,0xDE78,0xDE98,0xDE98,0xDE98,0xDEB9,0xCE37,0xDE78,0xDEB9,0xD637,0xCE16,0xE6B9,0xDE98,0xDEB9,0xDE78,
    0xDE78,0xDE78,0xDE98,0xDE98,0xDE98,0xCE37,0xD657,0xDE98,0xDE78,0xD678,0xD637,0xDE98,0xDE98,0xD678,0xDE78,0xDE78,
    0xDE98,0xDE98,0xDEB9,0xD657,0xDE78,0xDE98,0xDE78,0xD657,0xD657,0xDE78,0xDE78,0xDE98,0xDE78,0xD657,0xDE98,0xDE78,
    0xD657,0xDE98,0xDE78,0xD657,0xD637,0xDE98,0xDE98,0xDE78,0xD637,0xDE78,0xDE98,0xDE98,0xDE78,0xDE98,0xE6B9,0xDE78,
    0xDE98,0xDE98,0xDE78,0xDE98,0xD657,0xDE78,0xDE98,0xDE98,0xD637,0xEEFA,0xD657,0xD637,0xDE78,0xD637,0xD637,0xD637,
    0xDE78,0xD678,0xDE78,0xCE37,0xD678,0xD657,0xD657,0xDE78,0xD657,0xCE16,0xDE78,0xDE78,0xDE78,0xDE78,0xD657,0xD657,
    0xD637,0xDE78,0xD657,0xD657,0xCE16,0xD657,0xDE78,0xCDF6,0xDE78,0xDE78,0xD637,0xD637,0xD657,0xD657,0xD637,0xDE98,
    0xD657,0xD657,0xD657,0xD637,0xD657,0xDE98,0xDE98,0xDE98,0xD657,0xD637,0xDE78,0xD637,0xD637,0xD637,0xD657,0xCE16,
    0xD657,0xD657,0xD657,0xD636,0xC5D5,0xDE77,0xDE78,0xD657,0xD636,0xDE78,0xDE78,0xD637,0xD637,0xD657,0xD637,0xD657,
    0xD637,0xD637,0xDE98,0xD637,0xD657,0xDE78,0xDE78,0xD637,0xD657,0xCE16,0xD657,0xD657,0xD637,0xD657,0xCE16,0xDE78,
    0xCDF6,0xD657,0xD637,0xD637,0xDE78,0xDE78,0xD657,0xD657,0xD637,0xDE78,0xDE78,0xD637,0xDE78,0xD657,0xD637,0xD657,
    0xDE78,0xD657,0xD657,0xDE78,0xD637,0xE6B9,0xDE78,0xDE78,0xD657,0xDE78,0xDE78,0xD657,0xDE98,0xE6B9,0xD657,0xD657,
    0xCDF6,0xDE78,0xDE98,0xCE16,0xDE98,0xDE78,0xD637,0xDE98,0xD678,0xD657,0xC5D5,0xDE78,0xD657,0xDE78,0xDE98,0xD637,
    0xDE78,0xDE78,0xD657,0xD657,0xD657,0xDE98,0xD657,0xDE78,0xDE78,0xDE78,0xDE78,0xE6B9,0xD657,0xD637,0xD657,0xD657,
    0xD678,0xD657,0xDE98,0xDE78,0xDE78,0xDE78,0xDE98,0xD657,0xD657,0xCE37,0xD678,0xDE78,0xDE98,0xD678,0xDE98,0xCE16,
    0xDE78,0xDEB9,0xDE78,0xD657,0xDEB9,0xD678,0xDE78,0xDE78,0xD657,0xDE98,0xD678,0xD657,0xD678,0xD657,0xDE98,0xD657,
    0xDEB9,0xD678,0xD678,0xDE98,0xE6B9,0xDE78,0xDE98,0xD678,0xDE98,0xE6D9,0xDEB9,0xD657,0xD657,0xDE98,0xCE37,0xDE98,
    0xDEB9,0xDE78,0xD678,0xD678,0xDE98,0xDE98,0xE6B9,0xDEB9,0xD657,0xDE98,0xD657,0xD657,0xDE78,0xDEB9,0xDE98,0xCE16,
    0xDE98,0xDE78,0xD678,0xD657,0xD637,0xE6D9,0xD678,0xDE78,0xCE16,0xD678,0xD657,0xDE98,0xD678,0xD678,0xD657,0xDE78,
    0xE6B9,0xDE98,0xDE98,0xD678,0xDE78,0xDE78,0xD657,0xDE78,0xDE78,0xDE98,0xDE78,0xDE78,0xDE98,0xDE78,0xCE37,0xDE98,
    0xDE98,0xD657,0xE6B9,0xD657,0xD678,0xE6D9,0xE6D9,0xDE98,0xD678,0xDE78,0xE6B9,0xE6D9,0xD678,0xD657,0xDE98,0xDE78,
    0xD657,0xDEB9,0xDE98,0xDE78,0xDEB9,0xDE98,0xDE98,0xDE98,0xE6D9,0xDE78,0xDE98,0xDEB9,0xD637,0xDE78,0xDE98,0xD678,
    0xDE98,0xD657,0xEEFA,0xDE98,0xD678,0xDEB9,0xD657,0xDE78,0xDE78,0xDE98,0xDE78,0xD678,0xDE78,0xE6B9,0xE6B9,0xDE98,
    0xDE78,0xD678,0xDEB9,0xDEB9,0xDE78,0xD678,0xDEB9,0xDEB9,0xDE78,0xDE78,0xD657,0xD678,0xDEB9,0xD678,0xE6D9,0xD678,
    0xE6B9,0xE6B9,0xDE98,0xCE16,0xDE98,0xDE78,0xD657,0xDE98,0xDE78,0xDE98,0xE6B9,0xDE98,0xDE98,0xDEB9,0xDE98,0xE6B9,
    0xDE78,0xD657,0xE6D9,0xE6B9,0xDE78,0xE6D9,0xD637,0xD678,0xE6D9,0xDE98,0xDE98,0xDE98,0xD657,0xDE78,0xDE78,0xDE98,
    0xDE98,0xD678,0xDE78,0xE6B9,0xDE98,0xD678,0xDE98,0xCE16,0xD657,0xE6D9,0xD678,0xDEB9,0xDE98,0xD678,0xDE98,0xD657,
    0xD678,0xE6D9,0xD657,0xD657,0xE6B9,0xDE78,0xDE98,0xD657,0xDEB9,0xD678,0xD657,0xE6B9,0xDE78,0xDE98,0xDE98,0xDE98,
    0xD657,0xD657,0xDE78,0xDE98,0xDE78,0xD657,0xDE78,0xD657,0xE6B9,0xDEB9,0xD657,0xDE78,0xDE98,0xD637,0xDE98,0xDE98,
    0xD657,0xCE37,0xCE37,0xDE78,0xD657,0xD657,0xDE98,0xDE98,0xD678,0xDE98,0xD657,0xD657,0xD678,0xDE98,0xDE98,0xD637,
    0xD637,0xD657,0xE6D9,0xD678,0xDE78,0xDE78,0xDE98,0xDE78,0xDE98,0xDE78,0xD657,0xD657,0xDE98,0xDE78,0xDE78,0xDE98,
    0xE6B9,0xD637,0xDE98,0xDE98,0xD637,0xDE98,0xDE98,0xE6B9,0xD657,0xDE78,0xD657,0xDE78,0xDE78,0xD637,0xD657,0xD657,
    0xD657,0xD657,0xDE78,0xDE78,0xD657,0xDE98,0xD637,0xD657,0xD657,0xDE98,0xCE16,0xD657,0xD657,0xC5B5,0xDE98,0xE6B9,
    0xD637,0xD657,0xDE78,0xDE98,0xCE16,0xDE78,0xD657,0xD657,0xDE98,0xDE98,0xD657,0xCE37,0xD657,0xCE16,0xDE78,0xE6B9,
    0xD637,0xD657,0xD637,0xDE78,0xD657,0xD657,0xCE16,0xD637,0xD637,0xDE78,0xCE16,0xC5D5,0xD637,0xDE98,0xCE16,0xD637,
    0xDE98,0xD637,0xDE78,0xCE16,0xD657,0xDE78,0xD637,0xCE16,0xCE16,0xD637,0xD637,0xD657,0xD657,0xD637,0xD637,0xD637,
    0xCE16,0xE6B8,0xDE77,0xDE98,0xDE77,0xDE78,0xCE16,0xDE98,0xD636,0xD657,0xD637,0xCE16,0xCE16,0xD657,0xDE78,0xCE16,
    0xD657,0xD657,0xDE78,0xD657,0xDE78,0xDE78,0xDE78,0xD637,0xD637,0xDE78,0xD657,0xDE98,0xCE16,0xDE78,0xD657,0xDE78,
    0xCDF6,0xDE78,0xD657,0xDE78,0xD657,0xD637,0xD637,0xD657,0xDE98,0xD637,0xCDF6,0xD657,0xDE78,0xCE16,0xDE78,0xDE98,
    0xD637,0xDE78,0xDE78,0xD657,0xD657,0xD657,0xD657,0xDE78,0xD637,0xDE78,0xD637,0xDE78,0xDE98,0xDE78,0xD678,0xE6B9,
    0xD637,0xD657,0xD637,0xDE78,0xDE98,0xD657,0xDE78,0xDE98,0xD637,0xD678,0xE6B9,0xDE98,0xCE16,0xDE98,0xE6B9,0xDE98,
    0xDE98,0xCE16,0xD657,0xDE78,0xDE78,0xE6B9,0xD637,0xDE78,0xE6B9,0xDE98,0xCE16,0xD637,0xD657,0xDE98,0xD678,0xD657,
    0xD678,0xD657,0xDEB9,0xD657,0xD657,0xCE16,0xD678,0xE6B9,0xDE98,0xDEB9,0xDE78,0xDE98,0xD678,0xD657,0xDEB9,0xD657,
    0xDE98,0xD657,0xDEB9,0xD657,0xD678,0xDE78,0xDEB9,0xE6D9,0xDEB9,0xDE78,0xDE78,0xDE98,0xD657,0xD637,0xDE98,0xD657,
    0xDE98,0xDE98,0xDE98,0xDE98,0xDE98,0xDE78,0xD678,0xD678,0xE6B9,0xD657,0xD657,0xDE98,0xD657,0xDE98,0xDE98,0xDE98,
    0xD657,0xD637,0xD657,0xDE78,0xD657,0xD678,0xD678,0xD657,0xDE98,0xE6D9,0xD678,0xD657,0xDE98,0xDE98,0xDE98,0xDE98,
    0xDE98,0xD678,0xDE98,0xDE78,0xDE78,0xDE98,0xD678,0xDE98,0xE6B9,0xE6D9,0xD657,0xDE98,0xD678,0xE6D9,0xDE78,0xDE98,
    0xDE98,0xDEB9,0xDE98,0xDEB9,0xE6B9,0xD657,0xDE98,0xDE98,0xE6B9,0xE6B9,0xDEB9,0xDE78,0xDE78,0xDE78,0xDE98,0xE6D9,
    0xDE98,0xD657,0xDE98,0xDE78,0xDE98,0xD678,0xD678,0xE6B9,0xDE98,0xDEB9,0xDE98,0xDE78,0xD678,0xDE78,0xDEB9,0xDE78,
    0xD678,0xE6D9,0xDE98,0xD657,0xE6B9,0xD678,0xCE16,0xDE78,0xDE78,0xDEB9,0xDEB9,0xDE78,0xDE78,0xE6D9,0xDE98,0xDE78,
    0xE6D9,0xD637,0xD678,0xDE98,0xDE78,0xD657,0xDEB9,0xE6D9,0xD657,0xDEB9,0xDE78,0xDE98,0xE6D9,0xDE98,0xDE98,0xDE98,
    0xDE98,0xD657,0xDE98,0xDE98,0xDE98,0xDE98,0xDE98,0xDE98,0xDEB9,0xDE98,0xCE16,0xDEB9,0xDE98,0xDE78,0xDE98,0xD678,
    0xD657,0xDE98,0xDEB9,0xE6D9,0xDE98,0xDE98,0xD678,0xDEB9,0xD657,0xD678,0xDE98,0xD678,0xDE98,0xDEB9,0xD657,0xDE78,
    0xD678,0xD657,0xD678,0xE6B9,0xD657,0xDEB9,0xDE98,0xD657,0xDE98,0xD637,0xDE98,0xDE98,0xD657,0xDE78,0xD657,0xDE98,
    0xDE78,0xD657,0xE6B9,0xDE98,0xD678,0xE6B9,0xDE98,0xDEB9,0xDE98,0xE6B9,0xD657,0xDE98,0xDE78,0xDE78,0xDE98,0xD657,
    0xDE98,0xE6B9,0xDE78,0xDE98,0xE6B9,0xDE98,0xDE78,0xDE98,0xDE78,0xD657,0xD637,0xD678,0xD657,0xD678,0xDEB9,0xD657,
    0xDE98,0xCE16,0xE6B9,0xE6D9,0xD678,0xD678,0xDE98,0xD637,0xC5D5,0xCE16,0xDE78,0xDE78,0xD657,0xDE98,0xDE78,0xD637,
    0xD678,0xDEB9,0xDE98,0xD657,0xD678,0xDE98,0xD657,0xD657,0xD657,0xDE78,0xCE16,0xD657,0xDE78,0xD678,0xDE98,0xDE98,
    0xDE98,0xD657,0xDE78,0xDE98,0xDE78,0xDE98,0xD657,0xDE98,0xDE78,0xCE16,0xDE78,0xD657,0xDE78,0xE6B9,0xDE98,0xDE78,
    0xDE78,0xDE78,0xDE78,0xDE78,0xDE98,0xCE16,0xCE16,0xDE78,0xDE78,0xE6D9,0xD637,0xDE78,0xD637,0xCE16,0xD657,0xD637,
    0xDE78,0xDE78,0xDE78,0xD657,0xDE78,0xD657,0xD657,0xD657,0xD657,0xD637,0xDE78,0xDE98,0xDE98,0xDE78,0xD657,0xCE16,
    0xDE78,0xDE78,0xD637,0xDE98,0xDE98,0xD657,0xD678,0xD657,0xD657,0xD657,0xCE16,0xDE78,0xDE78,0xD637,0xD637,0xD657,
    0xDE78,0xE6B9,0xDE98,0xD657,0xD657,0xD637,0xCDF6,0xDE98,0xD637,0xDE78,0xDE78,0xDE98,0xD657,0xD637,0xD637,0xCDF6,
    0xDE78,0xD657,0xDE78,0xD637,0xD637,0xD637,0xD657,0xD657,0xDE78,0xDE98,0xD637,0xCE16,0xDE78,0xD637,0xCDF6,0xDE78,
    0xDE77,0xD657,0xCE16,0xD636,0xDE98,0xD637,0xDE78,0xCDF6,0xD637,0xD637,0xD637,0xDE78,0xD657,0xD657,0xD657,0xCDF6,
    0xD637,0xD657,0xD637,0xD637,0xD637,0xD657,0xDE78,0xD637,0xCE16,0xE6B9,0xDE98,0xD657,0xDE78,0xDE98,0xD657,0xD657,
    0xDE78,0xD657,0xD657,0xD657,0xD637,0xDE78,0xD657,0xCDF6,0xD657,0xDE78,0xCE16,0xDE78,0xD657,0xDE78,0xDE98,0xD637,
    0xCDF6,0xDE98,0xDE78,0xD637,0xD637,0xDE78,0xE6B9,0xDE78,0xD657,0xDE98,0xDE98,0xDE98,0xD637,0xCE16,0xCE16,0xE6B9,
    0xE6B9,0xDE98,0xD657,0xDE98,0xD657,0xCE37,0xDE98,0xD637,0xD637,0xDE98,0xDE98,0xDE78,0xDE98,0xDE78,0xDE78,0xDE98,
    0xD657,0xDE98,0xDE78,0xD657,0xDE98,0xDE98,0xD657,0xDE78,0xC5D5,0xD657,0xD637,0xDE78,0xE6B9,0xDE78,0xD657,0xDEB9,
    0xDE78,0xD637,0xDE98,0xD678,0xDE98,0xDE98,0xCE37,0xD678,0xD657,0xDEB9,0xDEB9,0xE6D9,0xDE78,0xDE78,0xD657,0xDE78,
    0xDE78,0xD637,0xDEB9,0xDEB9,0xDE98,0xDE78,0xD657,0xDE78,0xDE98,0xDE78,0xDE98,0xDE78,0xD657,0xD678,0xDE98,0xD678,
    0xDE98,0xD657,0xDE98,0xDE78,0xD637,0xDEB9,0xE6D9,0xD657,0xD678,0xE6B9,0xDEB9,0xD678,0xD657,0xD678,0xDEB9,0xDE98,
    0xDE98,0xD637,0xD657,0xDEB9,0xDE98,0xDEB9,0xDE98,0xD657,0xDE98,0xDE78,0xD678,0xDE78,0xDEB9,0xD657,0xDE98,0xDE98,
    0xD657,0xCE37,0xDE98,0xDE98,0xE6B9,0xDE98,0xD678,0xDEB9,0xD678,0xDEB9,0xD678,0xD678,0xDE78,0xDE78,0xD657,0xDE98,
    0xD637,0xDE78,0xE6B9,0xD657,0xD657,0xE6B9,0xDE98,0xD678,0xD678,0xD657,0xDE98,0xDE98,0xDE98,0xDE98,0xE6B9,0xDE98,
    0xDE98,0xDEB9,0xD678,0xDE78,0xDE98,0xD678,0xDE78,0xDEB9,0xD678,0xDEB9,0xD657,0xDE98,0xD657,0xD657,0xDE78,0xDE98,
    0xE6D9,0xDEB9,0xE6D9,0xDE98,0xDE98,0xD657,0xD678,0xD637,0xDE78,0xE6D9,0xD678,0xDEB9,0xDE98,0xDE98,0xD657,0xDE78,
    0xDEB9,0xD678,0xDE98,0xD657,0xDEB9,0xD657,0xDE78,0xDEB9,0xD657,0xDE98,0xCE16,0xD678,0xDEB9,0xD657,0xDE78,0xD657,
    0xDE98,0xDE98,0xD637,0xD657,0xD657,0xDE98,0xDEB9,0xD657,0xD678,0xE6D9,0xD678,0xDEB9,0xDE98,0xDE98,0xD657,0xD657,
    0xDE98,0xDE98,0xCE16,0xDE78,0xDE98,0xDE78,0xDE78,0xDEB9,0xDE98,0xD657,0xDE98,0xD657,0xDE98,0xD657,0xD678,0xDE98,
    0xDE98,0xDE98,0xCE37,0xCE16,0xD657,0xD678,0xD678,0xDEB9,0xDE98,0xCE37,0xDE98,0xE6B9,0xDE98,0xD657,0xD657,0xD678,
    0xDE98,0xD657,0xD678,0xDE98,0xD657,0xDE98,0xD657,0xDE98,0xD637,0xDE98,0xDE98,0xD657,0xD678,0xDE78,0xDEB9,0xD678,
    0xDEB9,0xD657,0xDE98,0xDE98,0xDE78,0xDEB9,0xDE98,0xDE98,0xDE98,0xDE98,0xDE78,0xDE78,0xD657,0xD678,0xD678,0xD657,
    0xDEB9,0xCE37,0xDE78,0xD678,0xD678,0xDE98,0xD657,0xD657,0xDEB9,0xBDB5,0xBD94,0xDE98,0xCE16,0xD657,0xD637,0xDE78,
    0xDE98,0xD657,0xDEB9,0xD657,0xDE98,0xD678,0xD678,0xDE98,0xDEB9,0xDE78,0xDE98,0xDE98,0xDEB9,0xD657,0xCE37,0xDEB9,
    0xD657,0xCDF6,0xCE37,0xDE98,0xD637,0xE6B9,0xDE78,0xE6B9,0xDE78,0xD657,0xDE98,0xDE98,0xDE78,0xDE78,0xDE78,0xDE78,
    0xD657,0xDE78,0xE6B9,0xDE78,0xD657,0xDE98,0xE6B9,0xDE98,0xDE78,0xE6B9,0xD657,0xDE78,0xD657,0xD657,0xD637,0xCE16,
    0xDE98,0xDE78,0xCE16,0xD657,0xD657,0xCE16,0xDE98,0xD657,0xCE16,0xD637,0xDE78,0xDE98,0xDE78,0xDE78,0xD637,0xCE16,
    0xDE78,0xD657,0xDE78,0xD657,0xDEB9,0xCE37,0xDE78,0xCE37,0xCE16,0xD657,0xCE37,0xDE78,0xDE78,0xD657,0xD657,0xD657,
    0xD657,0xDE78,0xD657,0xD657,0xDE78,0xDE78,0xD657,0xD637,0xD637,0xD657,0xD637,0xD657,0xD657,0xD637,0xE6B9,0xDE98,
    0xD637,0xD657,0xD657,0xD657,0xD637,0xD637,0xCDF6,0xDE78,0xDE78,0xD637,0xD657,0xD637,0xCE16,0xD637,0xCE16,0xD637,
    0xD636,0xD657,0xDE78,0xD657,0xD657,0xD636,0xDE77,0xCE16,0xD637,0xD637,0xD637,0xDE78,0xD637,0xD657,0xDE78,0xDE78,
    0xD657,0xDE78,0xD637,0xDE98,0xCE16,0xD637,0xCE16,0xDE78,0xD657,0xC5B5,0xD637,0xDE78,0xD637,0xDE78,0xCE16,0xD657,
    0xD657,0xDE78,0xDE98,0xDE78,0xDE78,0xD657,0xD657,0xDE78,0xCDF6,0xCE16,0xDE78,0xDE98,0xCDF6,0xD657,0xCE16,0xD657,
    0xD657,0xDE98,0xD637,0xD657,0xDE78,0xD657,0xDE98,0xD657,0xD657,0xD657,0xDE78,0xD657,0xD657,0xCE16,0xCE16,0xDE78,
    0xD657,0xD657,0xD678,0xDE78,0xDE78,0xD657,0xDE98,0xD678,0xD637,0xD678,0xD657,0xDE98,0xDE78,0xD657,0xDE78,0xDE78,
    0xDE78,0xDE98,0xCDF6,0xDE78,0xE6B9,0xDE98,0xD657,0xE6D9,0xD637,0xDE98,0xDE98,0xE6B9,0xDE78,0xCE37,0xD657,0xDE98,
    0xDE78,0xDE98,0xD678,0xDE98,0xD678,0xD657,0xD657,0xE6B9,0xD657,0xD657,0xDE78,0xD637,0xD657,0xD657,0xE6D9,0xDE98,
    0xD657,0xDE98,0xD657,0xDE78,0xD637,0xDEB9,0xDEB9,0xD657,0xDE78,0xDE78,0xDE98,0xDE98,0xCE16,0xE6D9,0xD657,0xD678,
    0xDE98,0xD657,0xDEB9,0xDE98,0xD657,0xDE78,0xD657,0xDE98,0xDE98,0xD678,0xD678,0xD678,0xD678,0xE6FA,0xE6D9,0xCE37,
    0xD678,0xD678,0xD678,0xDEB9,0xDE98,0xE6D9,0xC5D5,0xC5D5,0xE6B9,0xDE78,0xDEB9,0xDE78,0xDEB9,0xDE98,0xDEB9,0xD678,
    0xDE78,0xDE78,0xDE98,0xD657,0xDE98,0xD657,0xD678,0xDE78,0xDE78,0xDE98,0xDE78,0xDE78,0xDEB9,0xCE37,0xDE98,0xDE98,
    0xDE78,0xD678,0xD637,0xD657,0xDE78,0xDE78,0xD657,0xD637,0xDEB9,0xDE78,0xD657,0xD657,0xE6B9,0xDE98,0xDE98,0xD657,
    0xCE16,0xDE98,0xDE98,0xDE78,0xD657,0xD657,0xD678,0xDEB9,0xDE98,0xDE98,0xD657,0xE6B9,0xE6D9,0xD657,0xDE78,0xDE98,
    0xDE78,0xD657,0xCE16,0xDE98,0xE6B9,0xD678,0xDE98,0xD637,0xD678,0xDE98,0xD678,0xDE78,0xDE98,0xDE78,0xE6B9,0xDEB9,
    0xD637,0xD678,0xDE98,0xDE98,0xDE98,0xD678,0xDE98,0xDE78,0xD678,0xD657,0xD637,0xDE98,0xCE16,0xD678,0xDE98,0xDE98,
    0xD678,0xDE98,0xDE98,0xDE98,0xD678,0xDE98,0xDE98,0xDE98,0xD657,0xD678,0xDE98,0xD657,0xD657,0xDE78,0xDE98,0xD657,
    0xDE78,0xE6D9,0xD678,0xD657,0xDE98,0xDEB9,0xDE98,0xDE78,0xDE98,0xE6D9,0xDE98,0xD657,0xDE98,0xD657,0xE6D9,0xDEB9,
    0xE6B9,0xE6D9,0xDE98,0xDE98,0xE6B9,0xE6B9,0xDE98,0xDE78,0xD678,0xE6B9,0xDE78,0xD678,0xCE16,0xDEB9,0xDEB9,0xDE78,
    0xDEB9,0xDE98,0xDE98,0xD657,0xDE78,0xD678,0xDE98,0xD678,0xDE98,0xDE78,0xDEB9,0xDEB9,0xDEB9,0xD637,0xDE98,0xD657,
    0xDE98,0xDE78,0xDE98,0xD657,0xDE98,0xDE98,0xCE37,0xD637,0xDE98,0xDE98,0xE6B9,0xE6B9,0xCDF6,0xCE37,0xE6D9,0xD657,
    0xD678,0xDE98,0xDE78,0xD657,0xD657,0xD678,0xD678,0xDE98,0xDE78,0xDE98,0xDEB9,0xD657,0xDE78,0xD678,0xDE78,0xDE98,
    0xD657,0xCE16,0xDE78,0xD657,0xD657,0xDE98,0xD678,0xDE98,0xDEB9,0xCE16,0xDE98,0xDE78,0xDE98,0xDEB9,0xCE16,0xDE98,
    0xD657,0xDEB9,0xD657,0xDE98,0xDE78,0xDE78,0xD637,0xD657,0xD637,0xDE78,0xDE78,0xDE98,0xD637,0xD657,0xD657,0xDE78,
    0xDE98,0xDE78,0xD657,0xDE78,0xD657,0xDE98,0xD637,0xDE78,0xD657,0xDE78,0xD657,0xD657,0xD657,0xE6D9,0xDE78,0xDE78,
    0xDE78,0xDE78,0xD657,0xC5D5,0xDE78,0xDE98,0xE6B9,0xDE98,0xD657,0xDE78,0xD657,0xE6B9,0xD637,0xD657,0xDE98,0xE6D9,
    0xDE78,0xD637,0xD657,0xD657,0xDEB9,0xD678,0xD637,0xD678,0xCE37,0xD637,0xDE98,0xD657,0xE6B9,0xD637,0xDE78,0xD657,
    0xDE78,0xD637,0xCE16,0xDE78,0xCE16,0xD637,0xDE78,0xDE78,0xDE78,0xD637,0xD637,0xD657,0xD657,0xCE16,0xD657,0xDE98,
    0xDE78,0xDE78,0xDE78,0xD637,0xD637,0xD657,0xCE16,0xD637,0xCE16,0xCE16,0xCE16,0xD657,0xD637,0xD657,0xD657,0xD637,
    0xCDF6,0xDE77,0xDE98,0xC5B4,0xCE16,0xDE98,0xE6B8,0xDE78,0xD637,0xDE98,0xDE78,0xD637,0xE6B9,0xD657,0xD637,0xDE98,
    0xD657,0xD637,0xD637,0xDE98,0xCDF6,0xD637,0xD657,0xD657,0xE6B9,0xD637,0xDE78,0xE6B9,0xD637,0xDE78,0xDE78,0xD637,
    0xD657,0xD657,0xD657,0xD657,0xD657,0xD637,0xD657,0xDE78,0xD657,0xDE78,0xDE98,0xDE78,0xD637,0xDE78,0xD657,0xDE98,
    0xDE78,0xDE78,0xD657,0xDE78,0xDE98,0xD637,0xDE78,0xD637,0xD657,0xDE78,0xDE78,0xD637,0xDE98,0xDE78,0xDE78,0xDE98,
    0xDE98,0xD678,0xCE37,0xCE16,0xDE78,0xDEB9,0xDEB9,0xDEB9,0xCDF6,0xCE16,0xD657,0xDE78,0xD637,0xDE98,0xD657,0xD637,
    0xD637,0xDE98,0xDE98,0xD657,0xD657,0xD637,0xD657,0xDE78,0xDE98,0xDE98,0xD637,0xD637,0xDE98,0xDE98,0xE6B9,0xD657,
    0xDE98,0xDEB9,0xD657,0xDEB9,0xD657,0xDE98,0xDEB9,0xDE98,0xD657,0xDE78,0xCE37,0xDE78,0xDE78,0xD637,0xE6D9,0xD637,
    0xD657,0xD657,0xD657,0xDE98,0xD678,0xDE98,0xD678,0xD657,0xDE78,0xD657,0xD678,0xD657,0xD678,0xDE98,0xD678,0xE6B9,
    0xDE98,0xD657,0xDE98,0xDEB9,0xE6B9,0xDEB9,0xDE98,0xE6B9,0xE6B9,0xD678,0xD678,0xDE98,0xDE98,0xD657,0xD678,0xE6B9,
    0xDE98,0xDE98,0xD657,0xD678,0xDE98,0xD657,0xDE98,0xE6D9,0xDE98,0xCE37,0xD657,0xDE78,0xDEB9,0xE6B9,0xD678,0xCE16,
    0xD657,0xDEB9,0xDE98,0xD678,0xD678,0xDE98,0xD657,0xD678,0xE6B9,0xD678,0xD657,0xDE98,0xDE98,0xD678,0xDE98,0xDE78,
    0xDE98,0xDE78,0xE6B9,0xDE78,0xD637,0xDEB9,0xE6D9,0xD657,0xDE98,0xDE98,0xDEB9,0xDEB9,0xDE78,0xDE78,0xDE78,0xE6B9,
    0xDE98,0xD657,0xDEB9,0xDEB9,0xE6D9,0xDEB9,0xD657,0xDE98,0xDE98,0xDE98,0xDE98,0xDE78,0xDE98,0xD678,0xDE98,0xDE98,
    0xD637,0xDE98,0xD678,0xDE78,0xDE78,0xDE78,0xDEB9,0xDEB9,0xD657,0xDE98,0xE6B9,0xDE78,0xDE98,0xD657,0xD678,0xD678,
    0xE6D9,0xDEB9,0xDE98,0xD678,0xDE98,0xDE98,0xE6B9,0xD657,0xDE98,0xE6B9,0xDE98,0xDE98,0xD657,0xDE98,0xDE78,0xDE78,
    0xD678,0xDE78,0xDEB9,0xE6D9,0xDE98,0xDE98,0xD678,0xE6D9,0xCE37,0xC5D5,0xDE98,0xDE78,0xD678,0xDEB9,0xE6D9,0xDE78,
    0xD657,0xDE78,0xD678,0xDE98,0xD637,0xDE78,0xE6D9,0xDEB9,0xD637,0xDE98,0xDE78,0xDE78,0xDEB9,0xD637,0xD678,0xE6B9,
    0xDE98,0xDE78,0xD637,0xDE98,0xE6D9,0xE6B9,0xDE98,0xDE78,0xDE78,0xE6D9,0xDEB9,0xE6B9,0xD657,0xDE98,0xE6B9,0xDE78,
    0xDE98,0xDEB9,0xD657,0xDE78,0xDEB9,0xD678,0xDEB9,0xD657,0xE6B9,0xD657,0xDE78,0xDE98,0xDEB9,0xDE78,0xDE98,0xDE98,
    0xDE98,0xD678,0xE6D9,0xDE98,0xE6B9,0xDE78,0xD657,0xDE98,0xDE98,0xDE78,0xDE98,0xDE98,0xDE78,0xE6B9,0xE6B9,0xCE16,
    0xCE37,0xDEB9,0xDE78,0xDEB9,0xD657,0xD678,0xE6B9,0xD678,0xDEB9,0xDE98,0xD678,0xDE98,0xDE98,0xD657,0xD657,0xDE78,
    0xD678,0xDE98,0xDE98,0xD637,0xD637,0xDE98,0xDE78,0xD657,0xD637,0xDE98,0xDE98,0xCE16,0xC5B5,0xDE78,0xDE78,0xD657,
    0xE6B9,0xDE98,0xD637,0xD657,0xD657,0xDE98,0xD657,0xDE98,0xD657,0xDE98,0xDE98,0xDE98,0xC5D5,0xDE78,0xE6B9,0xDE78,
    0xDE78,0xDE98,0xDE78,0xDE78,0xDE78,0xDE98,0xDE78,0xDE78,0xD637,0xDE78,0xDE78,0xDE98,0xDE98,0xD657,0xD657,0xE6D9,
    0xD657,0xDE98,0xDE98,0xDE98,0xDE98,0xD657,0xD657,0xD657,0xD637,0xDE78,0xD657,0xDE98,0xD657,0xD637,0xCE16,0xD637,
    0xCE16,0xD657,0xD678,0xD678,0xDE78,0xD637,0xD637,0xD657,0xDE98,0xDE98,0xD657,0xD657,0xDE98,0xD657,0xD657,0xDE98,
    0xE6B9,0xDE78,0xE6B9,0xDE78,0xCE16,0xD657,0xCE16,0xD637,0xD637,0xD637,0xD657,0xDE98,0xD657,0xDE78,0xDE78,0xCE16,
    0xD657,0xD637,0xDE78,0xDE78,0xD657,0xD657,0xD657,0xCE16,0xD657,0xD657,0xD637,0xD657,0xCE16,0xD637,0xD657,0xDE78,
    0xDE98,0xE6B9,0xDE78,0xC5B5,0xDE98,0xD657,0xDE78,0xD657,0xDE77,0xCE16,0xDE98,0xD637,0xCE16,0xD657,0xD637,0xD657,
    0xD657,0xDE78,0xDE78,0xD657,0xD657,0xDE78,0xD657,0xCDF6,0xDE78,0xDE78,0xD637,0xDE78,0xDE98,0xD657,0xDE78,0xDE98,
    0xDE98,0xD637,0xDE78,0xD657,0xCE16,0xDE98,0xDE98,0xD637,0xDE78,0xCE16,0xD637,0xD637,0xD637,0xDE78,0xD657,0xD637,
    0xD637,0xD637,0xDE78,0xDE78,0xDE78,0xD657,0xDE78,0xD657,0xD657,0xD637,0xD637,0xDE78,0xDE78,0xDE98,0xD657,0xCDF6,
    0xDE78,0xD657,0xCE16,0xD657,0xDE78,0xD657,0xD637,0xDE98,0xDE78,0xD657,0xDE78,0xD637,0xD637,0xE6D9,0xD657,0xDE98,
    0xDE78,0xD657,0xDE98,0xD657,0xDE98,0xDE78,0xDE98,0xD637,0xDE78,0xDE78,0xDE78,0xDE78,0xDE78,0xD637,0xD678,0xD678,
    0xD657,0xDE78,0xDE78,0xDEB9,0xD678,0xDE98,0xE6B9,0xCE37,0xD657,0xDEB9,0xD637,0xDE78,0xDEB9,0xD657,0xCDF6,0xD657,
    0xDEB9,0xDE98,0xDE98,0xDE78,0xE6D9,0xD678,0xD657,0xDE98,0xDE98,0xDE98,0xDE98,0xDE98,0xDEB9,0xDE98,0xDE98,0xDE98,
    0xD657,0xD657,0xD678,0xD678,0xD657,0xDE98,0xDE98,0xD678,0xD657,0xD678,0xDE98,0xDE78,0xDE98,0xD657,0xDE78,0xDE98,
    0xE6B9,0xDE98,0xE6B9,0xDE78,0xDE98,0xD657,0xD678,0xDEB9,0xD657,0xDE78,0xD657,0xDE98,0xDE98,0xDE98,0xE6B9,0xDE98,
    0xD678,0xDE98,0xDE98,0xDEB9,0xD678,0xD657,0xD678,0xDE78,0xDE98,0xDE98,0xDE98,0xDE98,0xDE98,0xDE78,0xD657,0xDE98,
    0xDE98,0xDE98,0xE6B9,0xD678,0xDE78,0xDE98,0xCE16,0xCE37,0xE6D9,0xE6D9,0xCE37,0xD678,0xDE98,0xE6B9,0xDE98,0xD657,
    0xDE98,0xD678,0xDE98,0xE6B9,0xCE16,0xDE98,0xDE78,0xDE98,0xD657,0xD657,0xDE78,0xD678,0xDEB9,0xDEB9,0xD657,0xDE98,
    0xD678,0xDE98,0xDE98,0xDE78,0xE6D9,0xDE98,0xD657,0xD678,0xDE78,0xDEB9,0xD657,0xDE78,0xD678,0xE6B9,0xD678,0xDE78,
    0xE6B9,0xD678,0xEF1A,0xD657,0xDE78,0xDE98,0xDE98,0xDE78,0xD637,0xDE78,0xDE78,0xE6B9,0xDE98,0xDEB9,0xDEB9,0xD657,
    0xDE98,0xDE78,0xD637,0xDEB9,0xDE78,0xDE98,0xD678,0xD657,0xE6B9,0xE6B9,0xD678,0xDE78,0xDE98,0xDE98,0xD657,0xDE98,
    0xE6B9,0xD657,0xC5D5,0xE6B9,0xDE98,0xCE37,0xD657,0xE6B9,0xDEB9,0xDE98,0xD637,0xDE98,0xDE98,0xDEB9,0xDE98,0xDE98,
    0xDE78,0xDE98,0xD678,0xD657,0xDEB9,0xD637,0xD678,0xDE98,0xDE78,0xD657,0xDE98,0xD657,0xDE98,0xDE98,0xD678,0xD637,
    0xD678,0xDE98,0xD637,0xDE98,0xDE98,0xD637,0xD657,0xDE98,0xD637,0xD657,0xE6B9,0xD678,0xD637,0xD678,0xDE78,0xD657,
    0xDE98,0xD657,0xDE98,0xD678,0xDE98,0xDEB9,0xD678,0xD637,0xD657,0xD678,0xD678,0xD657,0xDEB9,0xDEB9,0xD657,0xDE98,
    0xDE98,0xDEB9,0xD657,0xE6B9,0xDE78,0xD678,0xDE78,0xD657,0xD657,0xD678,0xDE78,0xDE78,0xDE78,0xDE98,0xDEB9,0xD657,
    0xCE16,0xDE98,0xD678,0xD678,0xDE98,0xD678,0xDE98,0xD657,0xDE98,0xD678,0xCE37,0xDE98,0xDE98,0xD657,0xD657,0xD657,
    0xDE78,0xDE78,0xDE98,0xDE78,0xD657,0xDE98,0xD657,0xCE16,0xE6B9,0xDE98,0xD657,0xE6B9,0xDE78,0xDE98,0xDE78,0xDE78,
    0xDE78,0xDE98,0xDE78,0xD657,0xDE78,0xDE78,0xDE98,0xDE98,0xD657,0xDE78,0xDE78,0xDE78,0xC5D5,0xBD74,0xCDF6,0xE6B9,
    0xCE16,0xD657,0xE6B9,0xDE98,0xD657,0xD657,0xD637,0xDE78,0xD657,0xDE98,0xD657,0xDE78,0xD637,0xD657,0xD637,0xDE78,
    0xDE78,0xDE78,0xCE16,0xD657,0xD657,0xD678,0xE6B9,0xD657,0xCE37,0xDE78,0xDEB9,0xD637,0xCDF6,0xD657,0xDE78,0xDE78,
    0xD657,0xDE78,0xDE78,0xD637,0xD637,0xDE78,0xDE78,0xDE78,0xD637,0xD637,0xD657,0xDE78,0xD637,0xE6B9,0xDE78,0xD637,
    0xDE78,0xCE16,0xD657,0xDE78,0xD637,0xDE98,0xD637,0xD657,0xD657,0xD637,0xD637,0xD657,0xCE16,0xCE16,0xD637,0xD657,
    0xD636,0xD637,0xC5B4,0xC5B5,0xCE16,0xD637,0xCE16,0xDE77,0xD636,0xD637,0xD657,0xD637,0xC5D5,0xCE16,0xD657,0xCDF6,
    0xD637,0xD657,0xD657,0xCE16,0xDE98,0xCDF6,0xC5D5,0xD637,0xDE78,0xD637,0xD657,0xD637,0xD637,0xCE16,0xDE78,0xDE78,
    0xD637,0xD637,0xD637,0xDE78,0xDE78,0xDE78,0xCE16,0xDE98,0xD637,0xD637,0xD657,0xD657,0xDE78,0xD657,0xCE16,0xD637,
    0xDE98,0xDE98,0xDE78,0xDE78,0xE6B9,0xD637,0xCDF6,0xCE16,0xDE98,0xE6B9,0xDE78,0xD657,0xCE16,0xCDF6,0xD637,0xD657,
    0xDEB9,0xD678,0xDE98,0xDE98,0xD637,0xCE16,0xCE37,0xD657,0xD657,0xD678,0xE6B9,0xDE98,0xD657,0xDE78,0xDE98,0xCE16,
    0xD657,0xDE78,0xD657,0xD637,0xDE98,0xDE78,0xDE98,0xD657,0xD657,0xD637,0xDE98,0xDE98,0xD657,0xDE78,0xDE98,0xDE78,
    0xDE78,0xDE78,0xD678,0xD657,0xDEB9,0xDE78,0xD678,0xD657,0xD657,0xD657,0xDE98,0xE6D9,0xD678,0xE6B9,0xD657,0xD657,
    0xD657,0xE6B9,0xDE98,0xD637,0xE6B9,0xD678,0xDE98,0xDE98,0xD678,0xDE78,0xD657,0xD678,0xD678,0xDE98,0xD657,0xDEB9,
    0xD678,0xDE98,0xE6D9,0xD678,0xD657,0xE6B9,0xD678,0xDE98,0xD678,0xD657,0xDE98,0xDE98,0xDE98,0xCE37,0xE6B9,0xDE98,
    0xD637,0xD678,0xDE78,0xD657,0xD657,0xDEB9,0xDE98,0xE6B9,0xD657,0xDE98,0xDE98,0xD678,0xCE37,0xDE98,0xD657,0xDE98,
    0xD678,0xD637,0xDE78,0xDE98,0xDEB9,0xDE98,0xE6D9,0xDE98,0xD637,0xDE98,0xD678,0xDE98,0xD637,0xDE78,0xDE98,0xE6B9,
    0xDE98,0xDE78,0xD678,0xD678,0xDE98,0xD678,0xD678,0xDE98,0xD637,0xD678,0xD657,0xDE98,0xD657,0xD678,0xDEB9,0xD657,
    0xD657,0xDE78,0xD657,0xDEB9,0xD657,0xD678,0xD657,0xE6B9,0xDE98,0xD657,0xDE98,0xD678,0xDEB9,0xE6B9,0xD657,0xDEB9,
    0xDE98,0xE6D9,0xDEB9,0xCE16,0xCE37,0xD678,0xD657,0xD657,0xD678,0xE6D9,0xDE98,0xDE78,0xDE98,0xD657,0xDE98,0xE6B9,
    0xDE98,0xDE78,0xDE78,0xDEB9,0xD657,0xD637,0xDE98,0xDEB9,0xE6D9,0xDEB9,0xD678,0xD678,0xD657,0xD657,0xDE98,0xDE78,
    0xDEB9,0xD657,0xCE16,0xDEB9,0xDE98,0xDE98,0xD657,0xDE78,0xDE78,0xD637,0xD678,0xDE98,0xD657,0xDE98,0xD678,0xE6D9,
    0xD657,0xDE98,0xD678,0xDE98,0xDE98,0xD657,0xDE98,0xDE98,0xD678,0xE6B9,0xDE98,0xDE78,0xE6B9,0xCE37,0xDE78,0xDE98,
    0xD657,0xDE98,0xDE98,0xDE78,0xD678,0xD678,0xDE98,0xD657,0xDE78,0xD678,0xD678,0xD678,0xDE98,0xDE98,0xDE78,0xDE98,
    0xDE98,0xDE98,0xDE98,0xD678,0xCE37,0xD657,0xDE98,0xDE78,0xCE16,0xDE98,0xDE78,0xD637,0xCE37,0xDE78,0xDE98,0xD678,
    0xDE98,0xD678,0xD678,0xE6D9,0xD637,0xD657,0xE6B9,0xDE98,0xD637,0xCE37,0xD678,0xD657,0xDEB9,0xD678,0xD657,0xDE98,
    0xCE37,0xDE98,0xD678,0xD678,0xD678,0xD657,0xD657,0xD657,0xD657,0xDE98,0xDEB9,0xD657,0xDE98,0xDE98,0xD657,0xDE98,
    0xE6B9,0xDE78,0xDE78,0xDE98,0xDE98,0xD678,0xCE16,0xDE98,0xDEB9,0xDE78,0xDE98,0xD678,0xD657,0xD678,0xD637,0xDE98,
    0xD657,0xEEFA,0xCE16,0xD678,0xDE98,0xDE98,0xD657,0xD657,0xD657,0xCDF6,0xD616,0xD657,0xD657,0xDE78,0xD637,0xD657,
    0xD657,0xDE98,0xDE78,0xD657,0xDE98,0xD657,0xD657,0xDE78,0xD637,0xDE98,0xE6B9,0xDE78,0xD657,0xE6B9,0xD657,0xD657,
    0xDE78,0xDE78,0xDE98,0xDE98,0xCE16,0xDE78,0xDE78,0xDE78,0xD637,0xDE78,0xDE78,0xDE98,0xD657,0xDE78,0xD657,0xE6B9,
    0xD657,0xD657,0xDE78,0xDE98,0xDE98,0xDE98,0xD657,0xDE98,0xD657,0xCE16,0xDE98,0xCE16,0xCE16,0xE6B9,0xCE16,0xD637,
    0xCE16,0xDE78,0xDE78,0xDE98,0xD637,0xD637,0xDE98,0xD657,0xDE98,0xDE78,0xD637,0xDE78,0xCDF6,0xD637,0xCE16,0xCE16,
    0xD657,0xD637,0xCE16,0xD657,0xCE16,0xDE78,0xCE16,0xD637,0xDE98,0xE6B9,0xCE16,0xD637,0xDE98,0xD637,0xCE16,0xD657,
    0xCE16,0xDE78,0xD657,0xD657,0xD636,0xDE77,0xD637,0xD657,0xCDF6,0xDE78,0xD637,0xDE78,0xD657,0xD637,0xDE78,0xD657,
    0xD637,0xCE16,0xDE78,0xD657,0xDE78,0xDE78,0xD657,0xD657,0xDE98,0xDE98,0xDE98,0xCE16,0xDE78,0xDE98,0xDE98,0xD637,
    0xCE16,0xDE78,0xD637,0xD657,0xDE98,0xDE78,0xD637,0xD657,0xD657,0xD657,0xD657,0xDE77,0xE6B9,0xD657,0xCE16,0xD657,
    0xDE78,0xCE16,0xDE78,0xD657,0xD637,0xD657,0xD637,0xD657,0xD657,0xCE16,0xDE78,0xDE98,0xD637,0xCE16,0xDE78,0xDE98,
    0xD637,0xDE78,0xE6B9,0xD657,0xDE98,0xDE78,0xDE78,0xCDF6,0xDE78,0xD657,0xD657,0xDEB9,0xCE37,0xDE98,0xDEB9,0xD657,
    0xDE98,0xDEB9,0xD657,0xD657,0xDE78,0xD657,0xD678,0xD678,0xDE78,0xDE98,0xDE78,0xD657,0xD657,0xDE98,0xD657,0xDE78,
    0xD657,0xDE98,0xD657,0xDE78,0xCE37,0xD657,0xE6FA,0xDE98,0xD657,0xDE78,0xDE98,0xD657,0xD657,0xDE78,0xDE98,0xDE98,
    0xDE78,0xDE98,0xDE98,0xCE37,0xDE78,0xDE98,0xD657,0xDE78,0xDEB9,0xDE98,0xDE98,0xDE78,0xDEB9,0xD678,0xCE37,0xDE78,
    0xDE98,0xD678,0xDE78,0xDE98,0xDE98,0xDEB9,0xE6B9,0xE6D9,0xDE78,0xDE98,0xE6D9,0xD678,0xDEB9,0xE6B9,0xD657,0xCE16,
    0xDE98,0xE6D9,0xD678,0xDE98,0xDE98,0xE6B9,0xD657,0xE6D9,0xE6D9,0xDE98,0xDE78,0xDE78,0xDE98,0xDE98,0xD657,0xDE98,
    0xDE98,0xDE78,0xD657,0xDE98,0xDE98,0xDE98,0xE6D9,0xDE98,0xDEB9,0xCE16,0xD657,0xE6D9,0xDE78,0xDE98,0xE6D9,0xDE98,
    0xD637,0xD678,0xDEB9,0xDE98,0xDE98,0xE6D9,0xE6FA,0xDE98,0xD678,0xDE98,0xDE98,0xE6D9,0xDE98,0xDE78,0xDEB9,0xDE98,
    0xD637,0xD657,0xD678,0xD678,0xE6B9,0xDE78,0xDE78,0xE6B9,0xE6B9,0xE6B9,0xDE98,0xDE98,0xD678,0xD657,0xDE98,0xDE98,
    0xD657,0xD678,0xE6B9,0xDEB9,0xDE98,0xE6FA,0xDE98,0xD637,0xDE78,0xE6B9,0xE6B9,0xDE78,0xDE98,0xD637,0xD657,0xD678,
    0xD678,0xDEB9,0xDE78,0xDE98,0xDE98,0xD657,0xD657,0xDE98,0xD657,0xDE98,0xD637,0xD657,0xDE78,0xE6D9,0xE6D9,0xDE98,
    0xDEB9,0xDEB9,0xDE98,0xD637,0xD678,0xDEB9,0xDE98,0xD657,0xD678,0xDE78,0xD657,0xDE98,0xDE98,0xDE98,0xDE78,0xDE98,
    0xDE78,0xE6B9,0xE6B9,0xE6D9,0xDE98,0xD657,0xDE98,0xDE98,0xC5D5,0xD637,0xDEB9,0xD657,0xDEB9,0xDE98,0xD678,0xDE98,
    0xDE78,0xD678,0xE6FA,0xDE98,0xD678,0xDE98,0xDE98,0xDE78,0xD678,0xDE98,0xDEB9,0xDE78,0xDE98,0xCE37,0xCE16,0xE6D9,
    0xDE98,0xD678,0xD657,0xDEB9,0xDE78,0xCE37,0xDE98,0xDE98,0xDE98,0xDE78,0xD657,0xDE98,0xD657,0xDE98,0xE6B9,0xDE78,
    0xD657,0xD657,0xD678,0xDE98,0xE6D9,0xDE98,0xDE98,0xD657,0xDE98,0xDE98,0xD657,0xDE78,0xDE98,0xDE78,0xE6B9,0xDE78,
    0xD657,0xD657,0xDE98,0xDE78,0xDE98,0xE6B9,0xDE98,0xDE98,0xD678,0xD637,0xDEB9,0xD637,0xDE98,0xDE98,0xDE98,0xDE98,
    0xDE78,0xD636,0xD677,0xE6D9,0xDE78,0xDE78,0xDE78,0xE6B9,0xDE98,0xD657,0xDE98,0xE6B9,0xD657,0xDE98,0xD657,0xE6B9,
    0xCE16,0xCE16,0xD657,0xDE98,0xD678,0xE6D9,0xD657,0xDE78,0xDE78,0xD657,0xDEB9,0xD637,0xDE98,0xE6D9,0xD657,0xD637,
    0xCE16,0xD657,0xD657,0xD657,0xDE78,0xDE98,0xDE78,0xDE78,0xD657,0xD657,0xDE78,0xD637,0xD637,0xD657,0xD657,0xDE78,
    0xE6B9,0xD657,0xD637,0xDE78,0xDE78,0xDE78,0xDE78,0xD657,0xD657,0xDE98,0xD657,0xD657,0xD657,0xD678,0xDE78,0xDE78,
    0xD657,0xD637,0xD657,0xCE37,0xD637,0xDE78,0xD657,0xD657,0xCE37,0xCE16,0xD657,0xDEB8,0xD636,0xD657,0xDE78,0xCE16,
    0xCE16,0xDE78,0xD657,0xDE78,0xD657,0xDE78,0xDE78,0xD657,0xD637,0xDE98,0xDE78,0xDE78,0xD637,0xCDF6,0xCE16,0xDE98,
    0xD657,0xDE77,0xD657,0xD657,0xCE16,0xCE16,0xDE77,0xD657,0xCE16,0xD657,0xD657,0xD636,0xDE78,0xD657,0xDE78,0xD657,
    0xDE78,0xD657,0xCE16,0xD657,0xD657,0xDE77,0xD657,0xCDF5,0xDE78,0xDE78,0xD657,0xD657,0xD637,0xD657,0xCE16,0xDE78,
    0xCE16,0xDE98,0xD657,0xD637,0xDE78,0xDE98,0xDE78,0xDE98,0xCDF6,0xD637,0xD657,0xD637,0xDE98,0xD637,0xCE16,0xDE78,
    0xDE78,0xDE98,0xD637,0xCE16,0xDE77,0xD657,0xE6B8,0xDE77,0xDE98,0xDE98,0xDE78,0xDE98,0xCDF6,0xDE77,0xDE78,0xD657,
    0xD657,0xD657,0xDE98,0xDE98,0xD657,0xDE98,0xDE98,0xDE98,0xD637,0xE6B9,0xDE78,0xD657,0xE6B9,0xE6B9,0xDE98,0xDE78,
    0xD637,0xD657,0xD657,0xCE16,0xE6B9,0xD657,0xDE98,0xDE98,0xD657,0xDE78,0xD657,0xDE78,0xCE37,0xDE98,0xD637,0xD657,
    0xD657,0xE6B9,0xDEB9,0xDE98,0xD657,0xCE37,0xD678,0xD657,0xDE98,0xD637,0xD637,0xE6FA,0xDE98,0xDE98,0xD637,0xDE98,
    0xDE78,0xDEB9,0xD637,0xDE78,0xD678,0xDE98,0xDE78,0xCE16,0xD637,0xE6B9,0xDE78,0xDE78,0xE6B9,0xCE16,0xD657,0xD657,
    0xDE78,0xD678,0xDE98,0xDEB9,0xDEB9,0xDE98,0xD657,0xDE98,0xD678,0xCE37,0xDE78,0xDE78,0xCE37,0xDE98,0xD678,0xD637,
    0xDE78,0xDEB9,0xD657,0xD637,0xDE98,0xD678,0xD657,0xCE37,0xDE98,0xE6B9,0xE6B9,0xD657,0xDE98,0xE6B9,0xDE78,0xD657,
    0xDE78,0xDE98,0xDE98,0xDE98,0xDE98,0xDE98,0xD657,0xD637,0xD657,0xDE98,0xDE98,0xE6B9,0xDE78,0xD657,0xE6D9,0xDE98,
    0xDE98,0xE6B9,0xDE98,0xE6B9,0xDE78,0xD657,0xE6B9,0xDE98,0xD678,0xDE78,0xE6B9,0xDE78,0xDE78,0xDEB9,0xD657,0xD637,
    0xDE98,0xDEB9,0xDE98,0xE6D9,0xE6B9,0xDE78,0xDE98,0xDE98,0xDE98,0xD678,0xDEB9,0xDE78,0xD657,0xE6B9,0xDE78,0xDE98,
    0xE6D9,0xD657,0xD657,0xE6D9,0xD657,0xDE78,0xD657,0xC5D5,0xDE98,0xDEB9,0xD657,0xDE78,0xE6D9,0xDE98,0xDE78,0xDE98,
    0xDE78,0xDE78,0xDE98,0xDE78,0xD657,0xE6B9,0xDEB9,0xDE98,0xDEB9,0xDE78,0xDE98,0xDE78,0xE6B9,0xDE98,0xDE98,0xD678,
    0xDEB9,0xD637,0xDE78,0xE6B9,0xDEB9,0xD657,0xD678,0xDEB9,0xD657,0xD657,0xDE98,0xDEB9,0xCE16,0xDEB9,0xD678,0xDEB9,
    0xDEB9,0xDE98,0xDE98,0xDE78,0xDE78,0xDE78,0xDE98,0xD678,0xE6D9,0xE6B9,0xD678,0xDE78,0xDE98,0xDE98,0xD678,0xD657,
    0xD657,0xE6B9,0xDE98,0xDE98,0xD678,0xDE98,0xD657,0xDE98,0xE6B9,0xDE98,0xD657,0xDE98,0xDE98,0xD678,0xDE98,0xDE98,
    0xDE98,0xDE98,0xD678,0xDE98,0xD637,0xDE98,0xD678,0xE6B9,0xD657,0xD637,0xDEB9,0xDE98,0xDE78,0xDE78,0xD678,0xDEB9,
    0xD678,0xDEB9,0xE6D9,0xD637,0xD678,0xDEB9,0xD678,0xDE98,0xDE98,0xD678,0xDE98,0xDE98,0xD657,0xDE98,0xD678,0xD657,
    0xE6D9,0xDE78,0xDE98,0xD678,0xD678,0xDE78,0xDE98,0xDE98,0xD657,0xDE98,0xDE98,0xD657,0xD657,0xD637,0xCE16,0xDE78,
    0xE6B9,0xDE78,0xD657,0xDE78,0xDE78,0xD657,0xD657,0xDE78,0xDE78,0xD678,0xD657,0xD678,0xDEB9,0xDE78,0xD657,0xD678,
    0xDE78,0xE6B8,0xD637,0xD657,0xD657,0xDE77,0xD657,0xDE78,0xDE98,0xD657,0xD657,0xDE78,0xDE78,0xD657,0xE6B9,0xDE98,
    0xD657,0xDE78,0xE6B9,0xD657,0xCE37,0xDE98,0xDE98,0xDE78,0xDE98,0xDE78,0xDE78,0xD678,0xDE78,0xCE16,0xDE78,0xDE78,
    0xDE78,0xDE78,0xDE98,0xD637,0xD637,0xDE78,0xDE98,0xDE78,0xD657,0xD657,0xDE78,0xE6B9,0xDE98,0xDE98,0xDE78,0xDE78,
    0xD637,0xDE78,0xDE98,0xDE98,0xE6B9,0xDE98,0xD637,0xD637,0xE6B9,0xD657,0xD657,0xE6B9,0xD657,0xCE16,0xDE78,0xCE16,
    0xCE16,0xDE98,0xD657,0xDE98,0xD657,0xD657,0xDE78,0xD637,0xD657,0xD678,0xDE98,0xD657,0xDE78,0xD636,0xDE98,0xDE77,
    0xDE78,0xD657,0xD636,0xDE77,0xD657,0xDE78,0xD637,0xDE78,0xD637,0xD637,0xCE16,0xDE78,0xDE78,0xDE78,0xDE77,0xD657,
    0xDE78,0xCE16,0xDE77,0xDE77,0xD636,0xD657,0xDE98,0xDE77,0xD636,0xD657,0xD657,0xC5D5,0xCE16,0xD637,0xCE16,0xD657,
    0xDE77,0xCE16,0xD657,0xD657,0xCDF5,0xD636,0xE6B8,0xDE77,0xDE78,0xD657,0xD657,0xD637,0xDE78,0xD657,0xCE16,0xDE78,
    0xDE78,0xE6B9,0xCE16,0xDE98,0xD657,0xC5D5,0xCDF6,0xE6B9,0xCDF6,0xDE98,0xD657,0xDE98,0xD657,0xD637,0xDE78,0xDE78,
    0xCE16,0xD657,0xDE78,0xDE78,0xD657,0xD657,0xD657,0xD636,0xDE77,0xC5D5,0xD636,0xD636,0xC5D5,0xDE78,0xE6D9,0xD657,
    0xD637,0xDE98,0xDE78,0xD637,0xD637,0xDE98,0xD657,0xDE98,0xD637,0xDE78,0xCE16,0xDE98,0xD657,0xC5D5,0xD657,0xD637,
    0xD637,0xD637,0xDE78,0xDE78,0xD637,0xD657,0xD657,0xDEB9,0xD637,0xE6B9,0xD657,0xDE98,0xDE78,0xD678,0xD678,0xCE37,
    0xD637,0xDE78,0xD657,0xD657,0xDE98,0xD657,0xDEB9,0xDE98,0xDE78,0xD657,0xCE37,0xD657,0xD657,0xD657,0xDE78,0xE6D9,
    0xD637,0xDE78,0xD657,0xD637,0xDEB9,0xDE98,0xD657,0xDE98,0xE6B9,0xD657,0xC5D5,0xDE98,0xD657,0xE6B9,0xDE98,0xD678,
    0xDE98,0xD678,0xDE98,0xDE78,0xD678,0xDE78,0xDE98,0xDE98,0xDE98,0xD678,0xDE98,0xD678,0xDE98,0xD678,0xDE78,0xDEB9,
    0xD657,0xDE78,0xDE98,0xD678,0xDEB9,0xD657,0xE6B9,0xD657,0xDE98,0xD657,0xD657,0xDE98,0xDE78,0xD657,0xDE78,0xCE16,
    0xD657,0xDEB9,0xC5D5,0xDE98,0xE6B9,0xD637,0xDE78,0xDE98,0xD657,0xDE98,0xE6B9,0xDE78,0xE6B9,0xDE78,0xD657,0xDE98,
    0xE6B9,0xCE16,0xDE78,0xDE98,0xD657,0xDE98,0xDE98,0xE6B9,0xD678,0xDE78,0xD657,0xDE98,0xD678,0xDE98,0xE6B9,0xE6B9,
    0xDEB9,0xCE37,0xDE98,0xDE98,0xD657,0xE6B9,0xE6B9,0xDE78,0xE6B9,0xDEB9,0xDE78,0xD657,0xDE78,0xDE98,0xD678,0xDE98,
    0xE6D9,0xDE98,0xD678,0xDEB9,0xDE98,0xDE98,0xD637,0xDE78,0xE6FA,0xDE98,0xD657,0xD657,0xDE98,0xDE98,0xDE78,0xDE98,
    0xDE98,0xDEB9,0xDE98,0xDE98,0xDE78,0xD678,0xD678,0xDEB9,0xDE98,0xD657,0xDE98,0xD637,0xDE98,0xD678,0xE6B9,0xDEB9,
    0xDEB9,0xCE16,0xD657,0xD678,0xD678,0xE6B9,0xDE98,0xDEB9,0xD657,0xDEB9,0xDE78,0xDE98,0xE6FA,0xDE78,0xDE98,0xE6D9,
    0xD678,0xDE98,0xDE98,0xDE98,0xDE98,0xDE78,0xDE78,0xDE98,0xDE98,0xDE98,0xE6D9,0xDE78,0xDEB9,0xD678,0xDE98,0xE6D9,
    0xD657,0xD678,0xD678,0xDE98,0xDE98,0xE6D9,0xD657,0xD657,0xDEB9,0xD657,0xDEB9,0xD678,0xDE98,0xDEB9,0xDE98,0xD637,
    0xD678,0xDEB9,0xD637,0xE6B9,0xDE78,0xE6B9,0xD657,0xDEB9,0xC5D5,0xBD94,0xD678,0xE6B9,0xDE78,0xDE78,0xE6B9,0xD678,
    0xD678,0xD657,0xC5F6,0xCE16,0xDE78,0xDE98,0xD678,0xDE78,0xDE98,0xDE78,0xE6B9,0xD678,0xD657,0xDE98,0xD657,0xD657,
    0xDE98,0xDE78,0xD678,0xDE98,0xD678,0xE6B9,0xDE78,0xDE98,0xCDF6,0xDE78,0xE6B9,0xD657,0xD657,0xD657,0xE6B9,0xDE98,
    0xE6B9,0xDE98,0xDE98,0xDE78,0xDE78,0xD657,0xDE78,0xD657,0xDE98,0xDE98,0xDE98,0xDE98,0xDE98,0xD637,0xDEB9,0xD657,
    0xD637,0xE6B8,0xDE78,0xDE77,0xE6B8,0xDE77,0xDE98,0xDE98,0xD657,0xDE98,0xDE78,0xD657,0xDE78,0xD657,0xDE98,0xDE98,
    0xDE98,0xE6D9,0xD657,0xD657,0xDE98,0xD678,0xE6B9,0xDE98,0xD678,0xD637,0xDEB9,0xDE98,0xD657,0xD657,0xE6B9,0xDE98,
    0xD637,0xD637,0xE6B9,0xD657,0xDE78,0xD657,0xD657,0xDE78,0xDE78,0xDE98,0xD657,0xDE78,0xDE78,0xDE78,0xDE78,0xDE98,
    0xD657,0xE6B9,0xD637,0xD637,0xCDF6,0xDE98,0xE6B9,0xD657,0xD657,0xCE16,0xCE37,0xD657,0xDE78,0xD657,0xDE78,0xD657,
    0xD637,0xDE98,0xCDF6,0xDE78,0xD637,0xD657,0xDE98,0xDE98,0xCE37,0xD637,0xDE78,0xD637,0xDE98,0xD657,0xD657,0xCE16,
    0xD637,0xD637,0xDE98,0xDE98,0xD657,0xDE98,0xD637,0xDE78,0xDE98,0xDE78,0xD657,0xCE16,0xD637,0xD657,0xDE77,0xDE78,
    0xD637,0xD657,0xDE98,0xD637,0xD657,0xD657,0xDE77,0xD637,0xD657,0xDE77,0xD637,0xD657,0xD657,0xD657,0xD657,0xD637,
    0xD636,0xDE77,0xDE98,0xDE98,0xD657,0xD657,0xDE77,0xD657,0xCE16,0xD657,0xE6B9,0xD657,0xD657,0xDE98,0xD657,0xDE78,
    0xDE78,0xD637,0xDE98,0xDE98,0xD637,0xCE16,0xD657,0xDE78,0xD657,0xDE98,0xD637,0xD657,0xE6B9,0xDE78,0xD657,0xDE78,
    0xDE78,0xD657,0xD637,0xDE78,0xCE16,0xD637,0xD657,0xD637,0xC5D5,0xC5B5,0xDE77,0xD657,0xDE98,0xDE78,0xD637,0xDE78,
    0xD657,0xDE78,0xDE78,0xD657,0xDE78,0xDE98,0xD637,0xD637,0xD657,0xD657,0xD657,0xDE98,0xDE78,0xDE78,0xD657,0xD657,
    0xE6B9,0xD657,0xDE98,0xDE98,0xD657,0xE6B9,0xDE78,0xDE78,0xCE16,0xD657,0xD657,0xE6B9,0xD657,0xD657,0xDE98,0xDEB9,
    0xDEB9,0xDE98,0xDE98,0xCE16,0xD657,0xD657,0xDE98,0xDE98,0xCE16,0xDE98,0xDE78,0xCE16,0xDE98,0xD678,0xDE78,0xDE98,
    0xDE78,0xDE98,0xDE98,0xDE78,0xE6B9,0xDEB9,0xD657,0xDE98,0xDE98,0xDE98,0xD657,0xDE98,0xDE98,0xD657,0xD637,0xDE78,
    0xDE78,0xDE98,0xDE78,0xCE37,0xD678,0xDE98,0xE6B9,0xD657,0xDE78,0xDEB9,0xDE98,0xD637,0xE6D9,0xCE16,0xCE37,0xE6D9,
    0xDE78,0xDE98,0xDE98,0xDE98,0xDE98,0xD657,0xDE98,0xD678,0xD678,0xDE78,0xD657,0xDE98,0xD657,0xDE78,0xDEB9,0xCE37,
    0xDE98,0xDE78,0xD657,0xD678,0xDE98,0xDE78,0xDE78,0xDE98,0xD657,0xDE98,0xDE98,0xDE98,0xDE78,0xE6B9,0xDE78,0xD657,
    0xE6B9,0xE6B9,0xD657,0xDE98,0xDE98,0xDE98,0xDE78,0xD657,0xE6D9,0xDE78,0xDE98,0xDE98,0xDE78,0xD657,0xE6B9,0xDEB9,
    0xD678,0xDE98,0xD657,0xDE98,0xDE78,0xDE78,0xD678,0xE6B9,0xD637,0xDE98,0xDE98,0xDE98,0xE6B9,0xD657,0xDE78,0xDE98,
    0xCE16,0xD657,0xDE98,0xD657,0xDE78,0xDEB9,0xDE78,0xE6D9,0xDE98,0xDE98,0xDEB9,0xDEB9,0xDEB9,0xD678,0xDE78,0xDE98,
    0xD678,0xDE98,0xD678,0xD657,0xDE78,0xDEB9,0xDE98,0xDE98,0xDE98,0xD657,0xE6D9,0xE6B9,0xD678,0xCE16,0xD657,0xD678,
    0xDE98,0xDE78,0xDE98,0xD678,0xDE78,0xDE98,0xDE98,0xDEB9,0xDE98,0xDEB9,0xD678,0xD678,0xD678,0xCE37,0xE6D9,0xD678,
    0xD637,0xDE78,0xDE98,0xDE78,0xE6B9,0xE6B9,0xDE78,0xDE98,0xD657,0xD678,0xDEB9,0xD637,0xDE78,0xE6D9,0xD657,0xD678,
    0xE6D9,0xDE98,0xDEB9,0xDE98,0xD657,0xDE98,0xDEB9,0xDE98,0xD657,0xDE78,0xDE98,0xD657,0xD657,0xD657,0xDE98,0xD678,
    0xD678,0xDEB9,0xD657,0xD678,0xD678,0xDE98,0xDE98,0xDEB9,0xDEB9,0xDE98,0xDEB9,0xDE98,0xD657,0xDE98,0xE6B9,0xDE98,
    0xD678,0xD657,0xCE16,0xDE98,0xDE98,0xD678,0xDEB9,0xDE78,0xDE78,0xD678,0xDE78,0xD678,0xD678,0xDE98,0xDE78,0xDE98,
    0xD657,0xDEB9,0xD657,0xD678,0xDE78,0xE6B9,0xDE78,0xDE78,0xDE78,0xDE78,0xDE78,0xE6B9,0xDE98,0xDE78,0xD657,0xD657,
    0xDE98,0xD637,0xDE98,0xDE78,0xD657,0xD657,0xDE98,0xDE98,0xE6B9,0xCE37,0xDE78,0xCE37,0xE6B9,0xDEB9,0xD657,0xD678,
    0xD677,0xD637,0xDE98,0xDE78,0xD637,0xDE98,0xDE77,0xDE98,0xE6B8,0xDE77,0xDE98,0xDE98,0xDE78,0xDE98,0xD637,0xDE78,
    0xDE78,0xDE98,0xDE78,0xDE98,0xDE98,0xD637,0xDEB9,0xDE78,0xDE98,0xD657,0xE6B9,0xDE78,0xD637,0xD657,0xD637,0xDE98,
    0xDE78,0xD637,0xE6B9,0xDE98,0xD657,0xD657,0xD637,0xD657,0xE6B9,0xDE98,0xD657,0xCE16,0xDE78,0xD657,0xDE98,0xE6B9,
    0xCDF6,0xDE78,0xDE78,0xCE16,0xD637,0xDE78,0xDE78,0xD637,0xD657,0xDEB9,0xDE78,0xCE16,0xDE78,0xDE78,0xD657,0xDE98,
    0xD657,0xCDF6,0xD657,0xDE78,0xD637,0xD637,0xD637,0xD657,0xD657,0xD678,0xDE78,0xD637,0xD657,0xDE98,0xDE77,0xD657,
    0xDE98,0xDE98,0xD657,0xCE16,0xD657,0xDE78,0xD657,0xD637,0xDE78,0xDE98,0xDE78,0xCE16,0xDE98,0xD637,0xD636,0xD636,
    0xD657,0xCE16,0xD657,0xD657,0xDE98,0xCE16,0xD636,0xD657,0xCE16,0xD657,0xD657,0xCE16,0xCE16,0xCE16,0xDE77,0xC5D5,
    0xDE77,0xDE98,0xCE16,0xDE77,0xDE78,0xE6B8,0xCE16,0xCE16,0xDE78,0xD657,0xCE16,0xCE16,0xDE78,0xDE78,0xCDF6,0xDE98,
    0xD657,0xD637,0xDE78,0xD637,0xDE78,0xD657,0xE6B9,0xDE78,0xD657,0xCDF6,0xD637,0xD657,0xD637,0xD637,0xD657,0xD657,
    0xD657,0xDE78,0xD657,0xDE78,0xDE78,0xD637,0xDE77,0xDE98,0xDE77,0xE6D9,0xD637,0xCE16,0xD637,0xCE16,0xD657,0xDE78,
    0xD637,0xCE16,0xDE78,0xDE78,0xDE78,0xD657,0xD657,0xDE78,0xD637,0xDE98,0xDE78,0xCE16,0xD657,0xDE78,0xDE98,0xE6B9,
    0xD637,0xDE98,0xDE78,0xD657,0xC5D5,0xC5D5,0xDE98,0xE6D9,0xDE78,0xDE78,0xDE98,0xDEB9,0xCE37,0xD678,0xDE78,0xD678,
    0xCE16,0xD657,0xDE98,0xD678,0xDE98,0xD657,0xD678,0xCE37,0xCE37,0xDE98,0xD678,0xDE78,0xD678,0xDE98,0xDE78,0xCE16,
    0xDE98,0xD678,0xDE78,0xDE98,0xD657,0xDE98,0xD657,0xDE78,0xDE98,0xE6B9,0xDE78,0xD637,0xD657,0xCE16,0xE6B9,0xD657,
    0xD678,0xDEB9,0xD637,0xDE98,0xE6D9,0xDE78,0xDEB9,0xCE37,0xCE16,0xE6B9,0xE6D9,0xD657,0xD657,0xDE78,0xDEB9,0xD678,
    0xDE78,0xD678,0xDE98,0xDEB9,0xD657,0xDE98,0xD657,0xD678,0xCE37,0xD678,0xD678,0xDE98,0xE6B9,0xD657,0xD657,0xDE98,
    0xE6D9,0xDE98,0xDEB9,0xD678,0xD678,0xD657,0xDE98,0xD657,0xD637,0xDE98,0xD657,0xDE78,0xCE16,0xE6D9,0xD657,0xD637,
    0xDE98,0xE6B9,0xD657,0xDE98,0xE6B9,0xDE78,0xDE98,0xD657,0xDE98,0xD637,0xDE98,0xD657,0xDE98,0xD657,0xDE78,0xDE78,
    0xDE78,0xE6B9,0xDE98,0xDEB9,0xDE78,0xDE78,0xD678,0xD657,0xD678,0xE6B9,0xDE78,0xD678,0xD657,0xDEB9,0xDE98,0xD678,
    0xDE98,0xDEB9,0xDEB9,0xDE98,0xDE98,0xDEB9,0xDE98,0xDEB9,0xDE98,0xCE37,0xD657,0xDE98,0xD678,0xD678,0xDEB9,0xDE98,
    0xD657,0xDEB9,0xDE78,0xDE98,0xDEB9,0xDE98,0xD678,0xDE98,0xDE78,0xD657,0xDE98,0xDE78,0xDE78,0xDE98,0xDE98,0xDEB9,
    0xE6D9,0xDEB9,0xDEB9,0xDE98,0xD657,0xDEB9,0xDE78,0xDE78,0xDEB9,0xD657,0xDE98,0xDE98,0xDE78,0xDE98,0xE6D9,0xDE98,
    0xE6B9,0xD678,0xDE78,0xDE98,0xDE78,0xD657,0xDEB9,0xD678,0xDE98,0xDE98,0xDE78,0xDE78,0xE6D9,0xE6B9,0xDE78,0xE6B9,
    0xDE98,0xC5B5,0xDE98,0xD657,0xCE16,0xDE98,0xD657,0xD657,0xD678,0xDE98,0xDEB9,0xDE98,0xDEB9,0xDE78,0xD678,0xDEB9,
    0xDE78,0xDE98,0xE6D9,0xE6D9,0xDE78,0xDE98,0xDE98,0xE6B9,0xDE98,0xD637,0xD678,0xDE98,0xDE98,0xD657,0xD678,0xE6D9,
    0xDE78,0xDE98,0xE6B9,0xD657,0xDE78,0xDE98,0xDEB9,0xD657,0xD657,0xDE98,0xDE78,0xDE98,0xDE98,0xDE98,0xD678,0xE6B9,
    0xD657,0xD657,0xD657,0xDE78,0xE6B9,0xDE98,0xD657,0xDE98,0xDE78,0xDE78,0xD657,0xE6B9,0xD657,0xDE98,0xDE98,0xDE78,
    0xDE78,0xDE78,0xE6B9,0xDE98,0xD657,0xDE78,0xDE78,0xDE98,0xD678,0xD657,0xDE98,0xD657,0xCE37,0xDE78,0xD657,0xDEB9,
    0xD637,0xDE98,0xDE98,0xDE77,0xCE16,0xDE98,0xDE77,0xD637,0xDE78,0xDE78,0xD658,0xD637,0xD657,0xE6B9,0xD657,0xDE98,
    0xDE78,0xD637,0xDE98,0xDE78,0xD657,0xDE78,0xE6D9,0xDE98,0xDE78,0xD657,0xD657,0xD678,0xDE98,0xDE98,0xD657,0xD657,
    0xD657,0xDE78,0xDE98,0xDE98,0xD657,0xE6B9,0xD657,0xD657,0xDE78,0xD637,0xDE98,0xDE78,0xDE98,0xD657,0xD657,0xD637,
    0xD657,0xDE78,0xD637,0xD637,0xE6D9,0xE6D9,0xD637,0xCE16,0xDE78,0xD657,0xDE98,0xD678,0xD657,0xD637,0xDE98,0xD657,
    0xCE16,0xDE78,0xD637,0xD637,0xD657,0xDE78,0xDE98,0xD637,0xDE78,0xD657,0xCE37,0xCE16,0xD637,0xCE16,0xCE16,0xDE98,
    0xD637,0xD636,0xD657,0xD637,0xD657,0xCE16,0xE6B9,0xD657,0xD657,0xD657,0xDE98,0xCE16,0xDE78,0xD657,0xD636,0xDE98,
    0xD637,0xDE77,0xD636,0xDE77,0xD657,0xCE16,0xD636,0xD657,0xD657,0xD657,0xD636,0xD636,0xD657,0xD657,0xD636,0xD636,
    0xD657,0xD657,0xD657,0xD657,0xD657,0xD657,0xCE16,0xDE77,0xCE16,0xDE78,0xDE98,0xD657,0xCE16,0xD637,0xDE78,0xD657,
    0xD657,0xD637,0xCE16,0xD657,0xD637,0xD657,0xD637,0xCE16,0xDE78,0xCE16,0xD657,0xD657,0xD637,0xDE78,0xCDF6,0xD637,
    0xD657,0xD657,0xCE16,0xCDF6,0xDE78,0xD657,0xD657,0xDE98,0xDE77,0xDE98,0xD657,0xD657,0xDE98,0xD637,0xE6B9,0xD637,
    0xD657,0xDE98,0xDE78,0xD657,0xDE78,0xD637,0xDE98,0xDE78,0xCE16,0xDE98,0xDE78,0xD657,0xD637,0xCE16,0xDE78,0xD657,
    0xD657,0xD657,0xD657,0xDE78,0xD637,0xD637,0xDE78,0xDE78,0xD637,0xDE78,0xDE78,0xDE98,0xCE16,0xDE78,0xDE98,0xDE98,
    0xCE37,0xD657,0xDE78,0xE6B9,0xD678,0xDE78,0xD678,0xDE98,0xE6D9,0xD678,0xD657,0xD678,0xD657,0xD657,0xDE78,0xD678,
    0xD678,0xDE78,0xD678,0xD657,0xDE78,0xD657,0xD657,0xDE57,0xDE98,0xDE98,0xDE78,0xDE78,0xDE98,0xDE78,0xDE98,0xDE98,
    0xD657,0xD678,0xD657,0xD657,0xD678,0xDE98,0xD657,0xDE98,0xDE98,0xDE78,0xDE98,0xD678,0xD678,0xDE78,0xDEB9,0xD637,
    0xD657,0xD678,0xDE98,0xDE98,0xDE78,0xDE78,0xD637,0xDE98,0xDE78,0xD678,0xD678,0xCE37,0xDEB9,0xD637,0xD657,0xDE78,
    0xDEB9,0xE6B9,0xDE78,0xD657,0xDEB9,0xDE98,0xE6B9,0xDE98,0xE6B9,0xD657,0xDE78,0xDE98,0xDE78,0xDE98,0xDE98,0xDE78,
    0xE6B9,0xDE78,0xD657,0xD657,0xDE98,0xE6D9,0xDE98,0xC5B5,0xCE16,0xE6D9,0xDEB9,0xCDF6,0xDE98,0xDE78,0xD657,0xD637,
    0xDE78,0xDE78,0xD657,0xE6B9,0xD678,0xD678,0xE6B9,0xD678,0xE6D9,0xDEB9,0xD637,0xDE78,0xCE16,0xDEB9,0xDE78,0xD637,
    0xDE98,0xD657,0xE6D9,0xDE98,0xD637,0xD678,0xD678,0xD657,0xD678,0xDE98,0xD678,0xD637,0xDE78,0xE6D9,0xDE78,0xD678,
    0xD657,0xDEB9,0xE6B9,0xDEB9,0xDEB9,0xD678,0xDE98,0xDE98,0xE6B9,0xDE98,0xDE78,0xD657,0xDE98,0xE6D9,0xDE78,0xD678,
    0xDE98,0xCE37,0xD657,0xD657,0xD678,0xDE98,0xDE98,0xD657,0xD678,0xDE78,0xD657,0xDEB9,0xDE78,0xDE98,0xD678,0xD657,
    0xE6D9,0xDEB9,0xDEB9,0xE6D9,0xD678,0xDE98,0xDE78,0xDE98,0xDEB9,0xD657,0xD657,0xE6D9,0xDE78,0xD657,0xDE78,0xD678,
    0xD657,0xD678,0xDEB9,0xDE98,0xDE98,0xD657,0xDE78,0xE6D9,0xDE98,0xD678,0xDEB9,0xD678,0xDEB9,0xE6D9,0xCE16,0xD657,
    0xDE98,0xE6D9,0xCE16,0xAD12,0xBD74,0xD657,0xD657,0xDE98,0xD637,0xD678,0xE6B9,0xDE98,0xDE98,0xD657,0xDE98,0xDE98,
    0xD637,0xD678,0xDE78,0xDE98,0xD657,0xCE16,0xD637,0xDE98,0xD657,0xDE78,0xDE98,0xDE98,0xD657,0xD657,0xD657,0xDE98,
    0xD657,0xDE98,0xDE98,0xDE78,0xDE78,0xE698,0xDE78,0xD657,0xDE78,0xDE98,0xD637,0xDE98,0xDE78,0xD657,0xDE78,0xDE78,
    0xD637,0xD657,0xD637,0xDE98,0xDE78,0xD657,0xD657,0xD657,0xDEB9,0xDEB9,0xD678,0xDE98,0xCE37,0xDE98,0xD657,0xDEB9,
    0xDE78,0xDE77,0xD637,0xDE77,0xE6D9,0xD657,0xDE98,0xD657,0xDE77,0xDE78,0xDE78,0xD657,0xD657,0xDE98,0xD637,0xDE78,
    0xDE98,0xDE78,0xD657,0xCE16,0xD678,0xDE78,0xDE98,0xDE98,0xD657,0xDE98,0xDE98,0xDE98,0xD678,0xD657,0xD657,0xD657,
    0xDE98,0xDE78,0xD637,0xD657,0xD657,0xDE78,0xD637,0xDE78,0xD657,0xDE98,0xDE98,0xDE98,0xD657,0xD637,0xDE78,0xCDF6,
    0xDE98,0xDE78,0xDE78,0xDE78,0xD657,0xDE78,0xDE78,0xDE98,0xDE78,0xDE78,0xD657,0xD657,0xDE78,0xD637,0xD657,0xD657,
    0xD657,0xDE78,0xC5F6,0xCDF6,0xDE98,0xD678,0xD657,0xDE98,0xD678,0xCE37,0xCE37,0xDE98,0xD637,0xDE77,0xCE16,0xD636,
    0xD657,0xD657,0xD657,0xD637,0xCE16,0xDE78,0xDE98,0xD637,0xD657,0xD657,0xD637,0xD657,0xDE78,0xD657,0xCE16,0xD657,
    0xD657,0xDE78,0xDE77,0xCDF6,0xD636,0xE6B8,0xDE77,0xD657,0xDE77,0xCE16,0xCE16,0xE6B9,0xD636,0xD637,0xD636,0xDE98,
    0xD657,0xD657,0xD657,0xDE78,0xD637,0xD636,0xD636,0xD657,0xD637,0xD657,0xDE78,0xD637,0xCDF6,0xCDF6,0xD657,0xD657,
    0xD637,0xCE16,0xD657,0xE6B9,0xCE16,0xCE16,0xDE98,0xD637,0xD637,0xD657,0xD637,0xE6B9,0xDE98,0xDE78,0xD637,0xDE78,
    0xDE78,0xDE78,0xDE78,0xDE98,0xD657,0xD657,0xDE78,0xDE77,0xCE16,0xD657,0xD657,0xD657,0xD636,0xDE77,0xDE78,0xD657,
    0xDE98,0xDE78,0xE6B9,0xDE78,0xD637,0xD657,0xDE98,0xD657,0xD637,0xDE78,0xD657,0xD657,0xDE78,0xD657,0xDE78,0xD637,
    0xDE78,0xDE78,0xE6B9,0xDE78,0xDE78,0xDE98,0xDE98,0xD637,0xE6B9,0xD657,0xCE16,0xD657,0xD678,0xDE98,0xDE98,0xD678,
    0xE6D9,0xD678,0xDE78,0xD637,0xD678,0xDEB9,0xDE78,0xD637,0xDEB9,0xD678,0xCE16,0xDEB9,0xD657,0xD657,0xD678,0xDE78,
    0xC5F6,0xD657,0xDEB9,0xDE98,0xCE16,0xDE78,0xDE98,0xD657,0xD657,0xDE78,0xD657,0xDE78,0xDE78,0xDE98,0xD657,0xE6D9,
    0xD657,0xDEB9,0xD678,0xD678,0xDE78,0xDE78,0xD657,0xD637,0xD678,0xDE98,0xD637,0xD657,0xDE78,0xDE98,0xD678,0xE6B9,
    0xDEB9,0xD678,0xDE98,0xDE98,0xCE37,0xDE78,0xD678,0xE6D9,0xDE98,0xD657,0xDE98,0xD657,0xDE98,0xDEB9,0xDE98,0xDE78,
    0xD657,0xDE98,0xD657,0xDE98,0xDE98,0xD657,0xDE78,0xE6B9,0xE6B9,0xDE78,0xDE78,0xDE78,0xDE78,0xD637,0xDE98,0xD657,
    0xD657,0xD657,0xDE78,0xE6D9,0xE6B9,0xD657,0xCDF6,0xDE78,0xDEB9,0xD657,0xDEB9,0xDE98,0xDE98,0xD657,0xDE78,0xDE78,
    0xD657,0xDEB9,0xDE98,0xDEB9,0xD678,0xDE78,0xDE98,0xDEB9,0xDEB9,0xD678,0xDE78,0xDE98,0xDE98,0xE6D9,0xDE78,0xDE98,
    0xDEB9,0xD678,0xD678,0xDEB9,0xDE98,0xE6D9,0xDE98,0xD678,0xDE78,0xDE78,0xDE78,0xE6D9,0xCE16,0xDE78,0xE6B9,0xDEB9,
    0xDE78,0xD657,0xCE37,0xD657,0xE6D9,0xD678,0xD657,0xE6B9,0xDE98,0xDEB9,0xD657,0xD657,0xE6D9,0xDEB9,0xD657,0xD678,
    0xDE98,0xD657,0xD657,0xDE98,0xD657,0xD678,0xE6B9,0xD678,0xDE78,0xDEB9,0xD678,0xD657,0xDEB9,0xDEB9,0xD657,0xDE98,
    0xD637,0xDE98,0xD657,0xD637,0xD657,0xE6D9,0xDE98,0xD657,0xDE98,0xDE98,0xD657,0xE6B9,0xD637,0xD657,0xDE98,0xDE98,
    0xCE16,0xDE98,0xD678,0xDE98,0xDE98,0xD678,0xDE98,0xE6B9,0xD678,0xD637,0xDE98,0xE6D9,0xDE78,0xD657,0xDE98,0xE6D9,
    0xDE98,0xDE78,0xD637,0xB574,0xBD94,0xDE98,0xDE98,0xDE78,0xD678,0xDE98,0xD637,0xCE16,0xDE78,0xE6B9,0xDE98,0xDE98,
    0xD657,0xDE78,0xD678,0xDE78,0xD678,0xDEB9,0xDE78,0xDEB9,0xDE98,0xDE78,0xD678,0xCE16,0xDEB9,0xDE98,0xD678,0xDEB9,
    0xD678,0xDE98,0xD657,0xDE98,0xD657,0xCDF6,0xE6B9,0xDE78,0xD657,0xE6B9,0xDE98,0xDE78,0xD657,0xD657,0xDE98,0xDE98,
    0xDE98,0xDE98,0xD657,0xE6B9,0xDE78,0xD657,0xDE98,0xD678,0xE6D9,0xDE78,0xDE78,0xDE78,0xDE98,0xE6D9,0xDE78,0xD678,
    0xD637,0xDE98,0xDE78,0xD657,0xDE98,0xDE98,0xDE77,0xD637,0xDE98,0xDE77,0xDE98,0xDE78,0xD657,0xD637,0xCE16,0xCE16,
    0xDE78,0xDE98,0xDE78,0xDE98,0xD657,0xD637,0xDE78,0xE6B9,0xD657,0xDE98,0xD678,0xD657,0xDE78,0xE6B9,0xD657,0xDE98,
    0xE6B9,0xD637,0xDE78,0xDE78,0xD637,0xDE98,0xDE98,0xDE78,0xD657,0xCE16,0xD657,0xDE98,0xDE98,0xD637,0xDE98,0xDE78,
    0xD657,0xD637,0xDE78,0xDE78,0xD657,0xCE16,0xD657,0xE6B9,0xD657,0xD657,0xD678,0xDE78,0xD657,0xCE16,0xD657,0xDE98,
    0xD637,0xD657,0xD678,0xD678,0xD637,0xD657,0xD657,0xD637,0xD678,0xE6B9,0xCE16,0xDE98,0xD636,0xDE77,0xDE98,0xCE16,
    0xD657,0xE6D9,0xD637,0xD657,0xDE77,0xD657,0xD657,0xCDF6,0xD637,0xD657,0xD637,0xD637,0xDE78,0xD637,0xDE98,0xD637,
    0xD637,0xCDF5,0xDE77,0xD637,0xD636,0xCE16,0xDE78,0xCE16,0xD657,0xDE77,0xDE78,0xDE78,0xD657,0xDE78,0xD636,0xD657,
    0xD657,0xD637,0xD636,0xD637,0xDE77,0xD637,0xD637,0xDE98,0xDE77,0xD637,0xDE98,0xD657,0xCE16,0xDE78,0xDE78,0xD657,
    0xD657,0xD657,0xC5D5,0xC5D5,0xCDF6,0xDE98,0xDE98,0xCE16,0xD657,0xE6B9,0xCE16,0xCE16,0xD657,0xDE78,0xD657,0xDE98,
    0xDE78,0xD657,0xDE98,0xD637,0xD637,0xD657,0xD637,0xDE98,0xD657,0xD657,0xE6B8,0xDE77,0xE6B9,0xDE77,0xDE78,0xDE78,
    0xDE98,0xD637,0xDE98,0xD657,0xD657,0xD657,0xDE78,0xE6B9,0xDE78,0xD637,0xDE78,0xD657,0xDE78,0xD657,0xD657,0xD657,
    0xE6B9,0xD637,0xD637,0xD637,0xDE98,0xDE78,0xD657,0xD657,0xDE78,0xD637,0xE6B9,0xDE78,0xD678,0xD657,0xDE98,0xCE16,
    0xDE98,0xDE78,0xDE98,0xD637,0xDEB9,0xD678,0xD657,0xDE98,0xD637,0xDE78,0xDE98,0xDE78,0xDE98,0xDE98,0xD657,0xDEB9,
    0xD678,0xE6B9,0xD657,0xDE78,0xD657,0xD658,0xDEB9,0xDE78,0xD637,0xDE78,0xD657,0xE6B9,0xDE78,0xDE98,0xD637,0xDE98,
    0xDE98,0xD678,0xD657,0xDE98,0xDEB9,0xDE98,0xDE98,0xE6D9,0xE6B9,0xD657,0xCE37,0xD678,0xDE78,0xDE98,0xD678,0xD657,
    0xD678,0xD678,0xDE78,0xE6B9,0xD678,0xDE98,0xD657,0xD657,0xDE98,0xD678,0xDE98,0xDEB9,0xDE78,0xDE98,0xDE98,0xE6B9,
    0xDE98,0xD637,0xD657,0xD657,0xDE78,0xD657,0xDE78,0xD657,0xCE16,0xDE78,0xE6D9,0xD637,0xD637,0xE6B9,0xDE98,0xDE78,
    0xDE98,0xE6B9,0xE6B9,0xCE16,0xCE16,0xDE78,0xD657,0xDE98,0xD657,0xCE37,0xDE98,0xE6B9,0xDE98,0xD637,0xD678,0xDEB9,
    0xD678,0xDEB9,0xD657,0xDE98,0xD678,0xD657,0xD657,0xD678,0xD657,0xD637,0xE6D9,0xDE98,0xD657,0xD657,0xD657,0xE6B9,
    0xDE78,0xDE98,0xD678,0xD657,0xDE98,0xDE98,0xDEB9,0xE6B9,0xDE98,0xDE98,0xDE98,0xE6FA,0xD657,0xD678,0xDE98,0xD657,
    0xD678,0xD657,0xDEB9,0xDEB9,0xDE98,0xE6B9,0xD657,0xD637,0xC5F6,0xE6D9,0xD637,0xD678,0xDE98,0xD657,0xDE98,0xE6B9,
    0xDE78,0xDEB9,0xE6B9,0xDEB9,0xCE16,0xE6B9,0xD678,0xDE78,0xDEB9,0xD637,0xDE78,0xD657,0xDE78,0xDE98,0xD657,0xDEB9,
    0xDE98,0xDE98,0xDE98,0xDE98,0xDEB9,0xDE78,0xDE78,0xD657,0xD657,0xDEB9,0xDE78,0xDE98,0xD637,0xD637,0xD657,0xDEB9,
    0xD678,0xDE98,0xD678,0xD678,0xDEB9,0xD657,0xCDF6,0xD678,0xD678,0xDE98,0xDE98,0xDE98,0xD678,0xD657,0xE6D9,0xDE98,
    0xCE37,0xD678,0xE6B9,0xE6B9,0xE6D9,0xDEB9,0xD678,0xDE98,0xD678,0xDE98,0xE6B9,0xE6B9,0xDE78,0xDEB9,0xD657,0xDE78,
    0xDE78,0xDE78,0xD678,0xD678,0xD657,0xD678,0xDE98,0xDE98,0xDE78,0xD678,0xD657,0xD637,0xDEB9,0xDE98,0xDE78,0xDE78,
    0xD678,0xDE98,0xDE98,0xDE98,0xDE98,0xDE78,0xDE78,0xDE78,0xD657,0xDE78,0xE6B9,0xDE78,0xDE78,0xDE78,0xDE98,0xDE98,
    0xD657,0xD657,0xDE98,0xD637,0xDE98,0xDE78,0xD637,0xD678,0xDE98,0xD637,0xDE98,0xD657,0xD637,0xCE16,0xE6B9,0xDEB9,
    0xCE16,0xDE98,0xCE16,0xE6D9,0xE6B8,0xE6B8,0xD657,0xD636,0xDE98,0xD657,0xDE98,0xE6B8,0xDE78,0xD637,0xDE78,0xD657,
    0xD657,0xDE98,0xD657,0xDE98,0xDEB9,0xD657,0xDEB9,0xDE78,0xD657,0xCE16,0xCE37,0xD637,0xCE16,0xDE78,0xDE78,0xD657,
    0xDE78,0xD637,0xDE98,0xDE98,0xD657,0xDE78,0xDE78,0xDE98,0xDE98,0xDE98,0xD657,0xD657,0xDE98,0xDE78,0xD657,0xDE78,
    0xDE98,0xDE98,0xD657,0xDE78,0xDE98,0xD637,0xD637,0xDE78,0xCE16,0xD657,0xDEB9,0xDE98,0xD657,0xDEB9,0xDE78,0xD678,
    0xD678,0xD657,0xD657,0xD637,0xD657,0xDEB9,0xD657,0xD637,0xCDF6,0xD657,0xDE78,0xDE78,0xCE16,0xD657,0xDE78,0xDE98,
    0xD657,0xDE77,0xE6B8,0xCE16,0xD637,0xE6B9,0xD637,0xD657,0xDE98,0xD657,0xD637,0xD657,0xDE98,0xD657,0xD657,0xD657,
    0xDE78,0xDE77,0xDE77,0xD657,0xD657,0xCE16,0xDE77,0xCE16,0xD636,0xCE16,0xD657,0xDE77,0xCDF5,0xD636,0xD637,0xD636,
    0xDE77,0xD657,0xCE16,0xC5B5,0xD637,0xDE78,0xD657,0xDE98,0xD636,0xCDF6,0xD657,0xD657,0xDE78,0xDE78,0xCE16,0xD637,
    0xD637,0xD657,0xD657,0xDE98,0xCE16,0xD657,0xDE98,0xD657,0xCDF6,0xDE78,0xDE78,0xDE78,0xD637,0xD657,0xD657,0xD637,
    0xD637,0xD657,0xDE78,0xD657,0xDE78,0xDE98,0xD636,0xDE98,0xDE78,0xD657,0xDE98,0xD637,0xE6B8,0xCDF5,0xD637,0xD657,
    0xE6B9,0xD637,0xD657,0xD658,0xDE78,0xD637,0xD637,0xD657,0xDE78,0xD657,0xE6D9,0xDE98,0xCDF6,0xD637,0xD637,0xD637,
    0xDE98,0xD657,0xDE78,0xDE98,0xD637,0xDE78,0xDE78,0xDE98,0xE6D9,0xCE16,0xD657,0xCE37,0xD678,0xDE98,0xDE98,0xD657,
    0xD637,0xE6B9,0xDE78,0xDE78,0xDE78,0xD678,0xD657,0xDE78,0xCE37,0xDE98,0xDE98,0xD637,0xDE98,0xD657,0xD677,0xE6B9,
    0xDE98,0xDE98,0xDE98,0xDE78,0xDE78,0xD637,0xDE98,0xDE98,0xD657,0xE6B9,0xD677,0xE6B9,0xDE98,0xDE78,0xDE78,0xD637,
    0xD657,0xD678,0xDE78,0xDE78,0xD678,0xD678,0xDE78,0xD657,0xD657,0xDE98,0xDE98,0xD657,0xD657,0xDE78,0xDEB9,0xDE98,
    0xDE98,0xD678,0xDE78,0xDE78,0xD657,0xD678,0xDE98,0xDE98,0xD637,0xDEB9,0xCE37,0xCE16,0xDE98,0xDE98,0xDE98,0xD657,
    0xDE98,0xDEB9,0xDEB9,0xD678,0xD678,0xD657,0xDE78,0xDE98,0xDE98,0xDE78,0xDE78,0xDE98,0xDE78,0xE6B9,0xDE78,0xD657,
    0xD657,0xDE98,0xDE98,0xD637,0xCDF6,0xD657,0xE6B9,0xDE78,0xD657,0xDE78,0xD678,0xD657,0xD657,0xD657,0xDE98,0xDEB9,
    0xD657,0xDE78,0xCE16,0xDE98,0xDE98,0xDE98,0xDE98,0xD678,0xDE98,0xD678,0xDEB9,0xDE98,0xD657,0xDE78,0xDE98,0xDEB9,
    0xD657,0xD657,0xDE98,0xDE98,0xDE98,0xD657,0xD657,0xDEB9,0xDE98,0xDE98,0xD637,0xDE98,0xD657,0xD657,0xD678,0xDE98,
    0xD678,0xD657,0xE6B9,0xDE98,0xD678,0xDEB9,0xD678,0xE6B9,0xDE98,0xD637,0xDE98,0xDE98,0xDEB9,0xDE98,0xD678,0xDEB9,
    0xD657,0xD637,0xDE98,0xE6D9,0xDE78,0xD657,0xD657,0xE6B9,0xD657,0xDE98,0xE6D9,0xDE78,0xD678,0xE6B9,0xDE78,0xD657,
    0xDE98,0xD657,0xDE78,0xDE78,0xE6B9,0xDE98,0xDE98,0xD637,0xDE78,0xE6B9,0xD657,0xDE98,0xDE98,0xDE98,0xD678,0xD678,
    0xDE78,0xD657,0xD657,0xD678,0xDE98,0xE6B9,0xDE98,0xDE98,0xD678,0xD657,0xDEB9,0xD637,0xDE98,0xDE98,0xDE78,0xCE16,
    0xDEB9,0xDE78,0xD637,0xD678,0xD678,0xD678,0xD657,0xDE98,0xD657,0xDEB9,0xD657,0xD678,0xDEB9,0xD678,0xD678,0xDE98,
    0xDE98,0xD678,0xDE98,0xE6FA,0xDEB9,0xD678,0xD678,0xDEB9,0xDE78,0xD637,0xE6B9,0xDE98,0xDE78,0xDE78,0xDEB9,0xD657,
    0xDE98,0xD657,0xDE78,0xD657,0xDE78,0xDE98,0xDE78,0xDE98,0xD637,0xD657,0xDE78,0xD657,0xD657,0xD657,0xD637,0xD657,
    0xE6B9,0xDE78,0xD657,0xD657,0xE6B9,0xD637,0xD657,0xD678,0xD637,0xD637,0xDE98,0xDE98,0xDEB9,0xD678,0xD657,0xDE98,
    0xD677,0xD616,0xD657,0xAD12,0xA4B0,0xDE77,0xDE77,0xDE77,0xE6D9,0xDE78,0xD657,0xD657,0xDE78,0xE6B9,0xDE78,0xD637,
    0xD637,0xDE78,0xDE78,0xDE98,0xCE16,0xDE98,0xCE37,0xD678,0xE6B9,0xC5B5,0xD657,0xE6D9,0xD637,0xD637,0xDE98,0xD657,
    0xD637,0xD657,0xDE78,0xDE98,0xDE78,0xD657,0xCE16,0xD637,0xDE98,0xD657,0xDE78,0xD657,0xD657,0xDE99,0xDE98,0xDE78,
    0xE6B9,0xD637,0xCE16,0xDE78,0xDE98,0xDE78,0xD637,0xCE16,0xD637,0xDE78,0xD657,0xDE98,0xD657,0xDE78,0xD657,0xCDF6,
    0xD678,0xD678,0xD658,0xD678,0xDE98,0xDE98,0xD657,0xD637,0xD678,0xD657,0xD678,0xDE98,0xD637,0xDE77,0xCE16,0xD657,
    0xCDF6,0xC5D5,0xDE78,0xD636,0xD657,0xDE78,0xDE98,0xDE78,0xD657,0xDE78,0xD637,0xCE16,0xD657,0xDE78,0xDE78,0xD637,
    0xCE16,0xD637,0xDE98,0xD657,0xD636,0xCE16,0xD637,0xD637,0xD637,0xD657,0xD657,0xCE16,0xCDF5,0xD637,0xD637,0xD637,
    0xDE77,0xDE77,0xD637,0xCE16,0xC5D5,0xDE77,0xCE16,0xD657,0xD657,0xD637,0xD657,0xD637,0xD637,0xDE78,0xCE16,0xCE16,
    0xD657,0xDE98,0xDE78,0xD637,0xD617,0xD657,0xCDF6,0xCE17,0xCDF6,0xD637,0xD658,0xD657,0xD657,0xDE98,0xD657,0xCE16,
    0xDE78,0xD657,0xD637,0xDE78,0xD637,0xDE77,0xD657,0xD657,0xD657,0xD657,0xD657,0xD657,0xD636,0xD636,0xDE78,0xCDF6,
    0xD637,0xD657,0xD636,0xDE78,0xDE98,0xD637,0xD657,0xCE16,0xDE78,0xCE16,0xD637,0xE6B9,0xDE78,0xDE98,0xD657,0xD657,
    0xE6B9,0xDE98,0xE6B9,0xDE98,0xD657,0xD657,0xDE98,0xD657,0xD657,0xDE98,0xD637,0xD678,0xDE78,0xDE98,0xD657,0xD678,
    0xCE37,0xE6B9,0xDE78,0xDE98,0xD637,0xD657,0xDE98,0xD678,0xDE98,0xE6B9,0xD657,0xDEB9,0xD678,0xCE16,0xD678,0xD657,
    0xD657,0xD637,0xD657,0xD637,0xD678,0xD658,0xD657,0xDE98,0xDE58,0xDE78,0xD637,0xDE78,0xDE78,0xD637,0xDE98,0xD657,
    0xDE78,0xDEB9,0xD678,0xDE78,0xD637,0xDE78,0xDE78,0xD637,0xD678,0xD657,0xDE78,0xD657,0xDE98,0xD657,0xCE37,0xDEB9,
    0xDE98,0xCE16,0xDE78,0xD657,0xE6B9,0xDE78,0xD677,0xD657,0xD657,0xD678,0xD657,0xD677,0xDE78,0xD657,0xDE98,0xD657,
    0xD637,0xDEB9,0xD678,0xD678,0xDEB9,0xE6B9,0xCE16,0xDE78,0xDE98,0xDE78,0xDE78,0xE6B9,0xDE78,0xD657,0xD657,0xDE98,
    0xDE98,0xDE98,0xD657,0xE6B9,0xE6B9,0xD657,0xDE98,0xDE98,0xDE98,0xD657,0xDE98,0xD678,0xDE98,0xE6D9,0xDE98,0xD678,
    0xDE98,0xDEB9,0xD658,0xE6D9,0xDE98,0xDE98,0xD657,0xD637,0xDEB9,0xDE78,0xD637,0xD637,0xDEB9,0xDE99,0xDE98,0xCE37,
    0xDE99,0xDE98,0xDE78,0xCE37,0xDEB9,0xD678,0xD657,0xDE78,0xD657,0xD657,0xD678,0xDE78,0xDE98,0xDE98,0xD657,0xDE98,
    0xD678,0xE6F9,0xD677,0xD677,0xDE98,0xDE78,0xE6B9,0xD678,0xDE78,0xDE78,0xDE98,0xCE16,0xDE78,0xDE98,0xCE16,0xDE78,
    0xE6DA,0xDE78,0xD678,0xDE98,0xD657,0xDEB9,0xDE98,0xDE98,0xDE78,0xD678,0xCE16,0xD657,0xE6D9,0xDE78,0xDE78,0xDE98,
    0xDE98,0xDE98,0xDE98,0xDE98,0xDE78,0xD658,0xDE78,0xCE37,0xE6B9,0xDE99,0xCE16,0xDE98,0xDE78,0xDE98,0xDEB9,0xD657,
    0xDE78,0xDE98,0xD678,0xDEB9,0xD637,0xD657,0xDE78,0xDE98,0xDE78,0xD657,0xDEB9,0xD657,0xDE98,0xDE98,0xDE98,0xDE78,
    0xDEB9,0xE6B9,0xD678,0xDE78,0xDE98,0xDE98,0xDE78,0xD637,0xDE78,0xDEB9,0xD657,0xDE98,0xDE98,0xD657,0xDE78,0xDE78,
    0xDE78,0xDEB9,0xE6B9,0xDE99,0xDE98,0xE6B9,0xD637,0xDE78,0xC5F6,0xA4B1,0xDE78,0xDE98,0xD657,0xD657,0xDE78,0xD637,
    0xDE98,0xD637,0xDE98,0xD657,0xE6B9,0xDE98,0xDE98,0xDE78,0xDE78,0xD657,0xCDF6,0xD658,0xD678,0xDE78,0xD657,0xCE16,
    0xDE98,0xDE78,0xD657,0xE6B9,0xDE77,0xE6B8,0xE6D9,0xD657,0xD657,0xDE78,0xD657,0xCE37,0xDE78,0xDE98,0xD678,0xDE78,
    0xDE98,0xDE77,0xDE78,0xC5F5,0xBD94,0xCE16,0xDE77,0xD657,0xD677,0xD677,0xD678,0xDE78,0xD637,0xDE78,0xCE16,0xDE78,
    0xD657,0xD637,0xD657,0xD657,0xDE78,0xD657,0xD657,0xD657,0xDE78,0xDEB9,0xD678,0xDE98,0xDE98,0xDE98,0xD657,0xD657,
    0xD637,0xE6B8,0xE6B9,0xD657,0xD637,0xDE78,0xD657,0xD636,0xDE98,0xCDF6,0xDE78,0xDE98,0xDE78,0xD637,0xD657,0xD657,
    0xDE78,0xD677,0xDE98,0xDEB8,0xD637,0xD657,0xD657,0xE6B9,0xD678,0xCE16,0xDE98,0xDE98,0xCDF6,0xD637,0xDE98,0xD657,
    0xDE78,0xCE16,0xD657,0xDE98,0xDE78,0xD637,0xD677,0xCE37,0xD677,0xD657,0xD657,0xDEB8,0xD637,0xDE78,0xD657,0xCE16,
    0xDE78,0xDE77,0xD657,0xD637,0xDE98,0xDE58,0xD637,0xD657,0xD657,0xDE78,0xD637,0xD637,0xD637,0xD637,0xD637,0xC5D5,
    0xDE78,0xD657,0xD637,0xCE16,0xD637,0xD637,0xD637,0xDE78,0xDE77,0xD636,0xD636,0xD657,0xD657,0xD636,0xD636,0xCE16,
    0xCE16,0xCE16,0xD657,0xDE98,0xD636,0xD657,0xCE16,0xD657,0xD657,0xCDF6,0xD637,0xD616,0xCDF6,0xDE57,0xDE78,0xD637,
    0xD616,0xDE78,0xD637,0xCDF6,0xD658,0xE699,0xD658,0xDE99,0xE699,0xD658,0xD637,0xDE78,0xCE16,0xD637,0xD637,0xDE77,
    0xD636,0xDE78,0xDE98,0xCE16,0xD637,0xD657,0xD637,0xD637,0xDE78,0xD657,0xCE16,0xE6B9,0xDE98,0xDE98,0xDE77,0xCE16,
    0xCE16,0xDE98,0xDE98,0xDE98,0xD657,0xCE16,0xDE77,0xD657,0xD657,0xCE16,0xCDF6,0xCE16,0xD657,0xDE98,0xD657,0xCE16,
    0xD657,0xC5D5,0xDE78,0xDE78,0xDE98,0xD637,0xD657,0xDE98,0xD678,0xDE98,0xD657,0xDE98,0xCDF6,0xD637,0xD657,0xD657,
    0xDE57,0xDE78,0xDE98,0xD637,0xDE98,0xDE78,0xDE78,0xDE98,0xD657,0xD657,0xD657,0xD657,0xD678,0xDEB9,0xDE98,0xD678,
    0xDE78,0xDE99,0xE6B9,0xDE98,0xD678,0xDE99,0xDE78,0xD658,0xE6B9,0xE699,0xDE99,0xDE58,0xD658,0xDE78,0xDE78,0xDE98,
    0xD657,0xDE98,0xDE78,0xDEB9,0xD637,0xD678,0xDEB9,0xDE98,0xDE98,0xCE37,0xD678,0xDE98,0xDE98,0xDE78,0xDE98,0xD678,
    0xD657,0xD677,0xD677,0xD677,0xCE36,0xCE16,0xDE98,0xE6D9,0xDE98,0xD677,0xDE98,0xD677,0xDE98,0xCE16,0xD678,0xDE78,
    0xD657,0xDE98,0xD678,0xD678,0xDE78,0xDE98,0xDE98,0xCE37,0xCE16,0xD657,0xD637,0xDE78,0xDEB9,0xDEB9,0xDE78,0xDE98,
    0xDE78,0xDE98,0xE6B9,0xDE78,0xE6B9,0xDE98,0xDE78,0xDE98,0xDE98,0xD657,0xD657,0xD657,0xD657,0xD637,0xD678,0xDE98,
    0xCE37,0xDE98,0xDE99,0xDE99,0xE6DA,0xDEB9,0xDE78,0xDE99,0xDE99,0xD678,0xDE99,0xDE98,0xDE99,0xD658,0xD657,0xCDF6,
    0xD657,0xDE99,0xDE98,0xD678,0xDEB9,0xDE78,0xDE98,0xDE98,0xD657,0xD678,0xDE78,0xE6B9,0xE6D9,0xD677,0xDE78,0xDEB8,
    0xDE98,0xDE98,0xD677,0xDE98,0xD677,0xDEB8,0xE6D9,0xDE78,0xDE98,0xE6B9,0xE6B9,0xD657,0xE6B9,0xE6B9,0xD657,0xDEB9,
    0xDE78,0xDE98,0xD658,0xDE98,0xE6DA,0xDE99,0xDE78,0xD678,0xE6B9,0xDE98,0xCE16,0xCE36,0xDE78,0xD677,0xD657,0xCE36,
    0xDE77,0xDEB8,0xDE78,0xDE78,0xE699,0xDE78,0xDE78,0xD657,0xE6B9,0xE6B9,0xE6B9,0xDE58,0xDE78,0xD637,0xDE98,0xDE78,
    0xDEB9,0xD657,0xD678,0xDE78,0xD637,0xDE98,0xDE98,0xDE78,0xD637,0xCE37,0xE6B9,0xD657,0xCE37,0xDE78,0xDEB9,0xDE98,
    0xCE16,0xDE78,0xD657,0xE6D9,0xD657,0xD657,0xE6B9,0xE6B9,0xD657,0xD637,0xD657,0xDE78,0xDE98,0xE6B9,0xDE78,0xD657,
    0xDE78,0xDE78,0xDE58,0xD637,0xDE58,0xDE78,0xD658,0xCE17,0xDE99,0xD617,0xD657,0xDE78,0xD677,0xDE98,0xD677,0xD657,
    0xE6D9,0xDE98,0xDE98,0xD657,0xD657,0xDE78,0xDE98,0xD678,0xDE78,0xDE98,0xDE99,0xDEB9,0xD637,0xD657,0xE6B8,0xDE98,
    0xD657,0xDE77,0xDE98,0xD657,0xD636,0xDE77,0xDE78,0xDE98,0xDE98,0xDE98,0xD657,0xDE98,0xD678,0xD678,0xD657,0xDE98,
    0xDEB8,0xD677,0xDEB8,0xDE98,0xD677,0xD637,0xDEB8,0xD677,0xD677,0xDE98,0xD637,0xD637,0xDE78,0xDEB9,0xD678,0xD657,
    0xD637,0xDE98,0xD678,0xD657,0xDEB9,0xD637,0xD657,0xD678,0xDE78,0xDE98,0xD637,0xD637,0xC5D5,0xDE98,0xD637,0xDE78,
    0xDE78,0xDE98,0xD637,0xCE16,0xD637,0xD657,0xDE98,0xDE78,0xD637,0xD657,0xD657,0xD657,0xDE78,0xCE16,0xC5D5,0xD657,
    0xDE98,0xD657,0xD657,0xD657,0xDE78,0xCE36,0xCE36,0xDE78,0xDE98,0xDE78,0xCE16,0xD637,0xDE98,0xD657,0xD637,0xD657,
    0xDE98,0xDE98,0xDE77,0xD636,0xCE16,0xD637,0xE6B8,0xD636,0xD657,0xD657,0xCE16,0xD657,0xCE17,0xCE17,0xDE98,0xD657,
    0xD637,0xD657,0xDE98,0xD637,0xDE78,0xDE58,0xD637,0xD637,0xD637,0xDE78,0xD617,0xDE78,0xDE78,0xDE98,0xD637,0xC5D6,
    0xDE98,0xDE78,0xCE16,0xD637,0xD657,0xD637,0xD637,0xCE16,0xD657,0xD657,0xD657,0xCE16,0xD657,0xCE36,0xDE77,0xD636,
    0xDE77,0xD657,0xCDF6,0xD657,0xD636,0xD637,0xDE77,0xCDF6,0xD657,0xD616,0xCE16,0xDE57,0xD657,0xD636,0xD637,0xDE57,
    0xDE57,0xDE57,0xD617,0xD637,0xD657,0xD637,0xCE17,0xDE58,0xDE58,0xD637,0xCDF6,0xCE16,0xD636,0xDE98,0xD657,0xD657,
    0xD637,0xDE77,0xDE78,0xCDF6,0xD657,0xD657,0xD657,0xDE78,0xD657,0xD657,0xCE16,0xD657,0xDE78,0xCE16,0xDE77,0xDE78,
    0xD637,0xD637,0xDE98,0xCE16,0xD636,0xDE98,0xD636,0xD657,0xDE78,0xDEB9,0xCE16,0xC5F6,0xD657,0xDE98,0xDE78,0xCE16,
    0xD657,0xD637,0xD657,0xCE37,0xCE16,0xCE37,0xDE78,0xD657,0xDE98,0xD678,0xDE78,0xE6B9,0xDE98,0xDE78,0xDE78,0xD657,
    0xDE98,0xD657,0xD637,0xDE78,0xE6B9,0xD657,0xD637,0xD657,0xD657,0xDEB9,0xD678,0xD637,0xD678,0xDE98,0xD637,0xDE98,
    0xD657,0xCE16,0xD677,0xD677,0xD657,0xDE98,0xDE98,0xDE78,0xDE78,0xCDF6,0xDE98,0xDE98,0xDE77,0xDE78,0xDE98,0xE6B9,
    0xD657,0xD657,0xE6B9,0xDE98,0xE6B9,0xD678,0xD637,0xD657,0xD657,0xD657,0xDE78,0xDE78,0xDE98,0xDE98,0xD657,0xDE78,
    0xD657,0xDE78,0xD677,0xE6D9,0xD657,0xDE98,0xDE98,0xD677,0xD657,0xDE98,0xDEB8,0xDEB9,0xE6B9,0xD637,0xDE78,0xD637,
    0xDE98,0xD678,0xCE16,0xD637,0xD657,0xD637,0xDEB9,0xE6B9,0xDE98,0xDE98,0xDE98,0xD657,0xDE98,0xD657,0xDE78,0xDE78,
    0xDE78,0xDE98,0xDE98,0xD637,0xDE78,0xE6B9,0xDE78,0xDE78,0xDE98,0xDE98,0xE6D9,0xD657,0xCE37,0xDE78,0xDE78,0xDE98,
    0xDE98,0xDE98,0xD657,0xD657,0xD637,0xDE78,0xD657,0xD678,0xD657,0xDE98,0xDE98,0xDE78,0xD657,0xDEB9,0xDE98,0xD678,
    0xD657,0xDEB9,0xD658,0xD678,0xE6D9,0xDE98,0xD637,0xE6B9,0xDEB9,0xDE98,0xCDF6,0xDE78,0xD637,0xE6B9,0xDEB8,0xD637,
    0xDE98,0xE6D9,0xDE78,0xD677,0xD637,0xDE98,0xDE98,0xD637,0xDEB9,0xDE78,0xDE78,0xDE98,0xCE37,0xD657,0xDE98,0xD678,
    0xD678,0xD678,0xE6D9,0xDE98,0xD677,0xD678,0xE6D9,0xDE98,0xDE98,0xDE98,0xDEB8,0xDE98,0xDEB8,0xDE98,0xDE98,0xDE98,
    0xDE98,0xD677,0xD677,0xDE98,0xDE77,0xDE98,0xE6D9,0xE6B9,0xD677,0xCE16,0xDE78,0xDE78,0xE6D9,0xDE98,0xDEB9,0xD657,
    0xD637,0xDE98,0xE6B9,0xDEB9,0xE6B9,0xE6FA,0xD637,0xCE16,0xDE98,0xD657,0xDE78,0xDEB9,0xDE98,0xDEB9,0xD637,0xDE98,
    0xDE98,0xDE98,0xDE78,0xDE98,0xD657,0xE6D9,0xD678,0xD678,0xDEB9,0xD657,0xDE78,0xDE98,0xDE78,0xDE98,0xD657,0xDE78,
    0xDE98,0xD657,0xD657,0xDE77,0xD677,0xE6B8,0xD657,0xDE77,0xDE98,0xE6B9,0xDE98,0xD677,0xCE16,0xD677,0xDEB8,0xD677,
    0xDEB8,0xD677,0xCE36,0xDE98,0xD657,0xD657,0xDEB9,0xD657,0xD677,0xDE98,0xE6F9,0xDE98,0xD677,0xDE78,0xD657,0xDE98,
    0xD657,0xD636,0xE6B8,0xD657,0xDE98,0xD657,0xD657,0xD657,0xCE16,0xD678,0xD677,0xDE78,0xDE98,0xDE98,0xD657,0xD657,
    0xDE98,0xD677,0xDE98,0xDE98,0xD657,0xDE98,0xD657,0xDE98,0xDE98,0xD677,0xDE98,0xDE98,0xD657,0xD657,0xE6B9,0xD657,
    0xDEB9,0xE6B9,0xD657,0xD678,0xD657,0xDE78,0xD678,0xDE98,0xD657,0xDE98,0xDEB9,0xDE98,0xD657,0xD657,0xD637,0xD636,
    0xD636,0xDE98,0xD657,0xDE98,0xDE77,0xDE77,0xCE16,0xDE77,0xDE77,0xE6B9,0xDE98,0xD636,0xD657,0xE6B8,0xDE98,0xD657,
    0xDEB9,0xD637,0xDE98,0xD657,0xDE98,0xDE98,0xD657,0xCE16,0xD677,0xD637,0xD657,0xD657,0xDE78,0xDE78,0xDE98,0xDE98,
    0xDE78,0xD657,0xD637,0xD657,0xE6D9,0xCE16,0xCDF6,0xD636,0xDE78,0xDE77,0xDE78,0xDE98,0xD637,0xD637,0xDE78,0xD657,
    0xD637,0xD657,0xCE16,0xDE78,0xDE98,0xD637,0xCDF6,0xDE57,0xE698,0xDE57,0xD617,0xDE57,0xD637,0xD657,0xD657,0xCE16,
    0xD657,0xD657,0xDE98,0xD657,0xD657,0xDE78,0xD657,0xD636,0xD636,0xD657,0xD636,0xD636,0xDE98,0xCDF5,0xD657,0xCE16,
    0xDE77,0xD657,0xCDF6,0xCE16,0xD657,0xCE16,0xDE78,0xDE78,0xCE16,0xDE98,0xD637,0xC5B5,0xDE57,0xDE57,0xDE78,0xDE77,
    0xCE16,0xD657,0xD616,0xCE16,0xDE78,0xDE78,0xD637,0xD637,0xDE57,0xDE78,0xDE78,0xD657,0xD636,0xDE78,0xD657,0xD637,
    0xDE78,0xDE78,0xCE16,0xDE78,0xDE78,0xD637,0xDE78,0xE6B9,0xDE78,0xD637,0xD657,0xD637,0xD637,0xD637,0xD657,0xCE16,
    0xDE78,0xD657,0xD637,0xCDF5,0xCE16,0xDE98,0xD657,0xDE98,0xCE16,0xD637,0xDE78,0xDE98,0xDE98,0xCE16,0xD657,0xD657,
    0xDE78,0xCE37,0xD678,0xDEB9,0xD637,0xD657,0xDE98,0xD657,0xE6B9,0xDE78,0xD637,0xCE16,0xDE78,0xD657,0xCE16,0xE6B9,
    0xE6D9,0xD637,0xD637,0xDE98,0xD657,0xD678,0xDE98,0xDE98,0xDE78,0xD657,0xC5B5,0xDEB9,0xD657,0xD657,0xCE36,0xDE97,
    0xDE98,0xDE77,0xDE77,0xD677,0xD677,0xD657,0xCE16,0xD657,0xDE98,0xCE16,0xDE77,0xDE77,0xE6B8,0xDE77,0xD636,0xD677,
    0xDE78,0xD637,0xD657,0xDE98,0xD637,0xD657,0xDE98,0xE6B9,0xDE78,0xD657,0xD657,0xDE98,0xD678,0xD637,0xD657,0xDE78,
    0xD657,0xD678,0xD657,0xD657,0xD677,0xD657,0xDE98,0xD677,0xDE98,0xDE98,0xCE36,0xD657,0xDE98,0xDE98,0xE6D9,0xD657,
    0xDE78,0xD637,0xD678,0xDE78,0xD678,0xDE98,0xD657,0xDE78,0xDE98,0xD678,0xE6B9,0xD637,0xD678,0xDE98,0xDE98,0xD657,
    0xDE78,0xD657,0xD637,0xD657,0xDE98,0xE6D9,0xD637,0xCE16,0xE6B9,0xE6D9,0xD657,0xE6B9,0xE6D9,0xDEB9,0xDE98,0xDE98,
    0xD657,0xE6D9,0xDE98,0xDE98,0xD657,0xCE36,0xD677,0xD657,0xD656,0xE6D9,0xD677,0xDE98,0xD677,0xDE78,0xD657,0xEEFA,
    0xEF1A,0xD677,0xDE98,0xDE98,0xD678,0xE6D9,0xDE98,0xD657,0xD637,0xDE98,0xD657,0xE6D9,0xD657,0xD677,0xDEB8,0xD677,
    0xDE98,0xE6B9,0xDEB8,0xDE98,0xD677,0xD677,0xDE78,0xD657,0xDE78,0xCE37,0xDE78,0xE6B9,0xD637,0xDE98,0xDEB9,0xCE16,
    0xD657,0xDEB8,0xD657,0xDEB8,0xDE98,0xD657,0xE6B8,0xD677,0xD677,0xDE98,0xD657,0xDEB8,0xD677,0xD637,0xDEB8,0xD657,
    0xE6B9,0xE6D9,0xD657,0xE6D9,0xDE98,0xD657,0xBD94,0xC5D5,0xDE98,0xDE77,0xDE98,0xD657,0xD677,0xD637,0xD678,0xDE78,
    0xD678,0xDE78,0xCE16,0xCE16,0xDEB9,0xDE98,0xD678,0xD678,0xE6D9,0xD657,0xD657,0xE6B9,0xDE98,0xD678,0xD657,0xD657,
    0xE6B9,0xDE98,0xDE98,0xDE78,0xDE98,0xD657,0xDE78,0xD657,0xDE78,0xDE98,0xDE98,0xD637,0xDE98,0xDE78,0xDE78,0xDE78,
    0xDE78,0xDE78,0xDE98,0xDE78,0xD636,0xDE98,0xE6D9,0xE6B8,0xD636,0xDE77,0xD657,0xDE98,0xDE98,0xE6D9,0xDEB8,0xD657,
    0xDE98,0xD657,0xD657,0xDE98,0xD677,0xDE98,0xDE98,0xD636,0xD677,0xD636,0xCE16,0xD657,0xDEB8,0xD657,0xDE98,0xDE98,
    0xDE78,0xE6B8,0xDE77,0xDE78,0xE6B9,0xD637,0xD657,0xDE77,0xDE78,0xEEF9,0xD657,0xCE16,0xDE77,0xDE98,0xDE98,0xD657,
    0xD677,0xD657,0xDE98,0xD657,0xDE98,0xE6B9,0xCE36,0xCE36,0xCE16,0xCE37,0xDEB9,0xDEB9,0xD637,0xDE98,0xD637,0xD657,
    0xDE98,0xCE16,0xDE78,0xE6B9,0xD637,0xDE78,0xDE78,0xD637,0xD657,0xD637,0xD657,0xD657,0xD637,0xD657,0xE6D9,0xD657,
    0xD636,0xD657,0xDE78,0xE6B9,0xD637,0xD657,0xDE98,0xDE78,0xD636,0xD657,0xDE77,0xD657,0xCE16,0xDE98,0xDE98,0xDE77,
    0xDE98,0xCE36,0xDEB8,0xCE36,0xCE16,0xDE78,0xDE98,0xDEB8,0xCE16,0xD637,0xE6B9,0xD657,0xDE78,0xDE78,0xD637,0xCE16,
    0xCDF6,0xD657,0xDE77,0xCDF5,0xE6B8,0xD657,0xCE16,0xDE78,0xD657,0xD657,0xD657,0xD637,0xDE78,0xDE78,0xD657,0xD637,
    0xD657,0xDE78,0xD637,0xDE78,0xCE16,0xDE98,0xDE98,0xD616,0xDE98,0xCE16,0xD657,0xDE98,0xCDF5,0xDE77,0xDE77,0xD657,
    0xD657,0xD636,0xD636,0xCE16,0xD636,0xD636,0xD636,0xDE77,0xD657,0xD657,0xCE16,0xD657,0xDE98,0xCE16,0xCDF5,0xCDF5,
    0xD657,0xD637,0xDE78,0xD657,0xDE98,0xCDF6,0xCDF6,0xCDF5,0xD637,0xD657,0xD637,0xDE77,0xD657,0xCE16,0xCE16,0xD637,
    0xCDF6,0xD657,0xD657,0xD657,0xDE57,0xCE16,0xD657,0xD636,0xCDF5,0xD636,0xDE77,0xDE98,0xD657,0xD678,0xCE37,0xD637,
    0xD657,0xD637,0xD637,0xCE37,0xD657,0xDE98,0xD637,0xD657,0xDE78,0xCDF6,0xDE78,0xD637,0xDE98,0xE6B9,0xC5F6,0xD637,
    0xD678,0xD657,0xD678,0xD657,0xD657,0xD637,0xCE37,0xD657,0xD657,0xD657,0xD678,0xD657,0xD678,0xD657,0xD678,0xD637,
    0xDE98,0xDE98,0xE6D9,0xDE78,0xCE16,0xD657,0xDE78,0xD678,0xD678,0xDE78,0xDE78,0xDE78,0xDE98,0xDE78,0xD637,0xD637,
    0xDE78,0xE6B9,0xDE98,0xDE78,0xD637,0xE6B9,0xD657,0xDE98,0xDEB9,0xD657,0xD637,0xE6D9,0xD657,0xDE98,0xDE77,0xDE98,
    0xDE77,0xCE36,0xD677,0xDE77,0xD677,0xDE98,0xDE98,0xDE77,0xDE98,0xDE98,0xDE98,0xD677,0xD657,0xDE77,0xD656,0xD657,
    0xD657,0xE6B9,0xD657,0xD657,0xD657,0xDE78,0xCE37,0xDE78,0xDE98,0xDEB9,0xD678,0xDE98,0xD637,0xDE78,0xDE98,0xDE98,
    0xD637,0xDE98,0xDE98,0xDE98,0xDE98,0xDE78,0xE6D9,0xD657,0xD657,0xD678,0xD637,0xD678,0xE6B9,0xDEB9,0xDEB9,0xDE78,
    0xDE98,0xD657,0xE6D9,0xD678,0xD637,0xDE98,0xDE78,0xDE78,0xDE98,0xDE98,0xD657,0xDE98,0xD657,0xD657,0xE6B9,0xD657,
    0xDE78,0xDE78,0xDE98,0xDE98,0xDE78,0xDE98,0xD657,0xDE78,0xD657,0xD678,0xDE78,0xDE98,0xD678,0xD657,0xD657,0xDEB9,
    0xCE36,0xCE16,0xD677,0xD677,0xDE98,0xE6D8,0xDE98,0xDE97,0xDE98,0xD657,0xD657,0xD677,0xDE77,0xE6D9,0xCE36,0x9C8F,
    0xBDB4,0xD677,0xD677,0xDEB8,0xD678,0xD678,0xDE78,0xD637,0xDE98,0xE6B9,0xD657,0xDE78,0xDE78,0xDE98,0xDE78,0xD678,
    0xD678,0xDE78,0xDE98,0xD678,0xDE78,0xDE78,0xDEB9,0xDE78,0xE6B9,0xD678,0xDE78,0xDE98,0xD657,0xE6B9,0xDE78,0xD677,
    0xDE98,0xDE98,0xD636,0xD677,0xDE98,0xD657,0xD636,0xD636,0xDEB8,0xD677,0xDE98,0xE6B9,0xD657,0xD678,0xDE98,0xE6D9,
    0xD657,0xDE78,0xDE98,0xD657,0xDE98,0xDE98,0xD636,0xD657,0xDE97,0xD677,0xDE98,0xD657,0xD678,0xDE78,0xD657,0xDE78,
    0xE6B9,0xD657,0xCE16,0xD678,0xDE78,0xD678,0xDE98,0xDE98,0xD657,0xD657,0xD678,0xD637,0xDE78,0xD657,0xDE98,0xD678,
    0xE6B9,0xCE16,0xDE98,0xD678,0xDE98,0xD657,0xE6D9,0xDE98,0xD637,0xDE78,0xDEB9,0xD678,0xE6B9,0xD657,0xD678,0xDE78,
    0xCE16,0xDEB8,0xDE77,0xDE77,0xE6D8,0xDE98,0xDEB8,0xD677,0xD657,0xDE98,0xD657,0xD657,0xD678,0xCE37,0xDE78,0xDE98,
    0xD657,0xDE98,0xD637,0xDE78,0xD677,0xDEB8,0xDEB8,0xD657,0xDE98,0xD677,0xD656,0xD656,0xDE98,0xDE77,0xDE78,0xDE78,
    0xCE16,0xDE98,0xDE98,0xDEB9,0xDE78,0xDE78,0xDE98,0xD657,0xDE77,0xDE98,0xDE57,0xE6B8,0xDE57,0xD636,0xDE77,0xDE97,
    0xDE77,0xCE37,0xDEB9,0xDE78,0xD637,0xD657,0xDEB9,0xDE78,0xD657,0xDE98,0xCE37,0xD657,0xDE78,0xDE78,0xD657,0xD657,
    0xD657,0xD678,0xDE98,0xD657,0xD637,0xD678,0xD657,0xD678,0xDE98,0xCE16,0xD657,0xD657,0xDE78,0xDE78,0xD678,0xD637,
    0xDE78,0xD657,0xD657,0xCE36,0xDE78,0xD657,0xDE78,0xD637,0xD657,0xDE98,0xDE78,0xD657,0xD637,0xD657,0xD637,0xD657,
    0xDE98,0xD678,0xD637,0xD657,0xD637,0xD657,0xD657,0xDE78,0xD657,0xDE98,0xD657,0xCE16,0xDE98,0xDE78,0xDE78,0xDE78,
    0xCE16,0xCE16,0xE6B8,0xCE16,0xD636,0xD657,0xDE77,0xD657,0xCDF6,0xE6B8,0xD657,0xD657,0xDE98,0xDE78,0xDE78,0xCE16,
    0xCE16,0xDE98,0xDE78,0xCE16,0xD637,0xD657,0xD657,0xD636,0xD636,0xD616,0xD657,0xD657,0xCE16,0xDE77,0xCE16,0xCE16,
    0xD677,0xDE98,0xD677,0xD657,0xD636,0xD657,0xD677,0xD657,0xCE36,0xD677,0xCE16,0xD657,0xCE16,0xD677,0xCE16,0xCE16,
    0xCE16,0xDE78,0xD636,0xCE16,0xDE77,0xD636,0xD636,0xD636,0xD657,0xD637,0xD657,0xD657,0xD657,0xD657,0xD637,0xDE98,
    0xDE78,0xC5D5,0xD677,0xDE77,0xCE16,0xD656,0xDE97,0xDE77,0xCE16,0xD657,0xD657,0xC5D5,0xD657,0xE6D9,0xC5F5,0xD657,
    0xD678,0xD657,0xD657,0xCE36,0xD678,0xD657,0xD657,0xD678,0xD657,0xD657,0xD657,0xDE78,0xDE98,0xD657,0xD678,0xDEB9,
    0xD657,0xD677,0xD637,0xD657,0xDE98,0xD657,0xD657,0xD657,0xDE98,0xC5F6,0xD657,0xDE98,0xD637,0xD678,0xDE98,0xD678,
    0xD657,0xD657,0xDE78,0xD637,0xD678,0xE6B9,0xD657,0xD657,0xDEB9,0xDE98,0xD657,0xDE78,0xE6B9,0xE6D9,0xD637,0xD657,
    0xDE98,0xD637,0xDE78,0xD678,0xD678,0xDE98,0xD678,0xD678,0xD678,0xD637,0xE6B9,0xD657,0xDE98,0xDE98,0xD657,0xD677,
    0xCE36,0xD657,0xD677,0xCE15,0x9CB0,0xD636,0xD677,0xD677,0xDE97,0xDE97,0xDE97,0xDEB8,0xD657,0xD677,0xCE36,0xDE98,
    0xD678,0xDEB9,0xD678,0xDE78,0xD657,0xDE98,0xDE78,0xC5D5,0xDE78,0xDE98,0xD657,0xDE78,0xD678,0xDE98,0xD657,0xD637,
    0xDE78,0xE6B9,0xDE98,0xCE37,0xD677,0xDE98,0xD657,0xD637,0xD657,0xDEB9,0xD637,0xDE98,0xDE98,0xD657,0xD637,0xD657,
    0xE6FA,0xDE98,0xDEB9,0xDE98,0xD678,0xDE78,0xD637,0xE6B9,0xD678,0xD678,0xD678,0xDE98,0xCE16,0xD678,0xE6B9,0xCE16,
    0xD657,0xDE98,0xDEB8,0xDEB9,0xDE98,0xD657,0xDEB9,0xDE98,0xD657,0xDE98,0xDE78,0xD657,0xCE16,0xDE78,0xD657,0xDE98,
    0xDEB9,0xD657,0xD656,0xE6B8,0xD677,0xDE98,0xD656,0xDE98,0xE6B8,0xD657,0xDE98,0xDEB8,0xD656,0xE6B8,0xCE16,0x83CC,
    0xA4D1,0xDE97,0xDE98,0xDE98,0xDE98,0xD657,0xD678,0xDE98,0xDE98,0xDE98,0xDE78,0xCE16,0xDE78,0xDE98,0xD657,0xDE98,
    0xDE78,0xDE78,0xDE98,0xD657,0xD678,0xDE78,0xDEB9,0xD678,0xD657,0xD657,0xDEB9,0xE6D9,0xD657,0xDE98,0xDE98,0xD677,
    0xE6D9,0xD657,0xDE98,0xDE98,0xDE98,0xDE77,0xDEB8,0xDEB8,0xE6D9,0xDE98,0xDE78,0xD657,0xDE98,0xDE98,0xDE98,0xCE16,
    0xD657,0xE6B9,0xD678,0xDE98,0xDEB8,0xD677,0xDE98,0xE6D9,0xDEB8,0xD657,0xD656,0xCE36,0xD657,0xDE98,0xDE98,0xD678,
    0xDE78,0xDE98,0xDEB9,0xDE98,0xD637,0xE6B9,0xDE78,0xD678,0xDE98,0xD657,0xDE98,0xD678,0xDE98,0xCE37,0xD678,0xD678,
    0xDE98,0xD678,0xDE98,0xCE37,0xD657,0xE6D9,0xDE98,0xCE37,0xD678,0xD678,0xD657,0xD678,0xD678,0xDEB9,0xDE98,0xD678,
    0xD657,0xDEB8,0xD677,0xD677,0xDE98,0xD657,0xD677,0xD677,0xCE36,0xD657,0xDE98,0xDE78,0xDE78,0xDE98,0xDE98,0xDE98,
    0xD657,0xDE98,0xCE16,0xCE37,0xDE98,0xDE97,0xDE97,0xDE77,0xDEB8,0xDE97,0xDE98,0xDE97,0xCE16,0xCE16,0xDEB9,0xDEB8,
    0xD637,0xDE98,0xDE98,0xDE98,0xD677,0xD678,0xD657,0xDE98,0xDE77,0xDE98,0xDE98,0xE6B8,0xDE98,0xCE16,0xD657,0xE6D9,
    0xDE78,0xDE78,0xE6B9,0xDE98,0xD657,0xD678,0xD678,0xDEB9,0xD678,0xDEB9,0xD657,0xE6D9,0xD657,0xD678,0xDE98,0xD657,
    0xCE37,0xD678,0xD678,0xDE98,0xDEB9,0xD657,0xCE37,0xDE78,0xDE98,0xD657,0xD657,0xDE98,0xDE78,0xDE98,0xDE98,0xDE98,
    0xDE98,0xD657,0xDE98,0xC5F6,0xD657,0xDE78,0xD637,0xD637,0xDE98,0xDE78,0xDE78,0xDE78,0xDE78,0xDE98,0xD657,0xCE16,
    0xD657,0xDE78,0xD678,0xD678,0xDE78,0xD678,0xCE16,0xCE16,0xDE78,0xD637,0xDE78,0xDE98,0xD657,0xCE16,0xD657,0xE6B9,
    0xDE78,0xD657,0xDE98,0xDE77,0xCE16,0xDE98,0xDE77,0xDE77,0xCE16,0xD657,0xCE16,0xD657,0xD637,0xD657,0xDE98,0xD657,
    0xCE16,0xDE78,0xD637,0xCDF6,0xDE98,0xD657,0xCE36,0xCE36,0xCE36,0xDEB8,0xCE36,0xD636,0xCE36,0xD656,0xD657,0xD677,
    0xD657,0xD656,0xD657,0xD677,0xCE36,0xCE36,0xD677,0xD657,0xD677,0xD657,0xCE16,0xDE98,0xCE16,0xCE36,0xCE36,0xD657,
    0xCE16,0xD657,0xC5B4,0xCDF6,0xDE77,0xD657,0xDE77,0xD637,0xD657,0xCE37,0xD657,0xDE78,0xD678,0xD678,0xCE17,0xCDF6,
    0xCE37,0xCE37,0xD657,0xCE36,0xD657,0xD657,0xD636,0xD677,0xCE16,0xD657,0xD657,0xD678,0xD658,0xCE16,0xD657,0xDE98,
    0xD657,0xD657,0xCE37,0xD657,0xD678,0xC5F6,0xDE98,0xD677,0xCE16,0xDEB9,0xD657,0xCE37,0xD657,0xCE37,0xDE98,0xD678,
    0xD657,0xCE37,0xD678,0xD657,0xCE37,0xD678,0xD678,0xCE16,0xD657,0xC5B5,0xDE98,0xD657,0xD657,0xD637,0xCE37,0xD678,
    0xD657,0xD657,0xC5F6,0xD657,0xD657,0xD657,0xD657,0xD678,0xDE78,0xCE16,0xD637,0xD657,0xCE16,0xDE98,0xDE78,0xDE78,
    0xD637,0xDE78,0xDE78,0xCE37,0xDE98,0xCE16,0xCE37,0xD657,0xD678,0xD657,0xD678,0xCE37,0xD678,0xDE98,0xD657,0xD677,
    0xD657,0xD677,0xD637,0xDE78,0xC5D5,0xCE36,0xCE16,0xCE57,0xBDB4,0xBDD5,0xD657,0xDE98,0xCE36,0xD677,0xC5F5,0xDE78,
    0xD637,0xD657,0xDE98,0xD678,0xDE98,0xE6B9,0xDE78,0xDE98,0xE6B9,0xD637,0xCE37,0xDEB9,0xD657,0xDE98,0xD657,0xCE16,
    0xDE98,0xDE78,0xD657,0xD657,0xDEB9,0xD657,0xDE78,0xDE99,0xD657,0xD657,0xD678,0xD678,0xD637,0xDE98,0xD678,0xD657,
    0xD678,0xCE16,0xCE37,0xD657,0xDE78,0xDE98,0xCE16,0xDE78,0xD657,0xDE98,0xDE98,0xDE98,0xD657,0xE6D9,0xDEB9,0xCE37,
    0xD678,0xDEB8,0xD657,0xD678,0xDE98,0xCE37,0xD678,0xD657,0xDE98,0xD678,0xDE98,0xD657,0xB533,0xDE98,0xDE98,0xD637,
    0xDEB9,0xDEB8,0xD677,0xDE98,0xD677,0xC5D5,0xD637,0xD677,0xD657,0xDE98,0xE6D9,0xDEB8,0xD677,0xDE98,0xDE98,0xDE98,
    0xDEB8,0xDEB8,0xCE16,0xC5B5,0xDE98,0xD657,0xC5F6,0xDE98,0xDE78,0xD678,0xD678,0xD658,0xDE78,0xD678,0xD678,0xDE98,
    0xD657,0xDE78,0xDE78,0xD637,0xD637,0xD657,0xD637,0xD678,0xD678,0xDE78,0xDE78,0xDE78,0xDE98,0xD678,0xD678,0xD637,
    0xDEB8,0xD677,0xD677,0xD677,0xD677,0xDE78,0xDE98,0xD657,0xDEB8,0xE6D9,0xD637,0xD637,0xE6B9,0xD658,0xDE99,0xDE78,
    0xD678,0xDE78,0xDE98,0xD657,0xCE37,0xD677,0xDEB8,0xD657,0xD677,0xCE36,0xE6F9,0xE6F9,0xDE78,0xCE16,0xD637,0xDE78,
    0xCE37,0xCE16,0xD678,0xD678,0xDE78,0xD678,0xD657,0xD657,0xDE78,0xDE78,0xD637,0xDE78,0xDE78,0xE6D9,0xDE98,0xD657,
    0xD657,0xD657,0xDE78,0xD637,0xDE78,0xD637,0xDE98,0xD657,0xD678,0xDE98,0xCE36,0xE6D9,0xCE37,0xD678,0xD657,0xCE37,
    0xDEB9,0xCE37,0xD657,0xD677,0xD677,0xD657,0xDE98,0xD677,0xD698,0xC5F5,0xD677,0xDEB9,0xD637,0xDEB9,0xCE37,0xDEB9,
    0xDE78,0xDE78,0xDE98,0xDE78,0xD657,0xCE36,0xDE78,0xD637,0xD637,0xDE98,0xDE98,0xDEB8,0xD657,0xC5F6,0xD678,0xD678,
    0xD657,0xDE98,0xDE98,0xD657,0xD678,0xD678,0xD657,0xDE98,0xC5D5,0xDE98,0xD637,0xD636,0xDE77,0xD677,0xE6B9,0xD657,
    0xD657,0xCE37,0xCE16,0xDEB9,0xD678,0xDE78,0xDE98,0xDEB9,0xD657,0xCDF6,0xD657,0xDE98,0xCDF6,0xD678,0xD637,0xDE98,
    0xD637,0xC5F6,0xCDF6,0xD678,0xDEB9,0xD657,0xDE78,0xCE37,0xD657,0xE6B9,0xCE37,0xCE37,0xD657,0xD678,0xCE37,0xCE16,
    0xD657,0xD657,0xD678,0xE6D9,0xD678,0xD678,0xE6D9,0xDE58,0xDE78,0xD637,0xD657,0xDE78,0xD637,0xD637,0xD657,0xD678,
    0xDE98,0xD678,0xDE78,0xD657,0xD658,0xCE17,0xE6B9,0xD657,0xDE78,0xD636,0xDE78,0xD657,0xCE16,0xD637,0xE6B9,0xD657,
    0xDE78,0xD637,0xDE98,0xDE77,0xCE16,0xDE78,0xD657,0xD657,0xD657,0xD657,0xD636,0xDE78,0xDE78,0xD637,0xC5D5,0xD637,
    0xDE98,0xD657,0xD637,0xD637,0xD678,0xD637,0xDE98,0xD677,0xCE16,0xC5D5,0xCE16,0xDE98,0xCE36,0xD657,0xDE98,0xD657,
    0xD657,0xCE16,0xCE36,0xD657,0xD677,0xD657,0xCE36,0xC616,0xCE36,0xD657,0xCE36,0xD677,0xD678,0xD677,0xCE36,0xC5D5,
    0xD637,0xCDF5,0xDE98,0xDE78,0xDE98,0xDE98,0xDE78,0xD657,0xD657,0xCE16,0xCE17,0xDEB9,0xD678,0xCE16,0xCE37,0xCE37,
    0xD678,0xDEB9,0xCE37,0xC5F6,0xD678,0xD637,0xD657,0xD657,0xD657,0xDEB9,0xD657,0xD657,0xD658,0xCE37,0xD698,0xCE57,
    0xCE37,0xCE57,0xCE37,0xDEB9,0xDEB9,0xD657,0xD657,0xCE37,0xD678,0xDE98,0xD657,0xCE16,0xDE98,0xD678,0xD658,0xD657,
    0xD678,0xDEB9,0xCE37,0xCE57,0xDE98,0xCE37,0xD657,0xDE78,0xDE98,0xDE98,0xD678,0xD637,0xDE98,0xD678,0xD657,0xDE98,
    0xDE98,0xDE98,0xCE37,0xD657,0xD678,0xCE16,0xDE98,0xDE98,0xD657,0xD637,0xCE16,0xDE98,0xD637,0xDE98,0xCE16,0xD637,
    0xDE78,0xD637,0xD637,0xDE78,0xE6FA,0xCE37,0xDE78,0xDE78,0xDE98,0xDE78,0xD657,0xDEB9,0xDE98,0xDE78,0xD678,0xDE78,
    0xDE78,0xDE98,0xDE98,0xDE98,0xE6D9,0xDE78,0xD657,0xE6D9,0xBDB5,0xCE16,0xDEB9,0xD698,0xD657,0xDEB9,0xDE98,0xDEB9,
    0xD657,0xD657,0xDE98,0xD657,0xD678,0xDE98,0xCE37,0xDEB9,0xDE98,0xCE37,0xCE16,0xE6B9,0xD657,0xD678,0xCE16,0xE6D9,
    0xE6FA,0xCE16,0xD658,0xDE99,0xDE99,0xE6B9,0xDEB9,0xD678,0xDE78,0xDEB9,0xE6B9,0xDE98,0xDEB9,0xDE98,0xDE98,0xDE78,
    0xCE16,0xDEB9,0xE6B9,0xD657,0xDE78,0xD678,0xDE78,0xDE98,0xDEB9,0xDE98,0xCE37,0xDEB9,0xDE78,0xCE37,0xD657,0xD657,
    0xD678,0xDEB8,0xD698,0xD657,0xDEB8,0xDEB9,0xDE98,0xD657,0xDE78,0xD678,0xDE98,0xDEB9,0xD637,0xE6D9,0xD678,0xDE98,
    0xD678,0xD657,0xE6B9,0xD678,0xDE99,0xDEB9,0xDEB9,0xDE99,0xD657,0xDEB9,0xDEB9,0xE6D9,0xCE36,0xD678,0xE6B9,0xD678,
    0xDE78,0xDE98,0xDE78,0xE6FA,0xE6B9,0xDE78,0xE6B9,0xDE78,0xDE78,0xDE78,0xD678,0xD678,0xD678,0xDE98,0xD678,0xDE98,
    0xDEB9,0xDE98,0xDEB9,0xE6FA,0xDEB9,0xDE98,0xD657,0xDE98,0xDE98,0xD678,0xD657,0xDE78,0xE6B9,0xDE98,0xD678,0xD678,
    0xDEB9,0xDE78,0xDE98,0xDE98,0xDE98,0xDE98,0xD637,0xCE37,0xDEB9,0xDE98,0xD637,0xD637,0xDE78,0xCE37,0xDE99,0xDE98,
    0xD678,0xDE98,0xE6D9,0xDEB9,0xD658,0xDEB9,0xDE98,0xD657,0xCE37,0xD678,0xDE98,0xCE37,0xE6D9,0xD678,0xDE98,0xE6D9,
    0xDE78,0xD637,0xE6B9,0xDE98,0xDE98,0xDE98,0xDE78,0xD657,0xD637,0xE6FA,0xD678,0xDE98,0xDE98,0xE6B9,0xE6B9,0xDE78,
    0xD637,0xD657,0xDE78,0xD678,0xE6D9,0xDE98,0xDE98,0xD637,0xD677,0xE6FA,0xDEB8,0xDE98,0xD657,0xD678,0xDE98,0xDE98,
    0xDEB9,0xDE98,0xDEB9,0xD657,0xD678,0xE6D9,0xD698,0xD657,0xDEB9,0xDEB9,0xE6D9,0xDE78,0xD658,0xDE99,0xD678,0xDE98,
    0xDE98,0xE6FA,0xDE78,0xD658,0xE6B9,0xD657,0xDE78,0xCE17,0xC5D6,0xDEB9,0xDE98,0xD678,0xDE98,0xD678,0xD678,0xDEB9,
    0xD698,0xD678,0xDE98,0xDE98,0xDEB9,0xDEB9,0xDE98,0xDE98,0xCE16,0xDE98,0xD678,0xCE37,0xD657,0xCE17,0xCE37,0xD678,
    0xD657,0xD678,0xD657,0xE6DA,0xDE78,0xD658,0xDE78,0xDE99,0xDE98,0xDE98,0xD637,0xCE37,0xD657,0xD637,0xDE98,0xD678,
    0xD637,0xE6D9,0xDE98,0xD657,0xDE98,0xD637,0xE6B9,0xDEB9,0xDE78,0xCE37,0xDE98,0xD678,0xCE37,0xE6D9,0xD678,0xCE16,
    0xD678,0xDEB9,0xD657,0xDE99,0xD678,0xD657,0xDE99,0xD617,0xDE78,0xDE78,0xCE17,0xD658,0xDE99,0xDE78,0xE699,0xDE78,
    0xD658,0xD657,0xD658,0xD678,0xDE99,0xD657,0xCE17,0xDE78,0xD657,0xD657,0xCE16,0xDE78,0xDE78,0xCE16,0xDE98,0xD657,
    0xDE98,0xDE78,0xD657,0xDE77,0xE6B8,0xD637,0xD657,0xDE98,0xD657,0xE6D9,0xDE78,0xD637,0xDE98,0xDE78,0xDE78,0xD637,
    0xDE98,0xDE98,0xD657,0xDE57,0xDE98,0xD637,0xD637,0xD657,0xD678,0xC5F6,0xCE37,0xD657,0xDEB9,0xD637,0xCE37,0xC5F6,
    0xE6D9,0xDEB9,0xD678,0xCE37,0xD678,0xD657,0xCE16,0xCE37,0xD678,0xD678,0xCE16,0xD678,0xCE16,0xCE36,0xD657,0xCE37,
    0xCE16,0xD657,0xCDF6,0xC5D5,0xCE16,0xCE16,0xD637,0xD657,0xD657,0xCE16,0xCE16,0xD657,0xCE16,0xD678,0xD658,0xC5F6,
    0xCE16,0xCE17,0xCE16,0xD657,0xD678,0xCE17,0xD657,0xC5F6,0xCE17,0xDEB9,0xCE37,0xC5F6,0xC616,0xD678,0xCE37,0xCE16,
    0xD657,0xCE57,0xCE37,0xD698,0xCE57,0xCE36,0xC5F6,0xCE57,0xD698,0xC616,0xCE36,0xCE57,0xD657,0xCE16,0xCE37,0xCE37,
    0xCE57,0xE6FA,0xCE57,0xD678,0xCE37,0xC616,0xCE37,0xD678,0xD637,0xDE98,0xC5F6,0xCE37,0xD657,0xD657,0xD637,0xCDF6,
    0xD637,0xD657,0xDE78,0xCE37,0xCE16,0xD657,0xDEB9,0xD678,0xD637,0xD678,0xD657,0xDE98,0xDE78,0xDE98,0xCE16,0xD637,
    0xD657,0xD657,0xD637,0xC5D5,0xD657,0xD678,0xD637,0xDE98,0xD657,0xCE16,0xCE16,0xD678,0xD657,0xD637,0xD637,0xD638,
    0xD658,0xD658,0xD678,0xCE37,0xCE37,0xD658,0xCDF6,0xDE99,0xD678,0xDE99,0xD678,0xCE37,0xD678,0xD678,0xCE37,0xCE17,
    0xDE78,0xD678,0xD657,0xD657,0xCDF6,0xCE16,0xD637,0xCE16,0xD678,0xD657,0xCE37,0xD678,0xDE78,0xD657,0xCDF6,0xDE78,
    0xDE78,0xD657,0xD657,0xDE78,0xD637,0xE6B9,0xDE98,0xCE16,0xD678,0xDE99,0xCE17,0xDE99,0xD657,0xD657,0xD657,0xD657,
    0xD637,0xD657,0xCE16,0xCE37,0xDE98,0xCE16,0xE6B9,0xDE78,0xD657,0xCE16,0xCE16,0xE6D9,0xDE98,0xD657,0xD657,0xD698,
    0xDED9,0xDEB8,0xD657,0xD657,0xD657,0xCE57,0xD698,0xD678,0xCDF6,0xDE78,0xD637,0xD678,0xDE98,0xD657,0xD637,0xD657,
    0xDE98,0xDE99,0xD658,0xD637,0xDE99,0xD658,0xD637,0xDE99,0xD658,0xDE99,0xD637,0xC5D6,0xD678,0xDE99,0xCE37,0xDE98,
    0xD678,0xD637,0xD637,0xD678,0xDE98,0xCE16,0xD657,0xE6B9,0xD637,0xD637,0xDE98,0xD657,0xD678,0xDE99,0xD637,0xD637,
    0xDE99,0xD657,0xD658,0xD678,0xCE17,0xD658,0xD657,0xCE16,0xDE98,0xDE98,0xCE37,0xDE78,0xD678,0xDE98,0xCE37,0xD637,
    0xD658,0xD658,0xD678,0xD658,0xDE78,0xDE99,0xD637,0xDE79,0xD678,0xD637,0xDEB9,0xDE99,0xD637,0xDE98,0xDE98,0xC5D6,
    0xCE37,0xD678,0xD637,0xDEB9,0xDEB9,0xDE99,0xD658,0xCE37,0xDEB9,0xDEB9,0xD678,0xCE37,0xD657,0xD678,0xD678,0xD678,
    0xD657,0xD637,0xDE98,0xCE37,0xD637,0xDE78,0xCE37,0xDE98,0xD637,0xDE98,0xE6B9,0xCE16,0xD657,0xD657,0xCE16,0xCE16,
    0xDE98,0xE6D9,0xDE98,0xD657,0xCE37,0xD657,0xD657,0xDEB9,0xDE98,0xCE37,0xDEB8,0xD678,0xCE36,0xCE57,0xD678,0xD677,
    0xC616,0xD678,0xD678,0xD678,0xD678,0xD678,0xCE37,0xD678,0xCE17,0xD658,0xDE98,0xCDF6,0xD657,0xD637,0xDE78,0xD637,
    0xD637,0xDE99,0xE6D9,0xD657,0xDE78,0xD658,0xCE37,0xDE79,0xD658,0xD658,0xD678,0xDE79,0xDE99,0xCE37,0xD657,0xDEB9,
    0xD698,0xD657,0xCE17,0xD657,0xDE99,0xD657,0xD657,0xD678,0xDEB9,0xCE37,0xD678,0xD678,0xD678,0xD658,0xD698,0xD678,
    0xCE37,0xDE78,0xDE98,0xD678,0xD657,0xD678,0xBDB5,0xDEB9,0xEEFA,0xD657,0xDE78,0xD657,0xCE16,0xDE98,0xCE16,0xCE37,
    0xD657,0xD657,0xD657,0xCE16,0xD678,0xD657,0xD678,0xD657,0xD678,0xD637,0xDE78,0xD637,0xCDF6,0xD698,0xE6D9,0xDE98,
    0xCE37,0xD658,0xCE57,0xC5F6,0xD657,0xD678,0xD657,0xCE17,0xD658,0xDE78,0xD617,0xD658,0xDE58,0xD658,0xDE78,0xCDF6,
    0xCE17,0xE6D9,0xD657,0xCE37,0xCDF6,0xDE78,0xE6B9,0xD658,0xC5D6,0xD657,0xD657,0xCDF6,0xDE78,0xD657,0xCDF6,0xD637,
    0xD637,0xD657,0xCE16,0xD657,0xE6D9,0xCE16,0xCDF5,0xCDF6,0xD657,0xD637,0xDE77,0xD657,0xC5D5,0xCDF6,0xDE98,0xCE16,
    0xCE16,0xDE78,0xD637,0xC5D5,0xCDF6,0xC5D5,0xBDB5,0xCE17,0xDE99,0xCE37,0xCE37,0xCE17,0xD658,0xCE37,0xD658,0xC617,
    0xD658,0xCE57,0xD678,0xC616,0xD678,0xD658,0xCE17,0xCE17,0xD677,0xC5F5,0xCE16,0xD678,0xC616,0xBDD5,0xBDD5,0xCE37,
    0xEEFA,0xF75B,0xE6D9,0xE6B9,0xE6D9,0xE6D9,0xEEF9,0xDE98,0xE6D9,0xE6DA,0xE6FA,0xDEB9,0xDEB9,0xE6DA,0xDEB9,0xDEB9,
    0xE6FA,0xEF1A,0xE6FA,0xE6FA,0xE6FA,0xE71A,0xEF1B,0xE6DA,0xEEFA,0xEF3B,0xEEFA,0xE6DA,0xE6DA,0xEF1A,0xE6FA,0xEF1A,
    0xEF1B,0xEF1A,0xE6FA,0xE6FA,0xEF1A,0xE6F9,0xE6FA,0xEF3A,0xE6FA,0xDED9,0xE6FA,0xEF5B,0xE6FA,0xE6FA,0xEF1B,0xE6FA,
    0xEF1B,0xEF3B,0xE6DA,0xEF3B,0xE6FA,0xEF3B,0xEF5B,0xE6FA,0xEF3B,0xF75B,0xEF3B,0xEF1A,0xEEFA,0xEEFA,0xEEFA,0xE6FA,
    0xEEFA,0xEF1A,0xE6D9,0xEF1A,0xE6FA,0xE6FA,0xEF1A,0xE6FA,0xEEFA,0xEF1A,0xE6D9,0xE6D9,0xE6D9,0xE6D9,0xEEFA,0xE6D9,
    0xE6D9,0xE6D9,0xF73B,0xE6D9,0xDE98,0xEF1A,0xEF1A,0xE6FA,0xE6D9,0xE6FA,0xEF3B,0xE6FA,0xE6DA,0xEEFB,0xEEFB,0xEEFB,
    0xEEFB,0xF73C,0xEF1B,0xEEFB,0xEF1B,0xEF1B,0xF75C,0xF75C,0xEF1B,0xEF1B,0xEF3C,0xE71B,0xEF1B,0xEF1B,0xE71B,0xE6FA,
    0xEF1A,0xEF3B,0xEF1A,0xEF1A,0xEF1A,0xEF1A,0xEF3B,0xEF1A,0xEEFA,0xEF1A,0xEF1A,0xEEFA,0xEF1A,0xEF1A,0xEF1A,0xEF1A,
    0xEF3B,0xEF3B,0xEF1B,0xEF1B,0xEF3B,0xE6DA,0xEF1B,0xEF1B,0xEEFA,0xE6FA,0xEF1B,0xF75C,0xE6D9,0xE6FA,0xEF1A,0xEF1A,
    0xEF1A,0xEF1A,0xE6D9,0xEF1A,0xEF1A,0xE6D9,0xEF1A,0xEEFA,0xEF3B,0xE6D9,0xE6D9,0xEF3B,0xDEB9,0xE6D9,0xEF1A,0xE71A,
    0xE6F9,0xE6D9,0xE6FA,0xEF1A,0xEF1A,0xE71A,0xEF5B,0xEF5B,0xEF1A,0xEF3B,0xEF1A,0xF73B,0xEF1A,0xE6FA,0xEF3B,0xE6D9,
    0xEF1A,0xEF3B,0xE6DA,0xEF1B,0xEEFB,0xE6DA,0xE6DA,0xEF3C,0xE6FB,0xE6DA,0xEEFA,0xE6FA,0xEF1A,0xE6DA,0xEEFA,0xEF1B,
    0xE6DA,0xEEFA,0xEF1A,0xE6DA,0xE6DA,0xEEFA,0xEF1A,0xEF1A,0xEEFA,0xEF1A,0xEF1A,0xEF1A,0xF73B,0xEEFA,0xEF1B,0xEF1B,
    0xEF1B,0xEEFA,0xEF3B,0xE6DA,0xEF1B,0xEEFA,0xE6FA,0xE6B9,0xE6D9,0xE6FA,0xE6FA,0xEF3B,0xEF1A,0xE6FA,0xEF1A,0xF75B,
    0xEF1B,0xEF3C,0xEF3C,0xEEFB,0xEEFB,0xF73C,0xEEFB,0xEF3B,0xE6DA,0xEEFB,0xEF3B,0xEF3B,0xEEFA,0xEF3B,0xEF1B,0xEEFA,
    0xEF3B,0xEF3B,0xE6FA,0xF75C,0xEF1B,0xE6FA,0xEF1B,0xEF1B,0xEF3C,0xEF1B,0xE6DA,0xEF3B,0xEF3B,0xEF1A,0xEEFA,0xEEFA,
    0xEF1A,0xEF1A,0xEF1A,0xEF1A,0xE6FA,0xE6D9,0xE6D9,0xE6D9,0xE6D9,0xE6FA,0xEF3B,0xE6D9,0xEF1A,0xF75B,0xE6D9,0xE6D9,
    0xEF3B,0xE6FA,0xE6FA,0xE6FA,0xEF1A,0xE6FA,0xEF1A,0xEF1A,0xE6FA,0xEF1A,0xE71A,0xEF3B,0xEF3B,0xEF1A,0xEF3A,0xEF1A,
    0xEF3A,0xEF3B,0xEF1B,0xEF5C,0xEF5C,0xEF1B,0xEF1B,0xEF1B,0xEF1B,0xEF3B,0xEF5C,0xEF1B,0xEF3B,0xEF1B,0xEEFA,0xEEFA,
    0xE6FA,0xE6FA,0xE6FA,0xEEFA,0xE6BA,0xEEFB,0xE6DA,0xEEFB,0xEEFB,0xEEFB,0xEF1B,0xEEFB,0xF73C,0xEEFB,0xEF1B,0xEF1B,
    0xEF1B,0xEF3B,0xE6FA,0xE71A,0xEF1A,0xEF3B,0xEF3B,0xEF3B,0xEF3B,0xE6FA,0xE71B,0xEF5C,0xEF3C,0xE73B,0xEF3B,0xE71B,
    0xE71B,0xEF3B,0xEF1B,0xEF3B,0xE6FA,0xEEFA,0xE6FA,0xE6B9,0xEF1A,0xE6FA,0xEF1A,0xE6FA,0xDEB9,0xF75B,0xE6D9,0xE6D9,
    0xEF1A,0xEF1A,0xE6FA,0xE71A,0xE6FA,0xE6FA,0xEEFA,0xE6D9,0xE6FA,0xEF1A,0xEF3B,0xEF1A,0xEF3B,0xE71A,0xE6FA,0xE6FA,
    0xE6FA,0xE6FA,0xE6FA,0xE6FA,0xEF1B,0xE6FA,0xE6B9,0xE6DA,0xEEFA,0xEEDA,0xE6DA,0xEEFA,0xE6DA,0xEEDA,0xE6DA,0xE6FA,
    0xEF1B,0xF73B,0xD678,0xEEFA,0xE6FA,0xDEB9,0xEF3B,0xE6B9,0xE6D9,0xEEFA,0xE6D9,0xE6D9,0xEF1A,0xE6B9,0xE6B9,0xE6D9,
    0xE6D9,0xEEFA,0xE6D9,0xEEFA,0xEEFA,0xE6D9,0xEEFA,0xEEF9,0xE6D9,0xE6D9,0xEEFA,0xEEFA,0xEEFA,0xE6D9,0xEEFA,0xE6D9,
    0xEEFA,0xEEFA,0xEEFA,0xEEFA,0xE6FA,0xE6FB,0xE6DA,0xE6FA,0xE6DA,0xDEBA,0xDEBA,0xE6DA,0xE6BA,0xEF1B,0xE6FA,0xE6FB,
    0xE6DA,0xE6DA,0xEF1B,0xE6FA,0xEF1B,0xE6FA,0xEF1B,0xE6FA,0xEF3B,0xD698,0xEF1A,0xDEB9,0xDEB9,0xE6D9,0xDE98,0xE6FA,
};

const GalleryImage_t gallery_images[] = {
    { gallery_data_WhatsApp_Image_2026_05_31_at_16_51_01, "WhatsApp Image 2026-05-31 at 16.51.01" },
};

const uint8_t gallery_image_count = 1U;
