#ifndef UMBRELLA_IMAGE_H
#define UMBRELLA_IMAGE_H
#include <stdint.h>
#define UMBRELLA_W 128U
#define UMBRELLA_H 128U
static const uint16_t umbrella_data[128 * 128] = {
    0x0000, 0x0000, 0x0000, 0x0000, 0x0000, 0x0000, 0x0000, 0x0000, 0x0000, 0x0000, 0x0000, 0x0000, 0x0000, 0x0000, 0x0000, 0x0000,
    0x0000, 0x0000, 0x0000, 0x0000, 0x0000, 0x0000, 0x0000, 0x0000, 0x0000, 0x0000, 0x0000, 0x0000, 0x0000, 0x0000, 0x0000, 0x0000,
    0x0000, 0x0000, 0x0000, 0x0000, 0x0000, 0x0000, 0x0000, 0x0000, 0x0000, 0x0000, 0x0000, 0x0000, 0x0000, 0x0000, 0x0000, 0x0000,
    0x0000, 0x0000, 0x0000, 0x0000, 0x0000, 0x0000, 0x0000, 0x0000, 0x0000, 0x0000, 0x0000, 0x0000, 0x0000, 0x0000, 0x0000, 0x0000,
    0x0000, 0x0000, 0x0000, 0x0000, 0x0000, 0x0000, 0x0000, 0x0000, 0x0000, 0x0000, 0x0000, 0x0000, 0x0000, 0x0000, 0x0000, 0x0000,
    0x0000, 0x0000, 0x0000, 0x0000, 0x0000, 0x0000, 0x0000, 0x0000, 0x0000, 0x0000, 0x0000, 0x0000, 0x0000, 0x0000, 0x0000, 0x0000,
    0x0000, 0x0000, 0x0000, 0x0000, 0x0000, 0x0000, 0x0000, 0x0000, 0x0000, 0x0000, 0x0000, 0x0000, 0x0000, 0x0000, 0x0000, 0x0000,
    0x0000, 0x0000, 0x0000, 0x0000, 0x0000, 0x0000, 0x0000, 0x0000, 0x0000, 0x0000, 0x0000, 0x0000, 0x0000, 0x0000, 0x0000, 0x0000,
    0x0000, 0x0000, 0x0000, 0x0000, 0x0000, 0x0000, 0x0000, 0x0000, 0x0000, 0x0000, 0x0000, 0x0000, 0x0000, 0x0000, 0x0000, 0x0000,
    0x0000, 0x0000, 0x0000, 0x0000, 0x0000, 0x0000, 0x0000, 0x0000, 0x0000, 0x0000, 0x0000, 0x0000, 0x0000, 0x0000, 0x0000, 0x0000,
    0x0000, 0x0000, 0x0000, 0x0000, 0x0000, 0x2104, 0x2104, 0x18E4, 0x10E4, 0x1104, 0x10E4, 0x1904, 0x1904, 0x1904, 0x2104, 0x0000,
    0x0000, 0x0000, 0x0000, 0x0000, 0x0000, 0x0000, 0x0000, 0x0000, 0x0000, 0x0000, 0x0000, 0x0000, 0x0000, 0x0000, 0x0000, 0x0000,
    0x0000, 0x0000, 0x0000, 0x0000, 0x0000, 0x0000, 0x0000, 0x0000, 0x0000, 0x0000, 0x0000, 0x0000, 0x0000, 0x0000, 0x0000, 0x0000,
    0x0000, 0x2104, 0x1904, 0x1904, 0x1904, 0x10E4, 0x1104, 0x10E4, 0x18E4, 0x2104, 0x2104, 0x0000, 0x0000, 0x0000, 0x0000, 0x0000,
    0x0000, 0x0000, 0x0000, 0x0000, 0x0000, 0x0000, 0x0000, 0x0000, 0x0000, 0x0000, 0x0000, 0x0000, 0x0000, 0x0000, 0x0000, 0x0000,
    0x0000, 0x0000, 0x0000, 0x0000, 0x0000, 0x0000, 0x0000, 0x0000, 0x0000, 0x0000, 0x0000, 0x0000, 0x0000, 0x0000, 0x0000, 0x0000,
    0x0000, 0x0000, 0x0000, 0x0000, 0x0000, 0x0000, 0x0000, 0x0000, 0x0000, 0x0000, 0x0000, 0x0000, 0x0000, 0x0000, 0x0000, 0x0000,
    0x0000, 0x0000, 0x0000, 0x0000, 0x0000, 0x0000, 0x0000, 0x0000, 0x0000, 0x0000, 0x0000, 0x0000, 0x0000, 0x0000, 0x0000, 0x0000,
    0x0000, 0x0000, 0x0000, 0x0000, 0x2104, 0x20E3, 0x18E3, 0x68E4, 0x90E4, 0x78E4, 0x68E4, 0x58E4, 0x4904, 0x3904, 0x3104, 0x2904,
    0x2104, 0x2104, 0x1904, 0x1904, 0x18E4, 0x1104, 0x10E4, 0x10E4, 0x1104, 0x1104, 0x1104, 0x1104, 0x1104, 0x1104, 0x1904, 0x18E4,
    0x18E4, 0x1904, 0x1104, 0x1104, 0x1104, 0x1104, 0x1104, 0x1104, 0x10E4, 0x10E4, 0x1104, 0x18E4, 0x1904, 0x1904, 0x2104, 0x2104,
    0x2904, 0x3104, 0x3904, 0x4904, 0x58E4, 0x68E4, 0x78E4, 0x90E4, 0x68E4, 0x18E3, 0x20C3, 0x2104, 0x0000, 0x0000, 0x0000, 0x0000,
    0x0000, 0x0000, 0x0000, 0x0000, 0x0000, 0x0000, 0x0000, 0x0000, 0x0000, 0x0000, 0x0000, 0x0000, 0x0000, 0x0000, 0x0000, 0x0000,
    0x0000, 0x0000, 0x0000, 0x0000, 0x0000, 0x0000, 0x0000, 0x0000, 0x0000, 0x0000, 0x0000, 0x0000, 0x0000, 0x0000, 0x0000, 0x0000,
    0x0000, 0x0000, 0x0000, 0x0000, 0x0000, 0x0000, 0x0000, 0x0000, 0x0000, 0x0000, 0x0000, 0x0000, 0x0000, 0x0000, 0x0000, 0x0000,
    0x0000, 0x0000, 0x0000, 0x0000, 0x0000, 0x0000, 0x0000, 0x0000, 0x0000, 0x0000, 0x0000, 0x0000, 0x0000, 0x0000, 0x0000, 0x0000,
    0x0000, 0x0000, 0x0000, 0x2104, 0x20E3, 0x9CD3, 0x31E7, 0x60A3, 0xF8E4, 0xF0E4, 0xF0E4, 0xF0E4, 0xE8E4, 0xE0E4, 0xD8E4, 0xD0E4,
    0xC0E4, 0xB0E4, 0xA8E4, 0x98E4, 0x90E4, 0x88E4, 0x80E4, 0x78E4, 0x70E4, 0x68E4, 0x68E4, 0x60E4, 0x60E4, 0x58E4, 0x58E4, 0x58E4,
    0x58E4, 0x58E4, 0x58E4, 0x60E4, 0x60E4, 0x68E4, 0x68E4, 0x70E4, 0x78E4, 0x80E4, 0x88E4, 0x90E4, 0x98E4, 0xA8E4, 0xB0E4, 0xC0E4,
    0xD0E4, 0xD8E4, 0xE0E4, 0xE8E4, 0xF0E4, 0xF0E4, 0xF0E4, 0xF8E4, 0x60A3, 0x31E7, 0x9CD3, 0x20E3, 0x2104, 0x0000, 0x0000, 0x0000,
    0x0000, 0x0000, 0x0000, 0x0000, 0x0000, 0x0000, 0x0000, 0x0000, 0x0000, 0x0000, 0x0000, 0x0000, 0x0000, 0x0000, 0x0000, 0x0000,
    0x0000, 0x0000, 0x0000, 0x0000, 0x0000, 0x0000, 0x0000, 0x0000, 0x0000, 0x0000, 0x0000, 0x0000, 0x0000, 0x0000, 0x0000, 0x0000,
    0x0000, 0x0000, 0x0000, 0x0000, 0x0000, 0x0000, 0x0000, 0x0000, 0x0000, 0x0000, 0x0000, 0x0000, 0x0000, 0x0000, 0x0000, 0x0000,
    0x0000, 0x0000, 0x0000, 0x0000, 0x0000, 0x0000, 0x0000, 0x0000, 0x0000, 0x0000, 0x0000, 0x0000, 0x0000, 0x0000, 0x0000, 0x0000,
    0x0000, 0x0000, 0x2945, 0x18A2, 0x8C31, 0xFFFF, 0x83F0, 0x1082, 0xC104, 0xF0E4, 0xE8E4, 0xE8E4, 0xE8E4, 0xE8E4, 0xF0E4, 0xF0E4,
    0xF0E4, 0xF0E4, 0xF8E4, 0xF8E4, 0xF8E4, 0xF8E4, 0xF8E4, 0xF8E4, 0xF0E4, 0xF0E4, 0xF0E4, 0xF0E4, 0xF0E4, 0xF0E4, 0xF0E4, 0xF0E4,
    0xF0E4, 0xF0E4, 0xF0E4, 0xF0E4, 0xF0E4, 0xF0E4, 0xF0E4, 0xF0E4, 0xF8E4, 0xF8E4, 0xF8E4, 0xF8E4, 0xF8E4, 0xF8E4, 0xF0E4, 0xF0E4,
    0xF0E4, 0xF0E4, 0xE8E4, 0xE8E4, 0xE8E4, 0xE8E4, 0xF0E4, 0xC104, 0x1082, 0x83F0, 0xFFFF, 0x8C51, 0x18A2, 0x2945, 0x0000, 0x0000,
    0x0000, 0x0000, 0x0000, 0x0000, 0x0000, 0x0000, 0x0000, 0x0000, 0x0000, 0x0000, 0x0000, 0x0000, 0x0000, 0x0000, 0x0000, 0x0000,
    0x0000, 0x0000, 0x0000, 0x0000, 0x0000, 0x0000, 0x0000, 0x0000, 0x0000, 0x0000, 0x0000, 0x0000, 0x0000, 0x0000, 0x0000, 0x0000,
    0x0000, 0x0000, 0x0000, 0x0000, 0x0000, 0x0000, 0x0000, 0x0000, 0x0000, 0x0000, 0x0000, 0x0000, 0x0000, 0x0000, 0x0000, 0x0000,
    0x0000, 0x0000, 0x0000, 0x0000, 0x0000, 0x0000, 0x0000, 0x0000, 0x0000, 0x0000, 0x0000, 0x0000, 0x0000, 0x0000, 0x0000, 0x0000,
    0x0000, 0x0000, 0x1882, 0x6B4D, 0xFFDF, 0xFFFF, 0xD69A, 0x1904, 0x78E4, 0xF8E4, 0xE8E4, 0xE8E4, 0xE8E4, 0xE8E4, 0xE8E4, 0xE8E4,
    0xE8E4, 0xE8E4, 0xE8E4, 0xE8E4, 0xE8E4, 0xE8E4, 0xE8E4, 0xE8E4, 0xE8E4, 0xE8E4, 0xE8E4, 0xE8E4, 0xE8E4, 0xE8E4, 0xE8E4, 0xE8E4,
    0xE8E4, 0xE8E4, 0xE8E4, 0xE8E4, 0xE8E4, 0xE8E4, 0xE8E4, 0xE8E4, 0xE8E4, 0xE8E4, 0xE8E4, 0xE8E4, 0xE8E4, 0xE8E4, 0xE8E4, 0xE8E4,
    0xE8E4, 0xE8E4, 0xE8E4, 0xE8E4, 0xE8E4, 0xE8E4, 0xF8E4, 0x78E4, 0x1904, 0xD6BA, 0xFFFF, 0xFFDF, 0x6B4D, 0x18A2, 0x0000, 0x0000,
    0x0000, 0x0000, 0x0000, 0x0000, 0x0000, 0x0000, 0x0000, 0x0000, 0x0000, 0x0000, 0x0000, 0x0000, 0x0000, 0x0000, 0x0000, 0x0000,
    0x0000, 0x0000, 0x0000, 0x0000, 0x0000, 0x0000, 0x0000, 0x0000, 0x0000, 0x0000, 0x0000, 0x0000, 0x0000, 0x0000, 0x0000, 0x0000,
    0x0000, 0x0000, 0x0000, 0x0000, 0x0000, 0x0000, 0x0000, 0x0000, 0x0000, 0x0000, 0x0000, 0x0000, 0x0000, 0x0000, 0x0000, 0x0000,
    0x0000, 0x0000, 0x0000, 0x0000, 0x0000, 0x0000, 0x0000, 0x0000, 0x0000, 0x0000, 0x0000, 0x0000, 0x0000, 0x0000, 0x0000, 0x0000,
    0x0000, 0x18A2, 0x4A49, 0xF79E, 0xFFFF, 0xFFFF, 0xFFFF, 0x5AEB, 0x28A2, 0xE0E4, 0xF0E4, 0xE8E4, 0xE8E4, 0xE8E4, 0xE8E4, 0xE8E4,
    0xE8E4, 0xE8E4, 0xE8E4, 0xE8E4, 0xE8E4, 0xE8E4, 0xE8E4, 0xE8E4, 0xE8E4, 0xE8E4, 0xE8E4, 0xE8E4, 0xE8E4, 0xE8E4, 0xE8E4, 0xE8E4,
    0xE8E4, 0xE8E4, 0xE8E4, 0xE8E4, 0xE8E4, 0xE8E4, 0xE8E4, 0xE8E4, 0xE8E4, 0xE8E4, 0xE8E4, 0xE8E4, 0xE8E4, 0xE8E4, 0xE8E4, 0xE8E4,
    0xE8E4, 0xE8E4, 0xE8E4, 0xE8E4, 0xE8E4, 0xF0E4, 0xE0E4, 0x28A2, 0x5AEB, 0xFFFF, 0xFFFF, 0xFFFF, 0xF79E, 0x4A49, 0x18A2, 0x0000,
    0x0000, 0x0000, 0x0000, 0x0000, 0x0000, 0x0000, 0x0000, 0x0000, 0x0000, 0x0000, 0x0000, 0x0000, 0x0000, 0x0000, 0x0000, 0x0000,
    0x0000, 0x0000, 0x0000, 0x0000, 0x0000, 0x0000, 0x0000, 0x0000, 0x0000, 0x0000, 0x0000, 0x0000, 0x0000, 0x0000, 0x0000, 0x0000,
    0x0000, 0x0000, 0x0000, 0x0000, 0x0000, 0x0000, 0x0000, 0x0000, 0x0000, 0x0000, 0x0000, 0x0000, 0x0000, 0x0000, 0x0000, 0x0000,
    0x0000, 0x0000, 0x0000, 0x0000, 0x0000, 0x0000, 0x0000, 0x0000, 0x0000, 0x0000, 0x0000, 0x0000, 0x0000, 0x0000, 0x0000, 0x0000,
    0x18C3, 0x3186, 0xE71C, 0xFFFF, 0xFFFF, 0xFFFF, 0xFFFF, 0xB596, 0x10A2, 0x98E4, 0xF8E4, 0xE8E4, 0xE8E4, 0xE8E4, 0xE8E4, 0xE8E4,
    0xE8E4, 0xE8E4, 0xE8E4, 0xE8E4, 0xE8E4, 0xE8E4, 0xE8E4, 0xE8E4, 0xE8E4, 0xE8E4, 0xE8E4, 0xE8E4, 0xE8E4, 0xE8E4, 0xE8E4, 0xE8E4,
    0xE8E4, 0xE8E4, 0xE8E4, 0xE8E4, 0xE8E4, 0xE8E4, 0xE8E4, 0xE8E4, 0xE8E4, 0xE8E4, 0xE8E4, 0xE8E4, 0xE8E4, 0xE8E4, 0xE8E4, 0xE8E4,
    0xE8E4, 0xE8E4, 0xE8E4, 0xE8E4, 0xE8E4, 0xF8E4, 0x98E4, 0x10A3, 0xB596, 0xFFFF, 0xFFFF, 0xFFFF, 0xFFFF, 0xE71C, 0x39A6, 0x18C3,
    0x0000, 0x0000, 0x0000, 0x0000, 0x0000, 0x0000, 0x0000, 0x0000, 0x0000, 0x0000, 0x0000, 0x0000, 0x0000, 0x0000, 0x0000, 0x0000,
    0x0000, 0x0000, 0x0000, 0x0000, 0x0000, 0x0000, 0x0000, 0x0000, 0x0000, 0x0000, 0x0000, 0x0000, 0x0000, 0x0000, 0x0000, 0x0000,
    0x0000, 0x0000, 0x0000, 0x0000, 0x0000, 0x0000, 0x0000, 0x0000, 0x0000, 0x0000, 0x0000, 0x0000, 0x0000, 0x0000, 0x0000, 0x0000,
    0x0000, 0x0000, 0x0000, 0x0000, 0x0000, 0x0000, 0x0000, 0x0000, 0x0000, 0x0000, 0x0000, 0x0000, 0x0000, 0x0000, 0x0000, 0x20E3,
    0x2924, 0xCE59, 0xFFFF, 0xFFFF, 0xFFFF, 0xFFFF, 0xFFFF, 0xF7BE, 0x3A08, 0x48A3, 0xE8E4, 0xE8E4, 0xE8E4, 0xE8E4, 0xE8E4, 0xE8E4,
    0xE8E4, 0xE8E4, 0xE8E4, 0xE8E4, 0xE8E4, 0xE8E4, 0xE8E4, 0xE8E4, 0xE8E4, 0xE8E4, 0xE8E4, 0xE8E4, 0xE8E4, 0xE8E4, 0xE8E4, 0xE8E4,
    0xE8E4, 0xE8E4, 0xE8E4, 0xE8E4, 0xE8E4, 0xE8E4, 0xE8E4, 0xE8E4, 0xE8E4, 0xE8E4, 0xE8E4, 0xE8E4, 0xE8E4, 0xE8E4, 0xE8E4, 0xE8E4,
    0xE8E4, 0xE8E4, 0xE8E4, 0xE8E4, 0xE8E4, 0xE8E4, 0x48A3, 0x3A08, 0xF7BE, 0xFFFF, 0xFFFF, 0xFFFF, 0xFFFF, 0xFFFF, 0xCE59, 0x2924,
    0x20E3, 0x0000, 0x0000, 0x0000, 0x0000, 0x0000, 0x0000, 0x0000, 0x0000, 0x0000, 0x0000, 0x0000, 0x0000, 0x0000, 0x0000, 0x0000,
    0x0000, 0x0000, 0x0000, 0x0000, 0x0000, 0x0000, 0x0000, 0x0000, 0x0000, 0x0000, 0x0000, 0x0000, 0x0000, 0x0000, 0x0000, 0x0000,
    0x0000, 0x0000, 0x0000, 0x0000, 0x0000, 0x0000, 0x0000, 0x0000, 0x0000, 0x0000, 0x0000, 0x0000, 0x0000, 0x0000, 0x0000, 0x0000,
    0x0000, 0x0000, 0x0000, 0x0000, 0x0000, 0x0000, 0x0000, 0x0000, 0x0000, 0x0000, 0x0000, 0x0000, 0x0000, 0x0000, 0x2104, 0x18C3,
    0xB596, 0xFFFF, 0xFFFF, 0xFFFF, 0xFFFF, 0xFFFF, 0xFFFF, 0xFFFF, 0x9492, 0x1082, 0xB904, 0xF0E4, 0xE8E4, 0xE8E4, 0xE8E4, 0xE8E4,
    0xE8E4, 0xE8E4, 0xE8E4, 0xE8E4, 0xE8E4, 0xE8E4, 0xE8E4, 0xE8E4, 0xE8E4, 0xE8E4, 0xE8E4, 0xE8E4, 0xE8E4, 0xE8E4, 0xE8E4, 0xE8E4,
    0xE8E4, 0xE8E4, 0xE8E4, 0xE8E4, 0xE8E4, 0xE8E4, 0xE8E4, 0xE8E4, 0xE8E4, 0xE8E4, 0xE8E4, 0xE8E4, 0xE8E4, 0xE8E4, 0xE8E4, 0xE8E4,
    0xE8E4, 0xE8E4, 0xE8E4, 0xE8E4, 0xF0E4, 0xB904, 0x1082, 0x9492, 0xFFFF, 0xFFFF, 0xFFFF, 0xFFFF, 0xFFFF, 0xFFFF, 0xFFFF, 0xB596,
    0x18C3, 0x2104, 0x0000, 0x0000, 0x0000, 0x0000, 0x0000, 0x0000, 0x0000, 0x0000, 0x0000, 0x0000, 0x0000, 0x0000, 0x0000, 0x0000,
    0x0000, 0x0000, 0x0000, 0x0000, 0x0000, 0x0000, 0x0000, 0x0000, 0x0000, 0x0000, 0x0000, 0x0000, 0x0000, 0x0000, 0x0000, 0x0000,
    0x0000, 0x0000, 0x0000, 0x0000, 0x0000, 0x0000, 0x0000, 0x0000, 0x0000, 0x0000, 0x0000, 0x0000, 0x0000, 0x0000, 0x0000, 0x0000,
    0x0000, 0x0000, 0x0000, 0x0000, 0x0000, 0x0000, 0x0000, 0x0000, 0x0000, 0x0000, 0x0000, 0x0000, 0x0000, 0x2924, 0x18A2, 0x9CB2,
    0xFFFF, 0xFFFF, 0xFFFF, 0xFFFF, 0xFFFF, 0xFFFF, 0xFFFF, 0xFFFF, 0xE6FC, 0x2145, 0x68C3, 0xF0E4, 0xE8E4, 0xE8E4, 0xE8E4, 0xE8E4,
    0xE8E4, 0xE8E4, 0xE8E4, 0xE8E4, 0xE8E4, 0xE8E4, 0xE8E4, 0xE8E4, 0xE8E4, 0xE8E4, 0xE8E4, 0xE8E4, 0xE8E4, 0xE8E4, 0xE8E4, 0xE8E4,
    0xE8E4, 0xE8E4, 0xE8E4, 0xE8E4, 0xE8E4, 0xE8E4, 0xE8E4, 0xE8E4, 0xE8E4, 0xE8E4, 0xE8E4, 0xE8E4, 0xE8E4, 0xE8E4, 0xE8E4, 0xE8E4,
    0xE8E4, 0xE8E4, 0xE8E4, 0xE8E4, 0xF0E4, 0x68C3, 0x2145, 0xE71C, 0xFFFF, 0xFFFF, 0xFFFF, 0xFFFF, 0xFFFF, 0xFFFF, 0xFFFF, 0xFFFF,
    0x9CB2, 0x18A2, 0x2924, 0x0000, 0x0000, 0x0000, 0x0000, 0x0000, 0x0000, 0x0000, 0x0000, 0x0000, 0x0000, 0x0000, 0x0000, 0x0000,
    0x0000, 0x0000, 0x0000, 0x0000, 0x0000, 0x0000, 0x0000, 0x0000, 0x0000, 0x0000, 0x0000, 0x0000, 0x0000, 0x0000, 0x0000, 0x0000,
    0x0000, 0x0000, 0x0000, 0x0000, 0x0000, 0x0000, 0x0000, 0x0000, 0x0000, 0x0000, 0x0000, 0x0000, 0x0000, 0x0000, 0x0000, 0x0000,
    0x0000, 0x0000, 0x0000, 0x0000, 0x0000, 0x0000, 0x0000, 0x0000, 0x0000, 0x0000, 0x0000, 0x0000, 0x2945, 0x1882, 0x83EF, 0xFFFF,
    0xFFFF, 0xFFFF, 0xFFFF, 0xFFFF, 0xFFFF, 0xFFFF, 0xFFFF, 0xFFFF, 0xFFFF, 0x6B6D, 0x2082, 0xD0E4, 0xF0E4, 0xE8E4, 0xE8E4, 0xE8E4,
    0xE8E4, 0xE8E4, 0xE8E4, 0xE8E4, 0xE8E4, 0xE8E4, 0xE8E4, 0xE8E4, 0xE8E4, 0xE8E4, 0xE8E4, 0xE8E4, 0xE8E4, 0xE8E4, 0xE8E4, 0xE8E4,
    0xE8E4, 0xE8E4, 0xE8E4, 0xE8E4, 0xE8E4, 0xE8E4, 0xE8E4, 0xE8E4, 0xE8E4, 0xE8E4, 0xE8E4, 0xE8E4, 0xE8E4, 0xE8E4, 0xE8E4, 0xE8E4,
    0xE8E4, 0xE8E4, 0xE8E4, 0xF0E4, 0xD104, 0x2082, 0x6B6D, 0xFFFF, 0xFFFF, 0xFFFF, 0xFFFF, 0xFFFF, 0xFFFF, 0xFFFF, 0xFFFF, 0xFFFF,
    0xFFFF, 0x83EF, 0x1882, 0x2945, 0x0000, 0x0000, 0x0000, 0x0000, 0x0000, 0x0000, 0x0000, 0x0000, 0x0000, 0x0000, 0x0000, 0x0000,
    0x0000, 0x0000, 0x0000, 0x0000, 0x0000, 0x0000, 0x0000, 0x0000, 0x0000, 0x0000, 0x0000, 0x0000, 0x0000, 0x0000, 0x0000, 0x0000,
    0x0000, 0x0000, 0x0000, 0x0000, 0x0000, 0x0000, 0x0000, 0x0000, 0x0000, 0x0000, 0x0000, 0x0000, 0x0000, 0x0000, 0x0000, 0x0000,
    0x0000, 0x0000, 0x0000, 0x0000, 0x0000, 0x0000, 0x0000, 0x0000, 0x0000, 0x0000, 0x0000, 0x0000, 0x1082, 0x6B4D, 0xFFFF, 0xFFFF,
    0xFFFF, 0xFFFF, 0xFFFF, 0xFFFF, 0xFFFF, 0xFFFF, 0xFFFF, 0xFFFF, 0xFFFF, 0xC618, 0x10C3, 0x88E4, 0xF8E4, 0xE8E4, 0xE8E4, 0xE8E4,
    0xE8E4, 0xE8E4, 0xE8E4, 0xE8E4, 0xE8E4, 0xE8E4, 0xE8E4, 0xE8E4, 0xE8E4, 0xE8E4, 0xE8E4, 0xE8E4, 0xE8E4, 0xE8E4, 0xE8E4, 0xE8E4,
    0xE8E4, 0xE8E4, 0xE8E4, 0xE8E4, 0xE8E4, 0xE8E4, 0xE8E4, 0xE8E4, 0xE8E4, 0xE8E4, 0xE8E4, 0xE8E4, 0xE8E4, 0xE8E4, 0xE8E4, 0xE8E4,
    0xE8E4, 0xE8E4, 0xE8E4, 0xF8E4, 0x88E4, 0x10C3, 0xC618, 0xFFFF, 0xFFFF, 0xFFFF, 0xFFFF, 0xFFFF, 0xFFFF, 0xFFFF, 0xFFFF, 0xFFFF,
    0xFFFF, 0xFFFF, 0x6B4D, 0x1882, 0x0000, 0x0000, 0x0000, 0x0000, 0x0000, 0x0000, 0x0000, 0x0000, 0x0000, 0x0000, 0x0000, 0x0000,
    0x0000, 0x0000, 0x0000, 0x0000, 0x0000, 0x0000, 0x0000, 0x0000, 0x0000, 0x0000, 0x0000, 0x0000, 0x0000, 0x0000, 0x0000, 0x0000,
    0x0000, 0x0000, 0x0000, 0x0000, 0x0000, 0x0000, 0x0000, 0x0000, 0x0000, 0x0000, 0x0000, 0x0000, 0x0000, 0x0000, 0x0000, 0x0000,
    0x0000, 0x0000, 0x0000, 0x0000, 0x0000, 0x0000, 0x0000, 0x0000, 0x0000, 0x0000, 0x0000, 0x18A2, 0x5AAA, 0xF7BE, 0xFFFF, 0xFFFF,
    0xFFFF, 0xFFFF, 0xFFFF, 0xFFFF, 0xFFFF, 0xFFFF, 0xFFFF, 0xFFFF, 0xFFFF, 0xFFDF, 0x4A69, 0x38A3, 0xE8E4, 0xE8E4, 0xE8E4, 0xE8E4,
    0xE8E4, 0xE8E4, 0xE8E4, 0xE8E4, 0xE8E4, 0xE8E4, 0xE8E4, 0xE8E4, 0xE8E4, 0xE8E4, 0xE8E4, 0xE8E4, 0xE8E4, 0xE8E4, 0xE8E4, 0xE8E4,
    0xE8E4, 0xE8E4, 0xE8E4, 0xE8E4, 0xE8E4, 0xE8E4, 0xE8E4, 0xE8E4, 0xE8E4, 0xE8E4, 0xE8E4, 0xE8E4, 0xE8E4, 0xE8E4, 0xE8E4, 0xE8E4,
    0xE8E4, 0xE8E4, 0xE8E4, 0xE8E4, 0x38A3, 0x4A69, 0xFFDF, 0xFFFF, 0xFFFF, 0xFFFF, 0xFFFF, 0xFFFF, 0xFFFF, 0xFFFF, 0xFFFF, 0xFFFF,
    0xFFFF, 0xFFFF, 0xF7BE, 0x5AAA, 0x18A2, 0x0000, 0x0000, 0x0000, 0x0000, 0x0000, 0x0000, 0x0000, 0x0000, 0x0000, 0x0000, 0x0000,
    0x0000, 0x0000, 0x0000, 0x0000, 0x0000, 0x0000, 0x0000, 0x0000, 0x0000, 0x0000, 0x0000, 0x0000, 0x0000, 0x0000, 0x0000, 0x0000,
    0x0000, 0x0000, 0x0000, 0x0000, 0x0000, 0x0000, 0x0000, 0x0000, 0x0000, 0x0000, 0x0000, 0x0000, 0x0000, 0x0000, 0x0000, 0x0000,
    0x0000, 0x0000, 0x0000, 0x0000, 0x0000, 0x0000, 0x0000, 0x0000, 0x0000, 0x0000, 0x18A2, 0x4A29, 0xEF7D, 0xFFFF, 0xFFFF, 0xFFFF,
    0xFFFF, 0xFFFF, 0xFFFF, 0xFFFF, 0xFFFF, 0xFFFF, 0xFFFF, 0xFFFF, 0xFFFF, 0xFFFF, 0xA514, 0x10A2, 0xB0E4, 0xF8E4, 0xE8E4, 0xE8E4,
    0xE8E4, 0xE8E4, 0xE8E4, 0xE8E4, 0xE8E4, 0xE8E4, 0xE8E4, 0xE8E4, 0xE8E4, 0xE8E4, 0xE8E4, 0xE8E4, 0xE8E4, 0xE8E4, 0xE8E4, 0xE8E4,
    0xE8E4, 0xE8E4, 0xE8E4, 0xE8E4, 0xE8E4, 0xE8E4, 0xE8E4, 0xE8E4, 0xE8E4, 0xE8E4, 0xE8E4, 0xE8E4, 0xE8E4, 0xE8E4, 0xE8E4, 0xE8E4,
    0xE8E4, 0xE8E4, 0xF8E4, 0xA8E4, 0x10A2, 0xA514, 0xFFFF, 0xFFFF, 0xFFFF, 0xFFFF, 0xFFFF, 0xFFFF, 0xFFFF, 0xFFFF, 0xFFFF, 0xFFFF,
    0xFFFF, 0xFFFF, 0xFFFF, 0xEF7D, 0x4A29, 0x18A2, 0x0000, 0x0000, 0x0000, 0x0000, 0x0000, 0x0000, 0x0000, 0x0000, 0x0000, 0x0000,
    0x0000, 0x0000, 0x0000, 0x0000, 0x0000, 0x0000, 0x0000, 0x0000, 0x0000, 0x0000, 0x0000, 0x0000, 0x0000, 0x0000, 0x0000, 0x0000,
    0x0000, 0x0000, 0x0000, 0x0000, 0x0000, 0x0000, 0x0000, 0x0000, 0x0000, 0x0000, 0x0000, 0x0000, 0x0000, 0x0000, 0x0000, 0x0000,
    0x0000, 0x0000, 0x0000, 0x0000, 0x0000, 0x0000, 0x0000, 0x0000, 0x0000, 0x18A2, 0x41E7, 0xE73C, 0xFFFF, 0xFFFF, 0xFFFF, 0xFFFF,
    0xFFFF, 0xFFFF, 0xFFFF, 0xFFFF, 0xFFFF, 0xFFFF, 0xFFFF, 0xFFFF, 0xFFFF, 0xFFFF, 0xEF5D, 0x2986, 0x58C3, 0xF0E4, 0xE8E4, 0xE8E4,
    0xE8E4, 0xE8E4, 0xE8E4, 0xE8E4, 0xE8E4, 0xE8E4, 0xE8E4, 0xE8E4, 0xE8E4, 0xE8E4, 0xE8E4, 0xE8E4, 0xE8E4, 0xE8E4, 0xE8E4, 0xE8E4,
    0xE8E4, 0xE8E4, 0xE8E4, 0xE8E4, 0xE8E4, 0xE8E4, 0xE8E4, 0xE8E4, 0xE8E4, 0xE8E4, 0xE8E4, 0xE8E4, 0xE8E4, 0xE8E4, 0xE8E4, 0xE8E4,
    0xE8E4, 0xE8E4, 0xF0E4, 0x58C3, 0x2986, 0xEF5D, 0xFFFF, 0xFFFF, 0xFFFF, 0xFFFF, 0xFFFF, 0xFFFF, 0xFFFF, 0xFFFF, 0xFFFF, 0xFFFF,
    0xFFFF, 0xFFFF, 0xFFFF, 0xFFFF, 0xE73C, 0x41E7, 0x18A2, 0x0000, 0x0000, 0x0000, 0x0000, 0x0000, 0x0000, 0x0000, 0x0000, 0x0000,
    0x0000, 0x0000, 0x0000, 0x0000, 0x0000, 0x0000, 0x0000, 0x0000, 0x0000, 0x0000, 0x0000, 0x0000, 0x0000, 0x0000, 0x0000, 0x0000,
    0x0000, 0x0000, 0x0000, 0x0000, 0x0000, 0x0000, 0x0000, 0x0000, 0x0000, 0x0000, 0x0000, 0x0000, 0x0000, 0x0000, 0x0000, 0x0000,
    0x0000, 0x0000, 0x0000, 0x0000, 0x0000, 0x0000, 0x0000, 0x0000, 0x18C3, 0x39A6, 0xDEDB, 0xFFFF, 0xFFFF, 0xFFFF, 0xFFFF, 0xFFFF,
    0xFFFF, 0xFFFF, 0xFFFF, 0xFFFF, 0xFFFF, 0xFFFF, 0xFFFF, 0xFFFF, 0xFFFF, 0xFFFF, 0xFFFF, 0x7BEF, 0x1882, 0xC904, 0xF0E4, 0xE8E4,
    0xE8E4, 0xE8E4, 0xE8E4, 0xE8E4, 0xE8E4, 0xE8E4, 0xE8E4, 0xE8E4, 0xE8E4, 0xE8E4, 0xE8E4, 0xE8E4, 0xE8E4, 0xE8E4, 0xE8E4, 0xE8E4,
    0xE8E4, 0xE8E4, 0xE8E4, 0xE8E4, 0xE8E4, 0xE8E4, 0xE8E4, 0xE8E4, 0xE8E4, 0xE8E4, 0xE8E4, 0xE8E4, 0xE8E4, 0xE8E4, 0xE8E4, 0xE8E4,
    0xE8E4, 0xF0E4, 0xC904, 0x1882, 0x7BEF, 0xFFFF, 0xFFFF, 0xFFFF, 0xFFFF, 0xFFFF, 0xFFFF, 0xFFFF, 0xFFFF, 0xFFFF, 0xFFFF, 0xFFFF,
    0xFFFF, 0xFFFF, 0xFFFF, 0xFFFF, 0xFFFF, 0xDEDB, 0x39A6, 0x18C3, 0x0000, 0x0000, 0x0000, 0x0000, 0x0000, 0x0000, 0x0000, 0x0000,
    0x0000, 0x0000, 0x0000, 0x0000, 0x0000, 0x0000, 0x0000, 0x0000, 0x0000, 0x0000, 0x0000, 0x0000, 0x0000, 0x0000, 0x0000, 0x0000,
    0x0000, 0x0000, 0x0000, 0x0000, 0x0000, 0x0000, 0x0000, 0x0000, 0x0000, 0x0000, 0x0000, 0x0000, 0x0000, 0x0000, 0x0000, 0x0000,
    0x0000, 0x0000, 0x0000, 0x0000, 0x0000, 0x0000, 0x0000, 0x18C3, 0x3165, 0xD69A, 0xFFFF, 0xFFFF, 0xFFFF, 0xFFFF, 0xFFFF, 0xFFFF,
    0xFFFF, 0xFFFF, 0xFFFF, 0xFFFF, 0xFFFF, 0xFFFF, 0xFFFF, 0xFFFF, 0xFFFF, 0xFFFF, 0xFFFF, 0xD69A, 0x1904, 0x78E4, 0xF8E4, 0xE8E4,
    0xE8E4, 0xE8E4, 0xE8E4, 0xE8E4, 0xE8E4, 0xE8E4, 0xE8E4, 0xE8E4, 0xE8E4, 0xE8E4, 0xE8E4, 0xE8E4, 0xE8E4, 0xE8E4, 0xE8E4, 0xE8E4,
    0xE8E4, 0xE8E4, 0xE8E4, 0xE8E4, 0xE8E4, 0xE8E4, 0xE8E4, 0xE8E4, 0xE8E4, 0xE8E4, 0xE8E4, 0xE8E4, 0xE8E4, 0xE8E4, 0xE8E4, 0xE8E4,
    0xE8E4, 0xF8E4, 0x78E4, 0x1904, 0xD69A, 0xFFFF, 0xFFFF, 0xFFFF, 0xFFFF, 0xFFFF, 0xFFFF, 0xFFFF, 0xFFFF, 0xFFFF, 0xFFFF, 0xFFFF,
    0xFFFF, 0xFFFF, 0xFFFF, 0xFFFF, 0xFFFF, 0xFFFF, 0xD69A, 0x3165, 0x18C3, 0x0000, 0x0000, 0x0000, 0x0000, 0x0000, 0x0000, 0x0000,
    0x0000, 0x0000, 0x0000, 0x0000, 0x0000, 0x0000, 0x0000, 0x0000, 0x0000, 0x0000, 0x0000, 0x0000, 0x0000, 0x0000, 0x0000, 0x0000,
    0x0000, 0x0000, 0x0000, 0x0000, 0x0000, 0x0000, 0x0000, 0x0000, 0x0000, 0x0000, 0x0000, 0x0000, 0x0000, 0x0000, 0x0000, 0x0000,
    0x0000, 0x0000, 0x0000, 0x0000, 0x0000, 0x0000, 0x18C3, 0x2945, 0xCE79, 0xFFFF, 0xFFFF, 0xFFFF, 0xFFFF, 0xFFFF, 0xFFFF, 0xFFFF,
    0xFFFF, 0xFFFF, 0xFFFF, 0xFFFF, 0xFFFF, 0xFFFF, 0xFFFF, 0xFFFF, 0xFFFF, 0xFFFF, 0xFFFF, 0xFFFF, 0x5ACB, 0x28A2, 0xE0E4, 0xF0E4,
    0xE8E4, 0xE8E4, 0xE8E4, 0xE8E4, 0xE8E4, 0xE8E4, 0xE8E4, 0xE8E4, 0xE8E4, 0xE8E4, 0xE8E4, 0xE8E4, 0xE8E4, 0xE8E4, 0xE8E4, 0xE8E4,
    0xE8E4, 0xE8E4, 0xE8E4, 0xE8E4, 0xE8E4, 0xE8E4, 0xE8E4, 0xE8E4, 0xE8E4, 0xE8E4, 0xE8E4, 0xE8E4, 0xE8E4, 0xE8E4, 0xE8E4, 0xE8E4,
    0xF0E4, 0xE0E4, 0x28A2, 0x5ACB, 0xFFFF, 0xFFFF, 0xFFFF, 0xFFFF, 0xFFFF, 0xFFFF, 0xFFFF, 0xFFFF, 0xFFFF, 0xFFFF, 0xFFFF, 0xFFFF,
    0xFFFF, 0xFFFF, 0xFFFF, 0xFFFF, 0xFFFF, 0xFFFF, 0xFFFF, 0xCE79, 0x2945, 0x18C3, 0x0000, 0x0000, 0x0000, 0x0000, 0x0000, 0x0000,
    0x0000, 0x0000, 0x0000, 0x0000, 0x0000, 0x0000, 0x0000, 0x0000, 0x0000, 0x0000, 0x0000, 0x0000, 0x0000, 0x0000, 0x0000, 0x0000,
    0x0000, 0x0000, 0x0000, 0x0000, 0x0000, 0x0000, 0x0000, 0x0000, 0x0000, 0x0000, 0x0000, 0x0000, 0x0000, 0x0000, 0x0000, 0x0000,
    0x0000, 0x0000, 0x0000, 0x0000, 0x0000, 0x18C3, 0x2945, 0xC638, 0xFFFF, 0xFFFF, 0xFFFF, 0xFFFF, 0xFFFF, 0xFFFF, 0xFFFF, 0xFFFF,
    0xFFFF, 0xFFFF, 0xFFFF, 0xFFFF, 0xFFFF, 0xFFFF, 0xFFFF, 0xFFFF, 0xFFFF, 0xFFFF, 0xFFFF, 0xFFFF, 0xB596, 0x08A2, 0xA0E4, 0xF8E4,
    0xE8E4, 0xE8E4, 0xE8E4, 0xE8E4, 0xE8E4, 0xE8E4, 0xE8E4, 0xE8E4, 0xE8E4, 0xE8E4, 0xE8E4, 0xE8E4, 0xE8E4, 0xE8E4, 0xE8E4, 0xE8E4,
    0xE8E4, 0xE8E4, 0xE8E4, 0xE8E4, 0xE8E4, 0xE8E4, 0xE8E4, 0xE8E4, 0xE8E4, 0xE8E4, 0xE8E4, 0xE8E4, 0xE8E4, 0xE8E4, 0xE8E4, 0xE8E4,
    0xF8E4, 0xA0E4, 0x08A2, 0xB596, 0xFFFF, 0xFFFF, 0xFFFF, 0xFFFF, 0xFFFF, 0xFFFF, 0xFFFF, 0xFFFF, 0xFFFF, 0xFFFF, 0xFFFF, 0xFFFF,
    0xFFFF, 0xFFFF, 0xFFFF, 0xFFFF, 0xFFFF, 0xFFFF, 0xFFFF, 0xFFFF, 0xC638, 0x2945, 0x18C3, 0x0000, 0x0000, 0x0000, 0x0000, 0x0000,
    0x0000, 0x0000, 0x0000, 0x0000, 0x0000, 0x0000, 0x0000, 0x0000, 0x0000, 0x0000, 0x0000, 0x0000, 0x0000, 0x0000, 0x0000, 0x0000,
    0x0000, 0x0000, 0x0000, 0x0000, 0x0000, 0x0000, 0x0000, 0x0000, 0x0000, 0x0000, 0x0000, 0x0000, 0x0000, 0x0000, 0x0000, 0x0000,
    0x0000, 0x0000, 0x0000, 0x0000, 0x18C3, 0x2924, 0xC638, 0xFFFF, 0xFFFF, 0xFFFF, 0xFFFF, 0xFFFF, 0xFFFF, 0xFFFF, 0xFFFF, 0xFFFF,
    0xFFFF, 0xFFFF, 0xFFFF, 0xFFFF, 0xFFFF, 0xFFFF, 0xFFFF, 0xFFFF, 0xFFFF, 0xFFFF, 0xFFFF, 0xFFFF, 0xF79E, 0x39E7, 0x48C3, 0xE8E4,
    0xE8E4, 0xE8E4, 0xE8E4, 0xE8E4, 0xE8E4, 0xE8E4, 0xE8E4, 0xE8E4, 0xE8E4, 0xE8E4, 0xE8E4, 0xE8E4, 0xE8E4, 0xE8E4, 0xE8E4, 0xE8E4,
    0xE8E4, 0xE8E4, 0xE8E4, 0xE8E4, 0xE8E4, 0xE8E4, 0xE8E4, 0xE8E4, 0xE8E4, 0xE8E4, 0xE8E4, 0xE8E4, 0xE8E4, 0xE8E4, 0xE8E4, 0xE8E4,
    0xE8E4, 0x48C3, 0x39E7, 0xF79E, 0xFFFF, 0xFFFF, 0xFFFF, 0xFFFF, 0xFFFF, 0xFFFF, 0xFFFF, 0xFFFF, 0xFFFF, 0xFFFF, 0xFFFF, 0xFFFF,
    0xFFFF, 0xFFFF, 0xFFFF, 0xFFFF, 0xFFFF, 0xFFFF, 0xFFFF, 0xFFFF, 0xFFFF, 0xC638, 0x2924, 0x18C3, 0x0000, 0x0000, 0x0000, 0x0000,
    0x0000, 0x0000, 0x0000, 0x0000, 0x0000, 0x0000, 0x0000, 0x0000, 0x0000, 0x0000, 0x0000, 0x0000, 0x0000, 0x0000, 0x0000, 0x0000,
    0x0000, 0x0000, 0x0000, 0x0000, 0x0000, 0x0000, 0x0000, 0x0000, 0x0000, 0x0000, 0x0000, 0x0000, 0x0000, 0x0000, 0x0000, 0x0000,
    0x0000, 0x0000, 0x0000, 0x18C3, 0x2924, 0xC618, 0xFFFF, 0xFFFF, 0xFFFF, 0xFFFF, 0xFFFF, 0xFFFF, 0xFFFF, 0xFFFF, 0xFFFF, 0xFFFF,
    0xFFFF, 0xFFFF, 0xFFFF, 0xFFFF, 0xFFFF, 0xFFFF, 0xFFFF, 0xFFFF, 0xFFFF, 0xFFFF, 0xFFFF, 0xFFFF, 0xFFFF, 0x8C71, 0x1082, 0xC104,
    0xF0E4, 0xE8E4, 0xE8E4, 0xE8E4, 0xE8E4, 0xE8E4, 0xE8E4, 0xE8E4, 0xE8E4, 0xE8E4, 0xE8E4, 0xE8E4, 0xE8E4, 0xE8E4, 0xE8E4, 0xE8E4,
    0xE8E4, 0xE8E4, 0xE8E4, 0xE8E4, 0xE8E4, 0xE8E4, 0xE8E4, 0xE8E4, 0xE8E4, 0xE8E4, 0xE8E4, 0xE8E4, 0xE8E4, 0xE8E4, 0xE8E4, 0xF0E4,
    0xC104, 0x1082, 0x8C71, 0xFFFF, 0xFFFF, 0xFFFF, 0xFFFF, 0xFFFF, 0xFFFF, 0xFFFF, 0xFFFF, 0xFFFF, 0xFFFF, 0xFFFF, 0xFFFF, 0xFFFF,
    0xFFFF, 0xFFFF, 0xFFFF, 0xFFFF, 0xFFFF, 0xFFFF, 0xFFFF, 0xFFFF, 0xFFFF, 0xFFFF, 0xC618, 0x2924, 0x18C3, 0x0000, 0x0000, 0x0000,
    0x0000, 0x0000, 0x0000, 0x0000, 0x0000, 0x0000, 0x0000, 0x0000, 0x0000, 0x0000, 0x0000, 0x0000, 0x0000, 0x0000, 0x0000, 0x0000,
    0x0000, 0x0000, 0x0000, 0x0000, 0x0000, 0x0000, 0x0000, 0x0000, 0x0000, 0x0000, 0x0000, 0x0000, 0x0000, 0x0000, 0x0000, 0x0000,
    0x0000, 0x0000, 0x18C3, 0x2945, 0xC638, 0xFFFF, 0xFFFF, 0xFFFF, 0xFFFF, 0xFFFF, 0xFFFF, 0xFFFF, 0xFFFF, 0xFFFF, 0xFFFF, 0xFFFF,
    0xFFFF, 0xFFFF, 0xFFFF, 0xFFFF, 0xFFFF, 0xFFFF, 0xFFFF, 0xFFFF, 0xFFFF, 0xFFFF, 0xFFFF, 0xFFFF, 0xFFFF, 0xE6FB, 0x1925, 0x68E4,
    0xF8E4, 0xE8E4, 0xE8E4, 0xE8E4, 0xE8E4, 0xE8E4, 0xE8E4, 0xE8E4, 0xE8E4, 0xE8E4, 0xE8E4, 0xE8E4, 0xE8E4, 0xE8E4, 0xE8E4, 0xE8E4,
    0xE8E4, 0xE8E4, 0xE8E4, 0xE8E4, 0xE8E4, 0xE8E4, 0xE8E4, 0xE8E4, 0xE8E4, 0xE8E4, 0xE8E4, 0xE8E4, 0xE8E4, 0xE8E4, 0xE8E4, 0xF8E4,
    0x68E4, 0x1945, 0xE6FB, 0xFFFF, 0xFFFF, 0xFFFF, 0xFFFF, 0xFFFF, 0xFFFF, 0xFFFF, 0xFFFF, 0xFFFF, 0xFFFF, 0xFFFF, 0xFFFF, 0xFFFF,
    0xFFFF, 0xFFFF, 0xFFFF, 0xFFFF, 0xFFFF, 0xFFFF, 0xFFFF, 0xFFFF, 0xFFFF, 0xFFFF, 0xFFFF, 0xC638, 0x2945, 0x18C3, 0x0000, 0x0000,
    0x0000, 0x0000, 0x0000, 0x0000, 0x0000, 0x0000, 0x0000, 0x0000, 0x0000, 0x0000, 0x0000, 0x0000, 0x0000, 0x0000, 0x0000, 0x0000,
    0x0000, 0x0000, 0x0000, 0x0000, 0x0000, 0x0000, 0x0000, 0x0000, 0x0000, 0x0000, 0x0000, 0x0000, 0x0000, 0x0000, 0x0000, 0x0000,
    0x0000, 0x18C3, 0x2945, 0xCE59, 0xFFFF, 0xFFFF, 0xFFFF, 0xFFFF, 0xFFFF, 0xFFFF, 0xFFFF, 0xFFFF, 0xFFFF, 0xFFFF, 0xFFFF, 0xFFFF,
    0xFFFF, 0xFFFF, 0xFFFF, 0xFFFF, 0xFFFF, 0xFFFF, 0xFFFF, 0xFFFF, 0xFFFF, 0xFFFF, 0xFFFF, 0xFFFF, 0xFFFF, 0xFFFF, 0x6B4D, 0x2082,
    0xD8E4, 0xF0E4, 0xE8E4, 0xE8E4, 0xE8E4, 0xE8E4, 0xE8E4, 0xE8E4, 0xE8E4, 0xE8E4, 0xE8E4, 0xE8E4, 0xE8E4, 0xE8E4, 0xE8E4, 0xE8E4,
    0xE8E4, 0xE8E4, 0xE8E4, 0xE8E4, 0xE8E4, 0xE8E4, 0xE8E4, 0xE8E4, 0xE8E4, 0xE8E4, 0xE8E4, 0xE8E4, 0xE8E4, 0xE8E4, 0xF0E4, 0xD8E4,
    0x2082, 0x6B4D, 0xFFFF, 0xFFFF, 0xFFFF, 0xFFFF, 0xFFFF, 0xFFFF, 0xFFFF, 0xFFFF, 0xFFFF, 0xFFFF, 0xFFFF, 0xFFFF, 0xFFFF, 0xFFFF,
    0xFFFF, 0xFFFF, 0xFFFF, 0xFFFF, 0xFFFF, 0xFFFF, 0xFFFF, 0xFFFF, 0xFFFF, 0xFFFF, 0xFFFF, 0xFFFF, 0xCE39, 0x2945, 0x18C3, 0x0000,
    0x0000, 0x0000, 0x0000, 0x0000, 0x0000, 0x0000, 0x0000, 0x0000, 0x0000, 0x0000, 0x0000, 0x0000, 0x0000, 0x0000, 0x0000, 0x0000,
    0x0000, 0x0000, 0x0000, 0x0000, 0x0000, 0x0000, 0x0000, 0x0000, 0x0000, 0x0000, 0x0000, 0x0000, 0x0000, 0x0000, 0x0000, 0x0000,
    0x18C3, 0x3166, 0xCE79, 0xFFFF, 0xFFFF, 0xFFFF, 0xFFFF, 0xFFFF, 0xFFFF, 0xFFFF, 0xFFFF, 0xFFFF, 0xFFFF, 0xFFFF, 0xFFFF, 0xFFFF,
    0xFFFF, 0xFFFF, 0xFFFF, 0xFFFF, 0xFFFF, 0xFFFF, 0xFFFF, 0xFFFF, 0xFFFF, 0xFFFF, 0xFFFF, 0xFFFF, 0xFFFF, 0xFFFF, 0xC5F7, 0x10C3,
    0x90E4, 0xF8E4, 0xE8E4, 0xE8E4, 0xE8E4, 0xE8E4, 0xE8E4, 0xE8E4, 0xE8E4, 0xE8E4, 0xE8E4, 0xE8E4, 0xE8E4, 0xE8E4, 0xE8E4, 0xE8E4,
    0xE8E4, 0xE8E4, 0xE8E4, 0xE8E4, 0xE8E4, 0xE8E4, 0xE8E4, 0xE8E4, 0xE8E4, 0xE8E4, 0xE8E4, 0xE8E4, 0xE8E4, 0xE8E4, 0xF8E4, 0x90E4,
    0x10C3, 0xC5F7, 0xFFFF, 0xFFFF, 0xFFFF, 0xFFFF, 0xFFFF, 0xFFFF, 0xFFFF, 0xFFFF, 0xFFFF, 0xFFFF, 0xFFFF, 0xFFFF, 0xFFFF, 0xFFFF,
    0xFFFF, 0xFFFF, 0xFFFF, 0xFFFF, 0xFFFF, 0xFFFF, 0xFFFF, 0xFFFF, 0xFFFF, 0xFFFF, 0xFFFF, 0xFFFF, 0xFFFF, 0xCE79, 0x3166, 0x18C3,
    0x0000, 0x0000, 0x0000, 0x0000, 0x0000, 0x0000, 0x0000, 0x0000, 0x0000, 0x0000, 0x0000, 0x0000, 0x0000, 0x0000, 0x0000, 0x0000,
    0x0000, 0x0000, 0x0000, 0x0000, 0x0000, 0x0000, 0x0000, 0x0000, 0x0000, 0x0000, 0x0000, 0x0000, 0x0000, 0x0000, 0x0000, 0x18A2,
    0x39A6, 0xD6BA, 0xFFFF, 0xFFDF, 0xFFFF, 0xFFFF, 0xFFFF, 0xFFFF, 0xFFFF, 0xFFFF, 0xFFFF, 0xFFFF, 0xFFFF, 0xFFFF, 0xFFFF, 0xFFFF,
    0xFFFF, 0xFFFF, 0xFFFF, 0xFFFF, 0xFFFF, 0xFFFF, 0xFFFF, 0xFFFF, 0xFFFF, 0xFFFF, 0xFFFF, 0xFFFF, 0xFFFF, 0xFFFF, 0xFFDF, 0x4249,
    0x38A3, 0xE8E4, 0xE8E4, 0xE8E4, 0xE8E4, 0xE8E4, 0xE8E4, 0xE8E4, 0xE8E4, 0xE8E4, 0xE8E4, 0xE8E4, 0xE8E4, 0xE8E4, 0xE8E4, 0xE8E4,
    0xE8E4, 0xE8E4, 0xE8E4, 0xE8E4, 0xE8E4, 0xE8E4, 0xE8E4, 0xE8E4, 0xE8E4, 0xE8E4, 0xE8E4, 0xE8E4, 0xE8E4, 0xE8E4, 0xE8E4, 0x38A3,
    0x4249, 0xFFDF, 0xFFFF, 0xFFFF, 0xFFFF, 0xFFFF, 0xFFFF, 0xFFFF, 0xFFFF, 0xFFFF, 0xFFFF, 0xFFFF, 0xFFFF, 0xFFFF, 0xFFFF, 0xFFFF,
    0xFFFF, 0xFFFF, 0xFFFF, 0xFFFF, 0xFFFF, 0xFFFF, 0xFFFF, 0xFFFF, 0xFFFF, 0xFFFF, 0xFFFF, 0xFFFF, 0xFFDF, 0xFFFF, 0xD6BA, 0x39A6,
    0x18A2, 0x0000, 0x0000, 0x0000, 0x0000, 0x0000, 0x0000, 0x0000, 0x0000, 0x0000, 0x0000, 0x0000, 0x0000, 0x0000, 0x0000, 0x0000,
    0x0000, 0x0000, 0x0000, 0x0000, 0x0000, 0x0000, 0x0000, 0x0000, 0x0000, 0x0000, 0x0000, 0x0000, 0x0000, 0x0000, 0x18A2, 0x4208,
    0xDEFB, 0xFFFF, 0xFFFF, 0xFFFF, 0xFFFF, 0xFFFF, 0xFFFF, 0xFFFF, 0xFFFF, 0xFFFF, 0xFFFF, 0xFFFF, 0xFFFF, 0xFFFF, 0xFFFF, 0xFFFF,
    0xFFFF, 0xFFFF, 0xFFFF, 0xFFFF, 0xFFFF, 0xFFFF, 0xFFFF, 0xFFFF, 0xFFFF, 0xFFFF, 0xFFFF, 0xFFFF, 0xFFFF, 0xFFFF, 0xFFFF, 0x9CF3,
    0x1082, 0xB104, 0xF8E4, 0xE8E4, 0xE8E4, 0xE8E4, 0xE8E4, 0xE8E4, 0xE8E4, 0xE8E4, 0xE8E4, 0xE8E4, 0xE8E4, 0xE8E4, 0xE8E4, 0xE8E4,
    0xE8E4, 0xE8E4, 0xE8E4, 0xE8E4, 0xE8E4, 0xE8E4, 0xE8E4, 0xE8E4, 0xE8E4, 0xE8E4, 0xE8E4, 0xE8E4, 0xE8E4, 0xF8E4, 0xB104, 0x1082,
    0xA4F3, 0xFFFF, 0xFFFF, 0xFFFF, 0xFFFF, 0xFFFF, 0xFFFF, 0xFFFF, 0xFFFF, 0xFFFF, 0xFFFF, 0xFFFF, 0xFFFF, 0xFFFF, 0xFFFF, 0xFFFF,
    0xFFFF, 0xFFFF, 0xFFFF, 0xFFFF, 0xFFFF, 0xFFFF, 0xFFFF, 0xFFFF, 0xFFFF, 0xFFFF, 0xFFFF, 0xFFFF, 0xFFFF, 0xFFFF, 0xFFFF, 0xDEFB,
    0x41E8, 0x18A2, 0x0000, 0x0000, 0x0000, 0x0000, 0x0000, 0x0000, 0x0000, 0x0000, 0x0000, 0x0000, 0x0000, 0x0000, 0x0000, 0x0000,
    0x0000, 0x0000, 0x0000, 0x0000, 0x0000, 0x0000, 0x0000, 0x0000, 0x0000, 0x0000, 0x0000, 0x0000, 0x0000, 0x18A2, 0x4A49, 0xE73C,
    0xFFFF, 0xFFFF, 0xFFFF, 0xFFFF, 0xFFFF, 0xFFFF, 0xFFFF, 0xFFFF, 0xFFFF, 0xFFFF, 0xFFFF, 0xFFFF, 0xFFFF, 0xFFFF, 0xFFFF, 0xFFFF,
    0xFFFF, 0xFFFF, 0xFFFF, 0xFFFF, 0xFFFF, 0xFFFF, 0xFFFF, 0xFFFF, 0xFFFF, 0xFFFF, 0xFFFF, 0xFFFF, 0xFFFF, 0xFFFF, 0xFFFF, 0xEF5D,
    0x2986, 0x60C3, 0xF0E4, 0xE8E4, 0xE8E4, 0xE8E4, 0xE8E4, 0xE8E4, 0xE8E4, 0xE8E4, 0xE8E4, 0xE8E4, 0xE8E4, 0xE8E4, 0xE8E4, 0xE8E4,
    0xE8E4, 0xE8E4, 0xE8E4, 0xE8E4, 0xE8E4, 0xE8E4, 0xE8E4, 0xE8E4, 0xE8E4, 0xE8E4, 0xE8E4, 0xE8E4, 0xE8E4, 0xF0E4, 0x58C3, 0x2986,
    0xEF5D, 0xFFFF, 0xFFFF, 0xFFFF, 0xFFFF, 0xFFFF, 0xFFFF, 0xFFFF, 0xFFFF, 0xFFFF, 0xFFFF, 0xFFFF, 0xFFFF, 0xFFFF, 0xFFFF, 0xFFFF,
    0xFFFF, 0xFFFF, 0xFFFF, 0xFFFF, 0xFFFF, 0xFFFF, 0xFFFF, 0xFFFF, 0xFFFF, 0xFFFF, 0xFFFF, 0xFFFF, 0xFFFF, 0xFFFF, 0xFFFF, 0xFFFF,
    0xE73C, 0x4A49, 0x18A2, 0x0000, 0x0000, 0x0000, 0x0000, 0x0000, 0x0000, 0x0000, 0x0000, 0x0000, 0x0000, 0x0000, 0x0000, 0x0000,
    0x0000, 0x0000, 0x0000, 0x0000, 0x0000, 0x0000, 0x0000, 0x0000, 0x0000, 0x0000, 0x0000, 0x2925, 0x1082, 0x5ACB, 0xEF7D, 0xFFFF,
    0xFFFF, 0xFFFF, 0xFFFF, 0xFFFF, 0xFFFF, 0xFFFF, 0xFFFF, 0xFFFF, 0xFFFF, 0xFFFF, 0xFFFF, 0xFFFF, 0xFFFF, 0xFFFF, 0xFFFF, 0xFFFF,
    0xFFFF, 0xFFFF, 0xFFFF, 0xFFFF, 0xFFFF, 0xFFFF, 0xFFFF, 0xFFFF, 0xFFFF, 0xFFFF, 0xFFFF, 0xFFFF, 0xFFFF, 0xFFFF, 0xFFFF, 0xFFFF,
    0x7BCF, 0x1882, 0xC904, 0xF0E4, 0xE8E4, 0xE8E4, 0xE8E4, 0xE8E4, 0xE8E4, 0xE8E4, 0xE8E4, 0xE8E4, 0xE8E4, 0xE8E4, 0xE8E4, 0xE8E4,
    0xE8E4, 0xE8E4, 0xE8E4, 0xE8E4, 0xE8E4, 0xE8E4, 0xE8E4, 0xE8E4, 0xE8E4, 0xE8E4, 0xE8E4, 0xE8E4, 0xF0E4, 0xC904, 0x1882, 0x7BCF,
    0xFFFF, 0xFFFF, 0xFFFF, 0xFFFF, 0xFFFF, 0xFFFF, 0xFFFF, 0xFFFF, 0xFFFF, 0xFFFF, 0xFFFF, 0xFFFF, 0xFFFF, 0xFFFF, 0xFFFF, 0xFFFF,
    0xFFFF, 0xFFFF, 0xFFFF, 0xFFFF, 0xFFFF, 0xFFFF, 0xFFFF, 0xFFFF, 0xFFFF, 0xFFFF, 0xFFFF, 0xFFFF, 0xFFFF, 0xFFFF, 0xFFFF, 0xFFFF,
    0xFFFF, 0xEF7D, 0x5ACB, 0x1082, 0x2925, 0x0000, 0x0000, 0x0000, 0x0000, 0x0000, 0x0000, 0x0000, 0x0000, 0x0000, 0x0000, 0x0000,
    0x0000, 0x0000, 0x0000, 0x0000, 0x0000, 0x0000, 0x0000, 0x0000, 0x0000, 0x0000, 0x2124, 0x18A2, 0x736D, 0xF7BE, 0xFFFF, 0xFFFF,
    0xFFFF, 0xFFFF, 0xFFFF, 0xFFFF, 0xFFFF, 0xFFFF, 0xFFFF, 0xFFFF, 0xFFFF, 0xFFFF, 0xFFFF, 0xFFFF, 0xFFFF, 0xFFFF, 0xFFFF, 0xFFFF,
    0xFFFF, 0xFFFF, 0xFFFF, 0xFFFF, 0xFFFF, 0xFFFF, 0xFFFF, 0xFFFF, 0xFFFF, 0xFFFF, 0xFFFF, 0xFFFF, 0xFFFF, 0xFFFF, 0xFFFF, 0xFFFF,
    0xD679, 0x10E4, 0x80E4, 0xF8E4, 0xE8E4, 0xE8E4, 0xE8E4, 0xE8E4, 0xE8E4, 0xE8E4, 0xE8E4, 0xE8E4, 0xE8E4, 0xE8E4, 0xE8E4, 0xE8E4,
    0xE8E4, 0xE8E4, 0xE8E4, 0xE8E4, 0xE8E4, 0xE8E4, 0xE8E4, 0xE8E4, 0xE8E4, 0xE8E4, 0xE8E4, 0xE8E4, 0xF8E4, 0x80E4, 0x10E3, 0xD679,
    0xFFFF, 0xFFFF, 0xFFFF, 0xFFFF, 0xFFFF, 0xFFFF, 0xFFFF, 0xFFFF, 0xFFFF, 0xFFFF, 0xFFFF, 0xFFFF, 0xFFFF, 0xFFFF, 0xFFFF, 0xFFFF,
    0xFFFF, 0xFFFF, 0xFFFF, 0xFFFF, 0xFFFF, 0xFFFF, 0xFFFF, 0xFFFF, 0xFFFF, 0xFFFF, 0xFFFF, 0xFFFF, 0xFFFF, 0xFFFF, 0xFFFF, 0xFFFF,
    0xFFFF, 0xFFFF, 0xF7BE, 0x736D, 0x18A2, 0x2124, 0x0000, 0x0000, 0x0000, 0x0000, 0x0000, 0x0000, 0x0000, 0x0000, 0x0000, 0x0000,
    0x0000, 0x0000, 0x0000, 0x0000, 0x0000, 0x0000, 0x0000, 0x0000, 0x0000, 0x2104, 0x18A3, 0x8410, 0xFFFF, 0xFFFF, 0xFFFF, 0xFFFF,
    0xFFFF, 0xFFFF, 0xFFFF, 0xFFFF, 0xFFFF, 0xFFFF, 0xFFFF, 0xFFFF, 0xFFFF, 0xFFFF, 0xFFFF, 0xFFFF, 0xFFFF, 0xFFFF, 0xFFFF, 0xFFFF,
    0xFFFF, 0xFFFF, 0xFFFF, 0xFFFF, 0xFFFF, 0xFFFF, 0xFFFF, 0xFFFF, 0xFFFF, 0xFFFF, 0xFFFF, 0xFFFF, 0xFFFF, 0xFFFF, 0xFFFF, 0xFFFF,
    0xFFFF, 0x52AB, 0x30A2, 0xE0E4, 0xF0E4, 0xE8E4, 0xE8E4, 0xE8E4, 0xE8E4, 0xE8E4, 0xE8E4, 0xE8E4, 0xE8E4, 0xE8E4, 0xE8E4, 0xE8E4,
    0xE8E4, 0xE8E4, 0xE8E4, 0xE8E4, 0xE8E4, 0xE8E4, 0xE8E4, 0xE8E4, 0xE8E4, 0xE8E4, 0xE8E4, 0xF0E4, 0xE0E4, 0x30A2, 0x52AB, 0xFFFF,
    0xFFFF, 0xFFFF, 0xFFFF, 0xFFFF, 0xFFFF, 0xFFFF, 0xFFFF, 0xFFFF, 0xFFFF, 0xFFFF, 0xFFFF, 0xFFFF, 0xFFFF, 0xFFFF, 0xFFFF, 0xFFFF,
    0xFFFF, 0xFFFF, 0xFFFF, 0xFFFF, 0xFFFF, 0xFFFF, 0xFFFF, 0xFFFF, 0xFFFF, 0xFFFF, 0xFFFF, 0xFFFF, 0xFFFF, 0xFFFF, 0xFFFF, 0xFFFF,
    0xFFFF, 0xFFFF, 0xFFFF, 0xFFFF, 0x8410, 0x18A3, 0x2104, 0x0000, 0x0000, 0x0000, 0x0000, 0x0000, 0x0000, 0x0000, 0x0000, 0x0000,
    0x0000, 0x0000, 0x0000, 0x0000, 0x0000, 0x0000, 0x0000, 0x0000, 0x20E3, 0x20E3, 0x9CF3, 0xFFFF, 0xFFFF, 0xFFFF, 0xFFFF, 0xFFFF,
    0xFFFF, 0xFFFF, 0xFFFF, 0xFFFF, 0xFFFF, 0xFFFF, 0xFFFF, 0xFFFF, 0xFFFF, 0xFFFF, 0xFFFF, 0xFFFF, 0xFFFF, 0xFFFF, 0xFFFF, 0xFFFF,
    0xFFFF, 0xFFFF, 0xFFFF, 0xFFFF, 0xFFFF, 0xFFFF, 0xFFFF, 0xFFFF, 0xFFFF, 0xFFFF, 0xFFFF, 0xFFFF, 0xFFFF, 0xFFFF, 0xFFFF, 0xFFFF,
    0xFFFF, 0xB575, 0x10A2, 0xA0E4, 0xF8E4, 0xE8E4, 0xE8E4, 0xE8E4, 0xE8E4, 0xE8E4, 0xE8E4, 0xE8E4, 0xE8E4, 0xE8E4, 0xE8E4, 0xE8E4,
    0xE8E4, 0xE8E4, 0xE8E4, 0xE8E4, 0xE8E4, 0xE8E4, 0xE8E4, 0xE8E4, 0xE8E4, 0xE8E4, 0xE8E4, 0xF8E4, 0xA0E4, 0x10A2, 0xAD75, 0xFFFF,
    0xFFFF, 0xFFFF, 0xFFFF, 0xFFFF, 0xFFFF, 0xFFFF, 0xFFFF, 0xFFFF, 0xFFFF, 0xFFFF, 0xFFFF, 0xFFFF, 0xFFFF, 0xFFFF, 0xFFFF, 0xFFFF,
    0xFFFF, 0xFFFF, 0xFFFF, 0xFFFF, 0xFFFF, 0xFFFF, 0xFFFF, 0xFFFF, 0xFFFF, 0xFFFF, 0xFFFF, 0xFFFF, 0xFFFF, 0xFFFF, 0xFFFF, 0xFFFF,
    0xFFFF, 0xFFFF, 0xFFFF, 0xFFFF, 0xFFFF, 0x9CF3, 0x20E3, 0x20E3, 0x0000, 0x0000, 0x0000, 0x0000, 0x0000, 0x0000, 0x0000, 0x0000,
    0x0000, 0x0000, 0x0000, 0x0000, 0x0000, 0x0000, 0x0000, 0x18C3, 0x2945, 0xBDB6, 0xFFFF, 0xFFFF, 0xFFFF, 0xFFFF, 0xFFFF, 0xFFFF,
    0xFFFF, 0xFFFF, 0xFFFF, 0xFFFF, 0xFFFF, 0xFFFF, 0xFFFF, 0xFFFF, 0xFFFF, 0xFFFF, 0xFFFF, 0xFFFF, 0xFFFF, 0xFFFF, 0xFFFF, 0xFFFF,
    0xFFFF, 0xFFFF, 0xFFFF, 0xFFFF, 0xFFFF, 0xFFFF, 0xFFFF, 0xFFFF, 0xFFFF, 0xFFFF, 0xFFFF, 0xFFFF, 0xFFFF, 0xFFFF, 0xFFFF, 0xFFFF,
    0xFFFF, 0xF79E, 0x31E7, 0x50C3, 0xF0E4, 0xE8E4, 0xE8E4, 0xE8E4, 0xE8E4, 0xE8E4, 0xE8E4, 0xE8E4, 0xE8E4, 0xE8E4, 0xE8E4, 0xE8E4,
    0xE8E4, 0xE8E4, 0xE8E4, 0xE8E4, 0xE8E4, 0xE8E4, 0xE8E4, 0xE8E4, 0xE8E4, 0xE8E4, 0xE8E4, 0xF0E4, 0x50C3, 0x31E7, 0xF79E, 0xFFFF,
    0xFFFF, 0xFFFF, 0xFFFF, 0xFFFF, 0xFFFF, 0xFFFF, 0xFFFF, 0xFFFF, 0xFFFF, 0xFFFF, 0xFFFF, 0xFFFF, 0xFFFF, 0xFFFF, 0xFFFF, 0xFFFF,
    0xFFFF, 0xFFFF, 0xFFFF, 0xFFFF, 0xFFFF, 0xFFFF, 0xFFFF, 0xFFFF, 0xFFFF, 0xFFFF, 0xFFFF, 0xFFFF, 0xFFFF, 0xFFFF, 0xFFFF, 0xFFFF,
    0xFFFF, 0xFFFF, 0xFFFF, 0xFFFF, 0xFFFF, 0xFFFF, 0xB5B6, 0x2925, 0x18C3, 0x0000, 0x0000, 0x0000, 0x0000, 0x0000, 0x0000, 0x0000,
    0x0000, 0x0000, 0x0000, 0x0000, 0x0000, 0x0000, 0x18A2, 0x39C7, 0xD67A, 0xFFFF, 0xFFFF, 0xFFFF, 0xFFFF, 0xFFFF, 0xFFFF, 0xFFFF,
    0xFFFF, 0xFFFF, 0xFFFF, 0xFFFF, 0xFFFF, 0xFFFF, 0xFFFF, 0xFFFF, 0xFFFF, 0xFFFF, 0xFFFF, 0xFFFF, 0xFFFF, 0xFFFF, 0xFFFF, 0xFFFF,
    0xFFFF, 0xFFFF, 0xFFFF, 0xFFFF, 0xFFFF, 0xFFFF, 0xFFFF, 0xFFFF, 0xFFFF, 0xFFFF, 0xFFFF, 0xFFFF, 0xFFFF, 0xFFFF, 0xFFFF, 0xFFFF,
    0xFFFF, 0xFFFF, 0x8C51, 0x1082, 0xC104, 0xF0E4, 0xE8E4, 0xE8E4, 0xE8E4, 0xE8E4, 0xE8E4, 0xE8E4, 0xE8E4, 0xE8E4, 0xE8E4, 0xE8E4,
    0xE8E4, 0xE8E4, 0xE8E4, 0xE8E4, 0xE8E4, 0xE8E4, 0xE8E4, 0xE8E4, 0xE8E4, 0xE8E4, 0xF0E4, 0xC104, 0x1082, 0x8C51, 0xFFFF, 0xFFFF,
    0xFFFF, 0xFFFF, 0xFFFF, 0xFFFF, 0xFFFF, 0xFFFF, 0xFFFF, 0xFFFF, 0xFFFF, 0xFFFF, 0xFFFF, 0xFFFF, 0xFFFF, 0xFFFF, 0xFFFF, 0xFFFF,
    0xFFFF, 0xFFFF, 0xFFFF, 0xFFFF, 0xFFFF, 0xFFFF, 0xFFFF, 0xFFFF, 0xFFFF, 0xFFFF, 0xFFFF, 0xFFFF, 0xFFFF, 0xFFFF, 0xFFFF, 0xFFFF,
    0xFFFF, 0xFFFF, 0xFFFF, 0xFFFF, 0xFFFF, 0xFFFF, 0xFFFF, 0xD679, 0x39C7, 0x18A2, 0x0000, 0x0000, 0x0000, 0x0000, 0x0000, 0x0000,
    0x0000, 0x0000, 0x0000, 0x0000, 0x2924, 0x1882, 0x528A, 0xE73C, 0xFFFF, 0xFFFF, 0xFFFF, 0xFFFF, 0xFFFF, 0xFFFF, 0xFFFF, 0xFFFF,
    0xFFFF, 0xFFFF, 0xFFFF, 0xFFFF, 0xFFFF, 0xFFFF, 0xFFFF, 0xFFFF, 0xFFFF, 0xFFFF, 0xFFFF, 0xFFFF, 0xFFFF, 0xFFFF, 0xFFFF, 0xFFFF,
    0xFFFF, 0xFFFF, 0xFFFF, 0xFFFF, 0xFFFF, 0xFFFF, 0xFFFF, 0xFFFF, 0xFFFF, 0xFFFF, 0xFFFF, 0xFFFF, 0xFFFF, 0xFFFF, 0xFFFF, 0xFFFF,
    0xFFFF, 0xFFFF, 0xDEDB, 0x1924, 0x70E3, 0xF8E4, 0xE8E4, 0xE8E4, 0xE8E4, 0xE8E4, 0xE8E4, 0xE8E4, 0xE8E4, 0xE8E4, 0xE8E4, 0xE8E4,
    0xE8E4, 0xE8E4, 0xE8E4, 0xE8E4, 0xE8E4, 0xE8E4, 0xE8E4, 0xE8E4, 0xE8E4, 0xE8E4, 0xF8E4, 0x70E3, 0x1924, 0xDEDB, 0xFFFF, 0xFFFF,
    0xFFFF, 0xFFFF, 0xFFFF, 0xFFFF, 0xFFFF, 0xFFFF, 0xFFFF, 0xFFFF, 0xFFFF, 0xFFFF, 0xFFFF, 0xFFFF, 0xFFFF, 0xFFFF, 0xFFFF, 0xFFFF,
    0xFFFF, 0xFFFF, 0xFFFF, 0xFFFF, 0xFFFF, 0xFFFF, 0xFFFF, 0xFFFF, 0xFFFF, 0xFFFF, 0xFFFF, 0xFFFF, 0xFFFF, 0xFFFF, 0xFFFF, 0xFFFF,
    0xFFFF, 0xFFFF, 0xFFFF, 0xFFFF, 0xFFFF, 0xFFFF, 0xFFFF, 0xFFFF, 0xE71C, 0x528A, 0x1082, 0x2924, 0x0000, 0x0000, 0x0000, 0x0000,
    0x0000, 0x0000, 0x0000, 0x2104, 0x18A2, 0x738E, 0xF7BE, 0xFFFF, 0xFFFF, 0xFFFF, 0xFFFF, 0xFFFF, 0xFFFF, 0xFFFF, 0xFFFF, 0xFFFF,
    0xFFFF, 0xFFFF, 0xFFFF, 0xFFFF, 0xFFFF, 0xFFFF, 0xFFFF, 0xFFFF, 0xFFFF, 0xFFFF, 0xFFFF, 0xFFFF, 0xFFFF, 0xFFFF, 0xFFFF, 0xFFFF,
    0xFFFF, 0xFFFF, 0xFFFF, 0xFFFF, 0xFFFF, 0xFFFF, 0xFFFF, 0xFFFF, 0xFFFF, 0xFFFF, 0xFFFF, 0xFFFF, 0xFFFF, 0xFFFF, 0xFFFF, 0xFFFF,
    0xFFFF, 0xFFFF, 0xFFFF, 0x632C, 0x2882, 0xD8E4, 0xF0E4, 0xE8E4, 0xE8E4, 0xE8E4, 0xE8E4, 0xE8E4, 0xE8E4, 0xE8E4, 0xE8E4, 0xE8E4,
    0xE8E4, 0xE8E4, 0xE8E4, 0xE8E4, 0xE8E4, 0xE8E4, 0xE8E4, 0xE8E4, 0xE8E4, 0xF0E4, 0xD8E4, 0x2082, 0x632C, 0xFFFF, 0xFFFF, 0xFFFF,
    0xFFFF, 0xFFFF, 0xFFFF, 0xFFFF, 0xFFFF, 0xFFFF, 0xFFFF, 0xFFFF, 0xFFFF, 0xFFFF, 0xFFFF, 0xFFFF, 0xFFFF, 0xFFFF, 0xFFFF, 0xFFFF,
    0xFFFF, 0xFFFF, 0xFFFF, 0xFFFF, 0xFFFF, 0xFFFF, 0xFFFF, 0xFFFF, 0xFFFF, 0xFFFF, 0xFFFF, 0xFFFF, 0xFFFF, 0xFFFF, 0xFFFF, 0xFFFF,
    0xFFFF, 0xFFFF, 0xFFFF, 0xFFFF, 0xFFFF, 0xFFFF, 0xFFFF, 0xFFFF, 0xFFFF, 0xF7BE, 0x736E, 0x18A2, 0x2104, 0x0000, 0x0000, 0x0000,
    0x0000, 0x0000, 0x20E3, 0x20E3, 0x9471, 0xFFFF, 0xFFFF, 0xFFFF, 0xFFFF, 0xFFFF, 0xFFFF, 0xFFFF, 0xFFFF, 0xFFFF, 0xFFFF, 0xFFFF,
    0xFFFF, 0xFFFF, 0xFFFF, 0xFFFF, 0xFFFF, 0xFFFF, 0xFFFF, 0xFFFF, 0xFFFF, 0xFFFF, 0xFFFF, 0xFFFF, 0xFFFF, 0xFFFF, 0xFFFF, 0xFFFF,
    0xFFFF, 0xFFFF, 0xFFFF, 0xFFFF, 0xFFFF, 0xFFFF, 0xFFFF, 0xFFFF, 0xFFFF, 0xFFFF, 0xFFFF, 0xFFFF, 0xFFFF, 0xFFFF, 0xFFFF, 0xFFFF,
    0xFFFF, 0xFFFF, 0xFFFF, 0xBDF7, 0x10C3, 0x90E4, 0xF8E4, 0xE8E4, 0xE8E4, 0xE8E4, 0xE8E4, 0xE8E4, 0xE8E4, 0xE8E4, 0xE8E4, 0xE8E4,
    0xE8E4, 0xE8E4, 0xE8E4, 0xE8E4, 0xE8E4, 0xE8E4, 0xE8E4, 0xE8E4, 0xE8E4, 0xF8E4, 0x90E4, 0x10C3, 0xC5F7, 0xFFFF, 0xFFFF, 0xFFFF,
    0xFFFF, 0xFFFF, 0xFFFF, 0xFFFF, 0xFFFF, 0xFFFF, 0xFFFF, 0xFFFF, 0xFFFF, 0xFFFF, 0xFFFF, 0xFFFF, 0xFFFF, 0xFFFF, 0xFFFF, 0xFFFF,
    0xFFFF, 0xFFFF, 0xFFFF, 0xFFFF, 0xFFFF, 0xFFFF, 0xFFFF, 0xFFFF, 0xFFFF, 0xFFFF, 0xFFFF, 0xFFFF, 0xFFFF, 0xFFFF, 0xFFFF, 0xFFFF,
    0xFFFF, 0xFFFF, 0xFFFF, 0xFFFF, 0xFFFF, 0xFFFF, 0xFFFF, 0xFFFF, 0xFFFF, 0xFFFF, 0xFFFF, 0x9471, 0x20E3, 0x20E3, 0x0000, 0x0000,
    0x0000, 0x2104, 0x2904, 0xB596, 0xFFFF, 0xFFFF, 0xFFFF, 0xFFFF, 0xFFFF, 0xFFFF, 0xFFFF, 0xFFFF, 0xFFFF, 0xFFFF, 0xFFFF, 0xFFFF,
    0xFFFF, 0xFFFF, 0xFFFF, 0xFFFF, 0xFFFF, 0xFFFF, 0xFFFF, 0xFFFF, 0xFFFF, 0xFFFF, 0xFFFF, 0xFFFF, 0xFFFF, 0xFFFF, 0xFFFF, 0xFFFF,
    0xFFFF, 0xFFFF, 0xFFFF, 0xFFFF, 0xFFFF, 0xFFFF, 0xFFFF, 0xFFFF, 0xFFFF, 0xFFFF, 0xFFFF, 0xFFFF, 0xFFFF, 0xFFFF, 0xFFFF, 0xFFFF,
    0xFFFF, 0xFFFF, 0xFFFF, 0xFFDF, 0x4228, 0x40A3, 0xE8E4, 0xE8E4, 0xE8E4, 0xE8E4, 0xE8E4, 0xE8E4, 0xE8E4, 0xE8E4, 0xE8E4, 0xE8E4,
    0xE8E4, 0xE8E4, 0xE8E4, 0xE8E4, 0xE8E4, 0xE8E4, 0xE8E4, 0xE8E4, 0xE8E4, 0xE8E4, 0x40A3, 0x4228, 0xFFDF, 0xFFFF, 0xFFFF, 0xFFFF,
    0xFFFF, 0xFFFF, 0xFFFF, 0xFFFF, 0xFFFF, 0xFFFF, 0xFFFF, 0xFFFF, 0xFFFF, 0xFFFF, 0xFFFF, 0xFFFF, 0xFFFF, 0xFFFF, 0xFFFF, 0xFFFF,
    0xFFFF, 0xFFFF, 0xFFFF, 0xFFFF, 0xFFFF, 0xFFFF, 0xFFFF, 0xFFFF, 0xFFFF, 0xFFFF, 0xFFFF, 0xFFFF, 0xFFFF, 0xFFFF, 0xFFFF, 0xFFFF,
    0xFFFF, 0xFFFF, 0xFFFF, 0xFFFF, 0xFFFF, 0xFFFF, 0xFFFF, 0xFFFF, 0xFFFF, 0xFFFF, 0xFFFF, 0xFFFF, 0xB596, 0x2904, 0x2104, 0x0000,
    0x2904, 0x2104, 0x1904, 0x4A8A, 0x9CD3, 0xEF3C, 0xFFFF, 0xFFFF, 0xFFFF, 0xFFFF, 0xFFFF, 0xFFFF, 0xFFFF, 0xFFFF, 0xFFFF, 0xFFFF,
    0xFFFF, 0xFFFF, 0xFFFF, 0xFFFF, 0xFFFF, 0xFFFF, 0xFFFF, 0xFFFF, 0xFFFF, 0xFFFF, 0xFFFF, 0xFFFF, 0xFFFF, 0xFFFF, 0xFFFF, 0xFFFF,
    0xFFFF, 0xFFFF, 0xFFFF, 0xFFFF, 0xFFFF, 0xFFFF, 0xFFFF, 0xFFFF, 0xFFFF, 0xFFFF, 0xFFFF, 0xFFFF, 0xFFFF, 0xFFFF, 0xFFFF, 0xFFFF,
    0xFFFF, 0xFFFF, 0xFFFF, 0xFFFF, 0x9CD3, 0x1082, 0xB104, 0xF0E4, 0xE8E4, 0xE8E4, 0xE8E4, 0xE8E4, 0xE8E4, 0xE8E4, 0xE8E4, 0xE8E4,
    0xE8E4, 0xE8E4, 0xE8E4, 0xE8E4, 0xE8E4, 0xE8E4, 0xE8E4, 0xE8E4, 0xF0E4, 0xB104, 0x1082, 0x9CD3, 0xFFFF, 0xFFFF, 0xFFFF, 0xFFFF,
    0xFFFF, 0xFFFF, 0xFFFF, 0xFFFF, 0xFFFF, 0xFFFF, 0xFFFF, 0xFFFF, 0xFFFF, 0xFFFF, 0xFFFF, 0xFFFF, 0xFFFF, 0xFFFF, 0xFFFF, 0xFFFF,
    0xFFFF, 0xFFFF, 0xFFFF, 0xFFFF, 0xFFFF, 0xFFFF, 0xFFFF, 0xFFFF, 0xFFFF, 0xFFFF, 0xFFFF, 0xFFFF, 0xFFFF, 0xFFFF, 0xFFFF, 0xFFFF,
    0xFFFF, 0xFFFF, 0xFFFF, 0xFFFF, 0xFFFF, 0xFFFF, 0xFFFF, 0xFFFF, 0xFFFF, 0xFFFF, 0xEF3C, 0x9CD3, 0x4A8A, 0x1904, 0x2104, 0x2924,
    0x0000, 0x2104, 0x68E4, 0x40A2, 0x1082, 0x2986, 0x73AF, 0xCE59, 0xFFFF, 0xFFFF, 0xFFFF, 0xFFFF, 0xFFFF, 0xFFFF, 0xFFFF, 0xFFFF,
    0xFFFF, 0xFFFF, 0xFFFF, 0xFFFF, 0xFFFF, 0xFFFF, 0xFFFF, 0xFFFF, 0xFFFF, 0xFFFF, 0xFFFF, 0xFFFF, 0xFFFF, 0xFFFF, 0xFFFF, 0xFFFF,
    0xFFFF, 0xFFFF, 0xFFFF, 0xFFFF, 0xFFFF, 0xFFFF, 0xFFFF, 0xFFFF, 0xFFFF, 0xFFFF, 0xFFFF, 0xFFFF, 0xFFFF, 0xFFFF, 0xFFFF, 0xFFFF,
    0xFFFF, 0xFFFF, 0xFFFF, 0xFFFF, 0xEF3C, 0x2966, 0x60C3, 0xF0E4, 0xE8E4, 0xE8E4, 0xE8E4, 0xE8E4, 0xE8E4, 0xE8E4, 0xE8E4, 0xE8E4,
    0xE8E4, 0xE8E4, 0xE8E4, 0xE8E4, 0xE8E4, 0xE8E4, 0xE8E4, 0xE8E4, 0xF0E4, 0x60C3, 0x2166, 0xEF3C, 0xFFFF, 0xFFFF, 0xFFFF, 0xFFFF,
    0xFFFF, 0xFFFF, 0xFFFF, 0xFFFF, 0xFFFF, 0xFFFF, 0xFFFF, 0xFFFF, 0xFFFF, 0xFFFF, 0xFFFF, 0xFFFF, 0xFFFF, 0xFFFF, 0xFFFF, 0xFFFF,
    0xFFFF, 0xFFFF, 0xFFFF, 0xFFFF, 0xFFFF, 0xFFFF, 0xFFFF, 0xFFFF, 0xFFFF, 0xFFFF, 0xFFFF, 0xFFFF, 0xFFFF, 0xFFFF, 0xFFFF, 0xFFFF,
    0xFFFF, 0xFFFF, 0xFFFF, 0xFFFF, 0xFFFF, 0xFFFF, 0xFFFF, 0xFFFF, 0xCE59, 0x73AF, 0x2986, 0x1082, 0x40A2, 0x70E4, 0x2104, 0x0000,
    0x0000, 0x1904, 0xB0E4, 0xF0E4, 0xB104, 0x60C3, 0x1882, 0x10E3, 0x52AA, 0xAD55, 0xF79E, 0xFFFF, 0xFFFF, 0xFFFF, 0xFFFF, 0xFFFF,
    0xFFFF, 0xFFFF, 0xFFFF, 0xFFFF, 0xFFFF, 0xFFFF, 0xFFFF, 0xFFFF, 0xFFFF, 0xFFFF, 0xFFFF, 0xFFFF, 0xFFFF, 0xFFFF, 0xFFFF, 0xFFFF,
    0xFFFF, 0xFFFF, 0xFFFF, 0xFFFF, 0xFFFF, 0xFFFF, 0xFFFF, 0xFFFF, 0xFFFF, 0xFFFF, 0xFFFF, 0xFFFF, 0xFFFF, 0xFFFF, 0xFFFF, 0xFFFF,
    0xFFFF, 0xFFFF, 0xFFFF, 0xFFFF, 0xFFFF, 0x73AE, 0x1882, 0xD0E4, 0xF0E4, 0xE8E4, 0xE8E4, 0xE8E4, 0xE8E4, 0xE8E4, 0xE8E4, 0xE8E4,
    0xE8E4, 0xE8E4, 0xE8E4, 0xE8E4, 0xE8E4, 0xE8E4, 0xE8E4, 0xF0E4, 0xD0E4, 0x1882, 0x73AE, 0xFFFF, 0xFFFF, 0xFFFF, 0xFFFF, 0xFFFF,
    0xFFFF, 0xFFFF, 0xFFFF, 0xFFFF, 0xFFFF, 0xFFFF, 0xFFFF, 0xFFFF, 0xFFFF, 0xFFFF, 0xFFFF, 0xFFFF, 0xFFFF, 0xFFFF, 0xFFFF, 0xFFFF,
    0xFFFF, 0xFFFF, 0xFFFF, 0xFFFF, 0xFFFF, 0xFFFF, 0xFFFF, 0xFFFF, 0xFFFF, 0xFFFF, 0xFFFF, 0xFFFF, 0xFFFF, 0xFFFF, 0xFFFF, 0xFFFF,
    0xFFFF, 0xFFFF, 0xFFFF, 0xFFFF, 0xFFFF, 0xF79E, 0xAD55, 0x52AA, 0x10E3, 0x1882, 0x60C3, 0xB104, 0xF0E4, 0xB0E4, 0x1904, 0x0000,
    0x0000, 0x18E3, 0x90E4, 0xF8E4, 0xF0E4, 0xF0E4, 0xD0E4, 0x80E4, 0x30A2, 0x10A2, 0x31C7, 0x8430, 0xDEBA, 0xFFFF, 0xFFFF, 0xFFFF,
    0xFFFF, 0xFFFF, 0xFFFF, 0xFFFF, 0xFFFF, 0xFFFF, 0xFFFF, 0xFFFF, 0xFFFF, 0xFFFF, 0xFFFF, 0xFFFF, 0xFFFF, 0xFFFF, 0xFFFF, 0xFFFF,
    0xFFFF, 0xFFFF, 0xFFFF, 0xFFFF, 0xFFFF, 0xFFFF, 0xFFFF, 0xFFFF, 0xFFFF, 0xFFFF, 0xFFFF, 0xFFFF, 0xFFFF, 0xFFFF, 0xFFFF, 0xFFFF,
    0xFFFF, 0xFFFF, 0xFFFF, 0xFFFF, 0xFFFF, 0xCE59, 0x10E3, 0x80E4, 0xF8E4, 0xE8E4, 0xE8E4, 0xE8E4, 0xE8E4, 0xE8E4, 0xE8E4, 0xE8E4,
    0xE8E4, 0xE8E4, 0xE8E4, 0xE8E4, 0xE8E4, 0xE8E4, 0xE8E4, 0xF8E4, 0x80E4, 0x10E3, 0xCE59, 0xFFFF, 0xFFFF, 0xFFFF, 0xFFFF, 0xFFFF,
    0xFFFF, 0xFFFF, 0xFFFF, 0xFFFF, 0xFFFF, 0xFFFF, 0xFFFF, 0xFFFF, 0xFFFF, 0xFFFF, 0xFFFF, 0xFFFF, 0xFFFF, 0xFFFF, 0xFFFF, 0xFFFF,
    0xFFFF, 0xFFFF, 0xFFFF, 0xFFFF, 0xFFFF, 0xFFFF, 0xFFFF, 0xFFFF, 0xFFFF, 0xFFFF, 0xFFFF, 0xFFFF, 0xFFFF, 0xFFFF, 0xFFFF, 0xFFFF,
    0xFFFF, 0xFFFF, 0xFFFF, 0xDEBA, 0x8430, 0x31C7, 0x10A2, 0x30A2, 0x80E4, 0xD0E4, 0xF0E4, 0xF0E4, 0xF8E4, 0x90E4, 0x18E3, 0x0000,
    0x0000, 0x1104, 0x80E4, 0xF8E4, 0xE8E4, 0xE8E4, 0xF0E4, 0xF8E4, 0xE0E4, 0xA8E4, 0x50C3, 0x1082, 0x1924, 0x630C, 0xBDB6, 0xFFBE,
    0xFFFF, 0xFFFF, 0xFFFF, 0xFFFF, 0xFFFF, 0xFFFF, 0xFFFF, 0xFFFF, 0xFFFF, 0xFFFF, 0xFFFF, 0xFFFF, 0xFFFF, 0xFFFF, 0xFFFF, 0xFFFF,
    0xFFFF, 0xFFFF, 0xFFFF, 0xFFFF, 0xFFFF, 0xFFFF, 0xFFFF, 0xFFFF, 0xFFFF, 0xFFFF, 0xFFFF, 0xFFFF, 0xFFFF, 0xFFFF, 0xFFFF, 0xFFFF,
    0xFFFF, 0xFFFF, 0xFFFF, 0xFFFF, 0xFFFF, 0xFFFF, 0x52AA, 0x30A2, 0xE0E4, 0xE8E4, 0xE8E4, 0xE8E4, 0xE8E4, 0xE8E4, 0xE8E4, 0xE8E4,
    0xE8E4, 0xE8E4, 0xE8E4, 0xE8E4, 0xE8E4, 0xE8E4, 0xF0E4, 0xE0E4, 0x30A2, 0x52AA, 0xFFFF, 0xFFFF, 0xFFFF, 0xFFFF, 0xFFFF, 0xFFFF,
    0xFFFF, 0xFFFF, 0xFFFF, 0xFFFF, 0xFFFF, 0xFFFF, 0xFFFF, 0xFFFF, 0xFFFF, 0xFFFF, 0xFFFF, 0xFFFF, 0xFFFF, 0xFFFF, 0xFFFF, 0xFFFF,
    0xFFFF, 0xFFFF, 0xFFFF, 0xFFFF, 0xFFFF, 0xFFFF, 0xFFFF, 0xFFFF, 0xFFFF, 0xFFFF, 0xFFFF, 0xFFFF, 0xFFFF, 0xFFFF, 0xFFFF, 0xFFFF,
    0xFFBE, 0xBDB6, 0x630C, 0x1924, 0x1082, 0x50C3, 0xA8E4, 0xE0E4, 0xF8E4, 0xF0E4, 0xE8E4, 0xE8E4, 0xF8E4, 0x80E4, 0x1104, 0x0000,
    0x0000, 0x1104, 0x70E4, 0xF0E4, 0xE8E4, 0xE8E4, 0xE8E4, 0xE8E4, 0xE8E4, 0xF8E4, 0xF0E4, 0xC104, 0x78E4, 0x2882, 0x10A3, 0x3A08,
    0x9492, 0xE71C, 0xFFFF, 0xFFFF, 0xFFFF, 0xFFFF, 0xFFFF, 0xFFFF, 0xFFFF, 0xFFFF, 0xFFFF, 0xFFFF, 0xFFFF, 0xFFFF, 0xFFFF, 0xFFFF,
    0xFFFF, 0xFFFF, 0xFFFF, 0xFFFF, 0xFFFF, 0xFFFF, 0xFFFF, 0xFFFF, 0xFFFF, 0xFFFF, 0xFFFF, 0xFFFF, 0xFFFF, 0xFFFF, 0xFFFF, 0xFFFF,
    0xFFFF, 0xFFFF, 0xFFFF, 0xFFFF, 0xFFFF, 0xFFFF, 0xAD55, 0x08A2, 0xA8E4, 0xF8E4, 0xE8E4, 0xE8E4, 0xE8E4, 0xE8E4, 0xE8E4, 0xE8E4,
    0xE8E4, 0xE8E4, 0xE8E4, 0xE8E4, 0xE8E4, 0xE8E4, 0xF8E4, 0xA8E4, 0x08A2, 0xAD55, 0xFFFF, 0xFFFF, 0xFFFF, 0xFFFF, 0xFFFF, 0xFFFF,
    0xFFFF, 0xFFFF, 0xFFFF, 0xFFFF, 0xFFFF, 0xFFFF, 0xFFFF, 0xFFFF, 0xFFFF, 0xFFFF, 0xFFFF, 0xFFFF, 0xFFFF, 0xFFFF, 0xFFFF, 0xFFFF,
    0xFFFF, 0xFFFF, 0xFFFF, 0xFFFF, 0xFFFF, 0xFFFF, 0xFFFF, 0xFFFF, 0xFFFF, 0xFFFF, 0xFFFF, 0xFFFF, 0xFFFF, 0xFFFF, 0xE71C, 0x9492,
    0x3A08, 0x10A3, 0x2882, 0x78E4, 0xC104, 0xF0E4, 0xF8E4, 0xE8E4, 0xE8E4, 0xE8E4, 0xE8E4, 0xE8E4, 0xF0E4, 0x70E4, 0x1104, 0x0000,
    0x0000, 0x1104, 0x60E4, 0xF0E4, 0xE8E4, 0xE8E4, 0xE8E4, 0xE8E4, 0xE8E4, 0xE8E4, 0xE8E4, 0xF0E4, 0xF8E4, 0xD8E4, 0x98E4, 0x48A3,
    0x1082, 0x2145, 0x6B6D, 0xC618, 0xFFFF, 0xFFFF, 0xFFFF, 0xFFFF, 0xFFFF, 0xFFFF, 0xFFFF, 0xFFFF, 0xFFFF, 0xFFFF, 0xFFFF, 0xFFFF,
    0xFFFF, 0xFFFF, 0xFFFF, 0xFFFF, 0xFFFF, 0xFFFF, 0xFFFF, 0xFFFF, 0xFFFF, 0xFFFF, 0xFFFF, 0xFFFF, 0xFFFF, 0xFFFF, 0xFFFF, 0xFFFF,
    0xFFFF, 0xFFFF, 0xFFFF, 0xFFFF, 0xFFFF, 0xFFFF, 0xF79E, 0x31A7, 0x50C3, 0xF0E4, 0xE8E4, 0xE8E4, 0xE8E4, 0xE8E4, 0xE8E4, 0xE8E4,
    0xE8E4, 0xE8E4, 0xE8E4, 0xE8E4, 0xE8E4, 0xE8E4, 0xF0E4, 0x50C3, 0x31A7, 0xF79E, 0xFFFF, 0xFFFF, 0xFFFF, 0xFFFF, 0xFFFF, 0xFFFF,
    0xFFFF, 0xFFFF, 0xFFFF, 0xFFFF, 0xFFFF, 0xFFFF, 0xFFFF, 0xFFFF, 0xFFFF, 0xFFFF, 0xFFFF, 0xFFFF, 0xFFFF, 0xFFFF, 0xFFFF, 0xFFFF,
    0xFFFF, 0xFFFF, 0xFFFF, 0xFFFF, 0xFFFF, 0xFFFF, 0xFFFF, 0xFFFF, 0xFFFF, 0xFFFF, 0xFFFF, 0xFFFF, 0xC618, 0x6B6D, 0x2145, 0x1082,
    0x48A3, 0x98E4, 0xD8E4, 0xF8E4, 0xF0E4, 0xE8E4, 0xE8E4, 0xE8E4, 0xE8E4, 0xE8E4, 0xE8E4, 0xE8E4, 0xF0E4, 0x60E4, 0x1104, 0x0000,
    0x0000, 0x1904, 0x50E4, 0xF0E4, 0xE8E4, 0xE8E4, 0xE8E4, 0xE8E4, 0xE8E4, 0xE8E4, 0xE8E4, 0xE8E4, 0xE8E4, 0xF0E4, 0xF8E4, 0xE8E4,
    0xB904, 0x68C3, 0x2082, 0x10E3, 0x4A69, 0xA514, 0xEF5D, 0xFFFF, 0xFFFF, 0xFFFF, 0xFFFF, 0xFFFF, 0xFFFF, 0xFFFF, 0xFFFF, 0xFFFF,
    0xFFFF, 0xFFFF, 0xFFFF, 0xFFFF, 0xFFFF, 0xFFFF, 0xFFFF, 0xFFFF, 0xFFFF, 0xFFFF, 0xFFFF, 0xFFFF, 0xFFFF, 0xFFFF, 0xFFFF, 0xFFFF,
    0xFFFF, 0xFFFF, 0xFFFF, 0xFFFF, 0xFFFF, 0xFFFF, 0xFFFF, 0x8430, 0x1882, 0xC104, 0xF0E4, 0xE8E4, 0xE8E4, 0xE8E4, 0xE8E4, 0xE8E4,
    0xE8E4, 0xE8E4, 0xE8E4, 0xE8E4, 0xE8E4, 0xF0E4, 0xC104, 0x1882, 0x8430, 0xFFFF, 0xFFFF, 0xFFFF, 0xFFFF, 0xFFFF, 0xFFFF, 0xFFFF,
    0xFFFF, 0xFFFF, 0xFFFF, 0xFFFF, 0xFFFF, 0xFFFF, 0xFFFF, 0xFFFF, 0xFFFF, 0xFFFF, 0xFFFF, 0xFFFF, 0xFFFF, 0xFFFF, 0xFFFF, 0xFFFF,
    0xFFFF, 0xFFFF, 0xFFFF, 0xFFFF, 0xFFFF, 0xFFFF, 0xFFFF, 0xFFFF, 0xFFFF, 0xEF5D, 0xA514, 0x4A69, 0x10E3, 0x2082, 0x68C3, 0xB904,
    0xE8E4, 0xF8E4, 0xF0E4, 0xE8E4, 0xE8E4, 0xE8E4, 0xE8E4, 0xE8E4, 0xE8E4, 0xE8E4, 0xE8E4, 0xE8E4, 0xF0E4, 0x50E4, 0x1904, 0x0000,
    0x0000, 0x1904, 0x4104, 0xE8E4, 0xE8E4, 0xE8E4, 0xE8E4, 0xE8E4, 0xE8E4, 0xE8E4, 0xE8E4, 0xE8E4, 0xE8E4, 0xE8E4, 0xE8E4, 0xE8E4,
    0xF0E4, 0xF8E4, 0xD0E4, 0x88E4, 0x38A3, 0x1082, 0x2986, 0x7BEF, 0xD679, 0xFFFF, 0xFFFF, 0xFFFF, 0xFFFF, 0xFFFF, 0xFFFF, 0xFFFF,
    0xFFFF, 0xFFFF, 0xFFFF, 0xFFFF, 0xFFFF, 0xFFFF, 0xFFFF, 0xFFFF, 0xFFFF, 0xFFFF, 0xFFFF, 0xFFFF, 0xFFFF, 0xFFFF, 0xFFFF, 0xFFFF,
    0xFFFF, 0xFFFF, 0xFFFF, 0xFFFF, 0xFFFF, 0xFFFF, 0xFFFF, 0xDEBB, 0x1924, 0x70E4, 0xF8E4, 0xE8E4, 0xE8E4, 0xE8E4, 0xE8E4, 0xE8E4,
    0xE8E4, 0xE8E4, 0xE8E4, 0xE8E4, 0xE8E4, 0xF8E4, 0x70E4, 0x1924, 0xDEDB, 0xFFFF, 0xFFFF, 0xFFFF, 0xFFFF, 0xFFFF, 0xFFFF, 0xFFFF,
    0xFFFF, 0xFFFF, 0xFFFF, 0xFFFF, 0xFFFF, 0xFFFF, 0xFFFF, 0xFFFF, 0xFFFF, 0xFFFF, 0xFFFF, 0xFFFF, 0xFFFF, 0xFFFF, 0xFFFF, 0xFFFF,
    0xFFFF, 0xFFFF, 0xFFFF, 0xFFFF, 0xFFFF, 0xFFFF, 0xFFFF, 0xD679, 0x7BEF, 0x2986, 0x0882, 0x38A3, 0x88E4, 0xD0E4, 0xF8E4, 0xF0E4,
    0xE8E4, 0xE8E4, 0xE8E4, 0xE8E4, 0xE8E4, 0xE8E4, 0xE8E4, 0xE8E4, 0xE8E4, 0xE8E4, 0xE8E4, 0xE8E4, 0xE8E4, 0x4104, 0x1904, 0x0000,
    0x0000, 0x1904, 0x3904, 0xE0E4, 0xF0E4, 0xE8E4, 0xE8E4, 0xE8E4, 0xE8E4, 0xE8E4, 0xE8E4, 0xE8E4, 0xE8E4, 0xE8E4, 0xE8E4, 0xE8E4,
    0xE8E4, 0xE8E4, 0xF0E4, 0xF8E4, 0xE8E4, 0xB0E4, 0x58C3, 0x1882, 0x1104, 0x52CB, 0xB575, 0xF79E, 0xFFFF, 0xFFFF, 0xFFFF, 0xFFFF,
    0xFFFF, 0xFFFF, 0xFFFF, 0xFFFF, 0xFFFF, 0xFFFF, 0xFFFF, 0xFFFF, 0xFFFF, 0xFFFF, 0xFFFF, 0xFFFF, 0xFFFF, 0xFFFF, 0xFFFF, 0xFFFF,
    0xFFFF, 0xFFFF, 0xFFFF, 0xFFFF, 0xFFFF, 0xFFFF, 0xFFFF, 0xFFFF, 0x630C, 0x2882, 0xD8E4, 0xF0E4, 0xE8E4, 0xE8E4, 0xE8E4, 0xE8E4,
    0xE8E4, 0xE8E4, 0xE8E4, 0xE8E4, 0xF0E4, 0xD8E4, 0x2082, 0x630C, 0xFFFF, 0xFFFF, 0xFFFF, 0xFFFF, 0xFFFF, 0xFFFF, 0xFFFF, 0xFFFF,
    0xFFFF, 0xFFFF, 0xFFFF, 0xFFFF, 0xFFFF, 0xFFFF, 0xFFFF, 0xFFFF, 0xFFFF, 0xFFFF, 0xFFFF, 0xFFFF, 0xFFFF, 0xFFFF, 0xFFFF, 0xFFFF,
    0xFFFF, 0xFFFF, 0xFFFF, 0xFFFF, 0xF79E, 0xB575, 0x52CB, 0x1104, 0x1882, 0x58C3, 0xB0E4, 0xE8E4, 0xF8E4, 0xF0E4, 0xE8E4, 0xE8E4,
    0xE8E4, 0xE8E4, 0xE8E4, 0xE8E4, 0xE8E4, 0xE8E4, 0xE8E4, 0xE8E4, 0xE8E4, 0xE8E4, 0xE8E4, 0xE8E4, 0xE0E4, 0x3904, 0x1904, 0x0000,
    0x0000, 0x2104, 0x3104, 0xD8E4, 0xF0E4, 0xE8E4, 0xE8E4, 0xE8E4, 0xE8E4, 0xE8E4, 0xE8E4, 0xE8E4, 0xE8E4, 0xE8E4, 0xE8E4, 0xE8E4,
    0xE8E4, 0xE8E4, 0xE8E4, 0xE8E4, 0xE8E4, 0xF8E4, 0xF0E4, 0xC904, 0x80E4, 0x30A2, 0x10A2, 0x31E7, 0x8C51, 0xDEDB, 0xFFFF, 0xFFFF,
    0xFFFF, 0xFFFF, 0xFFFF, 0xFFFF, 0xFFFF, 0xFFFF, 0xFFFF, 0xFFFF, 0xFFFF, 0xFFFF, 0xFFFF, 0xFFFF, 0xFFFF, 0xFFFF, 0xFFFF, 0xFFFF,
    0xFFFF, 0xFFFF, 0xFFFF, 0xFFFF, 0xFFFF, 0xFFFF, 0xFFFF, 0xFFFF, 0xBDD7, 0x10A3, 0x98E4, 0xF8E4, 0xE8E4, 0xE8E4, 0xE8E4, 0xE8E4,
    0xE8E4, 0xE8E4, 0xE8E4, 0xE8E4, 0xF8E4, 0x98E4, 0x10A3, 0xBDD7, 0xFFFF, 0xFFFF, 0xFFFF, 0xFFFF, 0xFFFF, 0xFFFF, 0xFFFF, 0xFFFF,
    0xFFFF, 0xFFFF, 0xFFFF, 0xFFFF, 0xFFFF, 0xFFFF, 0xFFFF, 0xFFFF, 0xFFFF, 0xFFFF, 0xFFFF, 0xFFFF, 0xFFFF, 0xFFFF, 0xFFFF, 0xFFFF,
    0xFFFF, 0xFFFF, 0xDEDB, 0x8C51, 0x31E7, 0x10A2, 0x30A2, 0x80E4, 0xC904, 0xF0E4, 0xF8E4, 0xE8E4, 0xE8E4, 0xE8E4, 0xE8E4, 0xE8E4,
    0xE8E4, 0xE8E4, 0xE8E4, 0xE8E4, 0xE8E4, 0xE8E4, 0xE8E4, 0xE8E4, 0xE8E4, 0xE8E4, 0xE8E4, 0xF0E4, 0xD8E4, 0x3104, 0x2104, 0x0000,
    0x0000, 0x0000, 0x2904, 0xD0E4, 0xF0E4, 0xE8E4, 0xE8E4, 0xE8E4, 0xE8E4, 0xE8E4, 0xE8E4, 0xE8E4, 0xE8E4, 0xE8E4, 0xE8E4, 0xE8E4,
    0xE8E4, 0xE8E4, 0xE8E4, 0xE8E4, 0xE8E4, 0xE8E4, 0xE8E4, 0xF0E4, 0xF8E4, 0xE0E4, 0xA0E4, 0x48C3, 0x1082, 0x1924, 0x632C, 0xBDD7,
    0xFFDF, 0xFFFF, 0xFFFF, 0xFFFF, 0xFFFF, 0xFFFF, 0xFFFF, 0xFFFF, 0xFFFF, 0xFFFF, 0xFFFF, 0xFFFF, 0xFFFF, 0xFFFF, 0xFFFF, 0xFFFF,
    0xFFFF, 0xFFFF, 0xFFFF, 0xFFFF, 0xFFFF, 0xFFFF, 0xFFFF, 0xFFFF, 0xFFBE, 0x3A28, 0x40A3, 0xE8E4, 0xE8E4, 0xE8E4, 0xE8E4, 0xE8E4,
    0xE8E4, 0xE8E4, 0xE8E4, 0xE8E4, 0xE8E4, 0x40A3, 0x4228, 0xFFBF, 0xFFFF, 0xFFFF, 0xFFFF, 0xFFFF, 0xFFFF, 0xFFFF, 0xFFFF, 0xFFFF,
    0xFFFF, 0xFFFF, 0xFFFF, 0xFFFF, 0xFFFF, 0xFFFF, 0xFFFF, 0xFFFF, 0xFFFF, 0xFFFF, 0xFFFF, 0xFFFF, 0xFFFF, 0xFFFF, 0xFFFF, 0xFFDF,
    0xBDD7, 0x632C, 0x1924, 0x1082, 0x48C3, 0xA0E4, 0xE0E4, 0xF8E4, 0xF0E4, 0xE8E4, 0xE8E4, 0xE8E4, 0xE8E4, 0xE8E4, 0xE8E4, 0xE8E4,
    0xE8E4, 0xE8E4, 0xE8E4, 0xE8E4, 0xE8E4, 0xE8E4, 0xE8E4, 0xE8E4, 0xE8E4, 0xE8E4, 0xE8E4, 0xF0E4, 0xD0E4, 0x2904, 0x0000, 0x0000,
    0x0000, 0x0000, 0x2104, 0xC0E4, 0xF0E4, 0xE8E4, 0xE8E4, 0xE8E4, 0xE8E4, 0xE8E4, 0xE8E4, 0xE8E4, 0xE8E4, 0xE8E4, 0xE8E4, 0xE8E4,
    0xE8E4, 0xE8E4, 0xE8E4, 0xE8E4, 0xE8E4, 0xE8E4, 0xE8E4, 0xE8E4, 0xE8E4, 0xF0E4, 0xF8E4, 0xF0E4, 0xC104, 0x70E4, 0x2882, 0x10C3,
    0x4228, 0x9CD3, 0xE73C, 0xFFFF, 0xFFFF, 0xFFFF, 0xFFFF, 0xFFFF, 0xFFFF, 0xFFFF, 0xFFFF, 0xFFFF, 0xFFFF, 0xFFFF, 0xFFFF, 0xFFFF,
    0xFFFF, 0xFFFF, 0xFFFF, 0xFFFF, 0xFFFF, 0xFFFF, 0xFFFF, 0xFFFF, 0xFFFF, 0x9CB2, 0x1082, 0xB904, 0xF8E4, 0xE8E4, 0xE8E4, 0xE8E4,
    0xE8E4, 0xE8E4, 0xE8E4, 0xF8E4, 0xB904, 0x1082, 0x9CB2, 0xFFFF, 0xFFFF, 0xFFFF, 0xFFFF, 0xFFFF, 0xFFFF, 0xFFFF, 0xFFFF, 0xFFFF,
    0xFFFF, 0xFFFF, 0xFFFF, 0xFFFF, 0xFFFF, 0xFFFF, 0xFFFF, 0xFFFF, 0xFFFF, 0xFFFF, 0xFFFF, 0xFFFF, 0xFFFF, 0xE73C, 0x9CD3, 0x4228,
    0x10C3, 0x2882, 0x70E4, 0xC104, 0xF0E4, 0xF8E4, 0xF0E4, 0xE8E4, 0xE8E4, 0xE8E4, 0xE8E4, 0xE8E4, 0xE8E4, 0xE8E4, 0xE8E4, 0xE8E4,
    0xE8E4, 0xE8E4, 0xE8E4, 0xE8E4, 0xE8E4, 0xE8E4, 0xE8E4, 0xE8E4, 0xE8E4, 0xE8E4, 0xE8E4, 0xF0E4, 0xC0E4, 0x2104, 0x0000, 0x0000,
    0x0000, 0x0000, 0x2104, 0xB8E4, 0xF0E4, 0xE8E4, 0xE8E4, 0xE8E4, 0xE8E4, 0xE8E4, 0xE8E4, 0xE8E4, 0xE8E4, 0xE8E4, 0xE8E4, 0xE8E4,
    0xE8E4, 0xE8E4, 0xE8E4, 0xE8E4, 0xE8E4, 0xE8E4, 0xE8E4, 0xE8E4, 0xE8E4, 0xE8E4, 0xE8E4, 0xE8E4, 0xF0E4, 0xF0E4, 0xD8E4, 0x90E4,
    0x40A3, 0x1082, 0x2165, 0x738E, 0xCE38, 0xFFFF, 0xFFFF, 0xFFFF, 0xFFFF, 0xFFFF, 0xFFFF, 0xFFFF, 0xFFFF, 0xFFFF, 0xFFFF, 0xFFFF,
    0xFFFF, 0xFFFF, 0xFFFF, 0xFFFF, 0xFFFF, 0xFFFF, 0xFFFF, 0xFFFF, 0xFFFF, 0xEF3C, 0x2145, 0x60C3, 0xF0E4, 0xE8E4, 0xE8E4, 0xE8E4,
    0xE8E4, 0xE8E4, 0xE8E4, 0xF0E4, 0x60C3, 0x2145, 0xEF3C, 0xFFFF, 0xFFFF, 0xFFFF, 0xFFFF, 0xFFFF, 0xFFFF, 0xFFFF, 0xFFFF, 0xFFFF,
    0xFFFF, 0xFFFF, 0xFFFF, 0xFFFF, 0xFFFF, 0xFFFF, 0xFFFF, 0xFFFF, 0xFFFF, 0xFFFF, 0xFFFF, 0xCE38, 0x738E, 0x2165, 0x1082, 0x40A3,
    0x90E4, 0xD8E4, 0xF0E4, 0xF0E4, 0xE8E4, 0xE8E4, 0xE8E4, 0xE8E4, 0xE8E4, 0xE8E4, 0xE8E4, 0xE8E4, 0xE8E4, 0xE8E4, 0xE8E4, 0xE8E4,
    0xE8E4, 0xE8E4, 0xE8E4, 0xE8E4, 0xE8E4, 0xE8E4, 0xE8E4, 0xE8E4, 0xE8E4, 0xE8E4, 0xE8E4, 0xF0E4, 0xB8E4, 0x2104, 0x0000, 0x0000,
    0x0000, 0x0000, 0x2104, 0xB0E4, 0xF8E4, 0xE8E4, 0xE8E4, 0xE8E4, 0xE8E4, 0xE8E4, 0xE8E4, 0xE8E4, 0xE8E4, 0xE8E4, 0xE8E4, 0xE8E4,
    0xE8E4, 0xE8E4, 0xE8E4, 0xE8E4, 0xE8E4, 0xE8E4, 0xE8E4, 0xE8E4, 0xE8E4, 0xE8E4, 0xE8E4, 0xE8E4, 0xE8E4, 0xE8E4, 0xF0E4, 0xF8E4,
    0xE8E4, 0xB0E4, 0x60C3, 0x1882, 0x10E3, 0x528A, 0xAD34, 0xF77D, 0xFFFF, 0xFFFF, 0xFFFF, 0xFFFF, 0xFFFF, 0xFFFF, 0xFFFF, 0xFFFF,
    0xFFFF, 0xFFFF, 0xFFFF, 0xFFFF, 0xFFFF, 0xFFFF, 0xFFFF, 0xFFFF, 0xFFFF, 0xFFFF, 0x738E, 0x2082, 0xD0E4, 0xF0E4, 0xE8E4, 0xE8E4,
    0xE8E4, 0xE8E4, 0xF0E4, 0xD0E4, 0x2082, 0x738E, 0xFFFF, 0xFFFF, 0xFFFF, 0xFFFF, 0xFFFF, 0xFFFF, 0xFFFF, 0xFFFF, 0xFFFF, 0xFFFF,
    0xFFFF, 0xFFFF, 0xFFFF, 0xFFFF, 0xFFFF, 0xFFFF, 0xFFFF, 0xFFFF, 0xF77D, 0xAD34, 0x528A, 0x10E3, 0x1882, 0x60C3, 0xB0E4, 0xE8E4,
    0xF8E4, 0xF0E4, 0xE8E4, 0xE8E4, 0xE8E4, 0xE8E4, 0xE8E4, 0xE8E4, 0xE8E4, 0xE8E4, 0xE8E4, 0xE8E4, 0xE8E4, 0xE8E4, 0xE8E4, 0xE8E4,
    0xE8E4, 0xE8E4, 0xE8E4, 0xE8E4, 0xE8E4, 0xE8E4, 0xE8E4, 0xE8E4, 0xE8E4, 0xE8E4, 0xE8E4, 0xF8E4, 0xB0E4, 0x2104, 0x0000, 0x0000,
    0x0000, 0x0000, 0x1904, 0xA0E4, 0xF8E4, 0xE8E4, 0xE8E4, 0xE8E4, 0xE8E4, 0xE8E4, 0xE8E4, 0xE8E4, 0xE8E4, 0xE8E4, 0xE8E4, 0xE8E4,
    0xE8E4, 0xE8E4, 0xE8E4, 0xE8E4, 0xE8E4, 0xE8E4, 0xE8E4, 0xE8E4, 0xE8E4, 0xE8E4, 0xE8E4, 0xE8E4, 0xE8E4, 0xE8E4, 0xE8E4, 0xE8E4,
    0xE8E4, 0xF0E4, 0xF0E4, 0xD0E4, 0x88E4, 0x30A2, 0x08A2, 0x29A6, 0x8410, 0xD69A, 0xFFFF, 0xFFFF, 0xFFFF, 0xFFFF, 0xFFFF, 0xFFFF,
    0xFFFF, 0xFFFF, 0xFFFF, 0xFFFF, 0xFFFF, 0xFFFF, 0xFFFF, 0xFFFF, 0xFFFF, 0xFFFF, 0xCE38, 0x10E3, 0x88E4, 0xF8E4, 0xE8E4, 0xE8E4,
    0xE8E4, 0xE8E4, 0xF8E4, 0x88E4, 0x10E3, 0xCE38, 0xFFFF, 0xFFFF, 0xFFFF, 0xFFFF, 0xFFFF, 0xFFFF, 0xFFFF, 0xFFFF, 0xFFFF, 0xFFFF,
    0xFFFF, 0xFFFF, 0xFFFF, 0xFFFF, 0xFFFF, 0xFFFF, 0xD69A, 0x8410, 0x29A6, 0x08A2, 0x38A2, 0x88E4, 0xD0E4, 0xF0E4, 0xF0E4, 0xE8E4,
    0xE8E4, 0xE8E4, 0xE8E4, 0xE8E4, 0xE8E4, 0xE8E4, 0xE8E4, 0xE8E4, 0xE8E4, 0xE8E4, 0xE8E4, 0xE8E4, 0xE8E4, 0xE8E4, 0xE8E4, 0xE8E4,
    0xE8E4, 0xE8E4, 0xE8E4, 0xE8E4, 0xE8E4, 0xE8E4, 0xE8E4, 0xE8E4, 0xE8E4, 0xE8E4, 0xE8E4, 0xF8E4, 0xA0E4, 0x1904, 0x0000, 0x0000,
    0x0000, 0x0000, 0x1904, 0x98E4, 0xF8E4, 0xE8E4, 0xE8E4, 0xE8E4, 0xE8E4, 0xE8E4, 0xE8E4, 0xE8E4, 0xE8E4, 0xE8E4, 0xE8E4, 0xE8E4,
    0xE8E4, 0xE8E4, 0xE8E4, 0xE8E4, 0xE8E4, 0xE8E4, 0xE8E4, 0xE8E4, 0xE8E4, 0xE8E4, 0xE8E4, 0xE8E4, 0xE8E4, 0xE8E4, 0xE8E4, 0xE8E4,
    0xE8E4, 0xE8E4, 0xE8E4, 0xF0E4, 0xF8E4, 0xE0E4, 0xA904, 0x58C3, 0x1882, 0x1904, 0x5AEB, 0xB596, 0xF7BE, 0xFFFF, 0xFFFF, 0xFFFF,
    0xFFFF, 0xFFFF, 0xFFFF, 0xFFFF, 0xFFFF, 0xFFFF, 0xFFFF, 0xFFFF, 0xFFFF, 0xFFFF, 0xFFDF, 0x4A8A, 0x30A2, 0xE8E4, 0xE8E4, 0xE8E4,
    0xE8E4, 0xE8E4, 0xE8E4, 0x30A2, 0x4A8A, 0xFFDF, 0xFFFF, 0xFFFF, 0xFFFF, 0xFFFF, 0xFFFF, 0xFFFF, 0xFFFF, 0xFFFF, 0xFFFF, 0xFFFF,
    0xFFFF, 0xFFFF, 0xFFFF, 0xF7BE, 0xB596, 0x5AEB, 0x1904, 0x1882, 0x58C3, 0xA904, 0xE0E4, 0xF8E4, 0xF0E4, 0xE8E4, 0xE8E4, 0xE8E4,
    0xE8E4, 0xE8E4, 0xE8E4, 0xE8E4, 0xE8E4, 0xE8E4, 0xE8E4, 0xE8E4, 0xE8E4, 0xE8E4, 0xE8E4, 0xE8E4, 0xE8E4, 0xE8E4, 0xE8E4, 0xE8E4,
    0xE8E4, 0xE8E4, 0xE8E4, 0xE8E4, 0xE8E4, 0xE8E4, 0xE8E4, 0xE8E4, 0xE8E4, 0xE8E4, 0xE8E4, 0xF8E4, 0x98E4, 0x1904, 0x0000, 0x0000,
    0x0000, 0x0000, 0x10E4, 0x90E4, 0xF8E4, 0xE8E4, 0xE8E4, 0xE8E4, 0xE8E4, 0xE8E4, 0xE8E4, 0xE8E4, 0xE8E4, 0xE8E4, 0xE8E4, 0xE8E4,
    0xE8E4, 0xE8E4, 0xE8E4, 0xE8E4, 0xE8E4, 0xE8E4, 0xE8E4, 0xE8E4, 0xE8E4, 0xE8E4, 0xE8E4, 0xE8E4, 0xE8E4, 0xE8E4, 0xE8E4, 0xE8E4,
    0xE8E4, 0xE8E4, 0xE8E4, 0xE8E4, 0xE8E4, 0xE8E4, 0xF8E4, 0xF0E4, 0xC904, 0x78E4, 0x2882, 0x10A2, 0x3A08, 0x9472, 0xE6FB, 0xFFFF,
    0xFFFF, 0xFFFF, 0xFFFF, 0xFFFF, 0xFFFF, 0xFFFF, 0xFFFF, 0xFFFF, 0xFFFF, 0xFFFF, 0xFFFF, 0xAD34, 0x0882, 0xA8E4, 0xF8E4, 0xE8E4,
    0xE8E4, 0xF8E4, 0xA8E4, 0x0882, 0xAD34, 0xFFFF, 0xFFFF, 0xFFFF, 0xFFFF, 0xFFFF, 0xFFFF, 0xFFFF, 0xFFFF, 0xFFFF, 0xFFFF, 0xFFFF,
    0xFFFF, 0xE6FB, 0x9472, 0x3A08, 0x10A2, 0x2882, 0x78E4, 0xC904, 0xF0E4, 0xF8E4, 0xE8E4, 0xE8E4, 0xE8E4, 0xE8E4, 0xE8E4, 0xE8E4,
    0xE8E4, 0xE8E4, 0xE8E4, 0xE8E4, 0xE8E4, 0xE8E4, 0xE8E4, 0xE8E4, 0xE8E4, 0xE8E4, 0xE8E4, 0xE8E4, 0xE8E4, 0xE8E4, 0xE8E4, 0xE8E4,
    0xE8E4, 0xE8E4, 0xE8E4, 0xE8E4, 0xE8E4, 0xE8E4, 0xE8E4, 0xE8E4, 0xE8E4, 0xE8E4, 0xE8E4, 0xF8E4, 0x90E4, 0x18E4, 0x0000, 0x0000,
    0x0000, 0x0000, 0x10E4, 0x88E4, 0xF8E4, 0xE8E4, 0xE8E4, 0xE8E4, 0xE8E4, 0xE8E4, 0xE8E4, 0xE8E4, 0xE8E4, 0xE8E4, 0xE8E4, 0xE8E4,
    0xE8E4, 0xE8E4, 0xE8E4, 0xE8E4, 0xE8E4, 0xE8E4, 0xE8E4, 0xE8E4, 0xE8E4, 0xE8E4, 0xE8E4, 0xE8E4, 0xE8E4, 0xE8E4, 0xE8E4, 0xE8E4,
    0xE8E4, 0xE8E4, 0xE8E4, 0xE8E4, 0xE8E4, 0xE8E4, 0xE8E4, 0xE8E4, 0xF0E4, 0xF8E4, 0xE0E4, 0x98E4, 0x48A3, 0x1082, 0x2145, 0x6B4D,
    0xC5F7, 0xFFFF, 0xFFFF, 0xFFFF, 0xFFFF, 0xFFFF, 0xFFFF, 0xFFFF, 0xFFFF, 0xFFFF, 0xFFFF, 0xF77D, 0x31A6, 0x58C3, 0xF0E4, 0xE8E4,
    0xE8E4, 0xF0E4, 0x50C3, 0x31A6, 0xF77D, 0xFFFF, 0xFFFF, 0xFFFF, 0xFFFF, 0xFFFF, 0xFFFF, 0xFFFF, 0xFFFF, 0xFFFF, 0xFFFF, 0xC5F7,
    0x6B4D, 0x1945, 0x1082, 0x48A3, 0x98E4, 0xE0E4, 0xF8E4, 0xF0E4, 0xE8E4, 0xE8E4, 0xE8E4, 0xE8E4, 0xE8E4, 0xE8E4, 0xE8E4, 0xE8E4,
    0xE8E4, 0xE8E4, 0xE8E4, 0xE8E4, 0xE8E4, 0xE8E4, 0xE8E4, 0xE8E4, 0xE8E4, 0xE8E4, 0xE8E4, 0xE8E4, 0xE8E4, 0xE8E4, 0xE8E4, 0xE8E4,
    0xE8E4, 0xE8E4, 0xE8E4, 0xE8E4, 0xE8E4, 0xE8E4, 0xE8E4, 0xE8E4, 0xE8E4, 0xE8E4, 0xE8E4, 0xF8E4, 0x88E4, 0x10E4, 0x0000, 0x0000,
    0x0000, 0x0000, 0x10E4, 0x88E4, 0xF8E4, 0xE8E4, 0xE8E4, 0xE8E4, 0xE8E4, 0xE8E4, 0xE8E4, 0xE8E4, 0xE8E4, 0xE8E4, 0xE8E4, 0xE8E4,
    0xE8E4, 0xE8E4, 0xE8E4, 0xE8E4, 0xE8E4, 0xE8E4, 0xE8E4, 0xE8E4, 0xE8E4, 0xE8E4, 0xE8E4, 0xE8E4, 0xE8E4, 0xE8E4, 0xE8E4, 0xE8E4,
    0xE8E4, 0xE8E4, 0xE8E4, 0xE8E4, 0xE8E4, 0xE8E4, 0xE8E4, 0xE8E4, 0xE8E4, 0xE8E4, 0xF0E4, 0xF8E4, 0xE8E4, 0xB904, 0x68C3, 0x2082,
    0x10C3, 0x4249, 0xA4F3, 0xEF3C, 0xFFFF, 0xFFFF, 0xFFFF, 0xFFFF, 0xFFFF, 0xFFFF, 0xFFFF, 0xFFFF, 0x8410, 0x1882, 0xC904, 0xF0E4,
    0xF0E4, 0xC904, 0x1882, 0x8410, 0xFFFF, 0xFFFF, 0xFFFF, 0xFFFF, 0xFFFF, 0xFFFF, 0xFFFF, 0xFFFF, 0xEF3C, 0xA4F3, 0x4249, 0x10C3,
    0x2082, 0x68C3, 0xB904, 0xE8E4, 0xF8E4, 0xF0E4, 0xE8E4, 0xE8E4, 0xE8E4, 0xE8E4, 0xE8E4, 0xE8E4, 0xE8E4, 0xE8E4, 0xE8E4, 0xE8E4,
    0xE8E4, 0xE8E4, 0xE8E4, 0xE8E4, 0xE8E4, 0xE8E4, 0xE8E4, 0xE8E4, 0xE8E4, 0xE8E4, 0xE8E4, 0xE8E4, 0xE8E4, 0xE8E4, 0xE8E4, 0xE8E4,
    0xE8E4, 0xE8E4, 0xE8E4, 0xE8E4, 0xE8E4, 0xE8E4, 0xE8E4, 0xE8E4, 0xE8E4, 0xE8E4, 0xE8E4, 0xF8E4, 0x80E4, 0x10E4, 0x0000, 0x0000,
    0x0000, 0x0000, 0x10E4, 0x80E4, 0xF8E4, 0xE8E4, 0xE8E4, 0xE8E4, 0xE8E4, 0xE8E4, 0xE8E4, 0xE8E4, 0xE8E4, 0xE8E4, 0xE8E4, 0xE8E4,
    0xE8E4, 0xE8E4, 0xE8E4, 0xE8E4, 0xE8E4, 0xE8E4, 0xE8E4, 0xE8E4, 0xE8E4, 0xE8E4, 0xE8E4, 0xE8E4, 0xE8E4, 0xE8E4, 0xE8E4, 0xE8E4,
    0xE8E4, 0xE8E4, 0xE8E4, 0xE8E4, 0xE8E4, 0xE8E4, 0xE8E4, 0xE8E4, 0xE8E4, 0xE8E4, 0xE8E4, 0xE8E4, 0xE8E4, 0xF0E4, 0xF8E4, 0xD8E4,
    0x90E4, 0x38A3, 0x1082, 0x2986, 0x7BCF, 0xCE59, 0xFFFF, 0xFFFF, 0xFFFF, 0xFFFF, 0xFFDF, 0xFFFF, 0xDEBA, 0x1904, 0x78E4, 0xF0E4,
    0xF0E4, 0x78E4, 0x1904, 0xDEBA, 0xFFFF, 0xFFDF, 0xFFFF, 0xFFFF, 0xFFFF, 0xFFFF, 0xCE59, 0x7BCF, 0x2986, 0x1082, 0x38A3, 0x90E4,
    0xD8E4, 0xF8E4, 0xF0E4, 0xE8E4, 0xE8E4, 0xE8E4, 0xE8E4, 0xE8E4, 0xE8E4, 0xE8E4, 0xE8E4, 0xE8E4, 0xE8E4, 0xE8E4, 0xE8E4, 0xE8E4,
    0xE8E4, 0xE8E4, 0xE8E4, 0xE8E4, 0xE8E4, 0xE8E4, 0xE8E4, 0xE8E4, 0xE8E4, 0xE8E4, 0xE8E4, 0xE8E4, 0xE8E4, 0xE8E4, 0xE8E4, 0xE8E4,
    0xE8E4, 0xE8E4, 0xE8E4, 0xE8E4, 0xE8E4, 0xE8E4, 0xE8E4, 0xE8E4, 0xE8E4, 0xE8E4, 0xE8E4, 0xF8E4, 0x80E4, 0x10E4, 0x0000, 0x0000,
    0x0000, 0x0000, 0x1104, 0x78E4, 0xF8E4, 0xE8E4, 0xE8E4, 0xE8E4, 0xE8E4, 0xE8E4, 0xE8E4, 0xE8E4, 0xE8E4, 0xE8E4, 0xE8E4, 0xE8E4,
    0xE8E4, 0xE8E4, 0xE8E4, 0xE8E4, 0xE8E4, 0xE8E4, 0xE8E4, 0xE8E4, 0xE8E4, 0xE8E4, 0xE8E4, 0xE8E4, 0xE8E4, 0xE8E4, 0xE8E4, 0xE8E4,
    0xE8E4, 0xE8E4, 0xE8E4, 0xE8E4, 0xE8E4, 0xE8E4, 0xE8E4, 0xE8E4, 0xE8E4, 0xE8E4, 0xE8E4, 0xE8E4, 0xE8E4, 0xE8E4, 0xE8E4, 0xF0E4,
    0xF8E4, 0xE8E4, 0xB0E4, 0x60C3, 0x1882, 0x10E3, 0x52AA, 0xAD55, 0xF79E, 0xFFFF, 0xFFFF, 0xFFFF, 0xFFFF, 0x5AEB, 0x2882, 0xE0E4,
    0xE0E4, 0x2882, 0x5AEB, 0xFFFF, 0xFFFF, 0xFFFF, 0xFFFF, 0xF79E, 0xAD55, 0x52AA, 0x10E3, 0x1882, 0x58C3, 0xB0E4, 0xE8E4, 0xF8E4,
    0xF0E4, 0xE8E4, 0xE8E4, 0xE8E4, 0xE8E4, 0xE8E4, 0xE8E4, 0xE8E4, 0xE8E4, 0xE8E4, 0xE8E4, 0xE8E4, 0xE8E4, 0xE8E4, 0xE8E4, 0xE8E4,
    0xE8E4, 0xE8E4, 0xE8E4, 0xE8E4, 0xE8E4, 0xE8E4, 0xE8E4, 0xE8E4, 0xE8E4, 0xE8E4, 0xE8E4, 0xE8E4, 0xE8E4, 0xE8E4, 0xE8E4, 0xE8E4,
    0xE8E4, 0xE8E4, 0xE8E4, 0xE8E4, 0xE8E4, 0xE8E4, 0xE8E4, 0xE8E4, 0xE8E4, 0xE8E4, 0xE8E4, 0xF8E4, 0x78E4, 0x1104, 0x0000, 0x0000,
    0x0000, 0x0000, 0x1104, 0x78E4, 0xF8E4, 0xE8E4, 0xE8E4, 0xE8E4, 0xE8E4, 0xE8E4, 0xE8E4, 0xE8E4, 0xE8E4, 0xE8E4, 0xE8E4, 0xE8E4,
    0xE8E4, 0xE8E4, 0xE8E4, 0xE8E4, 0xE8E4, 0xE8E4, 0xE8E4, 0xE8E4, 0xE8E4, 0xE8E4, 0xE8E4, 0xE8E4, 0xE8E4, 0xE8E4, 0xE8E4, 0xE8E4,
    0xE8E4, 0xE8E4, 0xE8E4, 0xE8E4, 0xE8E4, 0xE8E4, 0xE8E4, 0xE8E4, 0xE8E4, 0xE8E4, 0xE8E4, 0xE8E4, 0xE8E4, 0xE8E4, 0xE8E4, 0xE8E4,
    0xE8E4, 0xE8E4, 0xF8E4, 0xF0E4, 0xD104, 0x80E4, 0x30A2, 0x10A2, 0x31C7, 0x8C30, 0xDEBA, 0xFFFF, 0xFFFF, 0xBDB6, 0x08A2, 0xA8E4,
    0xA8E4, 0x08A2, 0xBDB6, 0xFFFF, 0xFFFF, 0xDEBA, 0x8C30, 0x31C7, 0x10A2, 0x30A2, 0x80E4, 0xD104, 0xF0E4, 0xF8E4, 0xE8E4, 0xE8E4,
    0xE8E4, 0xE8E4, 0xE8E4, 0xE8E4, 0xE8E4, 0xE8E4, 0xE8E4, 0xE8E4, 0xE8E4, 0xE8E4, 0xE8E4, 0xE8E4, 0xE8E4, 0xE8E4, 0xE8E4, 0xE8E4,
    0xE8E4, 0xE8E4, 0xE8E4, 0xE8E4, 0xE8E4, 0xE8E4, 0xE8E4, 0xE8E4, 0xE8E4, 0xE8E4, 0xE8E4, 0xE8E4, 0xE8E4, 0xE8E4, 0xE8E4, 0xE8E4,
    0xE8E4, 0xE8E4, 0xE8E4, 0xE8E4, 0xE8E4, 0xE8E4, 0xE8E4, 0xE8E4, 0xE8E4, 0xE8E4, 0xE8E4, 0xF8E4, 0x78E4, 0x1104, 0x0000, 0x0000,
    0x0000, 0x0000, 0x10E4, 0x78E4, 0xF0E4, 0xE8E4, 0xE8E4, 0xE8E4, 0xE8E4, 0xE8E4, 0xE8E4, 0xE8E4, 0xE8E4, 0xE8E4, 0xE8E4, 0xE8E4,
    0xE8E4, 0xE8E4, 0xE8E4, 0xE8E4, 0xE8E4, 0xE8E4, 0xE8E4, 0xE8E4, 0xE8E4, 0xE8E4, 0xE8E4, 0xE8E4, 0xE8E4, 0xE8E4, 0xE8E4, 0xE8E4,
    0xE8E4, 0xE8E4, 0xE8E4, 0xE8E4, 0xE8E4, 0xE8E4, 0xE8E4, 0xE8E4, 0xE8E4, 0xE8E4, 0xE8E4, 0xE8E4, 0xE8E4, 0xE8E4, 0xE8E4, 0xE8E4,
    0xE8E4, 0xE8E4, 0xE8E4, 0xE8E4, 0xF0E4, 0xF8E4, 0xE0E4, 0xA0E4, 0x50C3, 0x1082, 0x1924, 0x630C, 0xBDB7, 0xF79E, 0x4249, 0x48C3,
    0x40C3, 0x4249, 0xF79E, 0xBDB7, 0x630C, 0x1924, 0x1082, 0x50C3, 0xA0E4, 0xE0E4, 0xF8E4, 0xF0E4, 0xE8E4, 0xE8E4, 0xE8E4, 0xE8E4,
    0xE8E4, 0xE8E4, 0xE8E4, 0xE8E4, 0xE8E4, 0xE8E4, 0xE8E4, 0xE8E4, 0xE8E4, 0xE8E4, 0xE8E4, 0xE8E4, 0xE8E4, 0xE8E4, 0xE8E4, 0xE8E4,
    0xE8E4, 0xE8E4, 0xE8E4, 0xE8E4, 0xE8E4, 0xE8E4, 0xE8E4, 0xE8E4, 0xE8E4, 0xE8E4, 0xE8E4, 0xE8E4, 0xE8E4, 0xE8E4, 0xE8E4, 0xE8E4,
    0xE8E4, 0xE8E4, 0xE8E4, 0xE8E4, 0xE8E4, 0xE8E4, 0xE8E4, 0xE8E4, 0xE8E4, 0xE8E4, 0xE8E4, 0xF0E4, 0x78E4, 0x10E4, 0x0000, 0x0000,
    0x0000, 0x0000, 0x1104, 0x70E4, 0xF0E4, 0xE8E4, 0xE8E4, 0xE8E4, 0xE8E4, 0xE8E4, 0xE8E4, 0xE8E4, 0xE8E4, 0xE8E4, 0xE8E4, 0xE8E4,
    0xE8E4, 0xE8E4, 0xE8E4, 0xE8E4, 0xE8E4, 0xE8E4, 0xE8E4, 0xE8E4, 0xE8E4, 0xE8E4, 0xE8E4, 0xE8E4, 0xE8E4, 0xE8E4, 0xE8E4, 0xE8E4,
    0xE8E4, 0xE8E4, 0xE8E4, 0xE8E4, 0xE8E4, 0xE8E4, 0xE8E4, 0xE8E4, 0xE8E4, 0xE8E4, 0xE8E4, 0xE8E4, 0xE8E4, 0xE8E4, 0xE8E4, 0xE8E4,
    0xE8E4, 0xE8E4, 0xE8E4, 0xE8E4, 0xE8E4, 0xE8E4, 0xF0E4, 0xF8E4, 0xF0E4, 0xC104, 0x70E4, 0x2882, 0x08A2, 0x4A69, 0x4A49, 0x18C3,
    0x18C3, 0x4A49, 0x4A69, 0x08A2, 0x2882, 0x70E4, 0xC104, 0xF0E4, 0xF8E4, 0xE8E4, 0xE8E4, 0xE8E4, 0xE8E4, 0xE8E4, 0xE8E4, 0xE8E4,
    0xE8E4, 0xE8E4, 0xE8E4, 0xE8E4, 0xE8E4, 0xE8E4, 0xE8E4, 0xE8E4, 0xE8E4, 0xE8E4, 0xE8E4, 0xE8E4, 0xE8E4, 0xE8E4, 0xE8E4, 0xE8E4,
    0xE8E4, 0xE8E4, 0xE8E4, 0xE8E4, 0xE8E4, 0xE8E4, 0xE8E4, 0xE8E4, 0xE8E4, 0xE8E4, 0xE8E4, 0xE8E4, 0xE8E4, 0xE8E4, 0xE8E4, 0xE8E4,
    0xE8E4, 0xE8E4, 0xE8E4, 0xE8E4, 0xE8E4, 0xE8E4, 0xE8E4, 0xE8E4, 0xE8E4, 0xE8E4, 0xE8E4, 0xF0E4, 0x70E4, 0x1104, 0x0000, 0x0000,
    0x0000, 0x0000, 0x1104, 0x70E4, 0xF0E4, 0xE8E4, 0xE8E4, 0xE8E4, 0xE8E4, 0xE8E4, 0xE8E4, 0xE8E4, 0xE8E4, 0xE8E4, 0xE8E4, 0xE8E4,
    0xE8E4, 0xE8E4, 0xE8E4, 0xE8E4, 0xE8E4, 0xE8E4, 0xE8E4, 0xE8E4, 0xE8E4, 0xE8E4, 0xE8E4, 0xE8E4, 0xE8E4, 0xE8E4, 0xE8E4, 0xE8E4,
    0xE8E4, 0xE8E4, 0xE8E4, 0xE8E4, 0xE8E4, 0xE8E4, 0xE8E4, 0xE8E4, 0xE8E4, 0xE8E4, 0xE8E4, 0xE8E4, 0xE8E4, 0xE8E4, 0xE8E4, 0xE8E4,
    0xE8E4, 0xE8E4, 0xE8E4, 0xE8E4, 0xE8E4, 0xE8E4, 0xE8E4, 0xE8E4, 0xE8E4, 0xF0E4, 0xF0E4, 0xE0E4, 0xA0E4, 0x40C3, 0x18C3, 0x2104,
    0x2104, 0x18C3, 0x40C3, 0xA0E4, 0xE0E4, 0xF0E4, 0xF0E4, 0xE8E4, 0xE8E4, 0xE8E4, 0xE8E4, 0xE8E4, 0xE8E4, 0xE8E4, 0xE8E4, 0xE8E4,
    0xE8E4, 0xE8E4, 0xE8E4, 0xE8E4, 0xE8E4, 0xE8E4, 0xE8E4, 0xE8E4, 0xE8E4, 0xE8E4, 0xE8E4, 0xE8E4, 0xE8E4, 0xE8E4, 0xE8E4, 0xE8E4,
    0xE8E4, 0xE8E4, 0xE8E4, 0xE8E4, 0xE8E4, 0xE8E4, 0xE8E4, 0xE8E4, 0xE8E4, 0xE8E4, 0xE8E4, 0xE8E4, 0xE8E4, 0xE8E4, 0xE8E4, 0xE8E4,
    0xE8E4, 0xE8E4, 0xE8E4, 0xE8E4, 0xE8E4, 0xE8E4, 0xE8E4, 0xE8E4, 0xE8E4, 0xE8E4, 0xE8E4, 0xF0E4, 0x70E4, 0x1104, 0x0000, 0x0000,
    0x0000, 0x0000, 0x1104, 0x70E4, 0xF0E4, 0xE8E4, 0xE8E4, 0xE8E4, 0xE8E4, 0xE8E4, 0xE8E4, 0xE8E4, 0xE8E4, 0xE8E4, 0xE8E4, 0xE8E4,
    0xE8E4, 0xE8E4, 0xE8E4, 0xE8E4, 0xE8E4, 0xE8E4, 0xE8E4, 0xE8E4, 0xE8E4, 0xE8E4, 0xE8E4, 0xE8E4, 0xE8E4, 0xE8E4, 0xE8E4, 0xE8E4,
    0xE8E4, 0xE8E4, 0xE8E4, 0xE8E4, 0xE8E4, 0xE8E4, 0xE8E4, 0xE8E4, 0xE8E4, 0xE8E4, 0xE8E4, 0xE8E4, 0xE8E4, 0xE8E4, 0xE8E4, 0xE8E4,
    0xE8E4, 0xE8E4, 0xE8E4, 0xE8E4, 0xE8E4, 0xE8E4, 0xE8E4, 0xE8E4, 0xE8E4, 0xF0E4, 0xF0E4, 0xE0E4, 0xA8E4, 0x40C3, 0x18C3, 0x2104,
    0x2104, 0x18C3, 0x40C3, 0xA8E4, 0xE0E4, 0xF0E4, 0xF0E4, 0xE8E4, 0xE8E4, 0xE8E4, 0xE8E4, 0xE8E4, 0xE8E4, 0xE8E4, 0xE8E4, 0xE8E4,
    0xE8E4, 0xE8E4, 0xE8E4, 0xE8E4, 0xE8E4, 0xE8E4, 0xE8E4, 0xE8E4, 0xE8E4, 0xE8E4, 0xE8E4, 0xE8E4, 0xE8E4, 0xE8E4, 0xE8E4, 0xE8E4,
    0xE8E4, 0xE8E4, 0xE8E4, 0xE8E4, 0xE8E4, 0xE8E4, 0xE8E4, 0xE8E4, 0xE8E4, 0xE8E4, 0xE8E4, 0xE8E4, 0xE8E4, 0xE8E4, 0xE8E4, 0xE8E4,
    0xE8E4, 0xE8E4, 0xE8E4, 0xE8E4, 0xE8E4, 0xE8E4, 0xE8E4, 0xE8E4, 0xE8E4, 0xE8E4, 0xE8E4, 0xF0E4, 0x70E4, 0x10E4, 0x0000, 0x0000,
    0x0000, 0x0000, 0x1104, 0x70E4, 0xF0E4, 0xE8E4, 0xE8E4, 0xE8E4, 0xE8E4, 0xE8E4, 0xE8E4, 0xE8E4, 0xE8E4, 0xE8E4, 0xE8E4, 0xE8E4,
    0xE8E4, 0xE8E4, 0xE8E4, 0xE8E4, 0xE8E4, 0xE8E4, 0xE8E4, 0xE8E4, 0xE8E4, 0xE8E4, 0xE8E4, 0xE8E4, 0xE8E4, 0xE8E4, 0xE8E4, 0xE8E4,
    0xE8E4, 0xE8E4, 0xE8E4, 0xE8E4, 0xE8E4, 0xE8E4, 0xE8E4, 0xE8E4, 0xE8E4, 0xE8E4, 0xE8E4, 0xE8E4, 0xE8E4, 0xE8E4, 0xE8E4, 0xE8E4,
    0xE8E4, 0xE8E4, 0xE8E4, 0xE8E4, 0xE8E4, 0xE8E4, 0xE8E4, 0xF8E4, 0xF0E4, 0xC904, 0x78E4, 0x2882, 0x08A2, 0x4249, 0x4A28, 0x18C3,
    0x18C3, 0x4A28, 0x4249, 0x08A2, 0x2882, 0x78E4, 0xC904, 0xF0E4, 0xF8E4, 0xE8E4, 0xE8E4, 0xE8E4, 0xE8E4, 0xE8E4, 0xE8E4, 0xE8E4,
    0xE8E4, 0xE8E4, 0xE8E4, 0xE8E4, 0xE8E4, 0xE8E4, 0xE8E4, 0xE8E4, 0xE8E4, 0xE8E4, 0xE8E4, 0xE8E4, 0xE8E4, 0xE8E4, 0xE8E4, 0xE8E4,
    0xE8E4, 0xE8E4, 0xE8E4, 0xE8E4, 0xE8E4, 0xE8E4, 0xE8E4, 0xE8E4, 0xE8E4, 0xE8E4, 0xE8E4, 0xE8E4, 0xE8E4, 0xE8E4, 0xE8E4, 0xE8E4,
    0xE8E4, 0xE8E4, 0xE8E4, 0xE8E4, 0xE8E4, 0xE8E4, 0xE8E4, 0xE8E4, 0xE8E4, 0xE8E4, 0xE8E4, 0xF0E4, 0x70E4, 0x1104, 0x0000, 0x0000,
    0x0000, 0x0000, 0x10E4, 0x78E4, 0xF0E4, 0xE8E4, 0xE8E4, 0xE8E4, 0xE8E4, 0xE8E4, 0xE8E4, 0xE8E4, 0xE8E4, 0xE8E4, 0xE8E4, 0xE8E4,
    0xE8E4, 0xE8E4, 0xE8E4, 0xE8E4, 0xE8E4, 0xE8E4, 0xE8E4, 0xE8E4, 0xE8E4, 0xE8E4, 0xE8E4, 0xE8E4, 0xE8E4, 0xE8E4, 0xE8E4, 0xE8E4,
    0xE8E4, 0xE8E4, 0xE8E4, 0xE8E4, 0xE8E4, 0xE8E4, 0xE8E4, 0xE8E4, 0xE8E4, 0xE8E4, 0xE8E4, 0xE8E4, 0xE8E4, 0xE8E4, 0xE8E4, 0xE8E4,
    0xE8E4, 0xE8E4, 0xE8E4, 0xE8E4, 0xF0E4, 0xF8E4, 0xE0E4, 0xA8E4, 0x50C3, 0x1082, 0x1924, 0x5AEC, 0xBDB6, 0xF79D, 0x4249, 0x40C3,
    0x40C3, 0x4249, 0xF77E, 0xBDB6, 0x5AEC, 0x1924, 0x1082, 0x50C3, 0xA8E4, 0xE0E4, 0xF8E4, 0xF0E4, 0xE8E4, 0xE8E4, 0xE8E4, 0xE8E4,
    0xE8E4, 0xE8E4, 0xE8E4, 0xE8E4, 0xE8E4, 0xE8E4, 0xE8E4, 0xE8E4, 0xE8E4, 0xE8E4, 0xE8E4, 0xE8E4, 0xE8E4, 0xE8E4, 0xE8E4, 0xE8E4,
    0xE8E4, 0xE8E4, 0xE8E4, 0xE8E4, 0xE8E4, 0xE8E4, 0xE8E4, 0xE8E4, 0xE8E4, 0xE8E4, 0xE8E4, 0xE8E4, 0xE8E4, 0xE8E4, 0xE8E4, 0xE8E4,
    0xE8E4, 0xE8E4, 0xE8E4, 0xE8E4, 0xE8E4, 0xE8E4, 0xE8E4, 0xE8E4, 0xE8E4, 0xE8E4, 0xE8E4, 0xF0E4, 0x78E4, 0x1104, 0x0000, 0x0000,
    0x0000, 0x0000, 0x10E4, 0x78E4, 0xF8E4, 0xE8E4, 0xE8E4, 0xE8E4, 0xE8E4, 0xE8E4, 0xE8E4, 0xE8E4, 0xE8E4, 0xE8E4, 0xE8E4, 0xE8E4,
    0xE8E4, 0xE8E4, 0xE8E4, 0xE8E4, 0xE8E4, 0xE8E4, 0xE8E4, 0xE8E4, 0xE8E4, 0xE8E4, 0xE8E4, 0xE8E4, 0xE8E4, 0xE8E4, 0xE8E4, 0xE8E4,
    0xE8E4, 0xE8E4, 0xE8E4, 0xE8E4, 0xE8E4, 0xE8E4, 0xE8E4, 0xE8E4, 0xE8E4, 0xE8E4, 0xE8E4, 0xE8E4, 0xE8E4, 0xE8E4, 0xE8E4, 0xE8E4,
    0xE8E4, 0xE8E4, 0xF0E4, 0xF0E4, 0xD104, 0x80E4, 0x30A2, 0x10A2, 0x31A7, 0x8410, 0xD69A, 0xFFFF, 0xFFFF, 0xBDB6, 0x08A2, 0xA8E4,
    0xA8E4, 0x08A2, 0xBDB7, 0xFFFF, 0xFFFF, 0xD69A, 0x8410, 0x31C7, 0x10A2, 0x30A2, 0x80E4, 0xD104, 0xF0E4, 0xF0E4, 0xE8E4, 0xE8E4,
    0xE8E4, 0xE8E4, 0xE8E4, 0xE8E4, 0xE8E4, 0xE8E4, 0xE8E4, 0xE8E4, 0xE8E4, 0xE8E4, 0xE8E4, 0xE8E4, 0xE8E4, 0xE8E4, 0xE8E4, 0xE8E4,
    0xE8E4, 0xE8E4, 0xE8E4, 0xE8E4, 0xE8E4, 0xE8E4, 0xE8E4, 0xE8E4, 0xE8E4, 0xE8E4, 0xE8E4, 0xE8E4, 0xE8E4, 0xE8E4, 0xE8E4, 0xE8E4,
    0xE8E4, 0xE8E4, 0xE8E4, 0xE8E4, 0xE8E4, 0xE8E4, 0xE8E4, 0xE8E4, 0xE8E4, 0xE8E4, 0xE8E4, 0xF0E4, 0x78E4, 0x10E4, 0x0000, 0x0000,
    0x0000, 0x0000, 0x1104, 0x78E4, 0xF8E4, 0xE8E4, 0xE8E4, 0xE8E4, 0xE8E4, 0xE8E4, 0xE8E4, 0xE8E4, 0xE8E4, 0xE8E4, 0xE8E4, 0xE8E4,
    0xE8E4, 0xE8E4, 0xE8E4, 0xE8E4, 0xE8E4, 0xE8E4, 0xE8E4, 0xE8E4, 0xE8E4, 0xE8E4, 0xE8E4, 0xE8E4, 0xE8E4, 0xE8E4, 0xE8E4, 0xE8E4,
    0xE8E4, 0xE8E4, 0xE8E4, 0xE8E4, 0xE8E4, 0xE8E4, 0xE8E4, 0xE8E4, 0xE8E4, 0xE8E4, 0xE8E4, 0xE8E4, 0xE8E4, 0xE8E4, 0xE8E4, 0xF0E4,
    0xF8E4, 0xE8E4, 0xB104, 0x60C3, 0x1882, 0x10E3, 0x528A, 0xAD55, 0xF77D, 0xFFFF, 0xFFFF, 0xFFFF, 0xFFFF, 0x5AEC, 0x2882, 0xE0E4,
    0xE0E4, 0x2882, 0x5AEC, 0xFFFF, 0xFFFF, 0xFFFF, 0xFFFF, 0xF77D, 0xAD35, 0x528A, 0x10E3, 0x1882, 0x60C3, 0xB104, 0xE8E4, 0xF8E4,
    0xF0E4, 0xE8E4, 0xE8E4, 0xE8E4, 0xE8E4, 0xE8E4, 0xE8E4, 0xE8E4, 0xE8E4, 0xE8E4, 0xE8E4, 0xE8E4, 0xE8E4, 0xE8E4, 0xE8E4, 0xE8E4,
    0xE8E4, 0xE8E4, 0xE8E4, 0xE8E4, 0xE8E4, 0xE8E4, 0xE8E4, 0xE8E4, 0xE8E4, 0xE8E4, 0xE8E4, 0xE8E4, 0xE8E4, 0xE8E4, 0xE8E4, 0xE8E4,
    0xE8E4, 0xE8E4, 0xE8E4, 0xE8E4, 0xE8E4, 0xE8E4, 0xE8E4, 0xE8E4, 0xE8E4, 0xE8E4, 0xE8E4, 0xF8E4, 0x78E4, 0x1104, 0x0000, 0x0000,
    0x0000, 0x0000, 0x10E4, 0x80E4, 0xF8E4, 0xE8E4, 0xE8E4, 0xE8E4, 0xE8E4, 0xE8E4, 0xE8E4, 0xE8E4, 0xE8E4, 0xE8E4, 0xE8E4, 0xE8E4,
    0xE8E4, 0xE8E4, 0xE8E4, 0xE8E4, 0xE8E4, 0xE8E4, 0xE8E4, 0xE8E4, 0xE8E4, 0xE8E4, 0xE8E4, 0xE8E4, 0xE8E4, 0xE8E4, 0xE8E4, 0xE8E4,
    0xE8E4, 0xE8E4, 0xE8E4, 0xE8E4, 0xE8E4, 0xE8E4, 0xE8E4, 0xE8E4, 0xE8E4, 0xE8E4, 0xE8E4, 0xE8E4, 0xE8E4, 0xF0E4, 0xF8E4, 0xD8E4,
    0x90E4, 0x40A3, 0x1082, 0x2966, 0x73AE, 0xCE59, 0xFFFF, 0xFFFF, 0xFFFF, 0xFFFF, 0xFFDF, 0xFFFF, 0xDEBA, 0x1904, 0x78E4, 0xF0E4,
    0xF0E4, 0x78E4, 0x1904, 0xDEBA, 0xFFFF, 0xFFDF, 0xFFFF, 0xFFFF, 0xFFFF, 0xFFFF, 0xCE59, 0x73AE, 0x2966, 0x1082, 0x40A3, 0x90E4,
    0xD8E4, 0xF8E4, 0xF0E4, 0xE8E4, 0xE8E4, 0xE8E4, 0xE8E4, 0xE8E4, 0xE8E4, 0xE8E4, 0xE8E4, 0xE8E4, 0xE8E4, 0xE8E4, 0xE8E4, 0xE8E4,
    0xE8E4, 0xE8E4, 0xE8E4, 0xE8E4, 0xE8E4, 0xE8E4, 0xE8E4, 0xE8E4, 0xE8E4, 0xE8E4, 0xE8E4, 0xE8E4, 0xE8E4, 0xE8E4, 0xE8E4, 0xE8E4,
    0xE8E4, 0xE8E4, 0xE8E4, 0xE8E4, 0xE8E4, 0xE8E4, 0xE8E4, 0xE8E4, 0xE8E4, 0xE8E4, 0xE8E4, 0xF8E4, 0x80E4, 0x10E4, 0x0000, 0x0000,
    0x0000, 0x0000, 0x10E4, 0x88E4, 0xF8E4, 0xE8E4, 0xE8E4, 0xE8E4, 0xE8E4, 0xE8E4, 0xE8E4, 0xE8E4, 0xE8E4, 0xE8E4, 0xE8E4, 0xE8E4,
    0xE8E4, 0xE8E4, 0xE8E4, 0xE8E4, 0xE8E4, 0xE8E4, 0xE8E4, 0xE8E4, 0xE8E4, 0xE8E4, 0xE8E4, 0xE8E4, 0xE8E4, 0xE8E4, 0xE8E4, 0xE8E4,
    0xE8E4, 0xE8E4, 0xE8E4, 0xE8E4, 0xE8E4, 0xE8E4, 0xE8E4, 0xE8E4, 0xE8E4, 0xE8E4, 0xF0E4, 0xF8E4, 0xF0E4, 0xC104, 0x70E4, 0x2082,
    0x10C3, 0x4249, 0x9CD3, 0xE73C, 0xFFFF, 0xFFFF, 0xFFFF, 0xFFFF, 0xFFFF, 0xFFFF, 0xFFFF, 0xFFFF, 0x8410, 0x1882, 0xC104, 0xF0E4,
    0xF0E4, 0xC104, 0x1882, 0x8410, 0xFFFF, 0xFFFF, 0xFFFF, 0xFFFF, 0xFFFF, 0xFFFF, 0xFFFF, 0xFFFF, 0xE73C, 0x9CD3, 0x4249, 0x10C3,
    0x2082, 0x70E4, 0xC104, 0xF0E4, 0xF8E4, 0xF0E4, 0xE8E4, 0xE8E4, 0xE8E4, 0xE8E4, 0xE8E4, 0xE8E4, 0xE8E4, 0xE8E4, 0xE8E4, 0xE8E4,
    0xE8E4, 0xE8E4, 0xE8E4, 0xE8E4, 0xE8E4, 0xE8E4, 0xE8E4, 0xE8E4, 0xE8E4, 0xE8E4, 0xE8E4, 0xE8E4, 0xE8E4, 0xE8E4, 0xE8E4, 0xE8E4,
    0xE8E4, 0xE8E4, 0xE8E4, 0xE8E4, 0xE8E4, 0xE8E4, 0xE8E4, 0xE8E4, 0xE8E4, 0xE8E4, 0xE8E4, 0xF8E4, 0x80E4, 0x10E4, 0x0000, 0x0000,
    0x0000, 0x0000, 0x10E4, 0x88E4, 0xF8E4, 0xE8E4, 0xE8E4, 0xE8E4, 0xE8E4, 0xE8E4, 0xE8E4, 0xE8E4, 0xE8E4, 0xE8E4, 0xE8E4, 0xE8E4,
    0xE8E4, 0xE8E4, 0xE8E4, 0xE8E4, 0xE8E4, 0xE8E4, 0xE8E4, 0xE8E4, 0xE8E4, 0xE8E4, 0xE8E4, 0xE8E4, 0xE8E4, 0xE8E4, 0xE8E4, 0xE8E4,
    0xE8E4, 0xE8E4, 0xE8E4, 0xE8E4, 0xE8E4, 0xE8E4, 0xE8E4, 0xE8E4, 0xF0E4, 0xF8E4, 0xE0E4, 0xA0E4, 0x48C3, 0x1082, 0x1924, 0x632D,
    0xC5F7, 0xFFDF, 0xFFFF, 0xFFFF, 0xFFFF, 0xFFFF, 0xFFFF, 0xFFFF, 0xFFFF, 0xFFFF, 0xFFFF, 0xF77D, 0x31A6, 0x50C3, 0xF0E4, 0xE8E4,
    0xE8E4, 0xF0E4, 0x50C3, 0x31A7, 0xF77D, 0xFFFF, 0xFFFF, 0xFFFF, 0xFFFF, 0xFFFF, 0xFFFF, 0xFFFF, 0xFFFF, 0xFFFF, 0xFFDF, 0xC5F7,
    0x632D, 0x1924, 0x1082, 0x48C3, 0xA0E4, 0xE0E4, 0xF8E4, 0xF0E4, 0xE8E4, 0xE8E4, 0xE8E4, 0xE8E4, 0xE8E4, 0xE8E4, 0xE8E4, 0xE8E4,
    0xE8E4, 0xE8E4, 0xE8E4, 0xE8E4, 0xE8E4, 0xE8E4, 0xE8E4, 0xE8E4, 0xE8E4, 0xE8E4, 0xE8E4, 0xE8E4, 0xE8E4, 0xE8E4, 0xE8E4, 0xE8E4,
    0xE8E4, 0xE8E4, 0xE8E4, 0xE8E4, 0xE8E4, 0xE8E4, 0xE8E4, 0xE8E4, 0xE8E4, 0xE8E4, 0xE8E4, 0xF8E4, 0x88E4, 0x10E4, 0x0000, 0x0000,
    0x0000, 0x0000, 0x18E4, 0x90E4, 0xF8E4, 0xE8E4, 0xE8E4, 0xE8E4, 0xE8E4, 0xE8E4, 0xE8E4, 0xE8E4, 0xE8E4, 0xE8E4, 0xE8E4, 0xE8E4,
    0xE8E4, 0xE8E4, 0xE8E4, 0xE8E4, 0xE8E4, 0xE8E4, 0xE8E4, 0xE8E4, 0xE8E4, 0xE8E4, 0xE8E4, 0xE8E4, 0xE8E4, 0xE8E4, 0xE8E4, 0xE8E4,
    0xE8E4, 0xE8E4, 0xE8E4, 0xE8E4, 0xE8E4, 0xE8E4, 0xF8E4, 0xF0E4, 0xC8E4, 0x78E4, 0x28A2, 0x10A2, 0x39E7, 0x8C71, 0xDEFB, 0xFFFF,
    0xFFFF, 0xFFFF, 0xFFFF, 0xFFFF, 0xFFFF, 0xFFFF, 0xFFFF, 0xFFFF, 0xFFFF, 0xFFFF, 0xFFFF, 0xAD34, 0x0882, 0xA8E4, 0xF8E4, 0xE8E4,
    0xE8E4, 0xF8E4, 0xA8E4, 0x0882, 0xAD34, 0xFFFF, 0xFFFF, 0xFFFF, 0xFFFF, 0xFFFF, 0xFFFF, 0xFFFF, 0xFFFF, 0xFFFF, 0xFFFF, 0xFFFF,
    0xFFFF, 0xDEDB, 0x8C71, 0x39E7, 0x10A2, 0x28A2, 0x78E4, 0xC8E4, 0xF0E4, 0xF8E4, 0xE8E4, 0xE8E4, 0xE8E4, 0xE8E4, 0xE8E4, 0xE8E4,
    0xE8E4, 0xE8E4, 0xE8E4, 0xE8E4, 0xE8E4, 0xE8E4, 0xE8E4, 0xE8E4, 0xE8E4, 0xE8E4, 0xE8E4, 0xE8E4, 0xE8E4, 0xE8E4, 0xE8E4, 0xE8E4,
    0xE8E4, 0xE8E4, 0xE8E4, 0xE8E4, 0xE8E4, 0xE8E4, 0xE8E4, 0xE8E4, 0xE8E4, 0xE8E4, 0xE8E4, 0xF8E4, 0x90E4, 0x18E4, 0x0000, 0x0000,
    0x0000, 0x0000, 0x1904, 0x98E4, 0xF8E4, 0xE8E4, 0xE8E4, 0xE8E4, 0xE8E4, 0xE8E4, 0xE8E4, 0xE8E4, 0xE8E4, 0xE8E4, 0xE8E4, 0xE8E4,
    0xE8E4, 0xE8E4, 0xE8E4, 0xE8E4, 0xE8E4, 0xE8E4, 0xE8E4, 0xE8E4, 0xE8E4, 0xE8E4, 0xE8E4, 0xE8E4, 0xE8E4, 0xE8E4, 0xE8E4, 0xE8E4,
    0xE8E4, 0xE8E4, 0xE8E4, 0xF0E4, 0xF8E4, 0xE8E4, 0xA8E4, 0x58C3, 0x1882, 0x1904, 0x5ACB, 0xB596, 0xF79E, 0xFFFF, 0xFFFF, 0xFFFF,
    0xFFFF, 0xFFFF, 0xFFFF, 0xFFFF, 0xFFFF, 0xFFFF, 0xFFFF, 0xFFFF, 0xFFFF, 0xFFFF, 0xFFFF, 0x528A, 0x30A2, 0xE8E4, 0xE8E4, 0xE8E4,
    0xE8E4, 0xE8E4, 0xE0E4, 0x30A2, 0x528A, 0xFFFF, 0xFFFF, 0xFFFF, 0xFFFF, 0xFFFF, 0xFFFF, 0xFFFF, 0xFFFF, 0xFFFF, 0xFFFF, 0xFFFF,
    0xFFFF, 0xFFFF, 0xFFFF, 0xF79E, 0xB596, 0x5ACB, 0x1904, 0x1882, 0x58C3, 0xA8E4, 0xE8E4, 0xF8E4, 0xF0E4, 0xE8E4, 0xE8E4, 0xE8E4,
    0xE8E4, 0xE8E4, 0xE8E4, 0xE8E4, 0xE8E4, 0xE8E4, 0xE8E4, 0xE8E4, 0xE8E4, 0xE8E4, 0xE8E4, 0xE8E4, 0xE8E4, 0xE8E4, 0xE8E4, 0xE8E4,
    0xE8E4, 0xE8E4, 0xE8E4, 0xE8E4, 0xE8E4, 0xE8E4, 0xE8E4, 0xE8E4, 0xE8E4, 0xE8E4, 0xE8E4, 0xF8E4, 0x98E4, 0x1904, 0x0000, 0x0000,
    0x0000, 0x0000, 0x1904, 0xA0E4, 0xF8E4, 0xE8E4, 0xE8E4, 0xE8E4, 0xE8E4, 0xE8E4, 0xE8E4, 0xE8E4, 0xE8E4, 0xE8E4, 0xE8E4, 0xE8E4,
    0xE8E4, 0xE8E4, 0xE8E4, 0xE8E4, 0xE8E4, 0xE8E4, 0xE8E4, 0xE8E4, 0xE8E4, 0xE8E4, 0xE8E4, 0xE8E4, 0xE8E4, 0xE8E4, 0xE8E4, 0xE8E4,
    0xE8E4, 0xF0E4, 0xF0E4, 0xD0E4, 0x88E4, 0x38A2, 0x10A2, 0x2986, 0x7BEF, 0xD679, 0xFFFF, 0xFFFF, 0xFFFF, 0xFFFF, 0xFFFF, 0xFFFF,
    0xFFFF, 0xFFFF, 0xFFFF, 0xFFFF, 0xFFFF, 0xFFFF, 0xFFFF, 0xFFFF, 0xFFFF, 0xFFFF, 0xCE59, 0x10E3, 0x88E4, 0xF8E4, 0xE8E4, 0xE8E4,
    0xE8E4, 0xE8E4, 0xF8E4, 0x88E4, 0x10E3, 0xCE59, 0xFFFF, 0xFFFF, 0xFFFF, 0xFFFF, 0xFFFF, 0xFFFF, 0xFFFF, 0xFFFF, 0xFFFF, 0xFFFF,
    0xFFFF, 0xFFFF, 0xFFFF, 0xFFFF, 0xFFFF, 0xFFFF, 0xD679, 0x7BEF, 0x2986, 0x1082, 0x38A2, 0x88E4, 0xD0E4, 0xF0E4, 0xF0E4, 0xE8E4,
    0xE8E4, 0xE8E4, 0xE8E4, 0xE8E4, 0xE8E4, 0xE8E4, 0xE8E4, 0xE8E4, 0xE8E4, 0xE8E4, 0xE8E4, 0xE8E4, 0xE8E4, 0xE8E4, 0xE8E4, 0xE8E4,
    0xE8E4, 0xE8E4, 0xE8E4, 0xE8E4, 0xE8E4, 0xE8E4, 0xE8E4, 0xE8E4, 0xE8E4, 0xE8E4, 0xE8E4, 0xF8E4, 0xA0E4, 0x1904, 0x0000, 0x0000,
    0x0000, 0x0000, 0x2104, 0xB0E4, 0xF8E4, 0xE8E4, 0xE8E4, 0xE8E4, 0xE8E4, 0xE8E4, 0xE8E4, 0xE8E4, 0xE8E4, 0xE8E4, 0xE8E4, 0xE8E4,
    0xE8E4, 0xE8E4, 0xE8E4, 0xE8E4, 0xE8E4, 0xE8E4, 0xE8E4, 0xE8E4, 0xE8E4, 0xE8E4, 0xE8E4, 0xE8E4, 0xE8E4, 0xE8E4, 0xF0E4, 0xF8E4,
    0xE8E4, 0xB8E4, 0x68C3, 0x1882, 0x10E3, 0x4A8A, 0xA514, 0xEF7D, 0xFFFF, 0xFFFF, 0xFFFF, 0xFFFF, 0xFFFF, 0xFFFF, 0xFFFF, 0xFFFF,
    0xFFFF, 0xFFFF, 0xFFFF, 0xFFFF, 0xFFFF, 0xFFFF, 0xFFFF, 0xFFFF, 0xFFFF, 0xFFFF, 0x738E, 0x1882, 0xD0E4, 0xF0E4, 0xE8E4, 0xE8E4,
    0xE8E4, 0xE8E4, 0xF0E4, 0xD0E4, 0x1882, 0x738E, 0xFFFF, 0xFFFF, 0xFFFF, 0xFFFF, 0xFFFF, 0xFFFF, 0xFFFF, 0xFFFF, 0xFFFF, 0xFFFF,
    0xFFFF, 0xFFFF, 0xFFFF, 0xFFFF, 0xFFFF, 0xFFFF, 0xFFFF, 0xFFFF, 0xEF7D, 0xA514, 0x4A6A, 0x10E3, 0x1882, 0x68C3, 0xB8E4, 0xE8E4,
    0xF8E4, 0xF0E4, 0xE8E4, 0xE8E4, 0xE8E4, 0xE8E4, 0xE8E4, 0xE8E4, 0xE8E4, 0xE8E4, 0xE8E4, 0xE8E4, 0xE8E4, 0xE8E4, 0xE8E4, 0xE8E4,
    0xE8E4, 0xE8E4, 0xE8E4, 0xE8E4, 0xE8E4, 0xE8E4, 0xE8E4, 0xE8E4, 0xE8E4, 0xE8E4, 0xE8E4, 0xF8E4, 0xB0E4, 0x2104, 0x0000, 0x0000,
    0x0000, 0x0000, 0x2104, 0xB8E4, 0xF0E4, 0xE8E4, 0xE8E4, 0xE8E4, 0xE8E4, 0xE8E4, 0xE8E4, 0xE8E4, 0xE8E4, 0xE8E4, 0xE8E4, 0xE8E4,
    0xE8E4, 0xE8E4, 0xE8E4, 0xE8E4, 0xE8E4, 0xE8E4, 0xE8E4, 0xE8E4, 0xE8E4, 0xE8E4, 0xE8E4, 0xE8E4, 0xF0E4, 0xF8E4, 0xD8E4, 0x98E4,
    0x40A3, 0x1082, 0x2165, 0x738E, 0xC618, 0xFFFF, 0xFFFF, 0xFFFF, 0xFFFF, 0xFFFF, 0xFFFF, 0xFFFF, 0xFFFF, 0xFFFF, 0xFFFF, 0xFFFF,
    0xFFFF, 0xFFFF, 0xFFFF, 0xFFFF, 0xFFFF, 0xFFFF, 0xFFFF, 0xFFFF, 0xFFFF, 0xEF3C, 0x2165, 0x60C3, 0xF0E4, 0xE8E4, 0xE8E4, 0xE8E4,
    0xE8E4, 0xE8E4, 0xE8E4, 0xF0E4, 0x60C3, 0x2165, 0xEF3C, 0xFFFF, 0xFFFF, 0xFFFF, 0xFFFF, 0xFFFF, 0xFFFF, 0xFFFF, 0xFFFF, 0xFFFF,
    0xFFFF, 0xFFFF, 0xFFFF, 0xFFFF, 0xFFFF, 0xFFFF, 0xFFFF, 0xFFFF, 0xFFFF, 0xFFFF, 0xFFFF, 0xC618, 0x738E, 0x2165, 0x1082, 0x40A3,
    0x98E4, 0xD8E4, 0xF8E4, 0xF0E4, 0xE8E4, 0xE8E4, 0xE8E4, 0xE8E4, 0xE8E4, 0xE8E4, 0xE8E4, 0xE8E4, 0xE8E4, 0xE8E4, 0xE8E4, 0xE8E4,
    0xE8E4, 0xE8E4, 0xE8E4, 0xE8E4, 0xE8E4, 0xE8E4, 0xE8E4, 0xE8E4, 0xE8E4, 0xE8E4, 0xE8E4, 0xF0E4, 0xB8E4, 0x2104, 0x0000, 0x0000,
    0x0000, 0x0000, 0x2104, 0xC0E4, 0xF0E4, 0xE8E4, 0xE8E4, 0xE8E4, 0xE8E4, 0xE8E4, 0xE8E4, 0xE8E4, 0xE8E4, 0xE8E4, 0xE8E4, 0xE8E4,
    0xE8E4, 0xE8E4, 0xE8E4, 0xE8E4, 0xE8E4, 0xE8E4, 0xE8E4, 0xE8E4, 0xE8E4, 0xF0E4, 0xF8E4, 0xF0E4, 0xC104, 0x70E4, 0x28A2, 0x10C3,
    0x3A08, 0x94B2, 0xE71C, 0xFFFF, 0xFFFF, 0xFFFF, 0xFFFF, 0xFFFF, 0xFFFF, 0xFFFF, 0xFFFF, 0xFFFF, 0xFFFF, 0xFFFF, 0xFFFF, 0xFFFF,
    0xFFFF, 0xFFFF, 0xFFFF, 0xFFFF, 0xFFFF, 0xFFFF, 0xFFFF, 0xFFFF, 0xFFFF, 0x9CB2, 0x1082, 0xB904, 0xF0E4, 0xE8E4, 0xE8E4, 0xE8E4,
    0xE8E4, 0xE8E4, 0xE8E4, 0xF8E4, 0xB904, 0x1082, 0x9CB2, 0xFFFF, 0xFFFF, 0xFFFF, 0xFFFF, 0xFFFF, 0xFFFF, 0xFFFF, 0xFFFF, 0xFFFF,
    0xFFFF, 0xFFFF, 0xFFFF, 0xFFFF, 0xFFFF, 0xFFFF, 0xFFFF, 0xFFFF, 0xFFFF, 0xFFFF, 0xFFFF, 0xFFFF, 0xFFFF, 0xE71C, 0x94B2, 0x3A08,
    0x10C3, 0x28A2, 0x70E4, 0xC104, 0xF0E4, 0xF8E4, 0xF0E4, 0xE8E4, 0xE8E4, 0xE8E4, 0xE8E4, 0xE8E4, 0xE8E4, 0xE8E4, 0xE8E4, 0xE8E4,
    0xE8E4, 0xE8E4, 0xE8E4, 0xE8E4, 0xE8E4, 0xE8E4, 0xE8E4, 0xE8E4, 0xE8E4, 0xE8E4, 0xE8E4, 0xF0E4, 0xC0E4, 0x2104, 0x0000, 0x0000,
    0x0000, 0x0000, 0x2904, 0xD0E4, 0xF0E4, 0xE8E4, 0xE8E4, 0xE8E4, 0xE8E4, 0xE8E4, 0xE8E4, 0xE8E4, 0xE8E4, 0xE8E4, 0xE8E4, 0xE8E4,
    0xE8E4, 0xE8E4, 0xE8E4, 0xE8E4, 0xE8E4, 0xE8E4, 0xE8E4, 0xF0E4, 0xF8E4, 0xE0E4, 0xA0E4, 0x50C3, 0x1082, 0x1924, 0x630C, 0xBDD7,
    0xFFDF, 0xFFFF, 0xFFFF, 0xFFFF, 0xFFFF, 0xFFFF, 0xFFFF, 0xFFFF, 0xFFFF, 0xFFFF, 0xFFFF, 0xFFFF, 0xFFFF, 0xFFFF, 0xFFFF, 0xFFFF,
    0xFFFF, 0xFFFF, 0xFFFF, 0xFFFF, 0xFFFF, 0xFFFF, 0xFFFF, 0xFFFF, 0xFFDF, 0x4228, 0x40A3, 0xE8E4, 0xE8E4, 0xE8E4, 0xE8E4, 0xE8E4,
    0xE8E4, 0xE8E4, 0xE8E4, 0xE8E4, 0xE8E4, 0x40A3, 0x4228, 0xFFDF, 0xFFFF, 0xFFFF, 0xFFFF, 0xFFFF, 0xFFFF, 0xFFFF, 0xFFFF, 0xFFFF,
    0xFFFF, 0xFFFF, 0xFFFF, 0xFFFF, 0xFFFF, 0xFFFF, 0xFFFF, 0xFFFF, 0xFFFF, 0xFFFF, 0xFFFF, 0xFFFF, 0xFFFF, 0xFFFF, 0xFFFF, 0xFFDF,
    0xBDD7, 0x630C, 0x1924, 0x1082, 0x50C3, 0xA0E4, 0xE0E4, 0xF8E4, 0xF0E4, 0xE8E4, 0xE8E4, 0xE8E4, 0xE8E4, 0xE8E4, 0xE8E4, 0xE8E4,
    0xE8E4, 0xE8E4, 0xE8E4, 0xE8E4, 0xE8E4, 0xE8E4, 0xE8E4, 0xE8E4, 0xE8E4, 0xE8E4, 0xE8E4, 0xF0E4, 0xD0E4, 0x2904, 0x0000, 0x0000,
    0x0000, 0x2104, 0x3104, 0xD8E4, 0xF0E4, 0xE8E4, 0xE8E4, 0xE8E4, 0xE8E4, 0xE8E4, 0xE8E4, 0xE8E4, 0xE8E4, 0xE8E4, 0xE8E4, 0xE8E4,
    0xE8E4, 0xE8E4, 0xE8E4, 0xE8E4, 0xE8E4, 0xF8E4, 0xF0E4, 0xC904, 0x80E4, 0x30A2, 0x10A2, 0x31C7, 0x8C30, 0xDEBA, 0xFFFF, 0xFFFF,
    0xFFFF, 0xFFFF, 0xFFFF, 0xFFFF, 0xFFFF, 0xFFFF, 0xFFFF, 0xFFFF, 0xFFFF, 0xFFFF, 0xFFFF, 0xFFFF, 0xFFFF, 0xFFFF, 0xFFFF, 0xFFFF,
    0xFFFF, 0xFFFF, 0xFFFF, 0xFFFF, 0xFFFF, 0xFFFF, 0xFFFF, 0xFFFF, 0xBDD7, 0x10C3, 0x98E4, 0xF8E4, 0xE8E4, 0xE8E4, 0xE8E4, 0xE8E4,
    0xE8E4, 0xE8E4, 0xE8E4, 0xE8E4, 0xF8E4, 0x98E4, 0x10C3, 0xBDD7, 0xFFFF, 0xFFFF, 0xFFFF, 0xFFFF, 0xFFFF, 0xFFFF, 0xFFFF, 0xFFFF,
    0xFFFF, 0xFFFF, 0xFFFF, 0xFFFF, 0xFFFF, 0xFFFF, 0xFFFF, 0xFFFF, 0xFFFF, 0xFFFF, 0xFFFF, 0xFFFF, 0xFFFF, 0xFFFF, 0xFFFF, 0xFFFF,
    0xFFFF, 0xFFFF, 0xDEBA, 0x8C30, 0x31C7, 0x10A2, 0x30A2, 0x80E4, 0xC904, 0xF0E4, 0xF8E4, 0xE8E4, 0xE8E4, 0xE8E4, 0xE8E4, 0xE8E4,
    0xE8E4, 0xE8E4, 0xE8E4, 0xE8E4, 0xE8E4, 0xE8E4, 0xE8E4, 0xE8E4, 0xE8E4, 0xE8E4, 0xE8E4, 0xF0E4, 0xD8E4, 0x3104, 0x2104, 0x0000,
    0x0000, 0x1904, 0x3904, 0xE0E4, 0xE8E4, 0xE8E4, 0xE8E4, 0xE8E4, 0xE8E4, 0xE8E4, 0xE8E4, 0xE8E4, 0xE8E4, 0xE8E4, 0xE8E4, 0xE8E4,
    0xE8E4, 0xE8E4, 0xF0E4, 0xF8E4, 0xE8E4, 0xB0E4, 0x58C3, 0x1882, 0x10E3, 0x52AA, 0xAD55, 0xF79E, 0xFFFF, 0xFFFF, 0xFFFF, 0xFFFF,
    0xFFFF, 0xFFFF, 0xFFFF, 0xFFFF, 0xFFFF, 0xFFFF, 0xFFFF, 0xFFFF, 0xFFFF, 0xFFFF, 0xFFFF, 0xFFFF, 0xFFFF, 0xFFFF, 0xFFFF, 0xFFFF,
    0xFFFF, 0xFFFF, 0xFFFF, 0xFFFF, 0xFFFF, 0xFFFF, 0xFFFF, 0xFFFF, 0x632C, 0x2082, 0xD8E4, 0xF0E4, 0xE8E4, 0xE8E4, 0xE8E4, 0xE8E4,
    0xE8E4, 0xE8E4, 0xE8E4, 0xE8E4, 0xF0E4, 0xD8E4, 0x2082, 0x632C, 0xFFFF, 0xFFFF, 0xFFFF, 0xFFFF, 0xFFFF, 0xFFFF, 0xFFFF, 0xFFFF,
    0xFFFF, 0xFFFF, 0xFFFF, 0xFFFF, 0xFFFF, 0xFFFF, 0xFFFF, 0xFFFF, 0xFFFF, 0xFFFF, 0xFFFF, 0xFFFF, 0xFFFF, 0xFFFF, 0xFFFF, 0xFFFF,
    0xFFFF, 0xFFFF, 0xFFFF, 0xFFFF, 0xF79E, 0xAD55, 0x52AA, 0x10E3, 0x1882, 0x58C3, 0xB0E4, 0xE8E4, 0xF8E4, 0xF0E4, 0xE8E4, 0xE8E4,
    0xE8E4, 0xE8E4, 0xE8E4, 0xE8E4, 0xE8E4, 0xE8E4, 0xE8E4, 0xE8E4, 0xE8E4, 0xE8E4, 0xE8E4, 0xF0E4, 0xE0E4, 0x3904, 0x1904, 0x0000,
    0x0000, 0x1904, 0x4104, 0xE8E4, 0xE8E4, 0xE8E4, 0xE8E4, 0xE8E4, 0xE8E4, 0xE8E4, 0xE8E4, 0xE8E4, 0xE8E4, 0xE8E4, 0xE8E4, 0xE8E4,
    0xF0E4, 0xF8E4, 0xD8E4, 0x90E4, 0x38A3, 0x1082, 0x2986, 0x7BCF, 0xCE59, 0xFFFF, 0xFFFF, 0xFFFF, 0xFFFF, 0xFFFF, 0xFFFF, 0xFFFF,
    0xFFFF, 0xFFFF, 0xFFFF, 0xFFFF, 0xFFFF, 0xFFFF, 0xFFFF, 0xFFFF, 0xFFFF, 0xFFFF, 0xFFFF, 0xFFFF, 0xFFFF, 0xFFFF, 0xFFFF, 0xFFFF,
    0xFFFF, 0xFFFF, 0xFFFF, 0xFFFF, 0xFFFF, 0xFFFF, 0xFFFF, 0xDEDB, 0x1924, 0x70E4, 0xF8E4, 0xE8E4, 0xE8E4, 0xE8E4, 0xE8E4, 0xE8E4,
    0xE8E4, 0xE8E4, 0xE8E4, 0xE8E4, 0xE8E4, 0xF8E4, 0x70E4, 0x1924, 0xDEDB, 0xFFFF, 0xFFFF, 0xFFFF, 0xFFFF, 0xFFFF, 0xFFFF, 0xFFFF,
    0xFFFF, 0xFFFF, 0xFFFF, 0xFFFF, 0xFFFF, 0xFFFF, 0xFFFF, 0xFFFF, 0xFFFF, 0xFFFF, 0xFFFF, 0xFFFF, 0xFFFF, 0xFFFF, 0xFFFF, 0xFFFF,
    0xFFFF, 0xFFFF, 0xFFFF, 0xFFFF, 0xFFFF, 0xFFFF, 0xFFFF, 0xCE59, 0x7BCF, 0x2986, 0x1082, 0x38A3, 0x90E4, 0xD8E4, 0xF8E4, 0xF0E4,
    0xE8E4, 0xE8E4, 0xE8E4, 0xE8E4, 0xE8E4, 0xE8E4, 0xE8E4, 0xE8E4, 0xE8E4, 0xE8E4, 0xE8E4, 0xE8E4, 0xE8E4, 0x4104, 0x1904, 0x0000,
    0x0000, 0x1904, 0x50E4, 0xF0E4, 0xE8E4, 0xE8E4, 0xE8E4, 0xE8E4, 0xE8E4, 0xE8E4, 0xE8E4, 0xE8E4, 0xE8E4, 0xF0E4, 0xF8E4, 0xE8E4,
    0xB8E4, 0x68E3, 0x2082, 0x10C3, 0x4249, 0xA4F3, 0xEF3D, 0xFFFF, 0xFFFF, 0xFFFF, 0xFFFF, 0xFFFF, 0xFFFF, 0xFFFF, 0xFFFF, 0xFFFF,
    0xFFFF, 0xFFFF, 0xFFFF, 0xFFFF, 0xFFFF, 0xFFFF, 0xFFFF, 0xFFFF, 0xFFFF, 0xFFFF, 0xFFFF, 0xFFFF, 0xFFFF, 0xFFFF, 0xFFFF, 0xFFFF,
    0xFFFF, 0xFFFF, 0xFFFF, 0xFFFF, 0xFFFF, 0xFFFF, 0xFFFF, 0x8C30, 0x1082, 0xC104, 0xF0E4, 0xE8E4, 0xE8E4, 0xE8E4, 0xE8E4, 0xE8E4,
    0xE8E4, 0xE8E4, 0xE8E4, 0xE8E4, 0xE8E4, 0xF0E4, 0xC104, 0x1082, 0x8C30, 0xFFFF, 0xFFFF, 0xFFFF, 0xFFFF, 0xFFFF, 0xFFFF, 0xFFFF,
    0xFFFF, 0xFFFF, 0xFFFF, 0xFFFF, 0xFFFF, 0xFFFF, 0xFFFF, 0xFFFF, 0xFFFF, 0xFFFF, 0xFFFF, 0xFFFF, 0xFFFF, 0xFFFF, 0xFFFF, 0xFFFF,
    0xFFFF, 0xFFFF, 0xFFFF, 0xFFFF, 0xFFFF, 0xFFFF, 0xFFFF, 0xFFFF, 0xFFFF, 0xEF3C, 0xA4F3, 0x4249, 0x10C3, 0x2082, 0x68E3, 0xB8E4,
    0xE8E4, 0xF8E4, 0xF0E4, 0xE8E4, 0xE8E4, 0xE8E4, 0xE8E4, 0xE8E4, 0xE8E4, 0xE8E4, 0xE8E4, 0xE8E4, 0xF0E4, 0x50E4, 0x1904, 0x0000,
    0x0000, 0x1104, 0x60E4, 0xF0E4, 0xE8E4, 0xE8E4, 0xE8E4, 0xE8E4, 0xE8E4, 0xE8E4, 0xE8E4, 0xF0E4, 0xF8E4, 0xE0E4, 0x98E4, 0x48A3,
    0x1082, 0x2145, 0x6B4D, 0xC5F8, 0xFFFF, 0xFFFF, 0xFFFF, 0xFFFF, 0xFFFF, 0xFFFF, 0xFFFF, 0xFFFF, 0xFFFF, 0xFFFF, 0xFFFF, 0xFFFF,
    0xFFFF, 0xFFFF, 0xFFFF, 0xFFFF, 0xFFFF, 0xFFFF, 0xFFFF, 0xFFFF, 0xFFFF, 0xFFFF, 0xFFFF, 0xFFFF, 0xFFFF, 0xFFFF, 0xFFFF, 0xFFFF,
    0xFFFF, 0xFFFF, 0xFFFF, 0xFFFF, 0xFFFF, 0xFFFF, 0xF79E, 0x31C7, 0x50C3, 0xF0E4, 0xE8E4, 0xE8E4, 0xE8E4, 0xE8E4, 0xE8E4, 0xE8E4,
    0xE8E4, 0xE8E4, 0xE8E4, 0xE8E4, 0xE8E4, 0xE8E4, 0xF0E4, 0x50C3, 0x31C7, 0xF79E, 0xFFFF, 0xFFFF, 0xFFFF, 0xFFFF, 0xFFFF, 0xFFFF,
    0xFFFF, 0xFFFF, 0xFFFF, 0xFFFF, 0xFFFF, 0xFFFF, 0xFFFF, 0xFFFF, 0xFFFF, 0xFFFF, 0xFFFF, 0xFFFF, 0xFFFF, 0xFFFF, 0xFFFF, 0xFFFF,
    0xFFFF, 0xFFFF, 0xFFFF, 0xFFFF, 0xFFFF, 0xFFFF, 0xFFFF, 0xFFFF, 0xFFFF, 0xFFFF, 0xFFFF, 0xFFFF, 0xC5F7, 0x6B4D, 0x2145, 0x1082,
    0x48A3, 0x98E4, 0xE0E4, 0xF8E4, 0xF0E4, 0xE8E4, 0xE8E4, 0xE8E4, 0xE8E4, 0xE8E4, 0xE8E4, 0xE8E4, 0xF0E4, 0x60E4, 0x1104, 0x0000,
    0x0000, 0x1104, 0x70E4, 0xF0E4, 0xE8E4, 0xE8E4, 0xE8E4, 0xE8E4, 0xE8E4, 0xF8E4, 0xF0E4, 0xC904, 0x78E4, 0x2882, 0x10A2, 0x3A08,
    0x9472, 0xE6FB, 0xFFFF, 0xFFFF, 0xFFFF, 0xFFFF, 0xFFFF, 0xFFFF, 0xFFFF, 0xFFFF, 0xFFFF, 0xFFFF, 0xFFFF, 0xFFFF, 0xFFFF, 0xFFFF,
    0xFFFF, 0xFFFF, 0xFFFF, 0xFFFF, 0xFFFF, 0xFFFF, 0xFFFF, 0xFFFF, 0xFFFF, 0xFFFF, 0xFFFF, 0xFFFF, 0xFFFF, 0xFFFF, 0xFFFF, 0xFFFF,
    0xFFFF, 0xFFFF, 0xFFFF, 0xFFFF, 0xFFFF, 0xFFFF, 0xAD55, 0x08A2, 0xA0E4, 0xF8E4, 0xE8E4, 0xE8E4, 0xE8E4, 0xE8E4, 0xE8E4, 0xE8E4,
    0xE8E4, 0xE8E4, 0xE8E4, 0xE8E4, 0xE8E4, 0xE8E4, 0xF8E4, 0xA0E4, 0x08A2, 0xAD55, 0xFFFF, 0xFFFF, 0xFFFF, 0xFFFF, 0xFFFF, 0xFFFF,
    0xFFFF, 0xFFFF, 0xFFFF, 0xFFFF, 0xFFFF, 0xFFFF, 0xFFFF, 0xFFFF, 0xFFFF, 0xFFFF, 0xFFFF, 0xFFFF, 0xFFFF, 0xFFFF, 0xFFFF, 0xFFFF,
    0xFFFF, 0xFFFF, 0xFFFF, 0xFFFF, 0xFFFF, 0xFFFF, 0xFFFF, 0xFFFF, 0xFFFF, 0xFFFF, 0xFFFF, 0xFFFF, 0xFFFF, 0xFFFF, 0xE6FB, 0x9472,
    0x3A08, 0x10A2, 0x2882, 0x78E4, 0xC904, 0xF0E4, 0xF8E4, 0xE8E4, 0xE8E4, 0xE8E4, 0xE8E4, 0xE8E4, 0xF0E4, 0x70E4, 0x1104, 0x0000,
    0x0000, 0x1104, 0x80E4, 0xF8E4, 0xE8E4, 0xE8E4, 0xF0E4, 0xF8E4, 0xE0E4, 0xA8E4, 0x50C3, 0x1882, 0x1904, 0x5AEB, 0xB596, 0xFFBE,
    0xFFFF, 0xFFFF, 0xFFFF, 0xFFFF, 0xFFFF, 0xFFFF, 0xFFFF, 0xFFFF, 0xFFFF, 0xFFFF, 0xFFFF, 0xFFFF, 0xFFFF, 0xFFFF, 0xFFFF, 0xFFFF,
    0xFFFF, 0xFFFF, 0xFFFF, 0xFFFF, 0xFFFF, 0xFFFF, 0xFFFF, 0xFFFF, 0xFFFF, 0xFFFF, 0xFFFF, 0xFFFF, 0xFFFF, 0xFFFF, 0xFFFF, 0xFFFF,
    0xFFFF, 0xFFFF, 0xFFFF, 0xFFFF, 0xFFFF, 0xFFFF, 0x52AA, 0x30A2, 0xE0E4, 0xF0E4, 0xE8E4, 0xE8E4, 0xE8E4, 0xE8E4, 0xE8E4, 0xE8E4,
    0xE8E4, 0xE8E4, 0xE8E4, 0xE8E4, 0xE8E4, 0xE8E4, 0xF0E4, 0xE0E4, 0x30A2, 0x52AA, 0xFFFF, 0xFFFF, 0xFFFF, 0xFFFF, 0xFFFF, 0xFFFF,
    0xFFFF, 0xFFFF, 0xFFFF, 0xFFFF, 0xFFFF, 0xFFFF, 0xFFFF, 0xFFFF, 0xFFFF, 0xFFFF, 0xFFFF, 0xFFFF, 0xFFFF, 0xFFFF, 0xFFFF, 0xFFFF,
    0xFFFF, 0xFFFF, 0xFFFF, 0xFFFF, 0xFFFF, 0xFFFF, 0xFFFF, 0xFFFF, 0xFFFF, 0xFFFF, 0xFFFF, 0xFFFF, 0xFFFF, 0xFFFF, 0xFFFF, 0xFFFF,
    0xFFBE, 0xB596, 0x5AEB, 0x1904, 0x1882, 0x50C3, 0xA8E4, 0xE0E4, 0xF8E4, 0xF0E4, 0xE8E4, 0xE8E4, 0xF8E4, 0x80E4, 0x1104, 0x0000,
    0x0000, 0x18E4, 0x90E4, 0xF8E4, 0xF0E4, 0xF0E4, 0xD0E4, 0x88E4, 0x38A2, 0x10A2, 0x29A6, 0x8410, 0xD69A, 0xFFFF, 0xFFFF, 0xFFFF,
    0xFFFF, 0xFFFF, 0xFFFF, 0xFFFF, 0xFFFF, 0xFFFF, 0xFFFF, 0xFFFF, 0xFFFF, 0xFFFF, 0xFFFF, 0xFFFF, 0xFFFF, 0xFFFF, 0xFFFF, 0xFFFF,
    0xFFFF, 0xFFFF, 0xFFFF, 0xFFFF, 0xFFFF, 0xFFFF, 0xFFFF, 0xFFFF, 0xFFFF, 0xFFFF, 0xFFFF, 0xFFFF, 0xFFFF, 0xFFFF, 0xFFFF, 0xFFFF,
    0xFFFF, 0xFFFF, 0xFFFF, 0xFFFF, 0xFFFF, 0xD679, 0x10E3, 0x80E4, 0xF8E4, 0xE8E4, 0xE8E4, 0xE8E4, 0xE8E4, 0xE8E4, 0xE8E4, 0xE8E4,
    0xE8E4, 0xE8E4, 0xE8E4, 0xE8E4, 0xE8E4, 0xE8E4, 0xE8E4, 0xF8E4, 0x80E4, 0x10E3, 0xD679, 0xFFFF, 0xFFFF, 0xFFFF, 0xFFFF, 0xFFFF,
    0xFFFF, 0xFFFF, 0xFFFF, 0xFFFF, 0xFFFF, 0xFFFF, 0xFFFF, 0xFFFF, 0xFFFF, 0xFFFF, 0xFFFF, 0xFFFF, 0xFFFF, 0xFFFF, 0xFFFF, 0xFFFF,
    0xFFFF, 0xFFFF, 0xFFFF, 0xFFFF, 0xFFFF, 0xFFFF, 0xFFFF, 0xFFFF, 0xFFFF, 0xFFFF, 0xFFFF, 0xFFFF, 0xFFFF, 0xFFFF, 0xFFFF, 0xFFFF,
    0xFFFF, 0xFFFF, 0xFFFF, 0xD69A, 0x8410, 0x29A6, 0x10A2, 0x38A2, 0x88E4, 0xD0E4, 0xF0E4, 0xF0E4, 0xF8E4, 0x90E4, 0x18E3, 0x0000,
    0x0000, 0x1904, 0xB0E4, 0xF8E4, 0xB104, 0x60C3, 0x1882, 0x10E3, 0x4A8A, 0xAD34, 0xF77D, 0xFFFF, 0xFFFF, 0xFFFF, 0xFFFF, 0xFFFF,
    0xFFFF, 0xFFFF, 0xFFFF, 0xFFFF, 0xFFFF, 0xFFFF, 0xFFFF, 0xFFFF, 0xFFFF, 0xFFFF, 0xFFFF, 0xFFFF, 0xFFFF, 0xFFFF, 0xFFFF, 0xFFFF,
    0xFFFF, 0xFFFF, 0xFFFF, 0xFFFF, 0xFFFF, 0xFFFF, 0xFFFF, 0xFFFF, 0xFFFF, 0xFFFF, 0xFFFF, 0xFFFF, 0xFFFF, 0xFFFF, 0xFFFF, 0xFFFF,
    0xFFFF, 0xFFFF, 0xFFFF, 0xFFFF, 0xFFFF, 0x7BAE, 0x1882, 0xD0E4, 0xF0E4, 0xE8E4, 0xE8E4, 0xE8E4, 0xE8E4, 0xE8E4, 0xE8E4, 0xE8E4,
    0xE8E4, 0xE8E4, 0xE8E4, 0xE8E4, 0xE8E4, 0xE8E4, 0xE8E4, 0xF0E4, 0xD0E4, 0x1882, 0x7BAE, 0xFFFF, 0xFFFF, 0xFFFF, 0xFFFF, 0xFFFF,
    0xFFFF, 0xFFFF, 0xFFFF, 0xFFFF, 0xFFFF, 0xFFFF, 0xFFFF, 0xFFFF, 0xFFFF, 0xFFFF, 0xFFFF, 0xFFFF, 0xFFFF, 0xFFFF, 0xFFFF, 0xFFFF,
    0xFFFF, 0xFFFF, 0xFFFF, 0xFFFF, 0xFFFF, 0xFFFF, 0xFFFF, 0xFFFF, 0xFFFF, 0xFFFF, 0xFFFF, 0xFFFF, 0xFFFF, 0xFFFF, 0xFFFF, 0xFFFF,
    0xFFFF, 0xFFFF, 0xFFFF, 0xFFFF, 0xFFFF, 0xF77D, 0xAD34, 0x4A8A, 0x10E3, 0x1882, 0x60C3, 0xB104, 0xF8E4, 0xB0E4, 0x1904, 0x0000,
    0x0000, 0x2104, 0x70E4, 0x40A2, 0x1082, 0x2165, 0x73AE, 0xCE38, 0xFFFF, 0xFFFF, 0xFFFF, 0xFFFF, 0xFFFF, 0xFFFF, 0xFFFF, 0xFFFF,
    0xFFFF, 0xFFFF, 0xFFFF, 0xFFFF, 0xFFFF, 0xFFFF, 0xFFFF, 0xFFFF, 0xFFFF, 0xFFFF, 0xFFFF, 0xFFFF, 0xFFFF, 0xFFFF, 0xFFFF, 0xFFFF,
    0xFFFF, 0xFFFF, 0xFFFF, 0xFFFF, 0xFFFF, 0xFFFF, 0xFFFF, 0xFFFF, 0xFFFF, 0xFFFF, 0xFFFF, 0xFFFF, 0xFFFF, 0xFFFF, 0xFFFF, 0xFFFF,
    0xFFFF, 0xFFFF, 0xFFFF, 0xFFFF, 0xEF3C, 0x2966, 0x60C3, 0xF0E4, 0xE8E4, 0xE8E4, 0xE8E4, 0xE8E4, 0xE8E4, 0xE8E4, 0xE8E4, 0xE8E4,
    0xE8E4, 0xE8E4, 0xE8E4, 0xE8E4, 0xE8E4, 0xE8E4, 0xE8E4, 0xE8E4, 0xF0E4, 0x60C3, 0x2986, 0xEF3C, 0xFFFF, 0xFFFF, 0xFFFF, 0xFFFF,
    0xFFFF, 0xFFFF, 0xFFFF, 0xFFFF, 0xFFFF, 0xFFFF, 0xFFFF, 0xFFFF, 0xFFFF, 0xFFFF, 0xFFFF, 0xFFFF, 0xFFFF, 0xFFFF, 0xFFFF, 0xFFFF,
    0xFFFF, 0xFFFF, 0xFFFF, 0xFFFF, 0xFFFF, 0xFFFF, 0xFFFF, 0xFFFF, 0xFFFF, 0xFFFF, 0xFFFF, 0xFFFF, 0xFFFF, 0xFFFF, 0xFFFF, 0xFFFF,
    0xFFFF, 0xFFFF, 0xFFFF, 0xFFFF, 0xFFFF, 0xFFFF, 0xFFFF, 0xFFFF, 0xCE38, 0x73AE, 0x2165, 0x1082, 0x40A2, 0x70E4, 0x2104, 0x0000,
    0x2104, 0x2104, 0x1904, 0x4A69, 0x9CB2, 0xE71C, 0xFFFF, 0xFFFF, 0xFFFF, 0xFFFF, 0xFFFF, 0xFFFF, 0xFFFF, 0xFFFF, 0xFFFF, 0xFFFF,
    0xFFFF, 0xFFFF, 0xFFFF, 0xFFFF, 0xFFFF, 0xFFFF, 0xFFFF, 0xFFFF, 0xFFFF, 0xFFFF, 0xFFFF, 0xFFFF, 0xFFFF, 0xFFFF, 0xFFFF, 0xFFFF,
    0xFFFF, 0xFFFF, 0xFFFF, 0xFFFF, 0xFFFF, 0xFFFF, 0xFFFF, 0xFFFF, 0xFFFF, 0xFFFF, 0xFFFF, 0xFFFF, 0xFFFF, 0xFFFF, 0xFFFF, 0xFFFF,
    0xFFFF, 0xFFFF, 0xFFFF, 0xFFFF, 0x9CD3, 0x1082, 0xB104, 0xF0E4, 0xE8E4, 0xE8E4, 0xE8E4, 0xE8E4, 0xE8E4, 0xE8E4, 0xE8E4, 0xE8E4,
    0xE8E4, 0xE8E4, 0xE8E4, 0xE8E4, 0xE8E4, 0xE8E4, 0xE8E4, 0xE8E4, 0xF0E4, 0xB104, 0x1082, 0x9CD3, 0xFFFF, 0xFFFF, 0xFFFF, 0xFFFF,
    0xFFFF, 0xFFFF, 0xFFFF, 0xFFFF, 0xFFFF, 0xFFFF, 0xFFFF, 0xFFFF, 0xFFFF, 0xFFFF, 0xFFFF, 0xFFFF, 0xFFFF, 0xFFFF, 0xFFFF, 0xFFFF,
    0xFFFF, 0xFFFF, 0xFFFF, 0xFFFF, 0xFFFF, 0xFFFF, 0xFFFF, 0xFFFF, 0xFFFF, 0xFFFF, 0xFFFF, 0xFFFF, 0xFFFF, 0xFFFF, 0xFFFF, 0xFFFF,
    0xFFFF, 0xFFFF, 0xFFFF, 0xFFFF, 0xFFFF, 0xFFFF, 0xFFFF, 0xFFFF, 0xFFFF, 0xFFFF, 0xE71C, 0x9CB2, 0x4A69, 0x1904, 0x2104, 0x2904,
    0x0000, 0x2104, 0x2904, 0xB596, 0xFFFF, 0xFFFF, 0xFFFF, 0xFFFF, 0xFFFF, 0xFFFF, 0xFFFF, 0xFFFF, 0xFFFF, 0xFFFF, 0xFFFF, 0xFFFF,
    0xFFFF, 0xFFFF, 0xFFFF, 0xFFFF, 0xFFFF, 0xFFFF, 0xFFFF, 0xFFFF, 0xFFFF, 0xFFFF, 0xFFFF, 0xFFFF, 0xFFFF, 0xFFFF, 0xFFFF, 0xFFFF,
    0xFFFF, 0xFFFF, 0xFFFF, 0xFFFF, 0xFFFF, 0xFFFF, 0xFFFF, 0xFFFF, 0xFFFF, 0xFFFF, 0xFFFF, 0xFFFF, 0xFFFF, 0xFFFF, 0xFFFF, 0xFFFF,
    0xFFFF, 0xFFFF, 0xFFFF, 0xFFDF, 0x4229, 0x40A3, 0xE8E4, 0xE8E4, 0xE8E4, 0xE8E4, 0xE8E4, 0xE8E4, 0xE8E4, 0xE8E4, 0xE8E4, 0xE8E4,
    0xE8E4, 0xE8E4, 0xE8E4, 0xE8E4, 0xE8E4, 0xE8E4, 0xE8E4, 0xE8E4, 0xE8E4, 0xE8E4, 0x40A3, 0x4229, 0xFFDF, 0xFFFF, 0xFFFF, 0xFFFF,
    0xFFFF, 0xFFFF, 0xFFFF, 0xFFFF, 0xFFFF, 0xFFFF, 0xFFFF, 0xFFFF, 0xFFFF, 0xFFFF, 0xFFFF, 0xFFFF, 0xFFFF, 0xFFFF, 0xFFFF, 0xFFFF,
    0xFFFF, 0xFFFF, 0xFFFF, 0xFFFF, 0xFFFF, 0xFFFF, 0xFFFF, 0xFFFF, 0xFFFF, 0xFFFF, 0xFFFF, 0xFFFF, 0xFFFF, 0xFFFF, 0xFFFF, 0xFFFF,
    0xFFFF, 0xFFFF, 0xFFFF, 0xFFFF, 0xFFFF, 0xFFFF, 0xFFFF, 0xFFFF, 0xFFFF, 0xFFFF, 0xFFFF, 0xFFFF, 0xB596, 0x2904, 0x2104, 0x0000,
    0x0000, 0x0000, 0x20E3, 0x20E4, 0x9492, 0xFFFF, 0xFFFF, 0xFFFF, 0xFFFF, 0xFFFF, 0xFFFF, 0xFFFF, 0xFFFF, 0xFFFF, 0xFFFF, 0xFFFF,
    0xFFFF, 0xFFFF, 0xFFFF, 0xFFFF, 0xFFFF, 0xFFFF, 0xFFFF, 0xFFFF, 0xFFFF, 0xFFFF, 0xFFFF, 0xFFFF, 0xFFFF, 0xFFFF, 0xFFFF, 0xFFFF,
    0xFFFF, 0xFFFF, 0xFFFF, 0xFFFF, 0xFFFF, 0xFFFF, 0xFFFF, 0xFFFF, 0xFFFF, 0xFFFF, 0xFFFF, 0xFFFF, 0xFFFF, 0xFFFF, 0xFFFF, 0xFFFF,
    0xFFFF, 0xFFFF, 0xFFFF, 0xC5F7, 0x10C3, 0x90E4, 0xF8E4, 0xE8E4, 0xE8E4, 0xE8E4, 0xE8E4, 0xE8E4, 0xE8E4, 0xE8E4, 0xE8E4, 0xE8E4,
    0xE8E4, 0xE8E4, 0xE8E4, 0xE8E4, 0xE8E4, 0xE8E4, 0xE8E4, 0xE8E4, 0xE8E4, 0xF8E4, 0x90E4, 0x10C3, 0xC5F7, 0xFFFF, 0xFFFF, 0xFFFF,
    0xFFFF, 0xFFFF, 0xFFFF, 0xFFFF, 0xFFFF, 0xFFFF, 0xFFFF, 0xFFFF, 0xFFFF, 0xFFFF, 0xFFFF, 0xFFFF, 0xFFFF, 0xFFFF, 0xFFFF, 0xFFFF,
    0xFFFF, 0xFFFF, 0xFFFF, 0xFFFF, 0xFFFF, 0xFFFF, 0xFFFF, 0xFFFF, 0xFFFF, 0xFFFF, 0xFFFF, 0xFFFF, 0xFFFF, 0xFFFF, 0xFFFF, 0xFFFF,
    0xFFFF, 0xFFFF, 0xFFFF, 0xFFFF, 0xFFFF, 0xFFFF, 0xFFFF, 0xFFFF, 0xFFFF, 0xFFFF, 0xFFFF, 0x9492, 0x20E4, 0x20E4, 0x0000, 0x0000,
    0x0000, 0x0000, 0x0000, 0x2104, 0x18A2, 0x738E, 0xF7BE, 0xFFFF, 0xFFFF, 0xFFFF, 0xFFFF, 0xFFFF, 0xFFFF, 0xFFFF, 0xFFFF, 0xFFFF,
    0xFFFF, 0xFFFF, 0xFFFF, 0xFFFF, 0xFFFF, 0xFFFF, 0xFFFF, 0xFFFF, 0xFFFF, 0xFFFF, 0xFFFF, 0xFFFF, 0xFFFF, 0xFFFF, 0xFFFF, 0xFFFF,
    0xFFFF, 0xFFFF, 0xFFFF, 0xFFFF, 0xFFFF, 0xFFFF, 0xFFFF, 0xFFFF, 0xFFFF, 0xFFFF, 0xFFFF, 0xFFFF, 0xFFFF, 0xFFFF, 0xFFFF, 0xFFFF,
    0xFFFF, 0xFFFF, 0xFFFF, 0x632D, 0x2082, 0xD8E4, 0xF0E4, 0xE8E4, 0xE8E4, 0xE8E4, 0xE8E4, 0xE8E4, 0xE8E4, 0xE8E4, 0xE8E4, 0xE8E4,
    0xE8E4, 0xE8E4, 0xE8E4, 0xE8E4, 0xE8E4, 0xE8E4, 0xE8E4, 0xE8E4, 0xE8E4, 0xF0E4, 0xD8E4, 0x2082, 0x632D, 0xFFFF, 0xFFFF, 0xFFFF,
    0xFFFF, 0xFFFF, 0xFFFF, 0xFFFF, 0xFFFF, 0xFFFF, 0xFFFF, 0xFFFF, 0xFFFF, 0xFFFF, 0xFFFF, 0xFFFF, 0xFFFF, 0xFFFF, 0xFFFF, 0xFFFF,
    0xFFFF, 0xFFFF, 0xFFFF, 0xFFFF, 0xFFFF, 0xFFFF, 0xFFFF, 0xFFFF, 0xFFFF, 0xFFFF, 0xFFFF, 0xFFFF, 0xFFFF, 0xFFFF, 0xFFFF, 0xFFFF,
    0xFFFF, 0xFFFF, 0xFFFF, 0xFFFF, 0xFFFF, 0xFFFF, 0xFFFF, 0xFFFF, 0xFFFF, 0xF7BE, 0x738E, 0x18A2, 0x2104, 0x0000, 0x0000, 0x0000,
    0x0000, 0x0000, 0x0000, 0x0000, 0x2924, 0x1082, 0x52AA, 0xE73C, 0xFFFF, 0xFFFF, 0xFFFF, 0xFFFF, 0xFFFF, 0xFFFF, 0xFFFF, 0xFFFF,
    0xFFFF, 0xFFFF, 0xFFFF, 0xFFFF, 0xFFFF, 0xFFFF, 0xFFFF, 0xFFFF, 0xFFFF, 0xFFFF, 0xFFFF, 0xFFFF, 0xFFFF, 0xFFFF, 0xFFFF, 0xFFFF,
    0xFFFF, 0xFFFF, 0xFFFF, 0xFFFF, 0xFFFF, 0xFFFF, 0xFFFF, 0xFFFF, 0xFFFF, 0xFFFF, 0xFFFF, 0xFFFF, 0xFFFF, 0xFFFF, 0xFFFF, 0xFFFF,
    0xFFFF, 0xFFFF, 0xDEFB, 0x1924, 0x70E3, 0xF8E4, 0xE8E4, 0xE8E4, 0xE8E4, 0xE8E4, 0xE8E4, 0xE8E4, 0xE8E4, 0xE8E4, 0xE8E4, 0xE8E4,
    0xE8E4, 0xE8E4, 0xE8E4, 0xE8E4, 0xE8E4, 0xE8E4, 0xE8E4, 0xE8E4, 0xE8E4, 0xE8E4, 0xF8E4, 0x70E3, 0x1924, 0xE6FB, 0xFFFF, 0xFFFF,
    0xFFFF, 0xFFFF, 0xFFFF, 0xFFFF, 0xFFFF, 0xFFFF, 0xFFFF, 0xFFFF, 0xFFFF, 0xFFFF, 0xFFFF, 0xFFFF, 0xFFFF, 0xFFFF, 0xFFFF, 0xFFFF,
    0xFFFF, 0xFFFF, 0xFFFF, 0xFFFF, 0xFFFF, 0xFFFF, 0xFFFF, 0xFFFF, 0xFFFF, 0xFFFF, 0xFFFF, 0xFFFF, 0xFFFF, 0xFFFF, 0xFFFF, 0xFFFF,
    0xFFFF, 0xFFFF, 0xFFFF, 0xFFFF, 0xFFFF, 0xFFFF, 0xFFFF, 0xFFFF, 0xE73C, 0x52AA, 0x1082, 0x2924, 0x0000, 0x0000, 0x0000, 0x0000,
    0x0000, 0x0000, 0x0000, 0x0000, 0x0000, 0x0000, 0x18A2, 0x39C7, 0xD69A, 0xFFFF, 0xFFFF, 0xFFFF, 0xFFFF, 0xFFFF, 0xFFFF, 0xFFFF,
    0xFFFF, 0xFFFF, 0xFFFF, 0xFFFF, 0xFFFF, 0xFFFF, 0xFFFF, 0xFFFF, 0xFFFF, 0xFFFF, 0xFFFF, 0xFFFF, 0xFFFF, 0xFFFF, 0xFFFF, 0xFFFF,
    0xFFFF, 0xFFFF, 0xFFFF, 0xFFFF, 0xFFFF, 0xFFFF, 0xFFFF, 0xFFFF, 0xFFFF, 0xFFFF, 0xFFFF, 0xFFFF, 0xFFFF, 0xFFFF, 0xFFFF, 0xFFFF,
    0xFFFF, 0xFFFF, 0x8C51, 0x1082, 0xC104, 0xF0E4, 0xE8E4, 0xE8E4, 0xE8E4, 0xE8E4, 0xE8E4, 0xE8E4, 0xE8E4, 0xE8E4, 0xE8E4, 0xE8E4,
    0xE8E4, 0xE8E4, 0xE8E4, 0xE8E4, 0xE8E4, 0xE8E4, 0xE8E4, 0xE8E4, 0xE8E4, 0xE8E4, 0xF0E4, 0xC104, 0x1082, 0x8C51, 0xFFFF, 0xFFFF,
    0xFFFF, 0xFFFF, 0xFFFF, 0xFFFF, 0xFFFF, 0xFFFF, 0xFFFF, 0xFFFF, 0xFFFF, 0xFFFF, 0xFFFF, 0xFFFF, 0xFFFF, 0xFFFF, 0xFFFF, 0xFFFF,
    0xFFFF, 0xFFFF, 0xFFFF, 0xFFFF, 0xFFFF, 0xFFFF, 0xFFFF, 0xFFFF, 0xFFFF, 0xFFFF, 0xFFFF, 0xFFFF, 0xFFFF, 0xFFFF, 0xFFFF, 0xFFFF,
    0xFFFF, 0xFFFF, 0xFFFF, 0xFFFF, 0xFFFF, 0xFFFF, 0xFFFF, 0xD69A, 0x39C7, 0x18A2, 0x0000, 0x0000, 0x0000, 0x0000, 0x0000, 0x0000,
    0x0000, 0x0000, 0x0000, 0x0000, 0x0000, 0x0000, 0x0000, 0x18C3, 0x2945, 0xBDD7, 0xFFFF, 0xFFFF, 0xFFFF, 0xFFFF, 0xFFFF, 0xFFFF,
    0xFFFF, 0xFFFF, 0xFFFF, 0xFFFF, 0xFFFF, 0xFFFF, 0xFFFF, 0xFFFF, 0xFFFF, 0xFFFF, 0xFFFF, 0xFFFF, 0xFFFF, 0xFFFF, 0xFFFF, 0xFFFF,
    0xFFFF, 0xFFFF, 0xFFFF, 0xFFFF, 0xFFFF, 0xFFFF, 0xFFFF, 0xFFFF, 0xFFFF, 0xFFFF, 0xFFFF, 0xFFFF, 0xFFFF, 0xFFFF, 0xFFFF, 0xFFFF,
    0xFFFF, 0xF79E, 0x31E7, 0x48C3, 0xF0E4, 0xE8E4, 0xE8E4, 0xE8E4, 0xE8E4, 0xE8E4, 0xE8E4, 0xE8E4, 0xE8E4, 0xE8E4, 0xE8E4, 0xE8E4,
    0xE8E4, 0xE8E4, 0xE8E4, 0xE8E4, 0xE8E4, 0xE8E4, 0xE8E4, 0xE8E4, 0xE8E4, 0xE8E4, 0xE8E4, 0xF0E4, 0x48C3, 0x31E7, 0xF79E, 0xFFFF,
    0xFFFF, 0xFFFF, 0xFFFF, 0xFFFF, 0xFFFF, 0xFFFF, 0xFFFF, 0xFFFF, 0xFFFF, 0xFFFF, 0xFFFF, 0xFFFF, 0xFFFF, 0xFFFF, 0xFFFF, 0xFFFF,
    0xFFFF, 0xFFFF, 0xFFFF, 0xFFFF, 0xFFFF, 0xFFFF, 0xFFFF, 0xFFFF, 0xFFFF, 0xFFFF, 0xFFFF, 0xFFFF, 0xFFFF, 0xFFFF, 0xFFFF, 0xFFFF,
    0xFFFF, 0xFFFF, 0xFFFF, 0xFFFF, 0xFFFF, 0xFFFF, 0xBDD7, 0x2945, 0x18C3, 0x0000, 0x0000, 0x0000, 0x0000, 0x0000, 0x0000, 0x0000,
    0x0000, 0x0000, 0x0000, 0x0000, 0x0000, 0x0000, 0x0000, 0x0000, 0x20E3, 0x20E3, 0xA4F3, 0xFFFF, 0xFFFF, 0xFFFF, 0xFFFF, 0xFFFF,
    0xFFFF, 0xFFFF, 0xFFFF, 0xFFFF, 0xFFFF, 0xFFFF, 0xFFFF, 0xFFFF, 0xFFFF, 0xFFFF, 0xFFFF, 0xFFFF, 0xFFFF, 0xFFFF, 0xFFFF, 0xFFFF,
    0xFFFF, 0xFFFF, 0xFFFF, 0xFFFF, 0xFFFF, 0xFFFF, 0xFFFF, 0xFFFF, 0xFFFF, 0xFFFF, 0xFFFF, 0xFFFF, 0xFFFF, 0xFFFF, 0xFFFF, 0xFFFF,
    0xFFFF, 0xB575, 0x10A2, 0xA0E4, 0xF8E4, 0xE8E4, 0xE8E4, 0xE8E4, 0xE8E4, 0xE8E4, 0xE8E4, 0xE8E4, 0xE8E4, 0xE8E4, 0xE8E4, 0xE8E4,
    0xE8E4, 0xE8E4, 0xE8E4, 0xE8E4, 0xE8E4, 0xE8E4, 0xE8E4, 0xE8E4, 0xE8E4, 0xE8E4, 0xE8E4, 0xF8E4, 0xA0E4, 0x10A2, 0xB575, 0xFFFF,
    0xFFFF, 0xFFFF, 0xFFFF, 0xFFFF, 0xFFFF, 0xFFFF, 0xFFFF, 0xFFFF, 0xFFFF, 0xFFFF, 0xFFFF, 0xFFFF, 0xFFFF, 0xFFFF, 0xFFFF, 0xFFFF,
    0xFFFF, 0xFFFF, 0xFFFF, 0xFFFF, 0xFFFF, 0xFFFF, 0xFFFF, 0xFFFF, 0xFFFF, 0xFFFF, 0xFFFF, 0xFFFF, 0xFFFF, 0xFFFF, 0xFFFF, 0xFFFF,
    0xFFFF, 0xFFFF, 0xFFFF, 0xFFFF, 0xFFFF, 0xA4F3, 0x20E3, 0x20E3, 0x0000, 0x0000, 0x0000, 0x0000, 0x0000, 0x0000, 0x0000, 0x0000,
    0x0000, 0x0000, 0x0000, 0x0000, 0x0000, 0x0000, 0x0000, 0x0000, 0x0000, 0x20E4, 0x18A3, 0x8430, 0xFFFF, 0xFFFF, 0xFFFF, 0xFFFF,
    0xFFFF, 0xFFFF, 0xFFFF, 0xFFFF, 0xFFFF, 0xFFFF, 0xFFFF, 0xFFFF, 0xFFFF, 0xFFFF, 0xFFFF, 0xFFFF, 0xFFFF, 0xFFFF, 0xFFFF, 0xFFFF,
    0xFFFF, 0xFFFF, 0xFFFF, 0xFFFF, 0xFFFF, 0xFFFF, 0xFFFF, 0xFFFF, 0xFFFF, 0xFFFF, 0xFFFF, 0xFFFF, 0xFFFF, 0xFFFF, 0xFFFF, 0xFFFF,
    0xFFFF, 0x52CB, 0x30A2, 0xE0E4, 0xF0E4, 0xE8E4, 0xE8E4, 0xE8E4, 0xE8E4, 0xE8E4, 0xE8E4, 0xE8E4, 0xE8E4, 0xE8E4, 0xE8E4, 0xE8E4,
    0xE8E4, 0xE8E4, 0xE8E4, 0xE8E4, 0xE8E4, 0xE8E4, 0xE8E4, 0xE8E4, 0xE8E4, 0xE8E4, 0xE8E4, 0xF0E4, 0xE0E4, 0x30A2, 0x52CB, 0xFFFF,
    0xFFFF, 0xFFFF, 0xFFFF, 0xFFFF, 0xFFFF, 0xFFFF, 0xFFFF, 0xFFFF, 0xFFFF, 0xFFFF, 0xFFFF, 0xFFFF, 0xFFFF, 0xFFFF, 0xFFFF, 0xFFFF,
    0xFFFF, 0xFFFF, 0xFFFF, 0xFFFF, 0xFFFF, 0xFFFF, 0xFFFF, 0xFFFF, 0xFFFF, 0xFFFF, 0xFFFF, 0xFFFF, 0xFFFF, 0xFFFF, 0xFFFF, 0xFFFF,
    0xFFFF, 0xFFFF, 0xFFFF, 0xFFFF, 0x8430, 0x18A3, 0x2104, 0x0000, 0x0000, 0x0000, 0x0000, 0x0000, 0x0000, 0x0000, 0x0000, 0x0000,
    0x0000, 0x0000, 0x0000, 0x0000, 0x0000, 0x0000, 0x0000, 0x0000, 0x0000, 0x0000, 0x2904, 0x18A2, 0x738E, 0xF7BE, 0xFFFF, 0xFFFF,
    0xFFFF, 0xFFFF, 0xFFFF, 0xFFFF, 0xFFFF, 0xFFFF, 0xFFFF, 0xFFFF, 0xFFFF, 0xFFFF, 0xFFFF, 0xFFFF, 0xFFFF, 0xFFFF, 0xFFFF, 0xFFFF,
    0xFFFF, 0xFFFF, 0xFFFF, 0xFFFF, 0xFFFF, 0xFFFF, 0xFFFF, 0xFFFF, 0xFFFF, 0xFFFF, 0xFFFF, 0xFFFF, 0xFFFF, 0xFFFF, 0xFFFF, 0xFFFF,
    0xD67A, 0x10E4, 0x80E4, 0xF8E4, 0xE8E4, 0xE8E4, 0xE8E4, 0xE8E4, 0xE8E4, 0xE8E4, 0xE8E4, 0xE8E4, 0xE8E4, 0xE8E4, 0xE8E4, 0xE8E4,
    0xE8E4, 0xE8E4, 0xE8E4, 0xE8E4, 0xE8E4, 0xE8E4, 0xE8E4, 0xE8E4, 0xE8E4, 0xE8E4, 0xE8E4, 0xE8E4, 0xF8E4, 0x80E4, 0x10E3, 0xD69A,
    0xFFFF, 0xFFFF, 0xFFFF, 0xFFFF, 0xFFFF, 0xFFFF, 0xFFFF, 0xFFFF, 0xFFFF, 0xFFFF, 0xFFFF, 0xFFFF, 0xFFFF, 0xFFFF, 0xFFFF, 0xFFFF,
    0xFFFF, 0xFFFF, 0xFFFF, 0xFFFF, 0xFFFF, 0xFFFF, 0xFFFF, 0xFFFF, 0xFFFF, 0xFFFF, 0xFFFF, 0xFFFF, 0xFFFF, 0xFFFF, 0xFFFF, 0xFFFF,
    0xFFFF, 0xFFFF, 0xF7BE, 0x738E, 0x18A2, 0x2904, 0x0000, 0x0000, 0x0000, 0x0000, 0x0000, 0x0000, 0x0000, 0x0000, 0x0000, 0x0000,
    0x0000, 0x0000, 0x0000, 0x0000, 0x0000, 0x0000, 0x0000, 0x0000, 0x0000, 0x0000, 0x0000, 0x2925, 0x1082, 0x62EB, 0xEF7D, 0xFFFF,
    0xFFFF, 0xFFFF, 0xFFFF, 0xFFFF, 0xFFFF, 0xFFFF, 0xFFFF, 0xFFFF, 0xFFFF, 0xFFFF, 0xFFFF, 0xFFFF, 0xFFFF, 0xFFFF, 0xFFFF, 0xFFFF,
    0xFFFF, 0xFFFF, 0xFFFF, 0xFFFF, 0xFFFF, 0xFFFF, 0xFFFF, 0xFFFF, 0xFFFF, 0xFFFF, 0xFFFF, 0xFFFF, 0xFFFF, 0xFFFF, 0xFFFF, 0xFFFF,
    0x7BCF, 0x1882, 0xC904, 0xF0E4, 0xE8E4, 0xE8E4, 0xE8E4, 0xE8E4, 0xE8E4, 0xE8E4, 0xE8E4, 0xE8E4, 0xE8E4, 0xE8E4, 0xE8E4, 0xE8E4,
    0xE8E4, 0xE8E4, 0xE8E4, 0xE8E4, 0xE8E4, 0xE8E4, 0xE8E4, 0xE8E4, 0xE8E4, 0xE8E4, 0xE8E4, 0xE8E4, 0xF0E4, 0xC904, 0x1882, 0x7BCF,
    0xFFFF, 0xFFFF, 0xFFFF, 0xFFFF, 0xFFFF, 0xFFFF, 0xFFFF, 0xFFFF, 0xFFFF, 0xFFFF, 0xFFFF, 0xFFFF, 0xFFFF, 0xFFFF, 0xFFFF, 0xFFFF,
    0xFFFF, 0xFFFF, 0xFFFF, 0xFFFF, 0xFFFF, 0xFFFF, 0xFFFF, 0xFFFF, 0xFFFF, 0xFFFF, 0xFFFF, 0xFFFF, 0xFFFF, 0xFFFF, 0xFFFF, 0xFFFF,
    0xFFFF, 0xEF7D, 0x62EB, 0x1082, 0x2945, 0x0000, 0x0000, 0x0000, 0x0000, 0x0000, 0x0000, 0x0000, 0x0000, 0x0000, 0x0000, 0x0000,
    0x0000, 0x0000, 0x0000, 0x0000, 0x0000, 0x0000, 0x0000, 0x0000, 0x0000, 0x0000, 0x0000, 0x0000, 0x0000, 0x18A2, 0x5269, 0xEF3C,
    0xFFFF, 0xFFFF, 0xFFFF, 0xFFFF, 0xFFFF, 0xFFFF, 0xFFFF, 0xFFFF, 0xFFFF, 0xFFFF, 0xFFFF, 0xFFFF, 0xFFFF, 0xFFFF, 0xFFFF, 0xFFFF,
    0xFFFF, 0xFFFF, 0xFFFF, 0xFFFF, 0xFFFF, 0xFFFF, 0xFFFF, 0xFFFF, 0xFFFF, 0xFFFF, 0xFFFF, 0xFFFF, 0xFFFF, 0xFFFF, 0xFFFF, 0xEF5D,
    0x2986, 0x58C3, 0xF0E4, 0xE8E4, 0xE8E4, 0xE8E4, 0xE8E4, 0xE8E4, 0xE8E4, 0xE8E4, 0xE8E4, 0xE8E4, 0xE8E4, 0xE8E4, 0xE8E4, 0xE8E4,
    0xE8E4, 0xE8E4, 0xE8E4, 0xE8E4, 0xE8E4, 0xE8E4, 0xE8E4, 0xE8E4, 0xE8E4, 0xE8E4, 0xE8E4, 0xE8E4, 0xE8E4, 0xF0E4, 0x58C3, 0x2986,
    0xEF5D, 0xFFFF, 0xFFFF, 0xFFFF, 0xFFFF, 0xFFFF, 0xFFFF, 0xFFFF, 0xFFFF, 0xFFFF, 0xFFFF, 0xFFFF, 0xFFFF, 0xFFFF, 0xFFFF, 0xFFFF,
    0xFFFF, 0xFFFF, 0xFFFF, 0xFFFF, 0xFFFF, 0xFFFF, 0xFFFF, 0xFFFF, 0xFFFF, 0xFFFF, 0xFFFF, 0xFFFF, 0xFFFF, 0xFFFF, 0xFFFF, 0xFFFF,
    0xEF3C, 0x5269, 0x18A2, 0x0000, 0x0000, 0x0000, 0x0000, 0x0000, 0x0000, 0x0000, 0x0000, 0x0000, 0x0000, 0x0000, 0x0000, 0x0000,
    0x0000, 0x0000, 0x0000, 0x0000, 0x0000, 0x0000, 0x0000, 0x0000, 0x0000, 0x0000, 0x0000, 0x0000, 0x0000, 0x0000, 0x18A2, 0x4208,
    0xDEFB, 0xFFFF, 0xFFFF, 0xFFFF, 0xFFFF, 0xFFFF, 0xFFFF, 0xFFFF, 0xFFFF, 0xFFFF, 0xFFFF, 0xFFFF, 0xFFFF, 0xFFFF, 0xFFFF, 0xFFFF,
    0xFFFF, 0xFFFF, 0xFFFF, 0xFFFF, 0xFFFF, 0xFFFF, 0xFFFF, 0xFFFF, 0xFFFF, 0xFFFF, 0xFFFF, 0xFFFF, 0xFFFF, 0xFFFF, 0xFFFF, 0xA4F3,
    0x1082, 0xB104, 0xF8E4, 0xE8E4, 0xE8E4, 0xE8E4, 0xE8E4, 0xE8E4, 0xE8E4, 0xE8E4, 0xE8E4, 0xE8E4, 0xE8E4, 0xE8E4, 0xE8E4, 0xE8E4,
    0xE8E4, 0xE8E4, 0xE8E4, 0xE8E4, 0xE8E4, 0xE8E4, 0xE8E4, 0xE8E4, 0xE8E4, 0xE8E4, 0xE8E4, 0xE8E4, 0xE8E4, 0xF8E4, 0xB104, 0x1082,
    0xA4F3, 0xFFFF, 0xFFFF, 0xFFFF, 0xFFFF, 0xFFFF, 0xFFFF, 0xFFFF, 0xFFFF, 0xFFFF, 0xFFFF, 0xFFFF, 0xFFFF, 0xFFFF, 0xFFFF, 0xFFFF,
    0xFFFF, 0xFFFF, 0xFFFF, 0xFFFF, 0xFFFF, 0xFFFF, 0xFFFF, 0xFFFF, 0xFFFF, 0xFFFF, 0xFFFF, 0xFFFF, 0xFFFF, 0xFFFF, 0xFFFF, 0xDEFB,
    0x4208, 0x18A2, 0x0000, 0x0000, 0x0000, 0x0000, 0x0000, 0x0000, 0x0000, 0x0000, 0x0000, 0x0000, 0x0000, 0x0000, 0x0000, 0x0000,
    0x0000, 0x0000, 0x0000, 0x0000, 0x0000, 0x0000, 0x0000, 0x0000, 0x0000, 0x0000, 0x0000, 0x0000, 0x0000, 0x0000, 0x0000, 0x18A2,
    0x39C7, 0xDEBA, 0xFFFF, 0xFFDF, 0xFFFF, 0xFFFF, 0xFFFF, 0xFFFF, 0xFFFF, 0xFFFF, 0xFFFF, 0xFFFF, 0xFFFF, 0xFFFF, 0xFFFF, 0xFFFF,
    0xFFFF, 0xFFFF, 0xFFFF, 0xFFFF, 0xFFFF, 0xFFFF, 0xFFFF, 0xFFFF, 0xFFFF, 0xFFFF, 0xFFFF, 0xFFFF, 0xFFFF, 0xFFFF, 0xFFDF, 0x4A49,
    0x38A3, 0xE8E4, 0xE8E4, 0xE8E4, 0xE8E4, 0xE8E4, 0xE8E4, 0xE8E4, 0xE8E4, 0xE8E4, 0xE8E4, 0xE8E4, 0xE8E4, 0xE8E4, 0xE8E4, 0xE8E4,
    0xE8E4, 0xE8E4, 0xE8E4, 0xE8E4, 0xE8E4, 0xE8E4, 0xE8E4, 0xE8E4, 0xE8E4, 0xE8E4, 0xE8E4, 0xE8E4, 0xE8E4, 0xE8E4, 0xE8E4, 0x38A3,
    0x4A49, 0xFFDF, 0xFFFF, 0xFFFF, 0xFFFF, 0xFFFF, 0xFFFF, 0xFFFF, 0xFFFF, 0xFFFF, 0xFFFF, 0xFFFF, 0xFFFF, 0xFFFF, 0xFFFF, 0xFFFF,
    0xFFFF, 0xFFFF, 0xFFFF, 0xFFFF, 0xFFFF, 0xFFFF, 0xFFFF, 0xFFFF, 0xFFFF, 0xFFFF, 0xFFFF, 0xFFFF, 0xFFDF, 0xFFFF, 0xDEBA, 0x39C7,
    0x18A2, 0x0000, 0x0000, 0x0000, 0x0000, 0x0000, 0x0000, 0x0000, 0x0000, 0x0000, 0x0000, 0x0000, 0x0000, 0x0000, 0x0000, 0x0000,
    0x0000, 0x0000, 0x0000, 0x0000, 0x0000, 0x0000, 0x0000, 0x0000, 0x0000, 0x0000, 0x0000, 0x0000, 0x0000, 0x0000, 0x0000, 0x0000,
    0x18C3, 0x3186, 0xD69A, 0xFFFF, 0xFFFF, 0xFFFF, 0xFFFF, 0xFFFF, 0xFFFF, 0xFFFF, 0xFFFF, 0xFFFF, 0xFFFF, 0xFFFF, 0xFFFF, 0xFFFF,
    0xFFFF, 0xFFFF, 0xFFFF, 0xFFFF, 0xFFFF, 0xFFFF, 0xFFFF, 0xFFFF, 0xFFFF, 0xFFFF, 0xFFFF, 0xFFFF, 0xFFFF, 0xFFFF, 0xC618, 0x10C3,
    0x90E4, 0xF8E4, 0xE8E4, 0xE8E4, 0xE8E4, 0xE8E4, 0xE8E4, 0xE8E4, 0xE8E4, 0xE8E4, 0xE8E4, 0xE8E4, 0xE8E4, 0xE8E4, 0xE8E4, 0xE8E4,
    0xE8E4, 0xE8E4, 0xE8E4, 0xE8E4, 0xE8E4, 0xE8E4, 0xE8E4, 0xE8E4, 0xE8E4, 0xE8E4, 0xE8E4, 0xE8E4, 0xE8E4, 0xE8E4, 0xF8E4, 0x90E4,
    0x10C3, 0xC618, 0xFFFF, 0xFFFF, 0xFFFF, 0xFFFF, 0xFFFF, 0xFFFF, 0xFFFF, 0xFFFF, 0xFFFF, 0xFFFF, 0xFFFF, 0xFFFF, 0xFFFF, 0xFFFF,
    0xFFFF, 0xFFFF, 0xFFFF, 0xFFFF, 0xFFFF, 0xFFFF, 0xFFFF, 0xFFFF, 0xFFFF, 0xFFFF, 0xFFFF, 0xFFFF, 0xFFFF, 0xD69A, 0x3186, 0x18A3,
    0x0000, 0x0000, 0x0000, 0x0000, 0x0000, 0x0000, 0x0000, 0x0000, 0x0000, 0x0000, 0x0000, 0x0000, 0x0000, 0x0000, 0x0000, 0x0000,
    0x0000, 0x0000, 0x0000, 0x0000, 0x0000, 0x0000, 0x0000, 0x0000, 0x0000, 0x0000, 0x0000, 0x0000, 0x0000, 0x0000, 0x0000, 0x0000,
    0x0000, 0x18C3, 0x3165, 0xCE59, 0xFFFF, 0xFFFF, 0xFFFF, 0xFFFF, 0xFFFF, 0xFFFF, 0xFFFF, 0xFFFF, 0xFFFF, 0xFFFF, 0xFFFF, 0xFFFF,
    0xFFFF, 0xFFFF, 0xFFFF, 0xFFFF, 0xFFFF, 0xFFFF, 0xFFFF, 0xFFFF, 0xFFFF, 0xFFFF, 0xFFFF, 0xFFFF, 0xFFFF, 0xFFFF, 0x6B4D, 0x2082,
    0xD8E4, 0xF0E4, 0xE8E4, 0xE8E4, 0xE8E4, 0xE8E4, 0xE8E4, 0xE8E4, 0xE8E4, 0xE8E4, 0xE8E4, 0xE8E4, 0xE8E4, 0xE8E4, 0xE8E4, 0xE8E4,
    0xE8E4, 0xE8E4, 0xE8E4, 0xE8E4, 0xE8E4, 0xE8E4, 0xE8E4, 0xE8E4, 0xE8E4, 0xE8E4, 0xE8E4, 0xE8E4, 0xE8E4, 0xE8E4, 0xF0E4, 0xD8E4,
    0x2082, 0x6B4D, 0xFFFF, 0xFFFF, 0xFFFF, 0xFFFF, 0xFFFF, 0xFFFF, 0xFFFF, 0xFFFF, 0xFFFF, 0xFFFF, 0xFFFF, 0xFFFF, 0xFFFF, 0xFFFF,
    0xFFFF, 0xFFFF, 0xFFFF, 0xFFFF, 0xFFFF, 0xFFFF, 0xFFFF, 0xFFFF, 0xFFFF, 0xFFFF, 0xFFFF, 0xFFFF, 0xCE59, 0x3165, 0x18C3, 0x0000,
    0x0000, 0x0000, 0x0000, 0x0000, 0x0000, 0x0000, 0x0000, 0x0000, 0x0000, 0x0000, 0x0000, 0x0000, 0x0000, 0x0000, 0x0000, 0x0000,
    0x0000, 0x0000, 0x0000, 0x0000, 0x0000, 0x0000, 0x0000, 0x0000, 0x0000, 0x0000, 0x0000, 0x0000, 0x0000, 0x0000, 0x0000, 0x0000,
    0x0000, 0x0000, 0x18C3, 0x2945, 0xCE38, 0xFFFF, 0xFFFF, 0xFFFF, 0xFFFF, 0xFFFF, 0xFFFF, 0xFFFF, 0xFFFF, 0xFFFF, 0xFFFF, 0xFFFF,
    0xFFFF, 0xFFFF, 0xFFFF, 0xFFFF, 0xFFFF, 0xFFFF, 0xFFFF, 0xFFFF, 0xFFFF, 0xFFFF, 0xFFFF, 0xFFFF, 0xFFFF, 0xE6FC, 0x1945, 0x68E4,
    0xF8E4, 0xE8E4, 0xE8E4, 0xE8E4, 0xE8E4, 0xE8E4, 0xE8E4, 0xE8E4, 0xE8E4, 0xE8E4, 0xE8E4, 0xE8E4, 0xE8E4, 0xE8E4, 0xE8E4, 0xE8E4,
    0xE8E4, 0xE8E4, 0xE8E4, 0xE8E4, 0xE8E4, 0xE8E4, 0xE8E4, 0xE8E4, 0xE8E4, 0xE8E4, 0xE8E4, 0xE8E4, 0xE8E4, 0xE8E4, 0xE8E4, 0xF8E4,
    0x68E3, 0x1945, 0xE71C, 0xFFFF, 0xFFFF, 0xFFFF, 0xFFFF, 0xFFFF, 0xFFFF, 0xFFFF, 0xFFFF, 0xFFFF, 0xFFFF, 0xFFFF, 0xFFFF, 0xFFFF,
    0xFFFF, 0xFFFF, 0xFFFF, 0xFFFF, 0xFFFF, 0xFFFF, 0xFFFF, 0xFFFF, 0xFFFF, 0xFFFF, 0xFFFF, 0xCE38, 0x2945, 0x18C3, 0x0000, 0x0000,
    0x0000, 0x0000, 0x0000, 0x0000, 0x0000, 0x0000, 0x0000, 0x0000, 0x0000, 0x0000, 0x0000, 0x0000, 0x0000, 0x0000, 0x0000, 0x0000,
    0x0000, 0x0000, 0x0000, 0x0000, 0x0000, 0x0000, 0x0000, 0x0000, 0x0000, 0x0000, 0x0000, 0x0000, 0x0000, 0x0000, 0x0000, 0x0000,
    0x0000, 0x0000, 0x0000, 0x18C3, 0x2945, 0xC638, 0xFFFF, 0xFFFF, 0xFFFF, 0xFFFF, 0xFFFF, 0xFFFF, 0xFFFF, 0xFFFF, 0xFFFF, 0xFFFF,
    0xFFFF, 0xFFFF, 0xFFFF, 0xFFFF, 0xFFFF, 0xFFFF, 0xFFFF, 0xFFFF, 0xFFFF, 0xFFFF, 0xFFFF, 0xFFFF, 0xFFFF, 0x9471, 0x1082, 0xB904,
    0xF0E4, 0xE8E4, 0xE8E4, 0xE8E4, 0xE8E4, 0xE8E4, 0xE8E4, 0xE8E4, 0xE8E4, 0xE8E4, 0xE8E4, 0xE8E4, 0xE8E4, 0xE8E4, 0xE8E4, 0xE8E4,
    0xE8E4, 0xE8E4, 0xE8E4, 0xE8E4, 0xE8E4, 0xE8E4, 0xE8E4, 0xE8E4, 0xE8E4, 0xE8E4, 0xE8E4, 0xE8E4, 0xE8E4, 0xE8E4, 0xE8E4, 0xF0E4,
    0xB904, 0x1082, 0x9471, 0xFFFF, 0xFFFF, 0xFFFF, 0xFFFF, 0xFFFF, 0xFFFF, 0xFFFF, 0xFFFF, 0xFFFF, 0xFFFF, 0xFFFF, 0xFFFF, 0xFFFF,
    0xFFFF, 0xFFFF, 0xFFFF, 0xFFFF, 0xFFFF, 0xFFFF, 0xFFFF, 0xFFFF, 0xFFFF, 0xFFFF, 0xC638, 0x2945, 0x18C3, 0x0000, 0x0000, 0x0000,
    0x0000, 0x0000, 0x0000, 0x0000, 0x0000, 0x0000, 0x0000, 0x0000, 0x0000, 0x0000, 0x0000, 0x0000, 0x0000, 0x0000, 0x0000, 0x0000,
    0x0000, 0x0000, 0x0000, 0x0000, 0x0000, 0x0000, 0x0000, 0x0000, 0x0000, 0x0000, 0x0000, 0x0000, 0x0000, 0x0000, 0x0000, 0x0000,
    0x0000, 0x0000, 0x0000, 0x0000, 0x20C3, 0x2945, 0xC638, 0xFFFF, 0xFFFF, 0xFFFF, 0xFFFF, 0xFFFF, 0xFFFF, 0xFFFF, 0xFFFF, 0xFFFF,
    0xFFFF, 0xFFFF, 0xFFFF, 0xFFFF, 0xFFFF, 0xFFFF, 0xFFFF, 0xFFFF, 0xFFFF, 0xFFFF, 0xFFFF, 0xFFFF, 0xF7BE, 0x39E7, 0x48C3, 0xE8E4,
    0xE8E4, 0xE8E4, 0xE8E4, 0xE8E4, 0xE8E4, 0xE8E4, 0xE8E4, 0xE8E4, 0xE8E4, 0xE8E4, 0xE8E4, 0xE8E4, 0xE8E4, 0xE8E4, 0xE8E4, 0xE8E4,
    0xE8E4, 0xE8E4, 0xE8E4, 0xE8E4, 0xE8E4, 0xE8E4, 0xE8E4, 0xE8E4, 0xE8E4, 0xE8E4, 0xE8E4, 0xE8E4, 0xE8E4, 0xE8E4, 0xE8E4, 0xE8E4,
    0xE8E4, 0x48C3, 0x39E7, 0xF7BE, 0xFFFF, 0xFFFF, 0xFFFF, 0xFFFF, 0xFFFF, 0xFFFF, 0xFFFF, 0xFFFF, 0xFFFF, 0xFFFF, 0xFFFF, 0xFFFF,
    0xFFFF, 0xFFFF, 0xFFFF, 0xFFFF, 0xFFFF, 0xFFFF, 0xFFFF, 0xFFFF, 0xFFFF, 0xC638, 0x2925, 0x18C3, 0x0000, 0x0000, 0x0000, 0x0000,
    0x0000, 0x0000, 0x0000, 0x0000, 0x0000, 0x0000, 0x0000, 0x0000, 0x0000, 0x0000, 0x0000, 0x0000, 0x0000, 0x0000, 0x0000, 0x0000,
    0x0000, 0x0000, 0x0000, 0x0000, 0x0000, 0x0000, 0x0000, 0x0000, 0x0000, 0x0000, 0x0000, 0x0000, 0x0000, 0x0000, 0x0000, 0x0000,
    0x0000, 0x0000, 0x0000, 0x0000, 0x0000, 0x18C3, 0x2945, 0xCE59, 0xFFFF, 0xFFFF, 0xFFFF, 0xFFFF, 0xFFFF, 0xFFFF, 0xFFFF, 0xFFFF,
    0xFFFF, 0xFFFF, 0xFFFF, 0xFFFF, 0xFFFF, 0xFFFF, 0xFFFF, 0xFFFF, 0xFFFF, 0xFFFF, 0xFFFF, 0xFFFF, 0xB596, 0x08A2, 0xA0E4, 0xF8E4,
    0xE8E4, 0xE8E4, 0xE8E4, 0xE8E4, 0xE8E4, 0xE8E4, 0xE8E4, 0xE8E4, 0xE8E4, 0xE8E4, 0xE8E4, 0xE8E4, 0xE8E4, 0xE8E4, 0xE8E4, 0xE8E4,
    0xE8E4, 0xE8E4, 0xE8E4, 0xE8E4, 0xE8E4, 0xE8E4, 0xE8E4, 0xE8E4, 0xE8E4, 0xE8E4, 0xE8E4, 0xE8E4, 0xE8E4, 0xE8E4, 0xE8E4, 0xE8E4,
    0xF8E4, 0xA0E4, 0x08A2, 0xB596, 0xFFFF, 0xFFFF, 0xFFFF, 0xFFFF, 0xFFFF, 0xFFFF, 0xFFFF, 0xFFFF, 0xFFFF, 0xFFFF, 0xFFFF, 0xFFFF,
    0xFFFF, 0xFFFF, 0xFFFF, 0xFFFF, 0xFFFF, 0xFFFF, 0xFFFF, 0xFFFF, 0xCE59, 0x2945, 0x18C3, 0x0000, 0x0000, 0x0000, 0x0000, 0x0000,
    0x0000, 0x0000, 0x0000, 0x0000, 0x0000, 0x0000, 0x0000, 0x0000, 0x0000, 0x0000, 0x0000, 0x0000, 0x0000, 0x0000, 0x0000, 0x0000,
    0x0000, 0x0000, 0x0000, 0x0000, 0x0000, 0x0000, 0x0000, 0x0000, 0x0000, 0x0000, 0x0000, 0x0000, 0x0000, 0x0000, 0x0000, 0x0000,
    0x0000, 0x0000, 0x0000, 0x0000, 0x0000, 0x0000, 0x18C3, 0x3145, 0xCE79, 0xFFFF, 0xFFFF, 0xFFFF, 0xFFFF, 0xFFFF, 0xFFFF, 0xFFFF,
    0xFFFF, 0xFFFF, 0xFFFF, 0xFFFF, 0xFFFF, 0xFFFF, 0xFFFF, 0xFFFF, 0xFFFF, 0xFFFF, 0xFFFF, 0xFFFF, 0x5AEB, 0x2882, 0xE0E4, 0xF0E4,
    0xE8E4, 0xE8E4, 0xE8E4, 0xE8E4, 0xE8E4, 0xE8E4, 0xE8E4, 0xE8E4, 0xE8E4, 0xE8E4, 0xE8E4, 0xE8E4, 0xE8E4, 0xE8E4, 0xE8E4, 0xE8E4,
    0xE8E4, 0xE8E4, 0xE8E4, 0xE8E4, 0xE8E4, 0xE8E4, 0xE8E4, 0xE8E4, 0xE8E4, 0xE8E4, 0xE8E4, 0xE8E4, 0xE8E4, 0xE8E4, 0xE8E4, 0xE8E4,
    0xF0E4, 0xE0E4, 0x2882, 0x5AEB, 0xFFFF, 0xFFFF, 0xFFFF, 0xFFFF, 0xFFFF, 0xFFFF, 0xFFFF, 0xFFFF, 0xFFFF, 0xFFFF, 0xFFFF, 0xFFFF,
    0xFFFF, 0xFFFF, 0xFFFF, 0xFFFF, 0xFFFF, 0xFFFF, 0xFFFF, 0xCE79, 0x3145, 0x18C3, 0x0000, 0x0000, 0x0000, 0x0000, 0x0000, 0x0000,
    0x0000, 0x0000, 0x0000, 0x0000, 0x0000, 0x0000, 0x0000, 0x0000, 0x0000, 0x0000, 0x0000, 0x0000, 0x0000, 0x0000, 0x0000, 0x0000,
    0x0000, 0x0000, 0x0000, 0x0000, 0x0000, 0x0000, 0x0000, 0x0000, 0x0000, 0x0000, 0x0000, 0x0000, 0x0000, 0x0000, 0x0000, 0x0000,
    0x0000, 0x0000, 0x0000, 0x0000, 0x0000, 0x0000, 0x0000, 0x18C3, 0x3186, 0xD6BA, 0xFFFF, 0xFFFF, 0xFFFF, 0xFFFF, 0xFFFF, 0xFFFF,
    0xFFFF, 0xFFFF, 0xFFFF, 0xFFFF, 0xFFFF, 0xFFFF, 0xFFFF, 0xFFFF, 0xFFFF, 0xFFFF, 0xFFFF, 0xD69A, 0x1904, 0x78E4, 0xF8E4, 0xE8E4,
    0xE8E4, 0xE8E4, 0xE8E4, 0xE8E4, 0xE8E4, 0xE8E4, 0xE8E4, 0xE8E4, 0xE8E4, 0xE8E4, 0xE8E4, 0xE8E4, 0xE8E4, 0xE8E4, 0xE8E4, 0xE8E4,
    0xE8E4, 0xE8E4, 0xE8E4, 0xE8E4, 0xE8E4, 0xE8E4, 0xE8E4, 0xE8E4, 0xE8E4, 0xE8E4, 0xE8E4, 0xE8E4, 0xE8E4, 0xE8E4, 0xE8E4, 0xE8E4,
    0xE8E4, 0xF8E4, 0x78E4, 0x1904, 0xD69A, 0xFFFF, 0xFFFF, 0xFFFF, 0xFFFF, 0xFFFF, 0xFFFF, 0xFFFF, 0xFFFF, 0xFFFF, 0xFFFF, 0xFFFF,
    0xFFFF, 0xFFFF, 0xFFFF, 0xFFFF, 0xFFFF, 0xFFFF, 0xD6BA, 0x3186, 0x18C3, 0x0000, 0x0000, 0x0000, 0x0000, 0x0000, 0x0000, 0x0000,
    0x0000, 0x0000, 0x0000, 0x0000, 0x0000, 0x0000, 0x0000, 0x0000, 0x0000, 0x0000, 0x0000, 0x0000, 0x0000, 0x0000, 0x0000, 0x0000,
    0x0000, 0x0000, 0x0000, 0x0000, 0x0000, 0x0000, 0x0000, 0x0000, 0x0000, 0x0000, 0x0000, 0x0000, 0x0000, 0x0000, 0x0000, 0x0000,
    0x0000, 0x0000, 0x0000, 0x0000, 0x0000, 0x0000, 0x0000, 0x0000, 0x18A3, 0x39A6, 0xDEFB, 0xFFFF, 0xFFFF, 0xFFFF, 0xFFFF, 0xFFFF,
    0xFFFF, 0xFFFF, 0xFFFF, 0xFFFF, 0xFFFF, 0xFFFF, 0xFFFF, 0xFFFF, 0xFFFF, 0xFFFF, 0xFFFF, 0x7BEF, 0x1882, 0xC904, 0xF0E4, 0xE8E4,
    0xE8E4, 0xE8E4, 0xE8E4, 0xE8E4, 0xE8E4, 0xE8E4, 0xE8E4, 0xE8E4, 0xE8E4, 0xE8E4, 0xE8E4, 0xE8E4, 0xE8E4, 0xE8E4, 0xE8E4, 0xE8E4,
    0xE8E4, 0xE8E4, 0xE8E4, 0xE8E4, 0xE8E4, 0xE8E4, 0xE8E4, 0xE8E4, 0xE8E4, 0xE8E4, 0xE8E4, 0xE8E4, 0xE8E4, 0xE8E4, 0xE8E4, 0xE8E4,
    0xE8E4, 0xF0E4, 0xC904, 0x1882, 0x7BEF, 0xFFFF, 0xFFFF, 0xFFFF, 0xFFFF, 0xFFFF, 0xFFFF, 0xFFFF, 0xFFFF, 0xFFFF, 0xFFFF, 0xFFFF,
    0xFFFF, 0xFFFF, 0xFFFF, 0xFFFF, 0xFFFF, 0xDEFB, 0x39A6, 0x18A3, 0x0000, 0x0000, 0x0000, 0x0000, 0x0000, 0x0000, 0x0000, 0x0000,
    0x0000, 0x0000, 0x0000, 0x0000, 0x0000, 0x0000, 0x0000, 0x0000, 0x0000, 0x0000, 0x0000, 0x0000, 0x0000, 0x0000, 0x0000, 0x0000,
    0x0000, 0x0000, 0x0000, 0x0000, 0x0000, 0x0000, 0x0000, 0x0000, 0x0000, 0x0000, 0x0000, 0x0000, 0x0000, 0x0000, 0x0000, 0x0000,
    0x0000, 0x0000, 0x0000, 0x0000, 0x0000, 0x0000, 0x0000, 0x0000, 0x0000, 0x18A3, 0x41E7, 0xE73C, 0xFFFF, 0xFFFF, 0xFFFF, 0xFFFF,
    0xFFFF, 0xFFFF, 0xFFFF, 0xFFFF, 0xFFFF, 0xFFFF, 0xFFFF, 0xFFFF, 0xFFFF, 0xFFFF, 0xEF7D, 0x2986, 0x58C3, 0xF0E4, 0xE8E4, 0xE8E4,
    0xE8E4, 0xE8E4, 0xE8E4, 0xE8E4, 0xE8E4, 0xE8E4, 0xE8E4, 0xE8E4, 0xE8E4, 0xE8E4, 0xE8E4, 0xE8E4, 0xE8E4, 0xE8E4, 0xE8E4, 0xE8E4,
    0xE8E4, 0xE8E4, 0xE8E4, 0xE8E4, 0xE8E4, 0xE8E4, 0xE8E4, 0xE8E4, 0xE8E4, 0xE8E4, 0xE8E4, 0xE8E4, 0xE8E4, 0xE8E4, 0xE8E4, 0xE8E4,
    0xE8E4, 0xE8E4, 0xF0E4, 0x58C3, 0x2986, 0xEF7D, 0xFFFF, 0xFFFF, 0xFFFF, 0xFFFF, 0xFFFF, 0xFFFF, 0xFFFF, 0xFFFF, 0xFFFF, 0xFFFF,
    0xFFFF, 0xFFFF, 0xFFFF, 0xFFFF, 0xE73C, 0x41E7, 0x18A3, 0x0000, 0x0000, 0x0000, 0x0000, 0x0000, 0x0000, 0x0000, 0x0000, 0x0000,
    0x0000, 0x0000, 0x0000, 0x0000, 0x0000, 0x0000, 0x0000, 0x0000, 0x0000, 0x0000, 0x0000, 0x0000, 0x0000, 0x0000, 0x0000, 0x0000,
    0x0000, 0x0000, 0x0000, 0x0000, 0x0000, 0x0000, 0x0000, 0x0000, 0x0000, 0x0000, 0x0000, 0x0000, 0x0000, 0x0000, 0x0000, 0x0000,
    0x0000, 0x0000, 0x0000, 0x0000, 0x0000, 0x0000, 0x0000, 0x0000, 0x0000, 0x0000, 0x18A2, 0x4A49, 0xEF7D, 0xFFFF, 0xFFFF, 0xFFFF,
    0xFFFF, 0xFFFF, 0xFFFF, 0xFFFF, 0xFFFF, 0xFFFF, 0xFFFF, 0xFFFF, 0xFFFF, 0xFFFF, 0xA514, 0x10A2, 0xA8E4, 0xF8E4, 0xE8E4, 0xE8E4,
    0xE8E4, 0xE8E4, 0xE8E4, 0xE8E4, 0xE8E4, 0xE8E4, 0xE8E4, 0xE8E4, 0xE8E4, 0xE8E4, 0xE8E4, 0xE8E4, 0xE8E4, 0xE8E4, 0xE8E4, 0xE8E4,
    0xE8E4, 0xE8E4, 0xE8E4, 0xE8E4, 0xE8E4, 0xE8E4, 0xE8E4, 0xE8E4, 0xE8E4, 0xE8E4, 0xE8E4, 0xE8E4, 0xE8E4, 0xE8E4, 0xE8E4, 0xE8E4,
    0xE8E4, 0xE8E4, 0xF8E4, 0xA8E4, 0x10A2, 0xA514, 0xFFFF, 0xFFFF, 0xFFFF, 0xFFFF, 0xFFFF, 0xFFFF, 0xFFFF, 0xFFFF, 0xFFFF, 0xFFFF,
    0xFFFF, 0xFFFF, 0xFFFF, 0xEF7D, 0x4A49, 0x18A2, 0x0000, 0x0000, 0x0000, 0x0000, 0x0000, 0x0000, 0x0000, 0x0000, 0x0000, 0x0000,
    0x0000, 0x0000, 0x0000, 0x0000, 0x0000, 0x0000, 0x0000, 0x0000, 0x0000, 0x0000, 0x0000, 0x0000, 0x0000, 0x0000, 0x0000, 0x0000,
    0x0000, 0x0000, 0x0000, 0x0000, 0x0000, 0x0000, 0x0000, 0x0000, 0x0000, 0x0000, 0x0000, 0x0000, 0x0000, 0x0000, 0x0000, 0x0000,
    0x0000, 0x0000, 0x0000, 0x0000, 0x0000, 0x0000, 0x0000, 0x0000, 0x0000, 0x0000, 0x0000, 0x18A2, 0x5ACB, 0xF7BE, 0xFFFF, 0xFFFF,
    0xFFFF, 0xFFFF, 0xFFFF, 0xFFFF, 0xFFFF, 0xFFFF, 0xFFFF, 0xFFFF, 0xFFFF, 0xFFDF, 0x4A69, 0x38A3, 0xE8E4, 0xE8E4, 0xE8E4, 0xE8E4,
    0xE8E4, 0xE8E4, 0xE8E4, 0xE8E4, 0xE8E4, 0xE8E4, 0xE8E4, 0xE8E4, 0xE8E4, 0xE8E4, 0xE8E4, 0xE8E4, 0xE8E4, 0xE8E4, 0xE8E4, 0xE8E4,
    0xE8E4, 0xE8E4, 0xE8E4, 0xE8E4, 0xE8E4, 0xE8E4, 0xE8E4, 0xE8E4, 0xE8E4, 0xE8E4, 0xE8E4, 0xE8E4, 0xE8E4, 0xE8E4, 0xE8E4, 0xE8E4,
    0xE8E4, 0xE8E4, 0xE8E4, 0xE8E4, 0x38A2, 0x4A69, 0xFFDF, 0xFFFF, 0xFFFF, 0xFFFF, 0xFFFF, 0xFFFF, 0xFFFF, 0xFFFF, 0xFFFF, 0xFFFF,
    0xFFFF, 0xFFFF, 0xF7BE, 0x5ACB, 0x1882, 0x0000, 0x0000, 0x0000, 0x0000, 0x0000, 0x0000, 0x0000, 0x0000, 0x0000, 0x0000, 0x0000,
    0x0000, 0x0000, 0x0000, 0x0000, 0x0000, 0x0000, 0x0000, 0x0000, 0x0000, 0x0000, 0x0000, 0x0000, 0x0000, 0x0000, 0x0000, 0x0000,
    0x0000, 0x0000, 0x0000, 0x0000, 0x0000, 0x0000, 0x0000, 0x0000, 0x0000, 0x0000, 0x0000, 0x0000, 0x0000, 0x0000, 0x0000, 0x0000,
    0x0000, 0x0000, 0x0000, 0x0000, 0x0000, 0x0000, 0x0000, 0x0000, 0x0000, 0x0000, 0x0000, 0x0000, 0x1882, 0x6B6D, 0xFFFF, 0xFFFF,
    0xFFFF, 0xFFFF, 0xFFFF, 0xFFFF, 0xFFFF, 0xFFFF, 0xFFFF, 0xFFFF, 0xFFFF, 0xCE38, 0x10C3, 0x88E4, 0xF8E4, 0xE8E4, 0xE8E4, 0xE8E4,
    0xE8E4, 0xE8E4, 0xE8E4, 0xE8E4, 0xE8E4, 0xE8E4, 0xE8E4, 0xE8E4, 0xE8E4, 0xE8E4, 0xE8E4, 0xE8E4, 0xE8E4, 0xE8E4, 0xE8E4, 0xE8E4,
    0xE8E4, 0xE8E4, 0xE8E4, 0xE8E4, 0xE8E4, 0xE8E4, 0xE8E4, 0xE8E4, 0xE8E4, 0xE8E4, 0xE8E4, 0xE8E4, 0xE8E4, 0xE8E4, 0xE8E4, 0xE8E4,
    0xE8E4, 0xE8E4, 0xE8E4, 0xF8E4, 0x88E4, 0x10C3, 0xCE38, 0xFFFF, 0xFFFF, 0xFFFF, 0xFFFF, 0xFFFF, 0xFFFF, 0xFFFF, 0xFFFF, 0xFFFF,
    0xFFFF, 0xFFFF, 0x6B4D, 0x1882, 0x0000, 0x0000, 0x0000, 0x0000, 0x0000, 0x0000, 0x0000, 0x0000, 0x0000, 0x0000, 0x0000, 0x0000,
    0x0000, 0x0000, 0x0000, 0x0000, 0x0000, 0x0000, 0x0000, 0x0000, 0x0000, 0x0000, 0x0000, 0x0000, 0x0000, 0x0000, 0x0000, 0x0000,
    0x0000, 0x0000, 0x0000, 0x0000, 0x0000, 0x0000, 0x0000, 0x0000, 0x0000, 0x0000, 0x0000, 0x0000, 0x0000, 0x0000, 0x0000, 0x0000,
    0x0000, 0x0000, 0x0000, 0x0000, 0x0000, 0x0000, 0x0000, 0x0000, 0x0000, 0x0000, 0x0000, 0x0000, 0x2945, 0x18A2, 0x8410, 0xFFFF,
    0xFFFF, 0xFFFF, 0xFFFF, 0xFFFF, 0xFFFF, 0xFFFF, 0xFFFF, 0xFFFF, 0xFFFF, 0x6B6D, 0x2082, 0xD104, 0xF0E4, 0xE8E4, 0xE8E4, 0xE8E4,
    0xE8E4, 0xE8E4, 0xE8E4, 0xE8E4, 0xE8E4, 0xE8E4, 0xE8E4, 0xE8E4, 0xE8E4, 0xE8E4, 0xE8E4, 0xE8E4, 0xE8E4, 0xE8E4, 0xE8E4, 0xE8E4,
    0xE8E4, 0xE8E4, 0xE8E4, 0xE8E4, 0xE8E4, 0xE8E4, 0xE8E4, 0xE8E4, 0xE8E4, 0xE8E4, 0xE8E4, 0xE8E4, 0xE8E4, 0xE8E4, 0xE8E4, 0xE8E4,
    0xE8E4, 0xE8E4, 0xE8E4, 0xF0E4, 0xD104, 0x2082, 0x6B6D, 0xFFFF, 0xFFFF, 0xFFFF, 0xFFFF, 0xFFFF, 0xFFFF, 0xFFFF, 0xFFFF, 0xFFFF,
    0xFFFF, 0x8410, 0x18A2, 0x2945, 0x0000, 0x0000, 0x0000, 0x0000, 0x0000, 0x0000, 0x0000, 0x0000, 0x0000, 0x0000, 0x0000, 0x0000,
    0x0000, 0x0000, 0x0000, 0x0000, 0x0000, 0x0000, 0x0000, 0x0000, 0x0000, 0x0000, 0x0000, 0x0000, 0x0000, 0x0000, 0x0000, 0x0000,
    0x0000, 0x0000, 0x0000, 0x0000, 0x0000, 0x0000, 0x0000, 0x0000, 0x0000, 0x0000, 0x0000, 0x0000, 0x0000, 0x0000, 0x0000, 0x0000,
    0x0000, 0x0000, 0x0000, 0x0000, 0x0000, 0x0000, 0x0000, 0x0000, 0x0000, 0x0000, 0x0000, 0x0000, 0x0000, 0x2924, 0x18A2, 0x9CD3,
    0xFFFF, 0xFFFF, 0xFFFF, 0xFFFF, 0xFFFF, 0xFFFF, 0xFFFF, 0xFFFF, 0xE71C, 0x2145, 0x68C3, 0xF0E4, 0xE8E4, 0xE8E4, 0xE8E4, 0xE8E4,
    0xE8E4, 0xE8E4, 0xE8E4, 0xE8E4, 0xE8E4, 0xE8E4, 0xE8E4, 0xE8E4, 0xE8E4, 0xE8E4, 0xE8E4, 0xE8E4, 0xE8E4, 0xE8E4, 0xE8E4, 0xE8E4,
    0xE8E4, 0xE8E4, 0xE8E4, 0xE8E4, 0xE8E4, 0xE8E4, 0xE8E4, 0xE8E4, 0xE8E4, 0xE8E4, 0xE8E4, 0xE8E4, 0xE8E4, 0xE8E4, 0xE8E4, 0xE8E4,
    0xE8E4, 0xE8E4, 0xE8E4, 0xE8E4, 0xF0E4, 0x68C3, 0x2145, 0xE71C, 0xFFFF, 0xFFFF, 0xFFFF, 0xFFFF, 0xFFFF, 0xFFFF, 0xFFFF, 0xFFFF,
    0x9CD3, 0x18A2, 0x2924, 0x0000, 0x0000, 0x0000, 0x0000, 0x0000, 0x0000, 0x0000, 0x0000, 0x0000, 0x0000, 0x0000, 0x0000, 0x0000,
    0x0000, 0x0000, 0x0000, 0x0000, 0x0000, 0x0000, 0x0000, 0x0000, 0x0000, 0x0000, 0x0000, 0x0000, 0x0000, 0x0000, 0x0000, 0x0000,
    0x0000, 0x0000, 0x0000, 0x0000, 0x0000, 0x0000, 0x0000, 0x0000, 0x0000, 0x0000, 0x0000, 0x0000, 0x0000, 0x0000, 0x0000, 0x0000,
    0x0000, 0x0000, 0x0000, 0x0000, 0x0000, 0x0000, 0x0000, 0x0000, 0x0000, 0x0000, 0x0000, 0x0000, 0x0000, 0x0000, 0x2104, 0x18C3,
    0xB596, 0xFFFF, 0xFFFF, 0xFFFF, 0xFFFF, 0xFFFF, 0xFFFF, 0xFFFF, 0x9492, 0x1082, 0xB904, 0xF0E4, 0xE8E4, 0xE8E4, 0xE8E4, 0xE8E4,
    0xE8E4, 0xE8E4, 0xE8E4, 0xE8E4, 0xE8E4, 0xE8E4, 0xE8E4, 0xE8E4, 0xE8E4, 0xE8E4, 0xE8E4, 0xE8E4, 0xE8E4, 0xE8E4, 0xE8E4, 0xE8E4,
    0xE8E4, 0xE8E4, 0xE8E4, 0xE8E4, 0xE8E4, 0xE8E4, 0xE8E4, 0xE8E4, 0xE8E4, 0xE8E4, 0xE8E4, 0xE8E4, 0xE8E4, 0xE8E4, 0xE8E4, 0xE8E4,
    0xE8E4, 0xE8E4, 0xE8E4, 0xE8E4, 0xF0E4, 0xB904, 0x1082, 0x9492, 0xFFFF, 0xFFFF, 0xFFFF, 0xFFFF, 0xFFFF, 0xFFFF, 0xFFFF, 0xB596,
    0x18C3, 0x2104, 0x0000, 0x0000, 0x0000, 0x0000, 0x0000, 0x0000, 0x0000, 0x0000, 0x0000, 0x0000, 0x0000, 0x0000, 0x0000, 0x0000,
    0x0000, 0x0000, 0x0000, 0x0000, 0x0000, 0x0000, 0x0000, 0x0000, 0x0000, 0x0000, 0x0000, 0x0000, 0x0000, 0x0000, 0x0000, 0x0000,
    0x0000, 0x0000, 0x0000, 0x0000, 0x0000, 0x0000, 0x0000, 0x0000, 0x0000, 0x0000, 0x0000, 0x0000, 0x0000, 0x0000, 0x0000, 0x0000,
    0x0000, 0x0000, 0x0000, 0x0000, 0x0000, 0x0000, 0x0000, 0x0000, 0x0000, 0x0000, 0x0000, 0x0000, 0x0000, 0x0000, 0x0000, 0x20E3,
    0x2924, 0xCE79, 0xFFFF, 0xFFFF, 0xFFFF, 0xFFFF, 0xFFFF, 0xFFBE, 0x3A08, 0x48A3, 0xE8E4, 0xE8E4, 0xE8E4, 0xE8E4, 0xE8E4, 0xE8E4,
    0xE8E4, 0xE8E4, 0xE8E4, 0xE8E4, 0xE8E4, 0xE8E4, 0xE8E4, 0xE8E4, 0xE8E4, 0xE8E4, 0xE8E4, 0xE8E4, 0xE8E4, 0xE8E4, 0xE8E4, 0xE8E4,
    0xE8E4, 0xE8E4, 0xE8E4, 0xE8E4, 0xE8E4, 0xE8E4, 0xE8E4, 0xE8E4, 0xE8E4, 0xE8E4, 0xE8E4, 0xE8E4, 0xE8E4, 0xE8E4, 0xE8E4, 0xE8E4,
    0xE8E4, 0xE8E4, 0xE8E4, 0xE8E4, 0xE8E4, 0xE8E4, 0x40A3, 0x3A08, 0xFFBE, 0xFFFF, 0xFFFF, 0xFFFF, 0xFFFF, 0xFFFF, 0xCE79, 0x2924,
    0x20E3, 0x0000, 0x0000, 0x0000, 0x0000, 0x0000, 0x0000, 0x0000, 0x0000, 0x0000, 0x0000, 0x0000, 0x0000, 0x0000, 0x0000, 0x0000,
    0x0000, 0x0000, 0x0000, 0x0000, 0x0000, 0x0000, 0x0000, 0x0000, 0x0000, 0x0000, 0x0000, 0x0000, 0x0000, 0x0000, 0x0000, 0x0000,
    0x0000, 0x0000, 0x0000, 0x0000, 0x0000, 0x0000, 0x0000, 0x0000, 0x0000, 0x0000, 0x0000, 0x0000, 0x0000, 0x0000, 0x0000, 0x0000,
    0x0000, 0x0000, 0x0000, 0x0000, 0x0000, 0x0000, 0x0000, 0x0000, 0x0000, 0x0000, 0x0000, 0x0000, 0x0000, 0x0000, 0x0000, 0x0000,
    0x18C3, 0x39A6, 0xE71C, 0xFFFF, 0xFFFF, 0xFFFF, 0xFFFF, 0xBDB6, 0x10C3, 0x98E4, 0xF8E4, 0xE8E4, 0xE8E4, 0xE8E4, 0xE8E4, 0xE8E4,
    0xE8E4, 0xE8E4, 0xE8E4, 0xE8E4, 0xE8E4, 0xE8E4, 0xE8E4, 0xE8E4, 0xE8E4, 0xE8E4, 0xE8E4, 0xE8E4, 0xE8E4, 0xE8E4, 0xE8E4, 0xE8E4,
    0xE8E4, 0xE8E4, 0xE8E4, 0xE8E4, 0xE8E4, 0xE8E4, 0xE8E4, 0xE8E4, 0xE8E4, 0xE8E4, 0xE8E4, 0xE8E4, 0xE8E4, 0xE8E4, 0xE8E4, 0xE8E4,
    0xE8E4, 0xE8E4, 0xE8E4, 0xE8E4, 0xE8E4, 0xF8E4, 0x98E4, 0x10A3, 0xBDB6, 0xFFFF, 0xFFFF, 0xFFFF, 0xFFFF, 0xE71C, 0x39A6, 0x18C3,
    0x0000, 0x0000, 0x0000, 0x0000, 0x0000, 0x0000, 0x0000, 0x0000, 0x0000, 0x0000, 0x0000, 0x0000, 0x0000, 0x0000, 0x0000, 0x0000,
    0x0000, 0x0000, 0x0000, 0x0000, 0x0000, 0x0000, 0x0000, 0x0000, 0x0000, 0x0000, 0x0000, 0x0000, 0x0000, 0x0000, 0x0000, 0x0000,
    0x0000, 0x0000, 0x0000, 0x0000, 0x0000, 0x0000, 0x0000, 0x0000, 0x0000, 0x0000, 0x0000, 0x0000, 0x0000, 0x0000, 0x0000, 0x0000,
    0x0000, 0x0000, 0x0000, 0x0000, 0x0000, 0x0000, 0x0000, 0x0000, 0x0000, 0x0000, 0x0000, 0x0000, 0x0000, 0x0000, 0x0000, 0x0000,
    0x0000, 0x18A2, 0x5269, 0xF79E, 0xFFFF, 0xFFFF, 0xFFFF, 0x5B0C, 0x28A2, 0xD8E4, 0xF0E4, 0xE8E4, 0xE8E4, 0xE8E4, 0xE8E4, 0xE8E4,
    0xE8E4, 0xE8E4, 0xE8E4, 0xE8E4, 0xE8E4, 0xE8E4, 0xE8E4, 0xE8E4, 0xE8E4, 0xE8E4, 0xE8E4, 0xE8E4, 0xE8E4, 0xE8E4, 0xE8E4, 0xE8E4,
    0xE8E4, 0xE8E4, 0xE8E4, 0xE8E4, 0xE8E4, 0xE8E4, 0xE8E4, 0xE8E4, 0xE8E4, 0xE8E4, 0xE8E4, 0xE8E4, 0xE8E4, 0xE8E4, 0xE8E4, 0xE8E4,
    0xE8E4, 0xE8E4, 0xE8E4, 0xE8E4, 0xE8E4, 0xF0E4, 0xD8E4, 0x28A2, 0x5AEC, 0xFFFF, 0xFFFF, 0xFFFF, 0xF79E, 0x4A69, 0x18A2, 0x0000,
    0x0000, 0x0000, 0x0000, 0x0000, 0x0000, 0x0000, 0x0000, 0x0000, 0x0000, 0x0000, 0x0000, 0x0000, 0x0000, 0x0000, 0x0000, 0x0000,
    0x0000, 0x0000, 0x0000, 0x0000, 0x0000, 0x0000, 0x0000, 0x0000, 0x0000, 0x0000, 0x0000, 0x0000, 0x0000, 0x0000, 0x0000, 0x0000,
    0x0000, 0x0000, 0x0000, 0x0000, 0x0000, 0x0000, 0x0000, 0x0000, 0x0000, 0x0000, 0x0000, 0x0000, 0x0000, 0x0000, 0x0000, 0x0000,
    0x0000, 0x0000, 0x0000, 0x0000, 0x0000, 0x0000, 0x0000, 0x0000, 0x0000, 0x0000, 0x0000, 0x0000, 0x0000, 0x0000, 0x0000, 0x0000,
    0x0000, 0x0000, 0x18A2, 0x6B4D, 0xFFFF, 0xFFFF, 0xDEBA, 0x1904, 0x78E4, 0xF8E4, 0xE8E4, 0xE8E4, 0xE8E4, 0xE8E4, 0xE8E4, 0xE8E4,
    0xE8E4, 0xE8E4, 0xE8E4, 0xE8E4, 0xE8E4, 0xE8E4, 0xE8E4, 0xE8E4, 0xE8E4, 0xE8E4, 0xE8E4, 0xE8E4, 0xE8E4, 0xE8E4, 0xE8E4, 0xE8E4,
    0xE8E4, 0xE8E4, 0xE8E4, 0xE8E4, 0xE8E4, 0xE8E4, 0xE8E4, 0xE8E4, 0xE8E4, 0xE8E4, 0xE8E4, 0xE8E4, 0xE8E4, 0xE8E4, 0xE8E4, 0xE8E4,
    0xE8E4, 0xE8E4, 0xE8E4, 0xE8E4, 0xE8E4, 0xE8E4, 0xF8E4, 0x78E4, 0x1904, 0xDEBA, 0xFFFF, 0xFFFF, 0x6B4D, 0x18A2, 0x0000, 0x0000,
    0x0000, 0x0000, 0x0000, 0x0000, 0x0000, 0x0000, 0x0000, 0x0000, 0x0000, 0x0000, 0x0000, 0x0000, 0x0000, 0x0000, 0x0000, 0x0000,
    0x0000, 0x0000, 0x0000, 0x0000, 0x0000, 0x0000, 0x0000, 0x0000, 0x0000, 0x0000, 0x0000, 0x0000, 0x0000, 0x0000, 0x0000, 0x0000,
    0x0000, 0x0000, 0x0000, 0x0000, 0x0000, 0x0000, 0x0000, 0x0000, 0x0000, 0x0000, 0x0000, 0x0000, 0x0000, 0x0000, 0x0000, 0x0000,
    0x0000, 0x0000, 0x0000, 0x0000, 0x0000, 0x0000, 0x0000, 0x0000, 0x0000, 0x0000, 0x0000, 0x0000, 0x0000, 0x0000, 0x0000, 0x0000,
    0x0000, 0x0000, 0x2945, 0x18A2, 0x8C51, 0xFFFF, 0x8410, 0x1082, 0xC104, 0xF0E4, 0xE8E4, 0xE8E4, 0xE8E4, 0xE8E4, 0xF0E4, 0xF0E4,
    0xF0E4, 0xF0E4, 0xF8E4, 0xF8E4, 0xF8E4, 0xF8E4, 0xF8E4, 0xF8E4, 0xF0E4, 0xF0E4, 0xF0E4, 0xF0E4, 0xF0E4, 0xF0E4, 0xF0E4, 0xF0E4,
    0xF0E4, 0xF0E4, 0xF0E4, 0xF0E4, 0xF0E4, 0xF0E4, 0xF0E4, 0xF0E4, 0xF8E4, 0xF8E4, 0xF8E4, 0xF8E4, 0xF8E4, 0xF8E4, 0xF0E4, 0xF0E4,
    0xF0E4, 0xF0E4, 0xE8E4, 0xE8E4, 0xE8E4, 0xE8E4, 0xF0E4, 0xC104, 0x1082, 0x8410, 0xFFFF, 0x8C51, 0x18A2, 0x2945, 0x0000, 0x0000,
    0x0000, 0x0000, 0x0000, 0x0000, 0x0000, 0x0000, 0x0000, 0x0000, 0x0000, 0x0000, 0x0000, 0x0000, 0x0000, 0x0000, 0x0000, 0x0000,
    0x0000, 0x0000, 0x0000, 0x0000, 0x0000, 0x0000, 0x0000, 0x0000, 0x0000, 0x0000, 0x0000, 0x0000, 0x0000, 0x0000, 0x0000, 0x0000,
    0x0000, 0x0000, 0x0000, 0x0000, 0x0000, 0x0000, 0x0000, 0x0000, 0x0000, 0x0000, 0x0000, 0x0000, 0x0000, 0x0000, 0x0000, 0x0000,
    0x0000, 0x0000, 0x0000, 0x0000, 0x0000, 0x0000, 0x0000, 0x0000, 0x0000, 0x0000, 0x0000, 0x0000, 0x0000, 0x0000, 0x0000, 0x0000,
    0x0000, 0x0000, 0x0000, 0x2104, 0x20E3, 0xA4F3, 0x39E7, 0x58A3, 0xF8E4, 0xF8E4, 0xF0E4, 0xF0E4, 0xE8E4, 0xE8E4, 0xE0E4, 0xD0E4,
    0xC0E4, 0xB8E4, 0xA8E4, 0xA0E4, 0x90E4, 0x88E4, 0x80E4, 0x78E4, 0x70E4, 0x70E4, 0x68E4, 0x60E4, 0x60E4, 0x60E4, 0x58E4, 0x58E4,
    0x58E4, 0x58E4, 0x60E4, 0x60E4, 0x60E4, 0x68E4, 0x70E4, 0x70E4, 0x78E4, 0x80E4, 0x88E4, 0x98E4, 0xA0E4, 0xA8E4, 0xB8E4, 0xC0E4,
    0xD0E4, 0xE0E4, 0xE8E4, 0xE8E4, 0xF0E4, 0xF0E4, 0xF8E4, 0xF8E4, 0x58A3, 0x39E8, 0xA4F3, 0x20E3, 0x2104, 0x0000, 0x0000, 0x0000,
    0x0000, 0x0000, 0x0000, 0x0000, 0x0000, 0x0000, 0x0000, 0x0000, 0x0000, 0x0000, 0x0000, 0x0000, 0x0000, 0x0000, 0x0000, 0x0000,
    0x0000, 0x0000, 0x0000, 0x0000, 0x0000, 0x0000, 0x0000, 0x0000, 0x0000, 0x0000, 0x0000, 0x0000, 0x0000, 0x0000, 0x0000, 0x0000,
    0x0000, 0x0000, 0x0000, 0x0000, 0x0000, 0x0000, 0x0000, 0x0000, 0x0000, 0x0000, 0x0000, 0x0000, 0x0000, 0x0000, 0x0000, 0x0000,
    0x0000, 0x0000, 0x0000, 0x0000, 0x0000, 0x0000, 0x0000, 0x0000, 0x0000, 0x0000, 0x0000, 0x0000, 0x0000, 0x0000, 0x0000, 0x0000,
    0x0000, 0x0000, 0x0000, 0x0000, 0x2104, 0x20E3, 0x18E3, 0x68E4, 0x98E4, 0x78E4, 0x68E4, 0x58E4, 0x4904, 0x3904, 0x3104, 0x2904,
    0x2104, 0x2104, 0x1904, 0x1904, 0x18E4, 0x10E4, 0x10E4, 0x1104, 0x1104, 0x1104, 0x1104, 0x1104, 0x1104, 0x1104, 0x1104, 0x1904,
    0x1904, 0x1104, 0x1104, 0x1104, 0x1104, 0x1104, 0x1104, 0x1104, 0x10E4, 0x10E4, 0x10E4, 0x18E4, 0x1904, 0x1904, 0x2104, 0x2104,
    0x2904, 0x3104, 0x3904, 0x4904, 0x58E4, 0x68E4, 0x78E4, 0x98E4, 0x68E4, 0x18E3, 0x20E3, 0x20E4, 0x0000, 0x0000, 0x0000, 0x0000,
    0x0000, 0x0000, 0x0000, 0x0000, 0x0000, 0x0000, 0x0000, 0x0000, 0x0000, 0x0000, 0x0000, 0x0000, 0x0000, 0x0000, 0x0000, 0x0000,
    0x0000, 0x0000, 0x0000, 0x0000, 0x0000, 0x0000, 0x0000, 0x0000, 0x0000, 0x0000, 0x0000, 0x0000, 0x0000, 0x0000, 0x0000, 0x0000,
    0x0000, 0x0000, 0x0000, 0x0000, 0x0000, 0x0000, 0x0000, 0x0000, 0x0000, 0x0000, 0x0000, 0x0000, 0x0000, 0x0000, 0x0000, 0x0000,
    0x0000, 0x0000, 0x0000, 0x0000, 0x0000, 0x0000, 0x0000, 0x0000, 0x0000, 0x0000, 0x0000, 0x0000, 0x0000, 0x0000, 0x0000, 0x0000,
    0x0000, 0x0000, 0x0000, 0x0000, 0x0000, 0x2104, 0x2104, 0x18E4, 0x1104, 0x10E4, 0x1104, 0x1904, 0x1904, 0x1904, 0x1904, 0x0000,
    0x0000, 0x0000, 0x0000, 0x0000, 0x0000, 0x0000, 0x0000, 0x0000, 0x0000, 0x0000, 0x0000, 0x0000, 0x0000, 0x0000, 0x0000, 0x0000,
    0x0000, 0x0000, 0x0000, 0x0000, 0x0000, 0x0000, 0x0000, 0x0000, 0x0000, 0x0000, 0x0000, 0x0000, 0x0000, 0x0000, 0x0000, 0x0000,
    0x0000, 0x1904, 0x1904, 0x1904, 0x1904, 0x1104, 0x10E4, 0x1104, 0x18E4, 0x2104, 0x2104, 0x0000, 0x0000, 0x0000, 0x0000, 0x0000,
    0x0000, 0x0000, 0x0000, 0x0000, 0x0000, 0x0000, 0x0000, 0x0000, 0x0000, 0x0000, 0x0000, 0x0000, 0x0000, 0x0000, 0x0000, 0x0000,
    0x0000, 0x0000, 0x0000, 0x0000, 0x0000, 0x0000, 0x0000, 0x0000, 0x0000, 0x0000, 0x0000, 0x0000, 0x0000, 0x0000, 0x0000, 0x0000,
    0x0000, 0x0000, 0x0000, 0x0000, 0x0000, 0x0000, 0x0000, 0x0000, 0x0000, 0x0000, 0x0000, 0x0000, 0x0000, 0x0000, 0x0000, 0x0000,
    0x0000, 0x0000, 0x0000, 0x0000, 0x0000, 0x0000, 0x0000, 0x0000, 0x0000, 0x0000, 0x0000, 0x0000, 0x0000, 0x0000, 0x0000, 0x0000,
    0x0000, 0x0000, 0x0000, 0x0000, 0x0000, 0x0000, 0x0000, 0x0000, 0x0000, 0x0000, 0x0000, 0x0000, 0x0000, 0x0000, 0x0000, 0x0000,
    0x0000, 0x0000, 0x0000, 0x0000, 0x0000, 0x0000, 0x0000, 0x0000, 0x0000, 0x0000, 0x0000, 0x0000, 0x0000, 0x0000, 0x0000, 0x0000,
    0x0000, 0x0000, 0x0000, 0x0000, 0x0000, 0x0000, 0x0000, 0x0000, 0x0000, 0x0000, 0x0000, 0x0000, 0x0000, 0x0000, 0x0000, 0x0000,
    0x0000, 0x0000, 0x0000, 0x0000, 0x0000, 0x0000, 0x0000, 0x0000, 0x0000, 0x0000, 0x0000, 0x0000, 0x0000, 0x0000, 0x0000, 0x0000,
    0x0000, 0x0000, 0x0000, 0x0000, 0x0000, 0x0000, 0x0000, 0x0000, 0x0000, 0x0000, 0x0000, 0x0000, 0x0000, 0x0000, 0x0000, 0x0000,
    0x0000, 0x0000, 0x0000, 0x0000, 0x0000, 0x0000, 0x0000, 0x0000, 0x0000, 0x0000, 0x0000, 0x0000, 0x0000, 0x0000, 0x0000, 0x0000
};
#endif /* UMBRELLA_IMAGE_H */
